type,PBS_conc,number,sequence,count
pos,0.2,1,CTAACCGTCACAGTAACCGCAGCTACCCTGCTG,4376
pos,0.2,1,CTAACCGTCACAGTAACCGCAGCCACCCTGCTG,2
pos,0.2,1,CTCACCGTTACTGTCACTGCAGCAACCCTACTT,2
pos,0.2,1,CTGACCGTAACGGTCACCGCGGCAACTCTACTG,2
pos,0.2,1,CTCACTGTAACAGTTACTGCTGCTACTCTACTT,1
pos,0.2,1,CTAACCGTCACAGTAACCGCTGCTACCCTGCTG,1
pos,0.2,1,CTGACAGTTACCGTTACAGCAGCCACGCTTCTG,1
pos,0.2,1,CTTACAGTTACCGTTACAGCAGCCACACTCCTG,1
pos,0.2,1,CTGACTGTTACTGTCACGGCTGCCACTCTCCTT,1
pos,0.2,2,CTGACAGTTACCGTTACAGCAGCCACGCTTCTG,3159
pos,0.2,2,CTCACCGTTACTGTCACTGCAGCAACCCTACTT,2
pos,0.2,2,CTGACCGTAACGGTCACCGCGGCAACTCTACTG,2
pos,0.2,2,CTGACAGTTACAGTTACAGCAGCCACGCTTCTG,1
pos,0.2,2,CTCACGGTAACTGTAACTGCGGCAACGCTACTG,1
pos,0.2,2,CTGACAGTCACAGTGACTGCCGCGACTCTTCTT,1
pos,0.2,2,CTGACAGTCACCGTTACAGCAGCCACGCTTCTG,1
pos,0.2,2,CTGACTGTTACTGTCACGGCTGCCACTCTCCTT,1
pos,0.2,2,CTCACAGTTACCGTTACAGCAGCCACGCTTCTG,1
pos,0.2,3,CTGACGGTAACAGTGACAGCAGCAACCCTACTT,5032
pos,0.2,3,CTCACCGTTACTGTCACTGCAGCAACCCTACTT,5
pos,0.2,3,CTGACTGTTACTGTCACGGCTGCCACTCTCCTT,2
pos,0.2,3,CTGACGGTAACAGTGACAGCAGCAACTCTACTT,2
pos,0.2,3,CTCACGGTAACAGTGACAGCAGCAACCCTACTT,2
pos,0.2,3,CTGACAGTTACCGTTACAGCAGCCACGCTTCTG,2
pos,0.2,3,CTGACGGTAACAGTGACAGCGGCAACCCTACTT,1
pos,0.2,3,CTGACCGTAACGGTCACCGCGGCAACTCTACTG,1
pos,0.2,3,CTGACGGTGACAGTGACAGCAGCAACCCTACTT,1
pos,0.2,3,CTGACCGTAACCGTAACGGCTGCTACCCTCCTA,1
pos,0.2,3,CTCACAGTCACAGTAACTGCTGCTACGCTCCTG,1
pos,0.2,3,CTTACCGTCACCGTAACCGCAGCCACTCTACTC,1
pos,0.2,3,CTAACGGTAACAGTGACAGCAGCAACCCTACTT,1
pos,0.2,3,CTGACGGTAACAGTGACGGCAGCAACCCTACTT,1
pos,0.2,4,CTTACCGTCACCGTAACCGCAGCCACTCTACTC,6919
pos,0.2,4,CTTACAGTTACCGTTACAGCAGCCACACTCCTG,7
pos,0.2,4,CTCACCGTTACTGTCACTGCAGCAACCCTACTT,3
pos,0.2,4,CTGACAGTTACCGTTACAGCAGCCACGCTTCTG,3
pos,0.2,4,CTCACTGTTACCGTCACTGCAGCTACCCTGCTC,2
pos,0.2,4,CTTACCGTCACCGTAACCGCAGCCACTCTACTT,1
pos,0.2,4,CTGACAGTTACCGTTACAGCAGCCACTCTTCTG,1
pos,0.2,4,CTGACTGTTACTGTCACGGCTGCCACTCTCCTT,1
pos,0.2,4,CTTACCGTAACGGTAACCGCAGCCACTCTGCTT,1
pos,0.2,4,CTTACCGTCACCGTAACTGCAGCCACTCTACTC,1
pos,0.2,4,CTGACCGTAACGGTCACCGCGGCAACTCTACTG,1
pos,0.2,4,CTTACCGTCACCGTAACCGCAGCCACTCTGCTC,1
pos,0.2,4,CTTACCGTCACCGTAACCGCAGCCACCCTACTC,1
pos,0.2,4,CTGACAGTTACTGTCACTGCTGCTACCCTCCTA,1
pos,0.2,5,CTGACCGTCACTGTAACTGCCGCTACTCTCCTT,4524
pos,0.2,5,CTAACCGTCACAGTAACCGCAGCTACCCTGCTG,27
pos,0.2,5,CTGACCGTAACGGTCACCGCGGCAACTCTACTG,5
pos,0.2,5,CTTACAGTCACAGTTACCGCCGCCACCCTACTC,3
pos,0.2,5,CTGACTGTTACTGTCACGGCTGCCACTCTCCTT,3
pos,0.2,5,CTTACGGTTACTGTAACCGCCGCGACCCTCCTA,3
pos,0.2,5,CTGACAGTTACCGTTACAGCAGCCACGCTTCTG,2
pos,0.2,5,CTGACCGTCACTGTAACTGCCGCTACTCTCCTC,2
pos,0.2,5,CTCACCGTTACTGTCACTGCAGCAACCCTACTT,2
pos,0.2,5,CTGACCGTCACTGTAACTGCCGCTACCCTCCTT,1
pos,0.2,5,CTGACTGTTACAGTAACTGCTGCTACACTACTG,1
pos,0.2,5,CTAACCGTCACTGTAACTGCCGCTACTCTCCTT,1
pos,0.2,5,CTTACCGTCACCGTAACCGCAGCCACTCTACTC,1
pos,0.2,5,CTCACGGTTACTGTGACCGCGGCGACCCTACTT,1
pos,0.2,6,CTCACCGTTACTGTCACTGCAGCAACCCTACTT,5200
pos,0.2,6,CTGACAGTTACCGTTACAGCAGCCACGCTTCTG,10
pos,0.2,6,CTAACAGTTACCGTCACTGCAGCGACACTACTT,5
pos,0.2,6,CTGACCGTAACGGTCACCGCGGCAACTCTACTG,5
pos,0.2,6,CTTACGGTGACGGTCACAGCTGCTACCCTTCTC,4
pos,0.2,6,CTGACTGTTACAGTAACTGCTGCTACACTACTG,2
pos,0.2,6,CTTACCGTCACCGTAACCGCAGCCACTCTACTC,1
pos,0.2,6,CTCACTGTAACAGTTACTGCTGCTACTCTACTT,1
pos,0.2,6,CTCACCGTTACTGTCACTGCAGCAACCCTACTC,1
pos,0.2,6,CTCACCGTAACTGTCACTGCAGCAACCCTACTT,1
pos,0.2,7,CTTACGGTGACCGTAACGGCAGCTACTCTACTC,3890
pos,0.2,7,CTAACCGTCACTGTTACTGCTGCGACCCTACTA,10
pos,0.2,7,CTCACCGTTACTGTCACTGCAGCAACCCTACTT,8
pos,0.2,7,CTGACCGTAACGGTCACCGCGGCAACTCTACTG,5
pos,0.2,7,CTGACAGTTACCGTTACAGCAGCCACGCTTCTG,3
pos,0.2,7,CTGACAGTCACAGTGACTGCCGCGACTCTTCTT,2
pos,0.2,7,CTCACCGTTACCGTTACAGCAGCCACTCTACTC,1
pos,0.2,7,CTTACGGTGACTGTAACGGCAGCTACTCTACTC,1
pos,0.2,7,CTTACGGTGACCGTAACCGCAGCTACTCTACTC,1
pos,0.2,7,CTTACAGTTACGGTCACTGCAGCCACGCTTCTC,1
pos,0.2,7,CTTACGGTGACCGTAACGGCAGCCACTCTACTC,1
pos,0.2,7,CTTACTGTGACCGTAACGGCAGCTACTCTACTC,1
pos,0.2,7,CTGACTGTTACAGTAACTGCTGCTACACTACTG,1
pos,0.2,7,CTTACGGTGACCGTAACTGCAGCTACTCTACTC,1
pos,0.2,7,CTTACGGTAACCGTAACGGCAGCTACTCTACTC,1
pos,0.2,7,CTTACCGTTACTGTGACTGCGGCGACACTCCTT,1
pos,0.2,8,CTCACCGTTACTGTCACTGCAGCAACCCTACTT,6133
pos,0.2,8,CTAACCGTCACTGTTACTGCTGCGACCCTACTA,8
pos,0.2,8,CTGACAGTTACCGTTACAGCAGCCACGCTTCTG,2
pos,0.2,8,CTGACCGTAACGGTCACCGCGGCAACTCTACTG,2
pos,0.2,8,CTGACTGTTACTGTCACGGCTGCCACTCTCCTT,2
pos,0.2,8,CTCACCGTCACTGTCACTGCAGCAACCCTACTT,1
pos,0.2,8,CTGACTGTTACAGTAACTGCTGCTACACTACTG,1
pos,0.2,8,CTTACAGTTACGGTCACTGCAGCCACGCTTCTC,1
pos,0.2,8,CTCACCGTTACTGTCACTGCAGCAACCCTACTC,1
pos,0.2,8,CTGACAGTTACTGTCACTGCTGCTACCCTCCTA,1
pos,0.2,8,CTCACCGTTACCGTTACAGCAGCCACTCTACTC,1
pos,0.2,8,CTCACCGTTACTGTCACGGCAGCAACCCTACTT,1
pos,0.2,9,CTGACAGTTACCGTTACAGCAGCCACGCTTCTG,18234
pos,0.2,9,CTCACTGTCACGGTCACCGCAGCCACACTGCTC,92
pos,0.2,9,CTAACAGTAACAGTCACTGCCGCTACTCTGCTC,50
pos,0.2,9,CTCACTGTAACTGTCACCGCCGCGACGCTTCTC,24
pos,0.2,9,CTCACCGTTACTGTCACTGCAGCAACCCTACTT,5
pos,0.2,9,CTGACAGTTACCGTTACAGCAGCCACTCTTCTG,4
pos,0.2,9,CTGACAGTTACTGTTACAGCAGCCACGCTTCTG,4
pos,0.2,9,CTCACTGTAACAGTTACTGCTGCTACTCTACTT,3
pos,0.2,9,CTGACAGTTACCGTTACAGCAGCCACGCTTCTT,2
pos,0.2,9,CTTACCGTCACCGTAACCGCAGCCACTCTACTC,2
pos,0.2,9,CTGACAGTTACCGTTACAGCAGCCACGCTCCTG,2
pos,0.2,9,CTTACAGTTACCGTTACAGCAGCCACACTCCTG,2
pos,0.2,9,CTCACGGTTACCGTCACCGCCGCCACTCTACTG,2
pos,0.2,9,CTGACGGTAACAGTGACAGCAGCAACCCTACTT,1
pos,0.2,9,CTGACAGTTACCGTCACAGCAGCCACGCTTCTG,1
pos,0.2,9,CTGACCGTAACGGTCACCGCGGCAACTCTACTG,1
pos,0.2,9,CTGACTGTTACGGTCACCGCAGCCACACTGCTC,1
pos,0.2,9,CTGACGGTTACCGTTACAGCAGCCACGCTTCTG,1
pos,0.2,9,CTGACAGTTACCGTTACGGCAGCCACGCTTCTG,1
pos,0.2,9,CTAACGGTAACGGTAACGGCAGCCACCCTCCTT,1
pos,0.2,9,CTGACAGTTACCGTTACAGCAGCCACACTTCTG,1
pos,0.2,9,CTTACAGTTACCGTTACAGCAGCCACGCTTCTG,1
pos,0.2,9,CTGACAGTTACCGTCACAGCAGCCACGCTGCTC,1
pos,0.2,9,CTGACAGTCACCGTTACAGCAGCCACGCTTCTG,1
pos,0.2,9,CTCACGGTTACTGTGACCGCGGCGACCCTACTT,1
pos,0.2,9,CTGACAGTAACCGTCACAGCAGCCACTCTTCTG,1
pos,0.2,9,CTGACAGTTACCGTTACAGCGGCCACGCTTCTG,1
pos,0.2,10,CTGACAGTTACCGTTACAGCAGCCACGCTTCTG,29933
pos,0.2,10,CTGACGGTAACAGTGACAGCAGCAACCCTACTT,50
pos,0.2,10,CTGACCGTCACTGTCACTGCCGCCACGCTTCTA,12
pos,0.2,10,CTGACAGTTACCGTTACAGCAGCCACGCTTCTT,5
pos,0.2,10,CTCACCGTTACTGTCACTGCAGCAACCCTACTT,4
pos,0.2,10,CTGACAGTTACTGTTACAGCAGCCACGCTTCTG,3
pos,0.2,10,CTGACCGTAACGGTCACCGCGGCAACTCTACTG,2
pos,0.2,10,CTGACAGTTACCGTTACAGCAGCCACTCTTCTG,2
pos,0.2,10,CTGACAGTCACCGTTACAGCAGCCACGCTTCTG,2
pos,0.2,10,CTGACAGTTACCGTTACAGCAGCCACGCTCCTG,2
pos,0.2,10,CTGACAGTTACCGTTACTGCAGCCACGCTTCTG,2
pos,0.2,10,CTGACAGTTACCGTTACAGCAGCCACCCTTCTG,2
pos,0.2,10,CTTACCGTGACTGTTACCGCCGCCACTCTTCTG,1
pos,0.2,10,CTGACAGTTACCGTTACAGCAGCTACGCTTCTG,1
pos,0.2,10,CTGACAGTTACCGTTACCGCAGCCACGCTTCTG,1
pos,0.2,10,CTGACCGTAACCGTCACAGCGGCGACTCTGCTA,1
pos,0.2,10,CTCACGGTAACTGTAACTGCGGCAACGCTACTG,1
pos,0.2,10,CTTACCGTCACCGTAACCGCAGCCACTCTACTC,1
pos,0.2,10,CTGACAGTTACCGTTACAGCAGCCACACTTCTG,1
pos,0.2,10,CTTACAGTTACCGTTACAGCAGCCACACTCCTG,1
pos,0.2,10,CTGACTGTTACTGTCACGGCTGCCACTCTCCTT,1
pos,0.2,10,CTTACCGTTACTGTGACTGCGGCGACACTCCTT,1
pos,0.2,10,CTGACAGTCACAGTGACTGCCGCGACTCTTCTT,1
pos,0.2,10,CTTACAGTTACCGTTACAGCAGCCACGCTTCTG,1
pos,0.2,11,CTCACTGTTACCGTCACTGCAGCTACCCTGCTC,4528
pos,0.2,11,CTCACCGTTACTGTCACTGCAGCAACCCTACTT,6
pos,0.2,11,CTGACCGTAACGGTCACCGCGGCAACTCTACTG,2
pos,0.2,11,CTTACCGTCACCGTAACCGCAGCCACTCTACTC,1
pos,0.2,11,CTCACTGTTACCGTCACCGCAGCTACCCTGCTC,1
pos,0.2,11,CTCACTGTCACCGTCACTGCAGCTACCCTGCTC,1
pos,0.2,11,CTGACAGTTACCGTCACAGCAGCCACCCTTCTG,1
pos,0.2,11,CTTACCGTTACTGTGACTGCGGCGACACTCCTT,1
pos,0.2,12,CTAACCGTCACAGTAACCGCAGCTACCCTGCTG,7896
pos,0.2,12,CTGACGGTAACAGTGACAGCAGCAACCCTACTT,17
pos,0.2,12,CTCACCGTTACTGTCACTGCAGCAACCCTACTT,6
pos,0.2,12,CTTACAGTTACCGTTACAGCAGCCACACTCCTG,6
pos,0.2,12,CTGACAGTTACCGTTACAGCAGCCACGCTTCTG,3
pos,0.2,12,CTGACTGTAACCGTCACTGCCGCTACACTTCTC,2
pos,0.2,12,CTGACCGTAACGGTCACCGCGGCAACTCTACTG,2
pos,0.2,12,CTAACCGTCACAGTAACCGCAGCTACCCTTCTG,1
pos,0.2,12,CTAACCGTCACAGTAACCGCAGCCACCCTGCTG,1
pos,0.2,12,CTGACTGTTACTGTCACGGCTGCCACTCTCCTT,1
pos,0.2,12,CTAACTGTCACAGTAACCGCAGCTACCCTGCTG,1
pos,0.2,12,CTCACTGTTACCGTCACTGCAGCTACCCTGCTC,1
pos,0.2,12,CTAACCGTAACTGTGACGGCTGCAACGCTTCTG,1
pos,0.2,12,CTAACCGTCACAGTAACCGCAGCTACCCTACTG,1
pos,0.2,12,CTAACCGTCACAGTGACCGCAGCTACCCTGCTG,1
pos,0.2,12,CTGACAGTTACTGTCACTGCTGCTACCCTCCTA,1
pos,0.2,12,CTAACCGTCACAGTAACCGCAGCTACCCTGCTT,1
pos,0.2,12,CTTACCGTTACTGTGACTGCGGCGACACTCCTT,1
pos,0.2,13,CTGACCGTAACCGTCACAGCGGCGACTCTGCTA,4136
pos,0.2,13,CTCACTGTTACCGTCACTGCAGCTACCCTGCTC,27
pos,0.2,13,CTCACCGTTACTGTCACTGCAGCAACCCTACTT,3
pos,0.2,13,CTGACAGTTACCGTTACAGCAGCCACGCTTCTG,3
pos,0.2,13,CTGACTGTTACTGTCACGGCTGCCACTCTCCTT,2
pos,0.2,13,CTGACCGTAACCGTCACAGCTGCGACTCTGCTA,1
pos,0.2,13,CTGACCGTAACGGTCACCGCGGCAACTCTACTG,1
pos,0.2,13,CTTACCGTAACCGTCACAGCGGCGACTCTGCTA,1
pos,0.2,13,CTTACCGTTACTGTGACTGCGGCGACACTCCTT,1
pos,0.2,13,CTTACAGTCACAGTTACCGCCGCCACCCTACTC,1
pos,0.2,13,CTGACCGTAACCGTCACAGCAGCGACTCTGCTA,1
pos,0.2,14,CTGACGGTCACAGTTACTGCTGCTACCCTGCTC,26689
pos,0.2,14,CTGACGGTCACAGTTACTGCTGCTACCCTGCTT,5
pos,0.2,14,CTGACTGTCACAGTTACTGCTGCTACCCTGCTC,5
pos,0.2,14,CTCACCGTTACTGTCACTGCAGCAACCCTACTT,4
pos,0.2,14,CTGACCGTAACGGTCACCGCGGCAACTCTACTG,4
pos,0.2,14,CTGACAGTTACTGTCACTGCTGCTACCCTCCTA,3
pos,0.2,14,CTTACGGTCACAGTTACTGCTGCTACCCTGCTC,3
pos,0.2,14,CTAACTGTAACAGTTACTGCTGCGACTCTACTT,3
pos,0.2,14,CTGACGGTTACAGTTACTGCTGCTACCCTGCTC,2
pos,0.2,14,CTGACAGTTACCGTTACAGCAGCCACGCTTCTG,2
pos,0.2,14,CTGACGGTCACGGTTACTGCTGCTACCCTGCTC,1
pos,0.2,14,CTAACGGTCACAGTTACTGCTGCTACCCTGCTC,1
pos,0.2,14,CTGACGGTCACAGTGACTGCTGCTACCCTGCTC,1
pos,0.2,14,CTGACGGTCACAGTTACTGCCGCTACCCTGCTC,1
pos,0.2,14,CTGACGGTCACAGTTACTGCTGCTACCCTTCTC,1
pos,0.2,14,CTAACCGTCACAGTAACCGCAGCTACCCTGCTG,1
pos,0.2,14,CTGACCGTCACAGTTACTGCTGCTACCCTGCTC,1
pos,0.2,14,CTGACAGTTACCGTAACCGCCGCAACCCTTCTA,1
pos,0.2,14,CTGACGGTCACAGTTACTGCTGCAACCCTGCTT,1
pos,0.2,14,CTGACGGTCACAGTTACTGCTGCTACCCTACTC,1
pos,0.2,14,CTCACGGTCACAGTTACTGCTGCTACCCTGCTC,1
pos,0.2,14,CTGACGGTCACAGTCACTGCTGCTACCCTGCTC,1
pos,0.2,15,CTCACCGTTACTGTCACTGCAGCAACCCTACTT,5245
pos,0.2,15,CTGACCGTAACGGTCACCGCGGCAACTCTACTG,7
pos,0.2,15,CTGACAGTTACCGTTACAGCAGCCACGCTTCTG,3
pos,0.2,15,CTCACCGTCACTGTCACTGCAGCAACCCTACTT,2
pos,0.2,15,CTCACCGTTACTGTCACTGCAGCAACCCTCCTT,1
pos,0.2,15,CTCACCGTTACCGTCACGGCTGCTACCCTTCTT,1
pos,0.2,15,CTTACCGTCACCGTAACCGCAGCCACTCTACTC,1
pos,0.2,15,CTCACCGTAACTGTCACTGCAGCAACCCTACTT,1
pos,0.2,15,CTGACTGTTACTGTCACGGCTGCCACTCTCCTT,1
pos,0.2,15,CTCACCGTTACTGTCACTGCAGCAACCCTACTC,1
pos,0.2,16,CTCACCGTTACTGTCACTGCAGCAACCCTACTT,4975
pos,0.2,16,CTCACAGTCACCGTGACCGCTGCGACCCTACTT,8
pos,0.2,16,CTCACCGTTACCGTCACGGCTGCTACCCTTCTT,4
pos,0.2,16,CTGACCGTAACGGTCACCGCGGCAACTCTACTG,2
pos,0.2,16,CTGACAGTTACCGTTACAGCAGCCACGCTTCTG,2
pos,0.2,16,CTGACTGTTACTGTCACGGCTGCCACTCTCCTT,2
pos,0.2,16,CTCACCGTTACCGTTACAGCAGCCACTCTACTC,1
pos,0.2,16,CTGACTGTTACAGTAACTGCTGCTACACTACTG,1
pos,0.2,16,CTCACCGTCACTGTCACTGCAGCAACCCTACTT,1
pos,0.2,16,CTGACTGTGACCGTGACTGCTGCCACTCTACTA,1
pos,0.2,16,CTTACAGTGACGGTTACGGCAGCAACACTGCTT,1
pos,0.2,16,CTCACTGTTACTGTCACTGCAGCAACCCTACTT,1
pos,0.2,16,CTGACAGTTACTGTCACTGCTGCTACCCTCCTA,1
pos,0.2,16,CTGACCGTCACTGTAACTGCCGCTACTCTCCTT,1
pos,0.2,16,CTCACAGTGACTGTAACAGCAGCTACGCTGCTA,1
pos,0.2,17,CTGACTGTTACTGTCACGGCTGCCACTCTCCTT,25270
pos,0.2,17,CTAACTGTTACGGTAACCGCTGCTACTCTGCTC,139
pos,0.2,17,CTGACCGTCACTGTCACTGCCGCCACGCTTCTA,7
pos,0.2,17,CTCACCGTTACTGTCACTGCAGCAACCCTACTT,4
pos,0.2,17,CTCACGGTTACCGTCACCGCCGCCACTCTACTG,4
pos,0.2,17,CTTACCGTTACTGTGACTGCGGCGACACTCCTT,2
pos,0.2,17,CTGACTGTTACTGTCACTGCTGCCACTCTCCTT,2
pos,0.2,17,CTTACCGTCACCGTAACCGCAGCCACTCTACTC,2
pos,0.2,17,CTGACCGTAACGGTCACCGCGGCAACTCTACTG,2
pos,0.2,17,CTGACTGTTACTGTCACGGCTGCTACTCTCCTT,2
pos,0.2,17,CTCACCGTAACAGTAACGGCGGCGACCCTGCTG,1
pos,0.2,17,CTCACTGTAACAGTTACTGCTGCTACTCTACTT,1
pos,0.2,17,CTTACTGTTACTGTCACGGCTGCCACTCTCCTT,1
pos,0.2,17,CTGACTGTCACTGTCACGGCTGCCACTCTCCTT,1
pos,0.2,17,CTGACCGTTACTGTCACTGCTGCCACTCTCCTT,1
pos,0.2,17,CTGACTGTTACTGTCACGGCCGCCACTCTCCTT,1
pos,0.2,17,CTGACCGTTACTGTCACTGCTGCCACGCTTCTA,1
pos,0.2,17,CTGACTGTTACTGTCACCGCTGCCACTCTGCTT,1
pos,0.2,17,CTTACAGTTACCGTTACAGCAGCCACACTCCTG,1
pos,0.2,17,CTGACTGTTACTGTCACTGCTGCCACTCTCCTA,1
pos,0.2,17,CTAACAGTAACAGTCACTGCCGCTACTCTGCTC,1
pos,0.2,17,CTGACTGTTACTGTCACCGCTGCCACTCTCCTT,1
pos,0.2,17,CTCACCGTTACTGTCACCGCTGCTACTCTACTT,1
pos,0.2,17,CTGACTGTTACCGTCACGGCTGCCACTCTCCTT,1
pos,0.2,17,CTAACTGTTACGGTAACCGCTGCTACTCTACTC,1
pos,0.2,17,CTCACTGTTACTGTCACGGCTGCCACTCTCCTT,1
pos,0.2,17,CTGACTGTAACAGTAACTGCAGCTACACTTCTT,1
pos,0.2,17,CTGACGGTAACAGTGACAGCAGCAACCCTACTT,1
pos,0.2,17,CTGACTGTTACTGTCACGGCTGCCACTCTTCTT,1
pos,0.2,18,CTGACCGTCACTGTCACTGCCGCCACGCTTCTA,79
pos,0.2,18,CTTACAGTTACCGTTACAGCAGCCACACTCCTG,1
pos,0.2,18,CTGACCGTAACGGTCACCGCGGCAACTCTACTG,1
pos,0.2,19,CTCACTGTAACCGTTACTGCAGCGACTCTGCTG,4345
pos,0.2,19,CTGACTGTTACGGTTACAGCAGCAACCCTACTC,121
pos,0.2,19,CTCACCGTTACTGTCACTGCAGCAACCCTACTT,4
pos,0.2,19,CTGACCGTAACGGTCACCGCGGCAACTCTACTG,3
pos,0.2,19,CTGACCGTCACTGTCACTGCCGCCACGCTTCTA,3
pos,0.2,19,CTGACCGTAACCGTAACGGCTGCTACCCTCCTA,2
pos,0.2,19,CTTACAGTTACCGTTACAGCAGCCACACTCCTG,1
pos,0.2,19,CTCACTGTAACCGTTACTGCAGCTACTCTGCTG,1
pos,0.2,19,CTCACTGTAACCGTTACTGCAGCGACTCTGCTT,1
pos,0.2,19,CTCACTGTAACTGTTACTGCAGCGACTCTGCTG,1
pos,0.2,19,CTGACCGTCACTGTCACTGCAGCCACGCTGCTG,1
pos,0.2,19,CTGACAGTTACCGTTACAGCAGCCACGCTTCTG,1
pos,0.2,20,CTCACCGTCACCGTCACCGCTGCTACACTACTC,2482
pos,0.2,20,CTCACCGTTACTGTCACTGCAGCAACCCTACTT,52
pos,0.2,20,CTAACTGTAACAGTTACTGCTGCGACTCTACTT,48
pos,0.2,20,CTCACGGTTACCGTCACCGCCGCCACTCTACTG,23
pos,0.2,20,CTGACTGTGACTGTAACTGCTGCTACCCTTCTC,3
pos,0.2,20,CTGACAGTTACCGTTACAGCAGCCACGCTTCTG,2
pos,0.2,20,CTCACAGTGACTGTAACAGCAGCTACGCTGCTA,1
pos,0.2,20,CTCACCGTCACCGTCACCGCCGCTACACTACTC,1
pos,0.2,20,CTCACCGTCACCGTCACCGCTGCTACACTACTT,1
pos,0.2,20,CTTACAGTTACCGTTACAGCAGCCACACTCCTG,1
pos,0.2,20,CTGACCGTAACGGTCACCGCGGCAACTCTACTG,1
pos,0.2,20,CTGACTGTTACTGTCACGGCTGCCACTCTCCTT,1
pos,0.2,20,CTCACGGTTACTGTGACCGCGGCGACCCTACTT,1
pos,0.2,21,CTCACCGTTACTGTCACTGCAGCAACCCTACTT,8268
pos,0.2,21,CTGACCGTCACTGTCACTGCCGCCACGCTTCTA,14
pos,0.2,21,CTGACCGTAACGGTCACCGCGGCAACTCTACTG,6
pos,0.2,21,CTGACTGTTACTGTCACGGCTGCCACTCTCCTT,2
pos,0.2,21,CTGACAGTTACCGTTACAGCAGCCACGCTTCTG,2
pos,0.2,21,CTTACAGTCACAGTTACCGCCGCCACCCTACTC,2
pos,0.2,21,CTGACCGTTACTGTCACTGCCGCCACGCTTCTA,1
pos,0.2,21,CTCACCGTTACTGTCACTGCGGCAACCCTACTT,1
pos,0.2,21,CTCACGGTTACTGTGACCGCGGCGACCCTACTT,1
pos,0.2,21,CTTACCGTCACCGTAACCGCAGCCACTCTACTC,1
pos,0.2,21,CTCACCGTTACTGTTACTGCAGCAACCCTACTT,1
pos,0.2,21,CTCACCGTTACTGTCACTGCAGCAACCCTACTC,1
pos,0.2,21,CTCACCGTTACGGTCACTGCAGCAACCCTACTT,1
pos,0.2,21,CTCACTGTTACTGTCACTGCAGCAACCCTACTT,1
pos,0.2,21,CTGACCGTTACCGTCACTGCAGCTACCCTTCTT,1
pos,0.2,21,CTGACAGTTACCGTAACCGCCGCAACCCTTCTA,1
pos,0.2,21,CTTACAGTTACCGTTACAGCAGCCACACTCCTG,1
pos,0.2,21,CTGACAGTCACAGTGACTGCCGCGACTCTTCTT,1
pos,0.2,21,CTTACTGTAACCGTCACCGCAGCGACCCTACTC,1
pos,0.2,22,CTTACCGTGACTGTTACCGCCGCCACTCTTCTG,4593
pos,0.2,22,CTCACAGTGACCGTCACAGCCGCCACTCTCCTA,11
pos,0.2,22,CTGACCGTAACGGTCACCGCGGCAACTCTACTG,6
pos,0.2,22,CTGACAGTTACCGTTACAGCAGCCACGCTTCTG,3
pos,0.2,22,CTGACCGTCACTGTCACTGCCGCCACGCTTCTA,3
pos,0.2,22,CTTACCGTGACTGTTACCGCCGCCACTCTTCTT,2
pos,0.2,22,CTCACCGTTACTGTCACTGCAGCAACCCTACTT,2
pos,0.2,22,CTGACTGTTACCGTGACTGCCGCTACCCTTCTT,1
pos,0.2,22,CTTACCGTGACGGTTACCGCCGCCACTCTTCTG,1
pos,0.2,22,CTGACTGTTACTGTCACGGCTGCCACTCTCCTT,1
pos,0.2,22,CTTACTGTGACTGTTACCGCCGCCACTCTTCTG,1
pos,0.2,22,CTTACCGTCACCGTAACCGCAGCCACTCTACTC,1
pos,0.2,22,CTGACCGTGACTGTTACCGCCGCCACTCTTCTG,1
pos,0.2,22,CTTACAGTTACCGTTACAGCAGCCACACTCCTG,1
pos,0.2,23,CTTACAGTTACGGTCACTGCAGCCACGCTTCTC,7394
pos,0.2,23,CTAACTGTAACCGTCACTGCGGCAACTCTGCTC,11
pos,0.2,23,CTGACCGTCACTGTCACTGCCGCCACGCTTCTA,7
pos,0.2,23,CTGACCGTAACGGTCACCGCGGCAACTCTACTG,6
pos,0.2,23,CTGACTGTAACGGTCACCGCTGCTACACTCCTT,5
pos,0.2,23,CTTACAGTTACGGTCACTGCAGCCACGCTTCTT,4
pos,0.2,23,CTGACAGTTACCGTTACAGCAGCCACGCTTCTG,3
pos,0.2,23,CTTACAGTTACTGTCACTGCAGCCACGCTTCTC,2
pos,0.2,23,CTGACTGTTACTGTCACGGCTGCCACTCTCCTT,2
pos,0.2,23,CTCACCGTTACTGTCACTGCAGCAACCCTACTT,2
pos,0.2,23,CTCACCGTTACTGTTACTGCAGCAACCCTACTT,1
pos,0.2,23,CTTACCGTTACGGTCACTGCAGCCACGCTTCTC,1
pos,0.2,23,CTTACAGTTACGGTCACTGCAGCCACGCTCCTC,1
pos,0.2,23,CTGACCGTCACTGTCACTGCAGCCACGCTTCTA,1
pos,0.2,23,CTGACCGTTACTGTCACTGCAGCCACGCTTCTA,1
pos,0.2,23,CTCACAGTTACGGTTACTGCAGCTACTCTTCTT,1
pos,0.2,23,CTTACAGTTACAGTCACTGCAGCCACGCTTCTC,1
pos,0.2,23,CTGACAGTTACCGTAACCGCCGCAACCCTTCTA,1
pos,0.2,23,CTGACAGTTACTGTCACTGCTGCTACCCTCCTA,1
pos,0.2,23,CTTACCGTTACTGTCACTGCAGCCACGCTTCTG,1
pos,0.2,23,CTCACTGTAACAGTTACTGCTGCTACTCTACTT,1
pos,0.2,23,CTTACAGTTACCGTCACTGCAGCCACGCTTCTC,1
pos,0.2,23,CTTACCGTAACGGTAACTGCCGCCACGCTGCTT,1
pos,0.2,23,CTTACAGTTACCGTTACAGCAGCCACACTCCTG,1
pos,0.2,24,CTCACGGTTACTGTGACCGCGGCGACCCTACTT,22124
pos,0.2,24,CTCACTGTAACGGTCACTGCAGCTACTCTGCTC,94
pos,0.2,24,CTTACAGTGACAGTGACTGCTGCTACTCTACTT,13
pos,0.2,24,CTGACTGTGACCGTGACTGCTGCCACTCTACTA,10
pos,0.2,24,CTGACCGTCACTGTCACTGCCGCCACGCTTCTA,10
pos,0.2,24,CTGACAGTTACCGTTACAGCAGCCACGCTTCTG,5
pos,0.2,24,CTCACTGTTACTGTGACCGCGGCGACCCTACTT,5
pos,0.2,24,CTCACGGTTACTGTGACCGCGGCTACCCTACTT,5
pos,0.2,24,CTGACTGTTACAGTAACTGCTGCTACACTACTG,4
pos,0.2,24,CTCACGGTTACTGTTACCGCGGCGACCCTACTT,4
pos,0.2,24,CTCACCGTTACTGTCACTGCAGCAACCCTACTT,3
pos,0.2,24,CTGACTGTTACTGTCACGGCTGCCACTCTCCTT,3
pos,0.2,24,CTCACGGTTACTGTCACCGCGGCGACCCTACTT,3
pos,0.2,24,CTCACGGTTACGGTGACCGCGGCGACCCTACTT,2
pos,0.2,24,CTCACCGTTACTGTGACCGCGGCGACCCTACTT,2
pos,0.2,24,CTCACCGTTACTGTCACTGCCGCCACCCTACTT,2
pos,0.2,24,CTGACCGTAACGGTCACCGCGGCAACTCTACTG,2
pos,0.2,24,CTAACCGTCACTGTGACCGCCGCGACTCTGCTT,2
pos,0.2,24,CTCACGGTTACTGTGACCGCAGCGACCCTACTT,2
pos,0.2,24,CTTACCGTCACCGTAACCGCAGCCACTCTACTC,1
pos,0.2,24,CTCACGGTTACTGTGACCGCCGCGACCCTACTT,1
pos,0.2,24,CTCACCGTTACTGTCACTGCAGCGACCCTACTT,1
pos,0.2,24,CTAACGGTTACTGTGACCGCGGCGACCCTACTT,1
pos,0.2,24,CTAACCGTCACTGTTACTGCCGCAACTCTCCTT,1
pos,0.2,24,CTCACGGTTACCGTCACCGCCGCCACTCTACTG,1
pos,0.2,24,CTGACCGTTACTGTCACTGCCGCCACGCTTCTA,1
pos,0.2,24,CTCACCGTTACCGTTACAGCAGCCACTCTACTC,1
pos,0.2,24,CTCACGGTTACTGTGACCGCGGCGACCCTACTC,1
pos,0.2,24,CTTACGGTTACTGTGACCGCGGCGACCCTACTT,1
pos,0.2,24,CTGACAGTAACCGTTACAGCCGCTACTCTGCTT,1
pos,0.2,24,CTCACGGTTACTGTGACCGCGGCAACCCTACTT,1
pos,0.2,24,CTGACAGTTACTGTCACTGCTGCTACCCTCCTA,1
pos,0.2,24,CTTACAGTGACGGTTACGGCAGCAACACTGCTT,1
pos,0.2,24,CTCACGGTTACTGTGACCGCGGCCACCCTACTT,1
pos,0.2,24,CTCACGGTTACCGTGACCGCGGCGACCCTACTT,1
pos,0.2,24,CTCACAGTTACTGTGACCGCGGCGACCCTACTT,1
pos,0.2,24,CTGACAGTTACTGTTACAGCAGCCACGCTACTT,1
pos,0.2,24,CTCACGGTTACTGTGACCGCGGCGACCCTGCTT,1
pos,0.2,24,CTCACCGTTACTGTGACCGCCGCAACTCTTCTG,1
pos,0.2,24,CTAACAGTCACGGTCACCGCCGCAACGCTTCTT,1
pos,0.2,24,CTGACCGTTACTGTCACTGCCGCCACCCTACTT,1
pos,0.2,24,CTCACCGTCACCGTCACCGCTGCTACACTACTC,1
pos,0.2,24,CTCACGGTAACGGTGACCGCGGCGACCCTACTT,1
pos,0.2,24,CTGACTGTAACCGTCACTGCCGCTACACTTCTC,1
pos,0.2,24,CTCACGGTTACTGTGACCGCGGCGACTCTACTT,1
pos,0.2,24,CTGACGGTAACAGTGACAGCAGCAACCCTACTT,1
pos,0.2,25,CTGACAGTTACTGTCACTGCTGCTACCCTCCTA,4891
pos,0.2,25,CTCACCGTTACTGTCACTGCAGCAACCCTACTT,25
pos,0.2,25,CTCACTGTAACAGTTACTGCTGCTACTCTACTT,4
pos,0.2,25,CTTACAGTTACTGTCACTGCTGCTACCCTCCTA,2
pos,0.2,25,CTGACAGTTACCGTTACAGCAGCCACGCTTCTG,2
pos,0.2,25,CTGACAGTCACTGTCACTGCTGCTACCCTCCTA,2
pos,0.2,25,CTGACTGTTACTGTCACGGCTGCCACTCTCCTT,2
pos,0.2,25,CTTACCGTCACCGTAACCGCAGCCACTCTACTC,1
pos,0.2,25,CTGACGGTTACTGTCACTGCTGCTACCCTCCTA,1
pos,0.2,25,CTGACCGTAACGGTCACCGCGGCAACTCTACTG,1
pos,0.2,25,CTTACAGTTACCGTTACAGCAGCCACACTCCTG,1
pos,0.2,25,CTGACAGTTACTGTCACTGCTGCTACCCTCCTG,1
pos,0.2,25,CTCACAGTTACAGTCACCGCAGCCACTCTGCTG,1
pos,0.2,26,CTGACAGTCACTGTGACCGCAGCTACCCTTCTT,3968
pos,0.2,26,CTCACCGTTACTGTCACTGCAGCAACCCTACTT,29
pos,0.2,26,CTGACCGTAACGGTCACCGCGGCAACTCTACTG,3
pos,0.2,26,CTGACAGTTACCGTTACAGCAGCCACGCTTCTG,3
pos,0.2,26,CTTACCGTTACTGTGACTGCGGCGACACTCCTT,1
pos,0.2,26,CTAACTGTCACCGTCACGGCAGCAACACTGCTC,1
pos,0.2,26,CTTACAGTCACTGTGACCGCAGCTACCCTTCTT,1
pos,0.2,26,CTGACAGTCACTGTGACCGCAGCTACCCTTCTC,1
pos,0.2,26,CTGACAGTCACAGTGACTGCCGCGACTCTTCTT,1
pos,0.2,26,CTCACGGTAACTGTAACTGCGGCAACGCTACTG,1
pos,0.2,26,CTGACTGTTACTGTCACGGCTGCCACTCTCCTT,1
pos,0.2,27,CTCACGGTTACTGTGACCGCGGCGACCCTACTT,24080
pos,0.2,27,CTCACCGTTACTGTCACTGCAGCAACCCTACTT,16
pos,0.2,27,CTGACTGTTACTGTCACGGCTGCCACTCTCCTT,4
pos,0.2,27,CTCACGGTTACTGTGACCGCGGCGACCCTACTC,4
pos,0.2,27,CTCACGGTTACTGTTACCGCGGCGACCCTACTT,4
pos,0.2,27,CTGACCGTAACCGTAACGGCTGCTACCCTCCTA,3
pos,0.2,27,CTGACAGTTACCGTTACAGCAGCCACGCTTCTG,3
pos,0.2,27,CTCACGGTTACTGTGACCGCGGCTACCCTACTT,3
pos,0.2,27,CTGACCGTAACGGTCACCGCGGCAACTCTACTG,3
pos,0.2,27,CTCACGGTTACTGTGACCGCGGCGACTCTACTT,2
pos,0.2,27,CTGACGGTAACAGTGACAGCAGCAACCCTACTT,2
pos,0.2,27,CTCACTGTTACTGTGACCGCGGCGACCCTACTT,2
pos,0.2,27,CTGACAGTCACTGTGACCGCAGCTACCCTTCTT,1
pos,0.2,27,CTGACTGTTACAGTAACTGCTGCTACACTACTG,1
pos,0.2,27,CTCACGGTTACTGTGACTGCGGCGACCCTACTT,1
pos,0.2,27,CTCACGGTTACTGTGACCGCAGCGACCCTACTT,1
pos,0.2,27,CTCACGGTTACGGTGACCGCGGCGACCCTACTT,1
pos,0.2,27,CTCACGGTTACCGTGACCGCGGCGACCCTACTT,1
pos,0.2,27,CTTACCGTCACCGTAACCGCAGCCACTCTACTC,1
pos,0.2,28,CTGACAGTTACCGTTACAGCAGCCACGCTTCTG,8438
pos,0.2,28,CTGACAGTTACCGTAACCGCCGCAACCCTTCTA,61
pos,0.2,28,CTTACAGTTACCGTTACAGCAGCCACACTCCTG,5
pos,0.2,28,CTGACAGTTACCGTTACAGCAGCCACGCTTCTA,4
pos,0.2,28,CTGACCGTAACGGTCACCGCGGCAACTCTACTG,4
pos,0.2,28,CTCACCGTTACTGTCACTGCAGCAACCCTACTT,3
pos,0.2,28,CTGACAGTTACCGTTACAGCAGCCACTCTTCTG,2
pos,0.2,28,CTGACAGTTACTGTTACAGCAGCCACGCTTCTG,2
pos,0.2,28,CTCACTGTTACCGTCACTGCAGCTACCCTGCTC,2
pos,0.2,28,CTTACAGTTACCGTTACAGCAGCCACGCTTCTG,2
pos,0.2,28,CTGACAGTTACTGTCACTGCTGCTACCCTCCTA,1
pos,0.2,28,CTGACAGTTACCGTTACAGCAGCCACACTTCTG,1
pos,0.2,28,CTGACTGTTACTGTCACCGCCGCCACTCTTCTT,1
pos,0.2,28,CTGACAGTTACCGTTACCGCAGCCACGCTTCTG,1
pos,0.2,28,CTCACCGTTACCGTTACAGCAGCCACTCTACTC,1
pos,0.2,28,CTGACAGTTACCGTTACTGCAGCCACGCTTCTG,1
pos,0.2,28,CTGACTGTTACTGTCACGGCTGCCACTCTCCTT,1
pos,0.2,28,CTGACAGTTACCGTAACAGCAGCAACCCTTCTG,1
pos,0.2,28,CTGACAGTTACCGTTACAGCGGCCACGCTTCTG,1
pos,0.2,28,CTGACTGTAACCGTCACTGCCGCTACACTTCTC,1
pos,0.2,28,CTAACTGTCACTGTAACAGCCGCGACTCTGCTT,1
pos,0.2,29,CTAACCGTAACTGTGACGGCTGCAACGCTTCTG,7562
pos,0.2,29,CTCACTGTCACGGTCACCGCAGCCACACTGCTC,12
pos,0.2,29,CTGACCGTAACGGTCACCGCGGCAACTCTACTG,5
pos,0.2,29,CTGACGGTAACAGTGACAGCAGCAACCCTACTT,5
pos,0.2,29,CTAACCGTAACTGTGACGGCTGCAACTCTTCTG,3
pos,0.2,29,CTTACAGTCACAGTTACCGCCGCCACCCTACTC,3
pos,0.2,29,CTGACTGTTACTGTCACGGCTGCCACTCTCCTT,2
pos,0.2,29,CTCACCGTTACTGTCACTGCAGCAACCCTACTT,2
pos,0.2,29,CTTACTGTAACCGTCACCGCAGCGACCCTACTC,2
pos,0.2,29,CTGACAGTTACCGTTACAGCAGCCACGCTTCTG,2
pos,0.2,29,CTCACAGTGACTGTAACAGCAGCTACGCTGCTA,2
pos,0.2,29,CTAACCGTAACTGTGACGGCTGCAACCCTTCTG,1
pos,0.2,29,CTTACCGTAACTGTGACGGCTGCAACGCTTCTG,1
pos,0.2,29,CTTACCGTCACCGTAACCGCAGCCACTCTACTC,1
pos,0.2,29,CTAACCGTGACTGTGACGGCTGCAACGCTTCTG,1
pos,0.2,29,CTAACCGTTACTGTGACTGCAGCAACGCTTCTG,1
pos,0.2,29,CTCACGGTTACTGTGACCGCGGCGACCCTACTT,1
pos,0.2,29,CTAACGGTAACGGTAACGGCGGCAACCCTCCTT,1
pos,0.2,29,CTAACCGTAACTGTGACGGCCGCAACGCTTCTG,1
pos,0.2,29,CTAACCGTAACTGTGACTGCTGCAACGCTTCTG,1
pos,0.2,29,CTAACCGTAACTGTAACGGCTGCAACGCTTCTG,1
pos,0.2,30,CTCACAGTGACTGTAACAGCAGCTACGCTGCTA,4004
pos,0.2,30,CTAACCGTCACAGTAACCGCAGCTACCCTGCTG,879
pos,0.2,30,CTCACCGTTACTGTCACTGCAGCAACCCTACTT,3
pos,0.2,30,CTGACCGTAACGGTCACCGCGGCAACTCTACTG,3
pos,0.2,30,CTGACAGTTACCGTTACAGCAGCCACGCTTCTG,2
pos,0.2,30,CTCACGGTGACTGTAACAGCAGCTACGCTGCTA,1
pos,0.2,30,CTCACCGTGACTGTAACCGCAGCTACGCTGCTG,1
pos,0.2,30,CTCACAGTGACCGTAACAGCAGCTACGCTGCTA,1
pos,0.2,30,CTCACAGTGACTGTAACAGCAGCTACACTGCTA,1
pos,0.2,30,CTGACGGTAACAGTGACAGCAGCAACCCTACTT,1
pos,0.2,30,CTCACAGTGACTGTAACAGCAGCCACGCTGCTA,1
pos,0.2,30,CTAACCGTCACTGTAACCGCAGCTACCCTGCTG,1
pos,0.2,30,CTAACCGTCACAGTAACAGCAGCTACCCTGCTG,1
pos,0.2,30,CTTACCGTCACCGTAACCGCAGCCACTCTACTC,1
pos,0.2,30,CTCACCGTCACAGTAACCGCAGCTACCCTGCTG,1
pos,0.2,31,CTGACAGTTACCGTTACAGCAGCCACGCTTCTG,28224
pos,0.2,31,CTTACGGTTACTGTAACCGCCGCGACCCTCCTA,348
pos,0.2,31,CTAACTGTCACTGTAACAGCCGCTACACTTCTC,202
pos,0.2,31,CTAACTGTTACGGTAACCGCTGCTACTCTGCTC,142
pos,0.2,31,CTAACTGTAACAGTTACTGCTGCGACTCTACTT,14
pos,0.2,31,CTCACCGTTACTGTCACTGCAGCAACCCTACTT,14
pos,0.2,31,CTGACCGTAACGGTCACCGCGGCAACTCTACTG,6
pos,0.2,31,CTGACAGTTACTGTTACAGCAGCCACGCTTCTG,5
pos,0.2,31,CTGACAGTTACCGTTACAGCAGCCACGCTTCTT,4
pos,0.2,31,CTGACGGTAACAGTGACAGCAGCAACCCTACTT,3
pos,0.2,31,CTTACTGTAACCGTCACCGCAGCGACCCTACTC,3
pos,0.2,31,CTGACAGTTACTGTCACTGCTGCTACCCTCCTA,2
pos,0.2,31,CTTACAGTTACCGTTACAGCAGCCACGCTTCTG,2
pos,0.2,31,CTGACAGTTACCGTTACAGCAGCCACCCTTCTG,2
pos,0.2,31,CTTACGGTTACTGTAACCGCAGCGACCCTCCTA,2
pos,0.2,31,CTGACAGTTACTGTAACAGCCGCCACGCTTCTG,2
pos,0.2,31,CTGACAGTTACCGTTACAGCCGCCACGCTTCTG,2
pos,0.2,31,CTGACAGTTACCGTTACAGCAGCCACTCTTCTG,2
pos,0.2,31,CTGACTGTTACTGTCACGGCTGCCACTCTCCTT,2
pos,0.2,31,CTCACTGTTACTGTCACCGCCGCCACTCTTCTT,1
pos,0.2,31,CTTACAGTAACCGTAACCGCGGCGACCCTACTT,1
pos,0.2,31,CTAACTGTAACCGTTACTGCTGCGACTCTACTT,1
pos,0.2,31,CTAACGGTAACGGTAACAGCGGCAACCCTTCTT,1
pos,0.2,31,CTGACAGTTACCGTAACCGCAGCCACGCTTCTG,1
pos,0.2,31,CTGACAGTTACCGTTACCGCAGCCACGCTCCTG,1
pos,0.2,31,CTCACCGTTACTGTCACAGCAGCAACGCTTCTG,1
pos,0.2,31,CTGACAGTTACCGTTACAGCAGCTACGCTTCTG,1
pos,0.2,31,CTGACTGTCACTGTTACAGCTGCTACACTACTT,1
pos,0.2,31,CTGACAGTTACCGTTACAGCTGCCACGCTTCTG,1
pos,0.2,31,CTAACTGTTACTGTAACAGCCGCTACACTTCTC,1
pos,0.2,31,CTAACGGTTACGGTAACGGCGGCAACCCTCCTT,1
pos,0.2,31,CTTACAGTTACCGTTACAGCAGCCACGCTCCTG,1
pos,0.2,31,CTGACGGTAACCGTAACCGCCGCGACGCTTCTT,1
pos,0.2,31,CTTACGGTTACTGTAACAGCCGCGACCCTTCTA,1
pos,0.2,31,CTCACAGTTACCGTTACAGCAGCCACGCTTCTG,1
pos,0.2,31,CTGACGGTTACTGTGACAGCAGCAACCCTACTT,1
pos,0.2,31,CTGACAGTTACCGTTACAGCAGCCACGCTTCTA,1
pos,0.2,31,CTGACAGTTACCGTTACCGCAGCCACGCTTCTG,1
pos,0.2,31,CTGACAGTTACCGTTACAGCAGCCACGCTCCTG,1
pos,0.2,31,CTGACAGTTACCGTTACGGCAGCCACGCTTCTG,1
pos,0.2,32,CTAACCGTAACTGTGACGGCTGCAACGCTTCTG,6614
pos,0.2,32,CTGACTGTTACTGTCACGGCTGCCACTCTCCTT,5
pos,0.2,32,CTCACCGTTACTGTCACTGCAGCAACCCTACTT,3
pos,0.2,32,CTAACCGTAACTGTGACGGCTGCAACACTTCTG,2
pos,0.2,32,CTGACAGTTACCGTTACAGCAGCCACGCTTCTG,2
pos,0.2,32,CTAACCGTAACTGTCACGGCTGCAACGCTTCTG,1
pos,0.2,32,CTAACAGTAACTGTGACGGCTGCAACGCTTCTG,1
pos,0.2,32,CTCACCGTTACTGTCACTGCTGCAACCCTACTT,1
pos,0.2,32,CTGACTGTTACAGTAACTGCTGCTACACTACTG,1
pos,0.2,32,CTAACCGTAACTGTGACGGCTGCAACGCTTCTT,1
pos,0.2,32,CTCACCGTTACCGTTACAGCAGCCACTCTACTC,1
pos,0.2,32,CTAACCGTAACTGTGACGGCTGCAACTCTTCTG,1
pos,0.2,32,CTGACGGTAACAGTGACAGCAGCAACCCTACTT,1
pos,0.2,32,CTAACCGTAACTGTGACGGCTGCAACGCTTCTC,1
pos,0.2,32,CTGACAGTTACTGTTACAGCAGCCACGCTTCTG,1
pos,0.2,32,CTGACCGTAACGGTCACCGCGGCAACTCTACTG,1
pos,0.2,32,CTTACCGTTACTGTGACTGCGGCGACACTCCTT,1
pos,0.2,32,CTCACTGTCACTGTCACCGCCGCCACTCTTCTT,1
neg,0.2,1,CTGACAGTTACCGTTACAGCAGCCACGCTTCTG,13
neg,0.2,1,CTGACTGTTACTGTCACGGCTGCCACTCTCCTT,6
neg,0.2,1,CTCACAGTCACAGTAACTGCTGCTACGCTCCTG,5
neg,0.2,1,CTTACAGTGACAGTTACGGCAGCTACACTTCTC,4
neg,0.2,1,CTTACCGTGACTGTAACTGCAGCGACACTTCTT,4
neg,0.2,1,CTTACCGTCACCGTAACCGCAGCCACTCTACTC,3
neg,0.2,1,CTTACCGTTACTGTGACTGCGGCGACACTCCTT,1
neg,0.2,2,CTTACAGTTACCGTTACAGCAGCCACACTCCTG,18
neg,0.2,2,CTCACTGTTACCGTCACTGCAGCTACCCTGCTC,8
neg,0.2,2,CTGACAGTTACCGTTACAGCAGCCACGCTTCTG,5
neg,0.2,3,CTTACAGTCACAGTTACCGCCGCCACCCTACTC,5
neg,0.2,3,CTGACAGTTACCGTTACAGCAGCCACGCTTCTG,1
neg,0.2,3,CTTACCGTCACCGTAACCGCAGCCACTCTACTC,1
neg,0.2,4,CTGACAGTTACCGTTACAGCAGCCACGCTTCTG,2
neg,0.2,4,CTGACCGTAACGGTCACCGCGGCAACTCTACTG,2
neg,0.2,4,CTGACTGTTACTGTCACGGCTGCCACTCTCCTT,1
neg,0.2,5,CTGACAGTTACCGTTACAGCAGCCACGCTTCTG,9
neg,0.2,5,CTGACCGTTACAGTTACCGCAGCAACTCTGCTT,3
neg,0.2,5,CTCACCGTTACTGTCACTGCAGCAACCCTACTT,3
neg,0.2,5,CTCACGGTTACCGTCACCGCCGCCACTCTACTG,2
neg,0.2,5,CTTACAGTTACCGTTACAGCAGCCACACTCCTG,1
neg,0.2,5,CTGACCGTAACGGTCACCGCGGCAACTCTACTG,1
neg,0.2,6,CTCACCGTTACTGTCACTGCAGCAACCCTACTT,45
neg,0.2,6,CTGACGGTAACAGTGACAGCAGCAACCCTACTT,11
neg,0.2,6,CTTACCGTCACCGTAACCGCAGCCACTCTACTC,6
neg,0.2,6,CTGACCGTAACCGTCACAGCGGCGACTCTGCTA,2
neg,0.2,6,CTGACAGTCACAGTGACTGCCGCGACTCTTCTT,2
neg,0.2,6,CTGACAGTTACCGTTACAGCAGCCACGCTTCTG,2
neg,0.2,6,CTGACCGTCACTGTCACTGCCGCCACGCTTCTA,1
neg,0.2,7,CTGACAGTTACTGTCACTGCTGCTACCCTCCTA,36
neg,0.2,7,CTTACTGTAACCGTCACCGCAGCGACCCTACTC,29
neg,0.2,7,CTCACCGTTACTGTCACTGCAGCAACCCTACTT,13
neg,0.2,7,CTGACTGTTACTGTCACGGCTGCCACTCTCCTT,10
neg,0.2,7,CTGACAGTTACCGTTACAGCAGCCACGCTTCTG,4
neg,0.2,7,CTGACTGTGACCGTGACTGCTGCCACTCTACTA,2
neg,0.2,7,CTGACTGTAACTGTTACAGCCGCTACGCTTCTA,2
neg,0.2,7,CTGACGGTAACCGTAACCGCCGCGACGCTTCTT,2
neg,0.2,7,CTTACAGTTACCGTAACCGCGGCCACCCTGCTT,2
neg,0.2,7,CTGACCGTAACGGTCACCGCGGCAACTCTACTG,1
neg,0.2,8,CTAACAGTCACGGTCACCGCCGCAACGCTTCTT,99
neg,0.2,8,CTGACTGTAACCGTCACTGCCGCTACACTTCTC,72
neg,0.2,8,CTCACAGTCACAGTCACTGCAGCTACGCTACTT,22
neg,0.2,8,CTGACCGTCACTGTAACTGCCGCTACTCTCCTT,6
neg,0.2,8,CTCACCGTTACTGTCACTGCAGCAACCCTACTT,6
neg,0.2,8,CTGACCGTAACGGTCACCGCGGCAACTCTACTG,4
neg,0.2,8,CTGACAGTTACTGTCACTGCTGCTACCCTCCTA,3
neg,0.2,8,CTTACCGTCACCGTAACCGCAGCCACTCTACTC,2
neg,0.2,8,CTTACAGTTACCGTTACAGCAGCCACACTCCTG,2
neg,0.2,8,CTGACAGTTACCGTTACAGCAGCCACGCTTCTG,2
neg,0.2,8,CTGACTGTTACTGTCACGGCTGCCACTCTCCTT,2
neg,0.2,8,CTGACTGTAACCGTCACTGCCGCTACGCTTCTC,1
neg,0.2,8,CTCACGGTAACTGTAACTGCGGCAACGCTACTG,1
pos,1,1,CTCACCGTTACTGTCACTGCAGCAACCCTACTT,5482
pos,1,1,CTTACTGTTACGGTAACCGCAGCCACGCTCCTT,2
pos,1,1,CTTACCGTCACCGTAACCGCAGCCACTCTACTC,2
pos,1,1,CTGACAGTTACCGTTACAGCAGCCACGCTTCTG,2
pos,1,1,CTCACCGTTACTGTCACTGCGGCAACCCTACTT,1
pos,1,1,CTCACCGTTACCGTCACTGCAGCAACCCTACTT,1
pos,1,1,CTCACCGTTACTGTCACTGCAGCAACCCTACTC,1
pos,1,1,CTGACCGTAACGGTCACCGCGGCAACTCTACTG,1
pos,1,1,CTCACCGTTACTGTCACTGCAGCAACTCTACTT,1
pos,1,1,CTGACGGTTACGGTTACAGCAGCCACTCTTCTT,1
pos,1,1,CTCACCGTTACTGTCACCGCAGCAACCCTACTT,1
pos,1,2,CTCACCGTTACTGTCACTGCAGCAACCCTACTT,18696
pos,1,2,CTGACCGTAACGGTCACCGCGGCAACTCTACTG,7
pos,1,2,CTTACAGTTACCGTTACAGCAGCCACACTCCTG,4
pos,1,2,CTCACCGTTACTGTCACCGCAGCAACCCTACTT,2
pos,1,2,CTCACCGTTACCGTCACTGCAGCAACCCTACTT,2
pos,1,2,CTCACCGTTACTGTCACTGCAGCAACCCTACTC,2
pos,1,2,CTCACAGTTACTGTCACTGCAGCAACCCTACTT,1
pos,1,2,CTCACCGTCACTGTCACTGCCGCCACTCTTCTT,1
pos,1,2,CTCACCGTTACCGTTACTGCAGCCACCCTTCTT,1
pos,1,2,CTAACCGTCACTGTTACTGCTGCGACCCTACTA,1
pos,1,2,CTCACTGTTACTGTCACCGCCGCCACTCTTCTT,1
pos,1,2,CTTACCGTTACGGTAACTGCCGCCACGCTGCTT,1
pos,1,2,CTTACCGTCACCGTAACCGCAGCCACTCTACTC,1
pos,1,2,CTCACAGTCACCGTGACCGCTGCGACCCTACTT,1
pos,1,2,CTGACAGTTACCGTTACAGCAGCCACGCTTCTG,1
pos,1,2,CTGACTGTTACTGTCACGGCTGCCACTCTCCTT,1
pos,1,2,CTGACAGTTACCGTAACCGCCGCAACCCTTCTA,1
pos,1,2,CTCACTGTTACTGTCACTGCAGCAACCCTACTT,1
pos,1,3,CTCACCGTTACTGTCACTGCAGCAACCCTACTT,6415
pos,1,3,CTCACAGTGACTGTAACAGCAGCTACGCTGCTA,56
pos,1,3,CTTACCGTTACGGTAACCGCTGCGACACTCCTG,14
pos,1,3,CTTACCGTCACCGTAACCGCAGCCACTCTACTC,3
pos,1,3,CTGACTGTTACTGTCACGGCTGCCACTCTCCTT,3
pos,1,3,CTGACCGTAACGGTCACCGCGGCAACTCTACTG,3
pos,1,3,CTCACCGTTACTGTCACTGCGGCAACCCTACTT,2
pos,1,3,CTCACCGTTACTGTCACTGCAGCAACCCTACTC,2
pos,1,3,CTCACCGTCACTGTCACTGCAGCAACCCTACTT,1
pos,1,3,CTCACTGTTACTGTCACTGCAGCAACCCTACTT,1
pos,1,3,CTCACCGTTACTGTGACTGCAGCAACCCTACTT,1
pos,1,3,CTCACTGTTACCGTCACTGCAGCTACCCTGCTC,1
pos,1,3,CTGACAGTTACCGTTACAGCAGCCACGCTTCTG,1
pos,1,3,CTCACGGTTACCGTCACCGCCGCCACTCTACTG,1
pos,1,3,CTTACAGTTACGGTCACTGCAGCCACGCTTCTC,1
pos,1,4,CTAACCGTCACTGTTACTGCTGCGACCCTACTA,2282
pos,1,4,CTCACCGTCACCGTCACCGCTGCTACACTACTC,1773
pos,1,4,CTTACCGTAACGGTAACTGCCGCCACGCTGCTT,110
pos,1,4,CTCACCGTCACCGTCACTGCTGCTACACTACTC,4
pos,1,4,CTCACCGTCACCGTCACCGCTGCTACCCTACTC,3
pos,1,4,CTCACCGTCACTGTCACTGCTGCGACCCTACTC,3
pos,1,4,CTTACCGTCACGGTAACTGCCGCCACGCTGCTT,2
pos,1,4,CTCACCGTTACTGTCACTGCAGCAACCCTACTT,2
pos,1,4,CTAACTGTAACAGTTACTGCTGCGACTCTACTT,2
pos,1,4,CTTACCGTAACGGTAACTGCCGCCACGCTACTT,2
pos,1,4,CTTACCGTAACGGTGACTGCCGCCACGCTGCTT,2
pos,1,4,CTAACCGTCACCGTTACTGCTGCGACCCTACTC,1
pos,1,4,CTGACAGTTACCGTTACAGCAGCCACGCTTCTG,1
pos,1,4,CTTACAGTAACCGTAACCGCGGCGACCCTACTT,1
pos,1,4,CTCACCGTCACCGTCACTGCTGCTACCCTACTC,1
pos,1,4,CTCACCGTCACTGTTACTGCTGCGACCCTACTA,1
pos,1,4,CTGACAGTTACTGTCACTGCTGCTACCCTCCTA,1
pos,1,4,CTCACCGTCACCGTCACCGCTGCTACACTACTA,1
pos,1,4,CTAACCGTCACCGTTACTGCTGCGACCCTACTA,1
pos,1,4,CTCACCGTCACCGTCACCGCTGCGACCCTACTC,1
pos,1,4,CTAACCGTCACGGTAACGGCTGCAACCCTACTT,1
pos,1,5,CTGACGGTAACAGTGACAGCAGCAACCCTACTT,28009
pos,1,5,CTCACCGTTACTGTCACTGCAGCAACCCTACTT,52
pos,1,5,CTTACGGTAACAGTGACAGCAGCAACCCTACTT,16
pos,1,5,CTGACTGTAACAGTGACAGCAGCAACCCTACTT,7
pos,1,5,CTCACGGTAACAGTGACAGCAGCAACCCTACTT,6
pos,1,5,CTGACCGTAACAGTGACAGCAGCAACCCTACTT,6
pos,1,5,CTGACAGTTACCGTTACAGCAGCCACGCTTCTG,6
pos,1,5,CTGACCGTAACGGTCACCGCGGCAACTCTACTG,3
pos,1,5,CTGACGGTAACAGTAACAGCAGCAACCCTACTT,2
pos,1,5,CTAACCGTAACTGTGACGGCTGCAACGCTTCTG,2
pos,1,5,CTGACTGTTACAGTAACTGCTGCTACACTACTG,2
pos,1,5,CTGACGGTAACAGTTACAGCAGCAACCCTACTT,2
pos,1,5,CTGACTGTTACTGTCACGGCTGCCACTCTCCTT,2
pos,1,5,CTGACAGTAACAGTGACAGCAGCAACCCTACTT,1
pos,1,5,CTCACAGTCACCGTGACCGCTGCGACCCTACTT,1
pos,1,5,CTGACGGTAACAGTGACAGCGGCAACCCTACTT,1
pos,1,5,CTGACGGTTACTGTAACAGCAGCAACCCTACTT,1
pos,1,5,CTAACGGTAACGGTAACGGCAGCAACCCTCCTT,1
pos,1,5,CTGACGGTAACAGTGACAGCAGCAACACTACTT,1
pos,1,5,CTGACGGTAACAGTGACAGCAGCAACCCTGCTT,1
pos,1,5,CTCACCGTTACTGTCACAGCAGCAACCCTACTT,1
pos,1,5,CTGACGGTGACAGTGACAGCAGCAACCCTACTT,1
pos,1,5,CTGACCGTTACTGTCACTGCAGCAACCCTACTT,1
pos,1,5,CTAACGGTAACGGTAACGGCAGCAACCCTACTT,1
pos,1,5,CTTACCGTCACCGTAACCGCAGCCACTCTACTC,1
pos,1,5,CTGACGGTAACGGTGACAGCAGCAACCCTACTT,1
pos,1,5,CTGACGGTAACAGTGACAGCAGCAACCCTACTC,1
pos,1,5,CTGACGGTAACAGTGACTGCAGCAACCCTACTT,1
pos,1,5,CTCACCGTTACTGTGACTGCAGCAACCCTACTT,1
pos,1,6,CTTACAGTTACTGTAACGGCGGCGACACTCCTT,2823
pos,1,6,CTGACAGTTACCGTTACAGCAGCCACGCTTCTG,3
pos,1,6,CTGACCGTAACGGTCACCGCGGCAACTCTACTG,2
pos,1,6,CTTACAGTTACTGTAACGGCGGCAACACTCCTT,2
pos,1,6,CTGACTGTTACTGTCACGGCTGCCACTCTCCTT,2
pos,1,6,CTTACCGTTACTGTAACGGCCGCAACGCTGCTT,1
pos,1,6,CTTACAGTTACTGTAACGGCGGCGACACTTCTT,1
pos,1,6,CTTACAGTTACTGTAACGGCTGCGACACTCCTT,1
pos,1,7,CTTACCGTAACGGTAACTGCCGCCACGCTGCTT,1816
pos,1,7,CTCACCGTTACTGTCACTGCAGCAACCCTACTT,5
pos,1,7,CTTACCGTTACCGTAACGGCCGCAACGCTGCTT,5
pos,1,7,CTAACCGTCACTGTTACCGCTGCTACTCTGCTT,3
pos,1,7,CTGACTGTTACTGTCACGGCTGCCACTCTCCTT,2
pos,1,7,CTAACTGTAACAGTTACTGCTGCGACTCTACTT,2
pos,1,7,CTTACGGTTACTGTAACCGCCGCGACCCTCCTA,2
pos,1,7,CTTACCGTCACCGTAACCGCAGCCACTCTACTC,1
pos,1,7,CTAACCGTCACAGTAACCGCAGCTACCCTGCTG,1
pos,1,7,CTTACGGTGACCGTAACGGCAGCTACTCTACTC,1
pos,1,7,CTTACCGTCACGGTAACTGCCGCCACGCTGCTT,1
pos,1,7,CTGACCGTAACGGTCACCGCGGCAACTCTACTG,1
pos,1,7,CTGACCGTTACCGTTACTGCCGCCACGCTTCTT,1
pos,1,7,CTTACTGTAACCGTCACCGCAGCGACCCTACTC,1
pos,1,7,CTAACAGTCACAGTTACTGCAGCTACCCTGCTC,1
pos,1,8,CTGACAGTTACCGTTACAGCAGCCACGCTTCTG,10701
pos,1,8,CTTACTGTTACGGTTACAGCCGCCACCCTTCTT,4507
pos,1,8,CTGACAGTCACAGTGACTGCCGCGACTCTTCTT,2198
pos,1,8,CTGACAGTTACCGTTACAGCCGCCACGCTTCTT,252
pos,1,8,CTGACAGTTACGGTTACAGCCGCCACCCTTCTT,233
pos,1,8,CTGACAGTTACCGTTACAGCAGCCACGCTTCTT,151
pos,1,8,CTGACAGTTACAGTTACAGCCGCCACTCTTCTT,137
pos,1,8,CTGACAGTTACCGTTACAGCCGCCACCCTTCTT,51
pos,1,8,CTGACAGTTACCGTTACAGCAGCCACCCTTCTT,22
pos,1,8,CTAACTGTAACCGTCACTGCGGCAACTCTGCTC,19
pos,1,8,CTTACAGTTACGGTTACAGCCGCCACCCTTCTT,14
pos,1,8,CTCACAGTGACGGTCACCGCAGCCACCCTCCTT,11
pos,1,8,CTGACAGTTACAGTTACTGCCGCCACTCTTCTT,11
pos,1,8,CTGACAGTTACAGTTACAGCCGCCACCCTTCTT,10
pos,1,8,CTGACAGTTACCGTTACAGCCGCCACGCTTCTG,9
pos,1,8,CTGACAGTTACCGTTACAGCCGCCACTCTTCTT,9
pos,1,8,CTGACTGTTACGGTTACAGCCGCCACCCTTCTT,9
pos,1,8,CTGACAGTTACGGTTACAGCAGCCACCCTTCTT,8
pos,1,8,CTGACAGTCACAGTTACTGCCGCCACTCTTCTT,6
pos,1,8,CTGACAGTTACAGTGACTGCCGCGACTCTTCTT,5
pos,1,8,CTCACCGTTACTGTCACTGCAGCAACCCTACTT,5
pos,1,8,CTTACTGTTACCGTTACAGCCGCCACCCTTCTT,4
pos,1,8,CTGACAGTCACAGTTACTGCCGCGACTCTTCTT,4
pos,1,8,CTGACAGTTACAGTTACAGCCGCCACGCTTCTT,3
pos,1,8,CTGACAGTTACCGTTACAGCAGCCACTCTTCTG,3
pos,1,8,CTCACAGTTACGGTTACAGCAGCCACCCTTCTT,3
pos,1,8,CTGACAGTTACCGTTACAGCAGCCACCCTTCTG,3
pos,1,8,CTTACTGTTACGGTTACAGCCGCCACCCTTCTC,2
pos,1,8,CTCACAGTCACAGTCACTGCAGCTACGCTACTT,2
pos,1,8,CTTACAGTTACCGTTACAGCAGCCACGCTTCTG,2
pos,1,8,CTGACAGTTACGGTTACAGCCGCCACTCTTCTT,2
pos,1,8,CTTACTGTTACCGTTACAGCAGCCACCCTTCTT,2
pos,1,8,CTGACAGTCACAGTTACAGCCGCCACTCTTCTT,2
pos,1,8,CTAACGGTTACGGTTACAGCGGCCACCCTTCTT,2
pos,1,8,CTTACAGTTACCGTTACAGCAGCCACACTCCTG,2
pos,1,8,CTAACTGTTACCGTTACAGCGGCCACTCTTCTC,2
pos,1,8,CTGACCGTCACTGTCACTGCCGCCACGCTTCTA,2
pos,1,8,CTTACTGTTACTGTTACAGCCGCCACCCTTCTT,2
pos,1,8,CTGACAGTAACGGTAACGGCGGCAACCCTTCTT,1
pos,1,8,CTGACAGTTACCGTCACAGCAGCCACGCTTCTG,1
pos,1,8,CTTACTGTTACGGTTACAGCAGCCACGCTTCTG,1
pos,1,8,CTTACTGTTACTGTTACAGCCGCCACTCTTCTT,1
pos,1,8,CTGACTGTTACCGTTACAGCAGCCACGCTTCTG,1
pos,1,8,CTAACGGTTACGGTTACAGCCGCCACCCTTCTT,1
pos,1,8,CTGACCGTTACGGTTACAGCGGCCACTCTTCTG,1
pos,1,8,CTAACTGTAACGGTTACAGCGGCAACCCTTCTT,1
pos,1,8,CTGACAGTCACCGTTACAGCCGCCACTCTTCTT,1
pos,1,8,CTGACAGTCACAGTGACAGCCGCCACTCTTCTT,1
pos,1,8,CTTACTGTTACGGTTACAGCCGCCACCCTTCTG,1
pos,1,8,CTTACTGTTACGGTTACAGCCGCCACGCTTCTG,1
pos,1,8,CTGACCGTAACGGTCACCGCGGCAACTCTACTG,1
pos,1,8,CTTACTGTTACGGTTACAGCAGCCACCCTTCTT,1
pos,1,8,CTTACTGTTACGGTCACAGCCGCCACCCTTCTT,1
pos,1,8,CTCACCGTTACCGTCACAGCAGCCACCCTACTT,1
pos,1,8,CTTACTGTTACGGTAACGGCGGCAACCCTCCTT,1
pos,1,8,CTGACAGTAACCGTTACAGCAGCCACGCTTCTG,1
pos,1,8,CTGACAGTTACGGTTACAGCGGCCACCCTTCTT,1
pos,1,8,CTGACAGTCACAGTGACTGCTGCGACTCTTCTT,1
pos,1,8,CTGACAGTCACCGTCACTGCAGCGACTCTTCTT,1
pos,1,8,CTTACAGTTACGGTTACAGCCGCCACGCTTCTT,1
pos,1,8,CTGACAGTCACAGTGACTGCCGCCACTCTTCTT,1
pos,1,8,CTGACAGTTACGGTTACCGCAGCCACCCTTCTT,1
pos,1,8,CTGACTGTTACCGTTACAGCCGCCACGCTTCTT,1
pos,1,8,CTGACAGTTACCGTTACCGCCGCCACTCTTCTT,1
pos,1,8,CTTACTGTGACTGTAACCGCCGCCACTCTTCTT,1
pos,1,8,CTGACTGTTACCGTTACAGCAGCCACTCTTCTG,1
pos,1,8,CTGACAGTCACAGTGACTGCCGCGACTCTTCTC,1
pos,1,8,CTTACTGTTACGGTTACAGCCGCCACGCTTCTT,1
pos,1,8,CTTACAGTTACCGTTACAGCAGCCACCCTTCTT,1
pos,1,8,CTGACAGTCACGGTGACTGCCGCCACCCTTCTT,1
pos,1,8,CTGACAGTTACCGTTACAGCAGCTACGCTTCTG,1
pos,1,8,CTGACTGTTACAGTAACTGCTGCTACACTACTG,1
pos,1,8,CTGACAGTTACCGTTACAGCGGCCACGCTTCTG,1
pos,1,8,CTGACAGTTACCGTTACTGCAGCGACTCTTCTT,1
pos,1,8,CTGACAGTTACCGTTACAGCAGCCACGCTCCTG,1
pos,1,8,CTGACAGTTACCGTTACAGCAGCCACTCTTCTT,1
pos,1,8,CTGACAGTTACGGTCACCGCAGCCACCCTTCTT,1
pos,1,8,CTGACAGTTACGGTTACAGCAGCCACGCTTCTT,1
pos,1,8,CTGACAGTTACCGTTACTGCCGCCACTCTTCTT,1
pos,1,8,CTGACAGTTACCGTTACTGCCGCCACGCTTCTG,1
pos,1,8,CTGACAGTTACTGTTACAGCAGCCACGCTTCTG,1
pos,1,8,CTGACCGTCACAGTGACTGCCGCGACTCTTCTT,1
pos,1,8,CTTACTGTCACGGTTACAGCCGCCACCCTTCTT,1
pos,1,8,CTGACAGTTACGGTTACAGCCGCCACGCTTCTT,1
pos,1,8,CTTACAGTTACCGTTACAGCAGCCACACTTCTG,1
pos,1,9,CTAACCGTCACAGTAACCGCAGCTACCCTGCTG,3056
pos,1,9,CTGACAGTTACCGTTACAGCAGCCACGCTTCTG,2
pos,1,9,CTCACCGTTACTGTCACTGCAGCAACCCTACTT,1
pos,1,9,CTAACTGTCACAGTAACCGCAGCTACCCTGCTG,1
pos,1,9,CTAACCGTCACAGTAACCGCAGCTACCCTGCTC,1
pos,1,10,CTGACGGTCACAGTTACTGCTGCTACCCTGCTC,6489
pos,1,10,CTGACTGTCACAGTTACTGCTGCTACCCTGCTC,3
pos,1,10,CTTACCGTAACGGTAACTGCCGCCACGCTGCTT,3
pos,1,10,CTTACAGTTACCGTTACAGCAGCCACACTCCTG,3
pos,1,10,CTGACCGTAACGGTCACCGCGGCAACTCTACTG,2
pos,1,10,CTCACCGTTACTGTCACTGCAGCAACCCTACTT,2
pos,1,10,CTTACGGTCACAGTTACTGCTGCTACCCTGCTC,2
pos,1,10,CTGACCGTCACAGTTACTGCTGCTACCCTGCTC,1
pos,1,10,CTGACGGTCACAGTTACGGCTGCTACCCTGCTC,1
pos,1,10,CTGACGGTTACAGTTACTGCTGCTACCCTGCTC,1
pos,1,10,CTGACTGTTACTGTCACGGCTGCCACTCTCCTT,1
pos,1,10,CTGACGGTCACAGTTACTGCTGCCACCCTGCTC,1
pos,1,10,CTGACGGTCACAGTTACTGCTGCTACTCTGCTC,1
pos,1,10,CTGACGGTCACTGTTACTGCTGCTACCCTGCTC,1
pos,1,10,CTCACAGTCACCGTGACCGCTGCGACCCTACTT,1
pos,1,10,CTGACGGTCACAGTAACTGCTGCTACCCTGCTC,1
pos,1,10,CTCACGGTCACAGTTACTGCTGCTACCCTGCTC,1
pos,1,10,CTTACCGTCACCGTAACCGCAGCCACTCTACTC,1
pos,1,11,CTGACGGTAACAGTGACAGCAGCAACCCTACTT,2474
pos,1,11,CTTACAGTTACGGTCACTGCAGCCACGCTTCTC,22
pos,1,11,CTGACAGTCACAGTGACTGCCGCGACTCTTCTT,16
pos,1,11,CTTACGGTTACTGTTACAGCTGCGACTCTGCTG,7
pos,1,11,CTCACCGTTACTGTCACTGCAGCAACCCTACTT,5
pos,1,11,CTGACCGTAACGGTCACCGCGGCAACTCTACTG,3
pos,1,11,CTGACTGTTACTGTCACGGCTGCCACTCTCCTT,1
pos,1,11,CTGACTGTAACAGTGACAGCAGCAACCCTACTT,1
pos,1,11,CTCACCGTTACCGTTACAGCAGCCACTCTACTC,1
pos,1,11,CTGACAGTTACCGTTACAGCAGCCACGCTTCTG,1
pos,1,11,CTCACTGTTACCGTCACTGCAGCTACCCTGCTC,1
pos,1,11,CTTACGGTAACAGTGACAGCAGCAACCCTACTT,1
pos,1,11,CTGACAGTAACAGTGACAGCAGCAACCCTACTT,1
pos,1,11,CTGACTGTTACAGTAACTGCTGCTACACTACTG,1
pos,1,13,CTGACAGTTACCGTAACCGCCGCAACCCTTCTA,2680
pos,1,13,CTCACCGTTACTGTCACTGCAGCAACCCTACTT,21
pos,1,13,CTGACAGTTACCGTTACAGCAGCCACGCTTCTG,2
pos,1,13,CTGACCGTAACGGTCACCGCGGCAACTCTACTG,2
pos,1,13,CTGACGGTTACCGTAACCGCCGCAACCCTTCTA,1
pos,1,13,CTGACTGTTACAGTAACTGCTGCTACACTACTG,1
pos,1,13,CTGACGGTAACAGTGACAGCAGCAACCCTACTT,1
pos,1,13,CTGACAGTTACCGTAACCGCTGCAACCCTTCTA,1
pos,1,13,CTAACCGTAACTGTGACGGCTGCAACGCTTCTG,1
pos,1,14,CTCACCGTTACTGTCACTGCAGCAACCCTACTT,8795
pos,1,14,CTGACGGTAACAGTGACAGCAGCAACCCTACTT,6
pos,1,14,CTGACCGTAACGGTCACCGCGGCAACTCTACTG,2
pos,1,14,CTGACAGTTACCGTTACAGCAGCCACGCTTCTG,2
pos,1,14,CTCACCGTTACTGTCACTGCAGCAACCCTACTC,1
pos,1,14,CTCACCGTTACTGTCACTGCAGCCACCCTACTT,1
pos,1,14,CTCACCGTTACAGTCACTGCAGCAACCCTACTT,1
pos,1,14,CTCACCGTTACCGTCACTGCAGCAACCCTACTT,1
pos,1,14,CTCACCGTTACTGTCACTGCTGCAACCCTACTT,1
pos,1,14,CTCACCGTTACTGTCACTGCAGCAACCCTGCTT,1
pos,1,14,CTCACTGTCACTGTCACTGCCGCCACTCTACTT,1
pos,1,14,CTGACAGTCACAGTGACTGCCGCGACTCTTCTT,1
pos,1,14,CTAACAGTTACCGTCACCGCCGCAACCCTACTA,1
pos,1,14,CTCACCGTTACCGTTACAGCAGCCACTCTACTC,1
pos,1,15,CTGACAGTTACCGTTACAGCAGCCACGCTTCTG,5144
pos,1,15,CTCACCGTTACTGTCACTGCAGCAACCCTACTT,900
pos,1,15,CTGACTGTTACAGTAACTGCTGCTACACTACTG,1
pos,1,15,CTGACAGTTACCGTTACTGCAGCCACGCTTCTG,1
pos,1,15,CTGACAGTTACCGTTACAGCAGCCACTCTTCTG,1
pos,1,15,CTCACCGTCACTGTCACTGCAGCAACCCTACTT,1
pos,1,15,CTGACAGTAACCGTTACAGCAGCCACGCTTCTG,1
pos,1,15,CTGACAGTTACTGTTACAGCAGCCACGCTTCTG,1
pos,1,15,CTGACTGTCACTGTTACAGCTGCTACACTACTT,1
pos,1,15,CTGACCGTAACGGTCACCGCGGCAACTCTACTG,1
pos,1,15,CTGACAGTTACCGTCACAGCAGCCACGCTTCTG,1
pos,1,15,CTGACGGTTACCGTTACAGCAGCCACGCTTCTG,1
pos,1,15,CTTACAGTTACCGTTACAGCAGCCACACTCCTG,1
pos,1,15,CTGACTGTTACTGTCACGGCTGCCACTCTCCTT,1
pos,1,15,CTGACCGTTACTGTCACTGCAGCCACGCTACTT,1
pos,1,15,CTGACAGTTACCGTTACAGCAGCTACGCTTCTG,1
pos,1,15,CTCACCGTTACTGTCACTGCAGCAACCCTACTC,1
pos,1,16,CTGACAGTTACCGTTACAGCAGCCACGCTTCTG,2962
pos,1,16,CTCACGGTTACTGTGACCGCGGCGACCCTACTT,49
pos,1,16,CTGACCGTAACGGTCACCGCGGCAACTCTACTG,2
pos,1,16,CTCACCGTTACTGTCACTGCAGCAACCCTACTT,1
pos,1,16,CTTACAGTTACCGTTACAGCAGCCACGCTTCTG,1
pos,1,16,CTAACCGTAACTGTGACGGCTGCAACGCTTCTG,1
pos,1,16,CTCACAGTTACCGTTACAGCAGCCACGCTTCTG,1
pos,1,16,CTGACAGTTACCGTTACAGCAGCCACCCTTCTG,1
pos,1,16,CTGACAGTTACCGTTACTGCAGCCACGCTTCTG,1
pos,1,17,CTGACAGTTACCGTTACAGCAGCCACGCTTCTG,6747
pos,1,17,CTGACAGTTACCGTAACCGCCGCAACCCTTCTA,298
pos,1,17,CTGACCGTCACTGTCACTGCCGCCACGCTTCTA,11
pos,1,17,CTAACTGTAACCGTCACTGCGGCAACTCTGCTC,8
pos,1,17,CTGACCGTAACGGTCACCGCGGCAACTCTACTG,4
pos,1,17,CTGACCGTTACTGTCACTGCCGCCACGCTTCTA,3
pos,1,17,CTCACCGTTACTGTCACTGCAGCAACCCTACTT,2
pos,1,17,CTTACAGTTACCGTTACAGCAGCCACACTCCTG,2
pos,1,17,CTGACAGTTACCGTTACGGCAGCCACGCTTCTG,2
pos,1,17,CTCACCGTTACCGTTACAGCAGCCACTCTACTC,2
pos,1,17,CTTACTGTTACGGTTACAGCCGCCACCCTTCTT,1
pos,1,17,CTGACGGTTACCGTTACAGCAGCCACGCTTCTG,1
pos,1,17,CTGACAGTTACCGTCACAGCAGCCACGCTTCTG,1
pos,1,17,CTGACTGTTACAGTAACTGCTGCTACACTACTG,1
pos,1,17,CTGACAGTCACAGTGACTGCCGCGACTCTTCTT,1
pos,1,17,CTGACAGTTACCGTAACCGCAGCAACCCTTCTG,1
pos,1,17,CTGACAGTTACCGTAACCGCCGCCACGCTTCTA,1
pos,1,17,CTGACAGTTACCGTAACCGCAGCAACCCTTCTA,1
pos,1,18,CTGACTGTTACTGTCACGGCTGCCACTCTCCTT,7676
pos,1,18,CTGACCGTCACTGTCACTGCCGCCACGCTTCTA,7
pos,1,18,CTTACCGTCACCGTAACCGCAGCCACTCTACTC,6
pos,1,18,CTTACAGTTACCGTTACAGCAGCCACACTCCTG,5
pos,1,18,CTGACCGTAACGGTCACCGCGGCAACTCTACTG,4
pos,1,18,CTCACCGTTACTGTCACTGCAGCAACCCTACTT,2
pos,1,18,CTGACTGTTACCGTGACTGCCGCTACCCTTCTT,1
pos,1,18,CTTACTGTTACTGTCACGGCTGCCACTCTCCTT,1
pos,1,18,CTCACTGTTACTGTCACGGCTGCCACTCTCCTT,1
pos,1,18,CTGACTGTTACTGTCACGGCTGCTACTCTCCTT,1
pos,1,18,CTCACGGTTACTGTGACCGCGGCGACCCTACTT,1
pos,1,18,CTGACCGTTACTGTCACTGCCGCCACTCTCCTT,1
pos,1,18,CTGACCGTTACTGTCACTGCTGCCACTCTCCTT,1
pos,1,18,CTGACTGTTACTGTCACAGCTGCCACTCTCCTT,1
pos,1,18,CTGACAGTTACCGTTACAGCAGCCACGCTTCTG,1
pos,1,18,CTCACAGTCACCGTGACCGCTGCGACCCTACTT,1
pos,1,18,CTGACTGTTACTGTCACTGCTGCCACTCTCCTT,1
pos,1,18,CTGACTGTTACTGTCACGGCTGCCACCCTCCTT,1
pos,1,18,CTGACTGTTACAGTAACTGCTGCTACACTACTG,1
pos,1,19,CTCACCGTTACTGTCACTGCAGCAACCCTACTT,8152
pos,1,19,CTGACCGTCACTGTCACTGCCGCCACGCTTCTA,8
pos,1,19,CTGACCGTAACGGTCACCGCGGCAACTCTACTG,5
pos,1,19,CTAACTGTAACAGTTACTGCTGCGACTCTACTT,4
pos,1,19,CTCACCGTTACTGTCACTGCAGCAACCCTACTC,1
pos,1,19,CTTACAGTTACCGTTACAGCAGCCACACTCCTG,1
pos,1,19,CTCACCGTTACGGTCACTGCAGCAACCCTACTT,1
pos,1,19,CTCACCGTTACTGTCACCGCAGCAACCCTACTT,1
pos,1,19,CTCACCGTTACTGTCACTGCGGCAACCCTACTT,1
pos,1,19,CTCACCGTCACTGTCACTGCAGCAACCCTACTT,1
pos,1,19,CTCACTGTTACCGTCACTGCAGCTACCCTGCTC,1
pos,1,19,CTGACCGTCACTGTCACTGCCGCCACGCTTCTT,1
pos,1,19,CTCACCGTTACTGTCACTGCAGCAACGCTACTT,1
pos,1,19,CTAACTGTTACGGTAACCGCTGCTACTCTGCTC,1
pos,1,19,CTGACAGTTACCGTTACAGCAGCCACGCTTCTG,1
pos,1,20,CTTACCGTCACCGTAACCGCAGCCACTCTACTC,31425
pos,1,20,CTTACCGTTACGGTAACCGCTGCGACACTCCTG,106
pos,1,20,CTTACAGTAACCGTAACCGCGGCGACCCTACTT,46
pos,1,20,CTGACCGTCACTGTCACTGCCGCCACGCTTCTA,10
pos,1,20,CTTACCGTCACCGTAACCGCAGCCACTCTACTT,5
pos,1,20,CTTACAGTTACCGTTACAGCAGCCACACTCCTG,4
pos,1,20,CTTACAGTCACAGTTACCGCCGCCACCCTACTC,4
pos,1,20,CTCACCGTCACCGTAACCGCAGCCACTCTACTC,3
pos,1,20,CTGACAGTTACCGTTACAGCAGCCACGCTTCTG,3
pos,1,20,CTGACGGTAACAGTGACAGCAGCAACCCTACTT,3
pos,1,20,CTTACCGTGACTGTTACCGCCGCCACTCTTCTG,3
pos,1,20,CTTACCGTAACCGTAACCGCGGCGACCCTACTT,2
pos,1,20,CTTACCGTCACCGTAACTGCAGCCACTCTACTC,2
pos,1,20,CTGACCGTAACGGTCACCGCGGCAACTCTACTG,1
pos,1,20,CTCACCGTCACCGTCACCGCTGCTACACTACTC,1
pos,1,20,CTGACCGTCACCGTAACCGCAGCCACGCTACTC,1
pos,1,20,CTGACAGTTACCGTAACAGCAGCCACGCTTCTG,1
pos,1,20,CTTACCGTCACCGTAACCGCAGCAACCCTACTT,1
pos,1,20,CTTACCGTTACCGTAACCGCAGCCACTCTACTG,1
pos,1,20,CTCACCGTTACTGTCACTGCAGCAACCCTACTT,1
pos,1,20,CTTACCGTAACGGTAACTGCCGCCACGCTGCTT,1
pos,1,20,CTGACAGTCACAGTGACTGCCGCGACTCTTCTT,1
pos,1,20,CTTACAGTTACCGTTACAGCAGCCACACTACTG,1
pos,1,20,CTTACCGTTACGGTAACCGCTGCGACTCTACTG,1
pos,1,20,CTTACCGTTACCGTAACCGCAGCGACTCTACTC,1
pos,1,20,CTGACCGTCACCGTAACCGCAGCCACTCTACTC,1
pos,1,21,CTCACCGTTACGGTAACAGCGGCAACACTCCTT,20224
pos,1,21,CTAACAGTCACGGTCACCGCCGCAACGCTTCTT,94
pos,1,21,CTTACAGTTACCGTTACAGCAGCCACACTCCTG,42
pos,1,21,CTCACCGTTACTGTCACTGCAGCAACCCTACTT,30
pos,1,21,CTCACTGTAACAGTTACTGCTGCTACTCTACTT,17
pos,1,21,CTGACCGTCACTGTCACTGCCGCCACGCTTCTA,12
pos,1,21,CTGACAGTTACCGTTACAGCAGCCACGCTTCTG,9
pos,1,21,CTAACCGTAACTGTGACGGCTGCAACGCTTCTG,7
pos,1,21,CTCACCGTAACCGTCACAGCTGCTACGCTGCTT,5
pos,1,21,CTGACCGTAACGGTCACCGCGGCAACTCTACTG,3
pos,1,21,CTTACCGTCACCGTAACCGCAGCCACTCTACTC,2
pos,1,21,CTGACTGTTACTGTCACGGCTGCCACTCTCCTT,2
pos,1,21,CTCACCGTTACGGTAACAGCAGCAACACTCCTT,2
pos,1,21,CTCACCGTTACAGTTACTGCTGCAACCCTGCTT,1
pos,1,21,CTTACAGTTACGGTTACAGCAGCAACACTCCTT,1
pos,1,21,CTGACTGTTACAGTAACTGCTGCTACACTACTG,1
pos,1,21,CTGACCGTCACTGTCACTGCCGCCACGCTTCTT,1
pos,1,21,CTCACCGTTACCGTAACAGCGGCAACACTCCTT,1
pos,1,21,CTCACCGTTACGGTAACAGCTGCAACACTCCTT,1
pos,1,21,CTCACCGTTACGGTCACAGCGGCAACACTCCTT,1
pos,1,21,CTCACCGTTACGGTCACAGCAGCAACACTCCTT,1
pos,1,21,CTCACCGTCACCGTCACCGCTGCTACACTACTT,1
pos,1,21,CTCACCGTTACAGTAACAGCGGCAACACTCCTT,1
pos,1,21,CTCACCGTTACCGTTACAGCAGCAACACTCCTT,1
pos,1,21,CTGACCGTTACCGTTACAGCAGCCACACTCCTG,1
pos,1,21,CTCACAGTCACCGTGACCGCTGCGACCCTACTT,1
pos,1,21,CTCACAGTTACCGTTACAGCAGCCACACTCCTT,1
pos,1,21,CTGACGGTCACGGTAACTGCGGCAACCCTCCTT,1
pos,1,21,CTCACCGTTACGGTAACAGCGGCGACACTCCTT,1
pos,1,21,CTTACCGTTACCGTAACAGCAGCCACACTCCTG,1
pos,1,21,CTCACCGTTACTGTAACAGCGGCAACACTCCTT,1
pos,1,21,CTCACTGTTACGGTAACAGCGGCAACACTCCTT,1
pos,1,22,CTCACAGTTACGGTTACTGCAGCTACTCTTCTT,28290
pos,1,22,CTGACGGTCACAGTTACTGCTGCTACCCTGCTC,14
pos,1,22,CTGACCGTCACTGTCACTGCCGCCACGCTTCTA,9
pos,1,22,CTGACGGTAACAGTGACAGCAGCAACCCTACTT,6
pos,1,22,CTCACAGTTACTGTTACTGCAGCTACTCTTCTT,2
pos,1,22,CTGACCGTAACGGTCACCGCGGCAACTCTACTG,2
pos,1,22,CTAACAGTCACGGTCACCGCCGCAACGCTTCTT,2
pos,1,22,CTCACCGTCACCGTCACCGCTGCTACACTACTC,2
pos,1,22,CTTACTGTAACCGTCACCGCAGCGACCCTACTC,1
pos,1,22,CTCACCGTCACCGTCACCGCAGCTACACTACTC,1
pos,1,22,CTCACAGTTACGGTTACTGCAGCTACTCTTCTC,1
pos,1,22,CTCACGGTTACGGTTACTGCAGCTACTCTTCTT,1
pos,1,22,CTCACAGTTACGGTTACCGCAGCTACTCTTCTT,1
pos,1,22,CTGACCGTCACTGTTACTGCAGCCACGCTTCTA,1
pos,1,22,CTCACAGTTACGGTTACTGCCGCTACTCTTCTT,1
pos,1,22,CTCACAGTTACGGTTACTGCTGCTACTCTTCTT,1
pos,1,22,CTTACCGTAACGGTAACTGCCGCCACGCTGCTT,1
pos,1,22,CTGACAGTTACCGTTACAGCAGCCACGCTTCTG,1
pos,1,22,CTCACAGTTACAGTTACTGCAGCTACTCTTCTT,1
pos,1,22,CTTACAGTTACGGTTACTGCAGCTACTCTTCTT,1
pos,1,22,CTTACAGTTACCGTTACAGCAGCCACACTCCTG,1
pos,1,22,CTCACAGTCACGGTTACTGCAGCTACTCTTCTT,1
pos,1,22,CTGACTGTTACTGTCACGGCTGCCACTCTCCTT,1
pos,1,23,CTGACAGTTACCGTTACAGCAGCCACGCTTCTG,26350
pos,1,23,CTGACTGTTACAGTAACTGCTGCTACACTACTG,4860
pos,1,23,CTCACCGTTACGGTAACAGCGGCAACACTCCTT,86
pos,1,23,CTTACAGTTACCGTTACAGCAGCCACACTCCTG,73
pos,1,23,CTGACAGTTACCGTTACAGCAGCCACACTTCTG,72
pos,1,23,CTGACAGTTACCGTAACAGCAGCCACACTTCTG,68
pos,1,23,CTTACCGTCACCGTAACCGCAGCCACTCTACTC,67
pos,1,23,CTGACTGTTACAGTAACAGCTGCTACACTACTG,43
pos,1,23,CTGACAGTTACCGTAACAGCAGCCACGCTACTG,34
pos,1,23,CTGACTGTTACCGTAACTGCAGCCACACTACTG,29
pos,1,23,CTGACAGTTACCGTTACTGCAGCCACGCTTCTG,29
pos,1,23,CTGACAGTTACCGTAACAGCAGCCACGCTTCTG,24
pos,1,23,CTGACAGTTACCGTTACAGCAGCCACACTACTG,24
pos,1,23,CTGACAGTTACCGTTACAGCAGCCACACTCCTG,20
pos,1,23,CTAACAGTCACGGTCACCGCCGCAACGCTTCTT,15
pos,1,23,CTGACTGTTACCGTAACTGCTGCTACACTACTG,15
pos,1,23,CTCACCGTTACTGTCACTGCAGCAACCCTACTT,13
pos,1,23,CTGACCGTCACTGTCACTGCCGCCACGCTTCTA,11
pos,1,23,CTGACCGTTACCGTAACCGCAGCCACTCTACTG,11
pos,1,23,CTGACCGTTACGGTAACAGCGGCAACACTCCTG,10
pos,1,23,CTCACTGTAACAGTTACTGCTGCTACTCTACTT,9
pos,1,23,CTGACTGTTACCGTAACTGCTGCCACACTACTG,9
pos,1,23,CTGACTGTTACAGTAACTGCAGCTACACTACTG,9
pos,1,23,CTGACAGTTACCGTTACAGCAGCCACGCTACTG,8
pos,1,23,CTGACAGTTACCGTTACTGCAGCCACGCTACTG,7
pos,1,23,CTGACTGTTACAGTAACTGCTGCCACACTACTG,7
pos,1,23,CTGACAGTTACCGTAACAGCAGCCACACTACTG,6
pos,1,23,CTGACGGTTACGGTAACGGCGGCAACCCTCCTG,6
pos,1,23,CTGACTGTTACCGTTACAGCAGCCACGCTTCTG,6
pos,1,23,CTGACGGTCACAGTTACTGCTGCTACCCTGCTC,5
pos,1,23,CTGACAGTTACAGTTACAGCAGCCACGCTACTG,5
pos,1,23,CTGACAGTTACCGTAACTGCAGCCACGCTACTG,5
pos,1,23,CTGACTGTTACCGTAACAGCAGCCACACTACTG,5
pos,1,23,CTGACAGTTACCGTTACAGCAGCTACGCTTCTG,4
pos,1,23,CTGACTGTTACAGTTACTGCTGCTACACTACTG,4
pos,1,23,CTGACAGTTACCGTTACTGCAGCCACACTACTG,4
pos,1,23,CTGACTGTTACCGTTACTGCAGCCACGCTTCTG,4
pos,1,23,CTAACTGTAACCGTCACTGCGGCAACTCTGCTC,4
pos,1,23,CTGACTGTTACAGTAACTGCAGCCACACTACTG,3
pos,1,23,CTGACTGTTACCGTTACAGCTGCCACGCTTCTG,3
pos,1,23,CTGACAGTTACAGTAACTGCTGCTACGCTTCTG,3
pos,1,23,CTGACTGTTACAGTAACAGCAGCTACACTACTG,3
pos,1,23,CTGACTGTTACCGTAACTGCAGCTACACTACTG,3
pos,1,23,CTGACTGTTACCGTTACAGCAGCCACACTACTG,3
pos,1,23,CTGACAGTTACAGTAACTGCTGCTACACTACTG,3
pos,1,23,CTGACCGTTACTGTCACTGCCGCCACGCTTCTG,3
pos,1,23,CTGACAGTTACCGTTACAGCTGCTACACTACTG,3
pos,1,23,CTGACAGTTACCGTTACAGCAGCCACTCTTCTG,3
pos,1,23,CTGACGGTAACAGTGACAGCAGCAACCCTACTT,2
pos,1,23,CTGACTGTTACAGTAACTGCTGCCACACTTCTG,2
pos,1,23,CTGACTGTTACCGTAACTGCAGCCACGCTACTG,2
pos,1,23,CTGACTGTTACAGTAACTGCTGCTACGCTTCTG,2
pos,1,23,CTGACAGTTACCGTTACAGCAGCCACGCTCCTG,2
pos,1,23,CTGACTGTTACAGTTACTGCTGCTACTCTACTG,2
pos,1,23,CTGACAGTTACAGTTACTGCAGCCACGCTTCTG,2
pos,1,23,CTGACCGTTACGGTAACAGCGGCAACACTCCTT,2
pos,1,23,CTGACTGTTACCGTAACTGCTGCCACGCTACTG,2
pos,1,23,CTGACAGTTACCGTAACTGCAGCCACGCTTCTG,2
pos,1,23,CTGACAGTTACCGTTACAGCTGCCACGCTTCTG,2
pos,1,23,CTGACTGTTACTGTCACGGCTGCCACTCTCCTT,2
pos,1,23,CTGACTGTTACCGTAACTGCTGCCACGCTTCTG,2
pos,1,23,CTAACCGTAACTGTGACGGCTGCAACGCTTCTG,2
pos,1,23,CTGACAGTTACAGTTACAGCAGCCACGCTTCTG,2
pos,1,23,CTGACAGTTACCGTTACAGCAGCCACGCTTCTC,2
pos,1,23,CTGACTGTTACCGTTACTGCAGCCACGCTACTG,2
pos,1,23,CTGACCGTTACTGTCACTGCAGCAACCCTACTG,2
pos,1,23,CTGACAGTTACGGTTACAGCAGCAACGCTTCTT,1
pos,1,23,CTGACAGTTACGGTAACAGCGGCAACACTCCTT,1
pos,1,23,CTGACAGTTACCGTAACGGCGGCAACCCTCCTT,1
pos,1,23,CTGACTGTTACCGTTACTGCTGCCACACTTCTG,1
pos,1,23,CTAACAGTCACGGTCACAGCCGCAACGCTTCTT,1
pos,1,23,CTGACTGTTACAGTAACTGCTGCTACACTTCTG,1
pos,1,23,CTGACTGTTACAGTAACAGCAGCCACACTACTG,1
pos,1,23,CTGACCGTTACTGTAACTGCCGCCACGCTTCTG,1
pos,1,23,CTGACTGTTACAGTAACTGCTGCCACGCTACTG,1
pos,1,23,CTGACTGTTACCGTTACTGCTGCCACGCTACTG,1
pos,1,23,CTGACTGTTACCGTTACAGCCGCCACTCTTCTG,1
pos,1,23,CTGACTGTTACCGTAACAGCAGCCACGCTTCTG,1
pos,1,23,CTGACCGTTACCGTAACAGCAGCCACACTCCTG,1
pos,1,23,CTTACCGTTACCGTAACCGCAGCCACTCTACTG,1
pos,1,23,CTGACCGTTACCGTAACAGCAGCCACACTACTG,1
pos,1,23,CTGACCGTTACCGTAACAGCAGCAACACTTCTG,1
pos,1,23,CTGACAGTTACGGTCACCGCCGCAACGCTTCTG,1
pos,1,23,CTGACAGTTACCGTTACAGCTGCTACGCTTCTG,1
pos,1,23,CTCACAGTTACGGTTACTGCAGCTACTCTTCTT,1
pos,1,23,CTGACCGTTACAGTAACTGCTGCTACACTACTG,1
pos,1,23,CTGACCGTTACAGTAACAGCTGCTACACTACTG,1
pos,1,23,CTGACAGTTACCGTTACGGCAGCCACGCTTCTG,1
pos,1,23,CTGACCGTTACCGTAACAGCAGCCACGCTACTG,1
pos,1,23,CTGACAGTTACAGTAACTGCTGCTACACTTCTG,1
pos,1,23,CTGACCGTCACCGTCACTGCAGCCACGCTTCTG,1
pos,1,23,CTGACAGTTACTGTTACAGCAGCCACGCTTCTG,1
pos,1,23,CTGACTGTTACTGTCACCGCCGCCACTCTTCTT,1
pos,1,23,CTGACTGTTACAGTAACTGCTGCTACGCTACTG,1
pos,1,23,CTGACCGTTACCGTAACAGCAGCCACGCTTCTG,1
pos,1,23,CTGACTGTTACAGTTACTGCTGCTACGCTACTG,1
pos,1,23,CTGACAGTTACCGTAACCGCAGCCACGCTACTG,1
pos,1,23,CTGACAGTTACCGTTACAGCAGCCACGCTTCTA,1
pos,1,23,CTGACAGTTACAGTTACTGCTGCTACGCTTCTG,1
pos,1,23,CTCACAGTTACCGTAACAGCAGCCACACTCCTG,1
pos,1,23,CTGACTGTTACTGTCACCGCCGCCACTCTTCTG,1
pos,1,23,CTGACGGTTACAGTTACTGCTGCTACCCTGCTG,1
pos,1,23,CTCACAGTTACCGTTACAGCAGCCACGCTTCTG,1
pos,1,23,CTGACAGTTACAGTAACTGCCGCGACACTTCTG,1
pos,1,23,CTGACGGTTACGGTAACGGCGGCAACCCTCCTT,1
pos,1,23,CTGACTGTTACCGTAACAGCTGCCACACTTCTG,1
pos,1,23,CTGACTGTTACCGTAACAGCAGCCACACTTCTG,1
pos,1,23,CTGACCGTCACTGTAACTGCAGCCACGCTTCTG,1
pos,1,23,CTGACTGTTACCGTAACTGCAGCCACTCTACTG,1
pos,1,23,CTGACTGTTACTGTCACTGCAGCTACACTACTG,1
pos,1,23,CTGACAGTTACCGTTACTGCAGCTACGCTTCTG,1
pos,1,23,CTGACGGTTACAGTGACAGCAGCAACCCTACTG,1
pos,1,23,CTGACTGTTACGGTAACGGCGGCAACCCTCCTG,1
pos,1,23,CTGACAGTTACCGTTACAGCAGCAACCCTTCTT,1
pos,1,23,CTGACTGTTACCGTTACTGCTGCCACACTACTG,1
pos,1,23,CTGACCGTTACCGTCACTGCAGCCACGCTTCTG,1
pos,1,23,CTGACTGTTACCGTTACAGCTGCTACACTACTG,1
pos,1,23,CTGACTGTTACCGTCACTGCAGCAACGCTTCTG,1
pos,1,23,CTGACTGTTACAGTAACTGCTGCCACGCTTCTG,1
pos,1,23,CTGACTGTCACTGTTACAGCTGCTACACTACTT,1
pos,1,23,CTGACGGTTACCGTTACAGCAGCCACGCTTCTG,1
pos,1,23,CTGACTGTTACCGTAACTGCTGCTACACTTCTG,1
pos,1,23,CTGACCGTTACCGTAACCGCAGCCACTCTACTC,1
pos,1,23,CTGACTGTTACCGTTACTGCAGCTACTCTACTG,1
pos,1,23,CTGACAGTTACCGTAACCGCAGCCACGCTTCTG,1
pos,1,23,CTGACTGTTACCGTTACTGCTGCTACACTACTG,1
pos,1,23,CTGACAGTTACCGTTACCGCAGCCACGCTTCTG,1
pos,1,23,CTGACCGTTACGGTAACAGCGGCAACACTACTG,1
pos,1,23,CTGACTGTTACCGTTACTGCTGCCACGCTTCTG,1
pos,1,23,CTGACCGTTACGGTAACAGCAGCCACGCTTCTG,1
pos,1,23,CTGACCGTTACCGTAACTGCAGCCACGCTACTG,1
pos,1,24,CTCACCGTTACTGTCACTGCAGCAACCCTACTT,9559
pos,1,24,CTGACGGTAACAGTGACAGCAGCAACCCTACTT,7205
pos,1,24,CTGACAGTTACCGTTACAGCAGCCACGCTTCTG,208
pos,1,24,CTGACCGTTACTGTCACAGCAGCAACCCTACTT,37
pos,1,24,CTGACGGTTACAGTGACAGCAGCAACCCTACTT,35
pos,1,24,CTGACCGTTACTGTCACTGCAGCAACCCTACTT,22
pos,1,24,CTGACTGTTACAGTAACTGCTGCTACACTACTG,22
pos,1,24,CTGACAGTTACCGTTACAGCAGCAACCCTACTT,17
pos,1,24,CTGACCGTCACTGTCACTGCCGCCACGCTTCTA,12
pos,1,24,CTAACGGTAACGGTAACGGCAGCAACCCTACTT,9
pos,1,24,CTGACCGTTACAGTCACTGCAGCAACCCTACTT,8
pos,1,24,CTGACGGTTACAGTCACAGCAGCAACCCTACTT,6
pos,1,24,CTGACCGTAACGGTCACCGCGGCAACTCTACTG,4
pos,1,24,CTGACCGTTACCGTCACAGCAGCAACCCTACTT,3
pos,1,24,CTGACCGTTACAGTGACAGCAGCAACCCTACTT,3
pos,1,24,CTTACGGTAACAGTGACAGCAGCAACCCTACTT,3
pos,1,24,CTGACTGTAACAGTGACAGCAGCAACCCTACTT,3
pos,1,24,CTCACCGTTACGGTAACAGCGGCAACACTCCTT,3
pos,1,24,CTGACGGTAACAGTGACAGCAGCAACCCTACTC,2
pos,1,24,CTCACTGTCACTGTCACCGCAGCAACCCTACTT,2
pos,1,24,CTTACAGTTACCGTTACAGCAGCCACACTCCTG,2
pos,1,24,CTGACCGTTACAGTCACAGCAGCAACCCTACTT,2
pos,1,24,CTCACCGTTACTGTCACAGCAGCAACCCTACTT,2
pos,1,24,CTCACCGTTACCGTCACTGCAGCAACCCTACTT,2
pos,1,24,CTGACCGTCACTGTCACTGCAGCCACGCTTCTA,2
pos,1,24,CTCACGGTAACTGTCACTGCAGCAACCCTACTT,2
pos,1,24,CTCACGGTAACAGTGACAGCAGCAACCCTACTT,2
pos,1,24,CTCACCGTAACTGTCACTGCAGCAACCCTACTT,2
pos,1,24,CTGACTGTTACAGTAACTGCAGCAACCCTACTT,2
pos,1,24,CTGACGGTCACAGTTACTGCTGCTACCCTGCTC,2
pos,1,24,CTGACGGTAACAGTTACAGCAGCAACCCTACTT,2
pos,1,24,CTGACGGTAACAGTGACTGCAGCAACCCTACTT,1
pos,1,24,CTGACGGTAACTGTCACTGCAGCAACCCTACTT,1
pos,1,24,CTGACGGTTACCGTTACAGCAGCAACCCTACTT,1
pos,1,24,CTGACCGTTACCGTCACTGCAGCAACCCTTCTT,1
pos,1,24,CTCACCGTTACAGTCACAGCAGCAACCCTACTT,1
pos,1,24,CTGACCGTTACAGTGACTGCAGCAACCCTACTT,1
pos,1,24,CTCACGGTAACAGTCACTGCAGCAACCCTACTT,1
pos,1,24,CTGACCGTCACTGTCACTGCAGCCACGCTTCTT,1
pos,1,24,CTGACAGTGACAGTGACGGCAGCAACCCTACTT,1
pos,1,24,CTGACGGTAACGGTGACAGCAGCAACCCTACTT,1
pos,1,24,CTCACCGTTACAGTCACTGCAGCAACCCTACTT,1
pos,1,24,CTCACCGTCACCGTCACCGCTGCTACACTACTC,1
pos,1,24,CTCACCGTCACTGTCACTGCAGCAACCCTACTT,1
pos,1,24,CTCACCGTTACTGTCACTGCGGCAACCCTACTT,1
pos,1,24,CTTACCGTCACCGTAACCGCAGCCACTCTACTC,1
pos,1,24,CTCACCGTTACGGTAACAGCAGCAACCCTACTT,1
pos,1,24,CTGACGGTTACAGTGACTGCAGCAACCCTACTT,1
pos,1,24,CTGACTGTTACTGTCACGGCTGCCACTCTCCTT,1
pos,1,24,CTGACAGTAACAGTGACAGCAGCAACCCTACTT,1
pos,1,24,CTCACCGTTACTGTCACTGCAGCAACTCTACTT,1
pos,1,24,CTGACGGTTACTGTCACAGCAGCAACCCTACTT,1
pos,1,24,CTGACGGTAACGGTAACGGCAGCAACCCTACTT,1
pos,1,24,CTGACGGTAACTGTGACAGCAGCAACCCTACTT,1
pos,1,24,CTGACAGTTACTGTCACTGCTGCTACCCTCCTA,1
pos,1,24,CTAACGGTAACGGTAACGGCAGCAACCCTCCTT,1
pos,1,24,CTGACCGTTACTGTGACTGCAGCAACCCTACTT,1
pos,1,24,CTAACGGTAACGGTAACGGCGGCAACCCTCCTT,1
pos,1,25,CTGACTGTTACAGTAACTGCTGCTACACTACTG,13226
pos,1,25,CTGACAGTTACCGTTACAGCAGCCACGCTTCTG,6189
pos,1,25,CTTACCGTCACCGTAACCGCAGCCACTCTACTC,1437
pos,1,25,CTTACAGTTACCGTTACAGCAGCCACACTCCTG,856
pos,1,25,CTCACCGTTACGGTAACAGCGGCAACACTCCTT,732
pos,1,25,CTGACTGTTACCGTAACTGCAGCCACACTACTG,451
pos,1,25,CTGACAGTTACCGTAACAGCAGCCACACTACTG,233
pos,1,25,CTGACAGTTACCGTTACAGCAGCCACACTACTG,230
pos,1,25,CTGACAGTTACCGTAACAGCAGCCACGCTACTG,221
pos,1,25,CTGACAGTTACCGTTACAGCAGCCACACTTCTG,193
pos,1,25,CTGACAGTTACCGTTACAGCAGCCACACTCCTG,137
pos,1,25,CTGACCGTTACCGTAACCGCAGCCACTCTACTG,128
pos,1,25,CTGACTGTTACAGTAACAGCTGCTACACTACTG,122
pos,1,25,CTCACCGTTACTGTCACTGCAGCAACCCTACTT,119
pos,1,25,CTGACAGTTACCGTAACAGCAGCCACACTTCTG,110
pos,1,25,CTGACCGTTACCGTAACAGCAGCCACACTACTG,101
pos,1,25,CTAACAGTCACGGTCACCGCCGCAACGCTTCTT,94
pos,1,25,CTAACCGTAACTGTGACGGCTGCAACGCTTCTG,77
pos,1,25,CTGACTGTTACCGTAACAGCAGCCACACTACTG,70
pos,1,25,CTGACCGTTACCGTAACTGCAGCCACACTACTG,67
pos,1,25,CTCACTGTAACAGTTACTGCTGCTACTCTACTT,66
pos,1,25,CTGACTGTTACAGTAACTGCAGCTACACTACTG,57
pos,1,25,CTGACAGTTACCGTAACAGCAGCCACGCTTCTG,56
pos,1,25,CTGACCGTTACGGTAACAGCGGCAACACTCCTG,55
pos,1,25,CTGACAGTTACCGTTACAGCAGCCACGCTACTG,45
pos,1,25,CTTACAGTTACCGTAACAGCAGCCACACTACTG,45
pos,1,25,CTTACCGTTACCGTAACCGCAGCCACTCTACTC,39
pos,1,25,CTGACGGTCACAGTTACTGCTGCTACCCTGCTC,35
pos,1,25,CTCACCGTAACCGTCACAGCTGCTACGCTGCTT,30
pos,1,25,CTGACCGTTACAGTAACTGCTGCTACACTACTG,30
pos,1,25,CTGACAGTTACCGTAACAGCAGCCACACTCCTG,28
pos,1,25,CTGACCGTTACCGTAACCGCAGCCACACTACTG,26
pos,1,25,CTTACAGTTACCGTTACAGCAGCCACACTACTG,26
pos,1,25,CTTACCGTTACCGTAACCGCAGCCACTCTACTG,25
pos,1,25,CTGACTGTTACAGTTACTGCTGCTACACTACTG,25
pos,1,25,CTTACCGTTACCGTAACAGCAGCCACACTACTG,21
pos,1,25,CTGACAGTTACCGTAACTGCAGCCACACTACTG,21
pos,1,25,CTGACCGTTACCGTAACAGCAGCCACGCTACTG,21
pos,1,25,CTGACTGTTACCGTAACTGCTGCTACACTACTG,21
pos,1,25,CTGACTGTTACCGTAACTGCTGCCACACTACTG,19
pos,1,25,CTGACTGTTACAGTAACTGCTGCCACACTACTG,17
pos,1,25,CTGACCGTTACCGTAACAGCAGCCACTCTACTG,14
pos,1,25,CTTACCGTTACCGTAACCGCAGCCACACTACTG,14
pos,1,25,CTGACGGTAACAGTGACAGCAGCAACCCTACTT,14
pos,1,25,CTGACTGTTACCGTAACTGCAGCTACACTACTG,12
pos,1,25,CTTACAGTTACCGTAACAGCAGCCACACTCCTG,12
pos,1,25,CTGACAGTTACCGTAACTGCAGCCACGCTACTG,12
pos,1,25,CTGACCGTTACAGTAACAGCTGCTACACTACTG,11
pos,1,25,CTCACCGTTACGGTAACAGCGGCAACACTACTT,9
pos,1,25,CTTACCGTTACCGTAACCGCAGCCACACTACTC,9
pos,1,25,CTGACAGTTACAGTAACTGCTGCTACACTACTG,8
pos,1,25,CTGACTGTTACCGTAACAGCTGCTACACTACTG,8
pos,1,25,CTTACCGTTACCGTAACAGCAGCCACTCTACTG,8
pos,1,25,CTGACCGTTACCGTAACAGCAGCCACACTCCTG,8
pos,1,25,CTCACCGTTACGGTAACAGCGGCAACACTCCTG,8
pos,1,25,CTGACAGTTACCGTTACAGCTGCCACGCTTCTG,7
pos,1,25,CTGACTGTTACAGTAACAGCTGCTACACTCCTG,7
pos,1,25,CTGACCGTTACCGTAACCGCAGCCACTCTACTC,7
pos,1,25,CTGACCGTTACCGTAACAGCAGCCACGCTTCTG,7
pos,1,25,CTGACCGTTACAGTAACTGCAGCTACACTACTG,7
pos,1,25,CTTACCGTTACCGTAACAGCAGCCACACTCCTG,7
pos,1,25,CTGACTGTTACAGTAACTGCAGCCACACTACTG,7
pos,1,25,CTGACCGTTACTGTCACTGCAGCAACCCTACTG,6
pos,1,25,CTGACAGTTACCGTTACTGCAGCCACACTACTG,6
pos,1,25,CTGACAGTTACCGTTACTGCAGCCACGCTACTG,6
pos,1,25,CTGACTGTTACAGTAACAGCAGCTACACTACTG,6
pos,1,25,CTGACTGTTACAGTTACTGCTGCTACGCTACTG,6
pos,1,25,CTCACAGTTACGGTTACTGCAGCTACTCTTCTT,5
pos,1,25,CTTACCGTTACCGTAACTGCAGCCACACTACTG,5
pos,1,25,CTCACTGTTACAGTTACTGCTGCTACTCTACTT,5
pos,1,25,CTTACCGTTACCGTAACAGCAGCCACTCTACTC,5
pos,1,25,CTAACCGTTACTGTGACGGCTGCAACGCTTCTG,5
pos,1,25,CTGACCGTTACCGTAACTGCAGCCACTCTACTG,5
pos,1,25,CTTACAGTTACCGTAACAGCAGCCACTCTACTG,5
pos,1,25,CTTACTGTTACCGTAACTGCAGCCACACTACTG,5
pos,1,25,CTCACTGTTACAGTAACTGCTGCTACACTACTT,5
pos,1,25,CTGACTGTTACCGTAACTGCAGCCACTCTACTG,5
pos,1,25,CTTACCGTCACCGTAACCGCAGCCACTCTACTG,5
pos,1,25,CTGACTGTTACAGTTACTGCTGCTACTCTACTG,4
pos,1,25,CTCACCGTTACTGTCACTGCAGCAACCCTACTG,4
pos,1,25,CTGACCGTTACGGTAACAGCGGCAACACTCCTT,4
pos,1,25,CTGACCGTTACTGTGACGGCTGCAACGCTTCTG,4
pos,1,25,CTCACCGTTACTGTAACTGCAGCAACACTACTT,4
pos,1,25,CTCACCGTTACTGTAACTGCAGCAACCCTACTT,4
pos,1,25,CTGACCGTTACCGTTACAGCAGCCACGCTTCTG,4
pos,1,25,CTGACAGTTACGGTCACCGCCGCAACGCTTCTG,4
pos,1,25,CTCACCGTTACCGTAACAGCAGCCACACTACTT,4
pos,1,25,CTGACCGTTACCGTAACAGCAGCCACACTTCTG,3
pos,1,25,CTGACTGTTACCGTAACCGCAGCCACACTACTG,3
pos,1,25,CTGACTGTTACAGTAACTGCTGCTACTCTACTG,3
pos,1,25,CTGACCGTTACAGTAACTGCAGCAACACTACTG,3
pos,1,25,CTGACCGTTACCGTAACAGCTGCTACACTACTG,3
pos,1,25,CTGACTGTTACAGTAACTGCTGCTACGCTTCTG,3
pos,1,25,CTGACTGTTACCGTAACTGCAGCCACGCTACTG,3
pos,1,25,CTTACCGTTACCGTAACAGCAGCCACACTACTC,3
pos,1,25,CTGACTGTTACAGTAACTGCTGCTACGCTACTG,3
pos,1,25,CTCACCGTTACCGTCACAGCTGCTACGCTGCTT,3
pos,1,25,CTTACAGTTACCGTTACAGCAGCCACTCTACTG,3
pos,1,25,CTGACAGTTACGGTAACCGCCGCAACGCTTCTG,3
pos,1,25,CTGACAGTCACAGTGACTGCCGCGACTCTTCTT,3
pos,1,25,CTGACAGTTACCGTAACCGCAGCCACGCTTCTG,3
pos,1,25,CTGACTGTTACCGTAACAGCAGCCACGCTACTG,3
pos,1,25,CTGACCGTTACCGTAACTGCAGCCACCCTACTG,3
pos,1,25,CTGACCGTTACGGTAACAGCGGCAACACTACTG,3
pos,1,25,CTGACCGTTACAGTAACTGCTGCAACACTACTG,3
pos,1,25,CTCACCGTTACCGTAACAGCAGCCACACTCCTT,3
pos,1,25,CTGACAGTTACCGTAACAGCAGCCACTCTACTG,3
pos,1,25,CTGACCGTTACAGTAACAGCTGCAACACTACTG,3
pos,1,25,CTGACCGTTACCGTAACCGCAGCCACGCTACTG,3
pos,1,25,CTGACTGTTACCGTAACAGCTGCCACGCTTCTG,2
pos,1,25,CTCACAGTTACCGTAACAGCAGCCACACTCCTG,2
pos,1,25,CTGACAGTTACCGTTACAGCTGCTACGCTTCTG,2
pos,1,25,CTGACCGTTACCGTAACTGCTGCCACACTACTG,2
pos,1,25,CTGACGGTTACAGTTACTGCTGCTACCCTACTG,2
pos,1,25,CTGACCGTTACGGTAACAGCTGCTACACTACTG,2
pos,1,25,CTGACAGTTACAGTAACTGCAGCTACACTACTG,2
pos,1,25,CTGACCGTTACCGTCACAGCTGCTACGCTGCTG,2
pos,1,25,CTGACTGTTACAGTAACTGCTGCTACACTACTT,2
pos,1,25,CTGACAGTTACCGTAACTGCAGCCACGCTTCTG,2
pos,1,25,CTGACAGTTACAGTAACTGCTGCTACGCTTCTG,2
pos,1,25,CTGACTGTTACCGTAACAGCAGCTACACTACTG,2
pos,1,25,CTTACCGTTACCGTAACTGCAGCCACTCTACTC,2
pos,1,25,CTGACTGTTACCGTAACAGCTGCCACACTACTG,2
pos,1,25,CTGACGGTCACAGTTACTGCTGCTACCCTACTC,2
pos,1,25,CTGACCGTTACCGTAACTGCTGCTACACTACTG,2
pos,1,25,CTGACAGTTACCGTTACAGCTGCCACACTTCTG,2
pos,1,25,CTTACTGTTACCGTAACAGCAGCCACACTACTG,2
pos,1,25,CTTACAGTTACCGTTACAGCAGCCACACTTCTG,2
pos,1,25,CTGACCGTTACCGTAACTGCAGCCACGCTACTG,2
pos,1,25,CTCACCGTTACCGTAACAGCAGCCACACTCCTG,2
pos,1,25,CTGACCGTTACGGTAACAGCTGCAACACTACTG,2
pos,1,25,CTGACCGTTACCGTAACAGCTGCTACGCTACTG,2
pos,1,25,CTGACAGTTACAGTTACTGCTGCTACACTACTG,2
pos,1,25,CTGACCGTCACCGTAACCGCAGCCACTCTACTC,2
pos,1,25,CTGACCGTTACTGTAACGGCTGCAACACTTCTG,1
pos,1,25,CTGACGGTCACAGTAACTGCTGCTACCCTACTC,1
pos,1,25,CTAACAGTTACGGTAACCGCCGCAACGCTTCTT,1
pos,1,25,CTCACCGTTACAGTAACTGCTGCTACACTACTT,1
pos,1,25,CTGACAGTTACCGTAACAGCTGCCACGCTTCTG,1
pos,1,25,CTGACAGTTACCGTTACAGCAGCCACGCTCCTG,1
pos,1,25,CTGACAGTTACGGTAACTGCAGCCACGCTACTG,1
pos,1,25,CTGACGGTTACGGTAACGGCGGCAACCCTCCTG,1
pos,1,25,CTCACCGTTACAGTAACAGCTGCTACACTACTT,1
pos,1,25,CTGACCGTTACAGTAACAGCAGCCACACTACTG,1
pos,1,25,CTGACCGTTACCGTAACAGCTGCCACACTTCTG,1
pos,1,25,CTGACTGTTACCGTAACCGCAGCCACTCTACTG,1
pos,1,25,CTCACCGTTACGGTAACAGCAGCAACACTACTT,1
pos,1,25,CTGACAGTTACGGTAACTGCCGCTACGCTTCTG,1
pos,1,25,CTCACCGTTACGGTAACAGCTGCAACACTACTG,1
pos,1,25,CTTACAGTTACCGTTACCGCAGCCACACTCCTG,1
pos,1,25,CTGACTGTTACTGTCACGGCTGCCACTCTCCTT,1
pos,1,25,CTCACCGTTACCGTAACTGCAGCCACTCTACTT,1
pos,1,25,CTGACAGTTACCGTTACTGCAGCCACGCTTCTG,1
pos,1,25,CTGACAGTTACAGTAACTGCTGCTACGCTACTG,1
pos,1,25,CTGACCGTTACCGTAACTGCAGCCACGCTACTT,1
pos,1,25,CTGACTGTTACCGTTACTGCTGCTACACTACTG,1
pos,1,25,CTTACAGTTACCGTTACAGCAGCCACGCTACTG,1
pos,1,25,CTGACTGTTACGGTAACAGCGGCAACACTCCTG,1
pos,1,25,CTGACAGTTACAGTAACAGCTGCTACACTACTG,1
pos,1,25,CTGACAGTTACCGTAACAGCTGCTACACTTCTG,1
pos,1,25,CTCACCGTTACAGTAACTGCTGCAACACTACTT,1
pos,1,25,CTGACCGTTACCGTTACTGCAGCCACTCTCCTG,1
pos,1,25,CTGACTGTTACCGTAACTGCTGCTACGCTACTG,1
pos,1,25,CTGACGGTTACAGTTACTGCTGCTACCCTGCTC,1
pos,1,25,CTGACAGTTACCGTAACGGCTGCAACGCTTCTG,1
pos,1,25,CTGACCGTCACAGTAACAGCAGCCACTCTACTC,1
pos,1,25,CTCACCGTTACGGTAACAGCGGCAACACTACTG,1
pos,1,25,CTGACTGTTACTGTCACCGCCGCCACTCTTCTG,1
pos,1,25,CTGACCGTTACGGTAACAGCTGCAACACTCCTG,1
pos,1,25,CTGACAGTCACCGTAACCGCAGCCACGCTACTG,1
pos,1,25,CTGACAGTTACCGTAACAGCAGCAACACTCCTG,1
pos,1,25,CTGACAGTTACAGTAACAGCTGCTACGCTTCTG,1
pos,1,25,CTAACGGTAACGGTAACGGCGGCAACCCTCCTT,1
pos,1,25,CTTACTGTTACCGTTACAGCAGCCACTCTACTG,1
pos,1,25,CTGACTGTTACCGTTACTGCAGCCACGCTACTG,1
pos,1,25,CTGACAGTTACCGTAACAGCTGCTACACTACTG,1
pos,1,25,CTGACCGTTACCGTTACAGCAGCCACGCTACTG,1
pos,1,25,CTGACCGTTACCGTAACAGCTGCAACACTCCTG,1
pos,1,25,CTGACAGTTACGGTCACCGCAGCAACGCTTCTG,1
pos,1,25,CTGACTGTTACCGTTACTGCAGCCACACTACTG,1
pos,1,25,CTGACTGTTACAGTAACTGCTGCCACACTCCTG,1
pos,1,25,CTCACCGTTACCGTAACAGCAGCAACACTACTT,1
pos,1,25,CTCACCGTTACGGTAACAGCGGCAACACTTCTT,1
pos,1,25,CTGACCGTTACAGTAACTGCTGCTACGCTACTG,1
pos,1,25,CTTACCGTCACCGTAACCGCAGCCACGCTTCTG,1
pos,1,25,CTGACTGTTACCGTTACAGCAGCCACGCTTCTG,1
pos,1,25,CTCACTGTTACAGTTACAGCTGCTACACTACTT,1
pos,1,25,CTGACCGTAACGGTCACCGCGGCAACTCTACTG,1
pos,1,25,CTGACCGTTACCGTAACCGCAGCCACGCTTCTG,1
pos,1,25,CTTACTGTTACGGTTACAGCCGCCACCCTTCTT,1
pos,1,25,CTGACAGTTACAGTAACTGCTGCCACGCTACTG,1
pos,1,25,CTGACAGTTACCGTTACAGCAGCCACTCTTCTG,1
pos,1,25,CTCACCGTTACAGTAACTGCAGCAACACTACTT,1
pos,1,25,CTGACCGTTACGGTAACAGCTGCTACACTCCTG,1
pos,1,25,CTCACCGTTACGGTAACAGCTGCAACACTCCTT,1
pos,1,25,CTGACAGTTACCGTAACCGCAGCCACTCTACTG,1
pos,1,25,CTGACTGTTACAGTAACTGCTGCTACACTCCTT,1
pos,1,25,CTGACCGTTACTGTAACGGCTGCAACGCTTCTG,1
pos,1,25,CTGACTGTTACAGTAACTGCTGCTACACTGCTG,1
pos,1,25,CTGACAGTTACAGTTACAGCAGCCACGCTACTG,1
pos,1,25,CTGACTGTTACAGTAACAGCAGCAACACTACTT,1
pos,1,25,CTGACGGTTACAGTAACAGCAGCAACACTACTT,1
pos,1,25,CTGACCGTTACAGTAACTGCAGCTACCCTACTG,1
pos,1,25,CTGACTGTTACAGTAACAGCAGCCACACTACTG,1
pos,1,25,CTGACTGTTACCGTTACAGCAGCCACACTACTG,1
pos,1,25,CTGACTGTTACAGTTACAGCAGCCACGCTTCTG,1
pos,1,25,CTGACAGTTACCGTTACAGCAGCCACTCTACTG,1
pos,1,25,CTCACCGTTACCGTAACTGCAGCCACCCTACTT,1
pos,1,25,CTGACGGTTACAGTGACAGCAGCAACCCTACTT,1
pos,1,25,CTTACAGTTACCGTTACTGCAGCCACACTACTG,1
pos,1,25,CTCACCGTTACGGTAACTGCGGCAACACTACTT,1
pos,1,25,CTTACCGTTACCGTAACAGCAGCCACGCTACTG,1
pos,1,25,CTCACCGTTACCGTAACTGCAGCAACCCTACTT,1
pos,1,25,CTGACCGTCACCGTTACCGCAGCCACTCTACTC,1
pos,1,25,CTGACTGTTACAGTAACTGCTGCAACACTACTG,1
pos,1,25,CTGACCGTTACCGTAACAGCAGCCACACTACTT,1
pos,1,25,CTCACCGTTACCGTAACAGCGGCAACACTCCTT,1
pos,1,25,CTCACCGTTACCGTAACAGCAGCAACACTCCTG,1
pos,1,25,CTCACGGTTACCGTCACTGCGGCAACACTCCTG,1
pos,1,25,CTGACTGTTACAGTGACTGCTGCTACACTACTG,1
pos,1,25,CTGACTGTTACCGTAACAGCAGCCACACTCCTG,1
pos,1,25,CTGACCGTTACTGTCACTGCAGCTACACTACTG,1
pos,1,25,CTGACCGTTACCGTTACTGCAGCCACACTACTG,1
pos,1,25,CTCACCGTTACTGTCACTGCAGCAACACTACTT,1
pos,1,25,CTGACCGTCACCGTAACCGCAGCCACTCTACTG,1
pos,1,25,CTGACCGTTACCGTAACAGCAGCAACACTACTG,1
pos,1,25,CTAACAGTTACGGTCACCGCCGCAACGCTTCTT,1
pos,1,25,CTGACCGTTACTGTTACAGCTGCCACGCTTCTG,1
pos,1,25,CTGACTGTTACAGTAACTGCCGCTACACTACTG,1
pos,1,25,CTGACTGTAACGGTCACCGCTGCTACACTCCTT,1
pos,1,25,CTGACAGTTACGGTAACTGCTGCAACGCTTCTG,1
pos,1,25,CTTACCGTTACCGTAACAGCAGCCACGCTTCTG,1
pos,1,25,CTCACTGTAACAGTAACTGCTGCTACTCTACTT,1
pos,1,25,CTGACTGTTACCGTTACAGCTGCCACGCTTCTG,1
pos,1,25,CTTACCGTTACCGTAACAGCAGCCACACTCCTC,1
pos,1,25,CTGACCGTTACGGTAACAGCGGCAACACTACTT,1
pos,1,25,CTGACAGTTACCGTTACAGCTGCTACACTACTG,1
pos,1,25,CTCACTGTTACAGTAACAGCTGCTACACTACTG,1
pos,1,25,CTGACCGTTACCGTAACAGCTGCAACGCTTCTG,1
pos,1,25,CTGACTGTTACCGTAACTGCTGCCACGCTTCTG,1
pos,1,25,CTGACGGTTACCGTTACAGCAGCCACGCTTCTG,1
pos,1,25,CTCACTGTAACAGTTACTGCTGCTACTCTACTG,1
pos,1,25,CTGACAGTTACGGTCACCGCCGCAACGCTTCTT,1
pos,1,25,CTGACCGTAACCGTCACAGCTGCTACGCTTCTG,1
pos,1,25,CTGACCGTTACGGTAACAGCTGCAACGCTTCTG,1
pos,1,25,CTGACAGTTACCGTAACAGCTGCCACACTTCTG,1
pos,1,25,CTGACTGTTACAGTAACAGCTGCCACACTACTG,1
pos,1,25,CTGACTGTTACCGTTACAGCAGCCACGCTACTG,1
pos,1,25,CTGACAGTTACCGTAACAGCAGCAACACTTCTG,1
pos,1,25,CTGACAGTTACCGTTACTGCTGCTACGCTTCTG,1
pos,1,25,CTGACCGTTACCGTAACAGCTGCTACGCTTCTG,1
pos,1,25,CTGACCGTTACTGTAACTGCTGCAACACTACTG,1
pos,1,25,CTCACCGTTACTGTCACTGCAGCAACACTACTG,1
pos,1,25,CTGACCGTTACAGTAACAGCAGCAACACTACTT,1
pos,1,25,CTGACTGTTACAGTAACTGCAGCAACACTACTG,1
pos,1,25,CTCACCGTTACGGTAACAGCTGCAACACTCCTG,1
pos,1,25,CTCACCGTTACCGTAACAGCAGCCACACTACTG,1
pos,1,25,CTAACAGTTACCGTTACAGCAGCCACGCTTCTG,1
pos,1,25,CTCACTGTTACAGTTACTGCTGCTACACTACTT,1
pos,1,25,CTGACCGTTACAGTAACAGCAGCTACACTCCTG,1
pos,1,25,CTGACCGTTACAGTAACTGCAGCAACCCTACTG,1
pos,1,25,CTGACCGTTACCGTAACAGCTGCCACACTACTG,1
pos,1,25,CTGACTGTTACAGTCACTGCTGCTACGCTACTT,1
pos,1,25,CTAACAGTCACCGTAACCGCAGCCACGCTACTT,1
pos,1,25,CTGACCGTTACGGTAACAGCAGCAACACTACTG,1
pos,1,25,CTGACCGTTACCGTAACAGCAGCAACACTTCTG,1
pos,1,25,CTGACTGTTACAGTTACTGCTGCAACACTACTG,1
pos,1,25,CTAACCGTTACTGTAACGGCTGCAACACTTCTG,1
pos,1,25,CTGACAGTTACGGTAACAGCAGCAACGCTTCTG,1
pos,1,25,CTGACCGTTACCGTAACCGCAGCCACCCTACTG,1
pos,1,25,CTGACCGTTACTGTAACAGCTGCAACACTTCTG,1
pos,1,25,CTAACCGTAACTGTGACGGCTGCAACGCTTCTT,1
pos,1,25,CTGACAGTTACAGTTACTGCAGCCACGCTTCTG,1
pos,1,25,CTGACAGTTACAGTAACAGCAGCCACACTACTG,1
pos,1,25,CTGACCGTTACGGTAACAGCAGCAACACTCCTT,1
pos,1,25,CTGACCGTTACCGTTACTGCAGCCACGCTACTG,1
pos,1,25,CTGACAGTCACTGTGACCGCAGCTACCCTTCTT,1
pos,1,25,CTCACCGTTACGGTAACAGCAGCAACACTCCTG,1
pos,1,25,CTGACCGTCACCGTAACCGCAGCCACACTACTG,1
pos,1,25,CTAACAGTTACGGTAACCGCCGCAACACTTCTT,1
pos,1,25,CTTACCGTCACCGTAACCGCAGCAACTCTACTG,1
pos,1,25,CTGACAGTTACCGTAACAGCTGCTACGCTACTG,1
pos,1,25,CTGACCGTTACAGTAACTGCTGCAACGCTTCTG,1
pos,1,25,CTGACCGTTACCGTAACTGCTGCTACGCTACTG,1
pos,1,25,CTTACCGTCACCGTAACTGCAGCCACTCTACTC,1
pos,1,25,CTGACCGTTACGGTTACAGCGGCAACACTCCTT,1
pos,1,25,CTCACCGTTACAGTTACTGCTGCTACACTACTT,1
pos,1,25,CTAACCGTTACTGTAACGGCTGCAACGCTTCTG,1
pos,1,25,CTCACAGTTACCGTTACAGCAGCCACGCTTCTG,1
pos,1,25,CTAACAGTTACCGTCACAGCCGCAACGCTTCTT,1
pos,1,25,CTGACGGTCACAGTTACTGCTGCTACCCTGCTG,1
pos,1,25,CTGACAGTTACCGTAACCGCAGCCACGCTACTG,1
pos,1,26,CTTACAGTTACCGTTACAGCAGCCACACTCCTG,26249
pos,1,26,CTCACCGTTACTGTCACTGCAGCAACCCTACTT,19
pos,1,26,CTTACAGTTACCGTTACAGCAGCCACACTCCTT,5
pos,1,26,CTGACCGTAACGGTCACCGCGGCAACTCTACTG,4
pos,1,26,CTTACAGTTACCGTCACAGCAGCCACACTCCTG,4
pos,1,26,CTTACAGTCACCGTTACAGCAGCCACACTCCTG,3
pos,1,26,CTTACAGTTACCGTTACGGCAGCCACACTCCTG,2
pos,1,26,CTGACTGTTACAGTAACTGCTGCTACACTACTG,1
pos,1,26,CTTACAGTTACCGTTACAGCAGCCACGCTCCTG,1
pos,1,26,CTTACAGTTACCGTTACAGCAGCCACACTCCTA,1
pos,1,26,CTTACGGTTACCGTTACAGCAGCCACACTCCTG,1
pos,1,26,CTCACCGTTACCGTTACTGCAGCCACCCTCCTT,1
pos,1,26,CTTACAGTTACCGTAACAGCAGCCACACTCCTG,1
pos,1,26,CTTACAGTTACCGTTACAGCAGCCACACTCCTC,1
pos,1,26,CTTACGGTTACGGTAACGGCAGCAACACTCCTG,1
pos,1,26,CTCACAGTTACCGTTACAGCAGCCACACTCCTG,1
pos,1,26,CTTACCGTCACCGTAACCGCAGCCACTCTACTC,1
pos,1,26,CTTACTGTTACCGTTACAGCAGCCACACTCCTG,1
pos,1,27,CTTACAGTTACGGTCACTGCAGCCACGCTTCTC,8546
pos,1,27,CTTACTGTAACCGTCACCGCAGCGACCCTACTC,6
pos,1,27,CTGACCGTAACGGTCACCGCGGCAACTCTACTG,3
pos,1,27,CTTACAGTTACGGTCACTGCAGCCACTCTTCTC,3
pos,1,27,CTGACTGTTACTGTCACGGCTGCCACTCTCCTT,2
pos,1,27,CTGACAGTTACTGTCACTGCTGCTACCCTCCTA,2
pos,1,27,CTCACCGTTACTGTCACTGCAGCAACCCTACTT,2
pos,1,27,CTGACAGTTACCGTAACCGCCGCAACCCTTCTA,2
pos,1,27,CTTACAGTTACTGTCACTGCAGCCACGCTTCTC,2
pos,1,27,CTTACAGTTACGGTCACTGCAGCCACACTTCTC,1
pos,1,27,CTCACAGTTACGGTCACTGCAGCCACGCTTCTC,1
pos,1,27,CTTACAGTTACGGTCACCGCAGCCACGCTTCTC,1
pos,1,27,CTTACAGTTACGGTCACTGCAGCTACGCTTCTC,1
pos,1,27,CTCACTGTTACCGTCACTGCAGCTACCCTGCTC,1
pos,1,27,CTTACAGTCACGGTCACTGCAGCCACGCTTCTC,1
pos,1,28,CTGACGGTAACAGTGACAGCAGCAACCCTACTT,7712
pos,1,28,CTCACCGTTACTGTCACTGCAGCAACCCTACTT,4
pos,1,28,CTGACAGTTACCGTTACAGCAGCCACGCTTCTG,3
pos,1,28,CTGACGGTAACAGTCACAGCAGCAACCCTACTT,2
pos,1,28,CTGACGGTAACAGTGACAGCAGCAACCCTACTC,2
pos,1,28,CTGACGGTAACAGTTACAGCAGCAACCCTACTT,2
pos,1,28,CTGACTGTTACTGTCACGGCTGCCACTCTCCTT,1
pos,1,28,CTGACTGTAACAGTGACAGCAGCAACCCTACTT,1
pos,1,28,CTGACGGTTACAGTGACAGCAGCAACCCTACTT,1
pos,1,28,CTGACAGTAACAGTGACAGCAGCAACCCTACTT,1
pos,1,28,CTTACGGTAACAGTGACAGCAGCAACCCTACTT,1
pos,1,29,CTCACCGTTACGGTAACAGCGGCAACACTCCTT,26359
pos,1,29,CTTACAGTTACCGTTACAGCAGCCACACTCCTG,42
pos,1,29,CTCACCGTTACGGTAACGGCGGCAACACTCCTT,3
pos,1,29,CTGACCGTAACGGTCACCGCGGCAACTCTACTG,2
pos,1,29,CTAACCGTAACTGTGACGGCTGCAACGCTTCTG,2
pos,1,29,CTCACCGTTACAGTAACAGCGGCAACACTCCTT,2
pos,1,29,CTCACCGTTACGGTAACAGCGGCAACACTCCTC,2
pos,1,29,CTTACCGTCACCGTAACCGCAGCCACTCTACTC,2
pos,1,29,CTGACAGTTACCGTTACAGCAGCCACGCTTCTG,2
pos,1,29,CTCACCGTTACTGTCACTGCAGCAACCCTACTT,1
pos,1,29,CTGACAGTTACTGTCACTGCTGCTACCCTCCTA,1
pos,1,29,CTGACCGTTACCGTAACAGCAGCCACGCTCCTT,1
pos,1,29,CTGACTGTTACTGTCACGGCTGCCACTCTCCTT,1
pos,1,29,CTGACTGTTACAGTAACTGCTGCTACACTACTG,1
pos,1,29,CTCACGGTTACCGTTACTGCAGCAACTCTGCTG,1
pos,1,29,CTCACCGTTACGGTAACAGCCGCAACACTCCTT,1
pos,1,29,CTAACGGTTACGGTAACAGCGGCAACACTCCTT,1
pos,1,29,CTCACCGTTACTGTAACAGCGGCAACACTCCTT,1
pos,1,29,CTCACAGTCACCGTGACCGCTGCGACCCTACTT,1
pos,1,29,CTCACCGTTACGGTAACAGCAGCAACACTCCTT,1
pos,1,29,CTGACAGTTACTGTAACTGCTGCTACCCTCCTT,1
pos,1,30,CTTACTGTCACTGTTACTGCTGCTACACTACTA,33239
pos,1,30,CTTACTGTCACTGTCACTGCTGCTACACTACTA,3
pos,1,30,CTCACCGTTACTGTCACTGCAGCAACCCTACTT,3
pos,1,30,CTTACCGTCACTGTTACTGCTGCTACACTACTA,2
pos,1,30,CTGACGGTAACAGTGACAGCAGCAACCCTACTT,2
pos,1,30,CTGACAGTTACCGTTACAGCAGCCACGCTTCTG,2
pos,1,30,CTTACTGTCACTGTTACTGCTGCTACTCTACTA,1
pos,1,30,CTTACGGTCACTGTTACTGCTGCTACACTACTA,1
pos,1,30,CTGACCGTCACTGTCACTGCCGCCACGCTTCTA,1
pos,1,30,CTAACGGTAACGGTAACGGCGGCAACCCTCCTT,1
pos,1,30,CTGACCGTAACGGTCACCGCGGCAACTCTACTG,1
pos,1,30,CTTACTGTCACTGTTACTGCTGCCACACTACTA,1
pos,1,30,CTTACTGTCACTGTTACTGCAGCTACACTACTA,1
pos,1,31,CTGACTGTTACTGTCACGGCTGCCACTCTCCTT,26119
pos,1,31,CTTACAGTTACCGTTACAGCAGCCACACTCCTG,7
pos,1,31,CTCACCGTTACTGTCACTGCAGCAACCCTACTT,5
pos,1,31,CTAACTGTAACCGTCACTGCGGCAACTCTGCTC,4
pos,1,31,CTGACAGTTACCGTTACAGCAGCCACGCTTCTG,3
pos,1,31,CTGACAGTCACAGTGACTGCCGCGACTCTTCTT,3
pos,1,31,CTCACTGTTACCGTCACTGCAGCTACCCTGCTC,3
pos,1,31,CTGACTGTCACTGTCACGGCTGCCACTCTCCTT,2
pos,1,31,CTGACAGTTACTGTCACTGCTGCTACCCTCCTA,2
pos,1,31,CTGACTGTTACTGTCACAGCTGCCACTCTCCTT,2
pos,1,31,CTGACCGTAACGGTCACCGCGGCAACTCTACTG,2
pos,1,31,CTGACTGTCACTGTTACAGCTGCTACACTACTT,2
pos,1,31,CTGACTGTTACTGTTACGGCTGCCACTCTCCTT,1
pos,1,31,CTGACTGTTACTGTCACGGCCGCCACTCTCCTT,1
pos,1,31,CTGACTGTTACAGTAACTGCTGCTACACTACTG,1
pos,1,31,CTGACAGTTACTGTCACTGCTGCCACCCTCCTA,1
pos,1,31,CTAACCGTCACTGTTACTGCCGCAACTCTCCTT,1
pos,1,31,CTGACTGTTACCGTCACGGCTGCCACTCTCCTT,1
pos,1,32,CTGACAGTTACTGTCACTGCTGCTACCCTCCTA,3195
pos,1,32,CTGACAGTTACCGTTACAGCAGCCACGCTTCTG,6
pos,1,32,CTCACTGTTACCGTCACTGCAGCTACCCTGCTC,5
pos,1,32,CTTACCGTAACGGTAACTGCCGCCACGCTGCTT,4
pos,1,32,CTGACCGTAACGGTCACCGCGGCAACTCTACTG,2
pos,1,32,CTGACAGTTACTGTCACTGCTGCTACCCTCCTT,2
pos,1,32,CTGACAGTTACTGTAACTGCTGCTACCCTCCTA,1
pos,1,32,CTGACAGTTACCGTCACTGCAGCCACGCTCCTG,1
pos,1,32,CTAACCGTCACAGTAACCGCAGCTACCCTGCTG,1
pos,1,32,CTGACAGTTACTGTCACTGCCGCTACCCTCCTA,1
pos,1,32,CTGACAGTTACCGTCACTGCTGCTACCCTCCTA,1
pos,1,32,CTGACTGTTACTGTCACGGCTGCCACTCTCCTT,1
pos,1,32,CTTACCGTTACGGTAACCGCTGCGACACTCCTG,1
pos,1,32,CTCACAGTGACGGTCACCGCAGCCACCCTCCTT,1
pos,1,32,CTCACCGTTACTGTCACTGCAGCAACCCTACTT,1
neg,1,1,CTGACAGTTACCGTAACCGCCGCAACCCTTCTA,76
neg,1,1,CTGACAGTCACAGTGACTGCCGCGACTCTTCTT,76
neg,1,1,CTGACTGTAACTGTTACAGCCGCTACGCTTCTA,42
neg,1,1,CTAACTGTAACAGTTACTGCTGCGACTCTACTT,36
neg,1,1,CTGACAGTTACTGTCACTGCTGCTACCCTCCTA,30
neg,1,1,CTAACTGTTACGGTAACAGCTGCGACGCTTCTC,14
neg,1,1,CTGACCGTAACGGTCACCGCGGCAACTCTACTG,9
neg,1,1,CTGACTGTAACCGTCACTGCCGCTACACTTCTC,7
neg,1,1,CTGACTGTTACAGTAACTGCTGCTACACTACTG,4
neg,1,1,CTGACCGTAACCGTGACTGCCGCAACCCTTCTC,3
neg,1,1,CTTACAGTTACCGTTACAGCAGCCACACTCCTG,2
neg,1,1,CTCACAGTGACTGTAACAGCAGCTACGCTGCTA,2
neg,1,1,CTTACCGTCACCGTAACCGCAGCCACTCTACTC,2
neg,1,1,CTGACAGTTACTGTCACTGCTGCTACGCTCCTA,2
neg,1,1,CTTACAGTCACAGTTACCGCCGCCACCCTACTC,2
neg,1,1,CTGACAGTTACCGTTACAGCAGCCACGCTTCTG,2
neg,1,1,CTAACTGTTACGGTAACCGCTGCTACTCTGCTC,2
neg,1,1,CTCACTGTAACAGTTACTGCTGCTACTCTACTT,1
neg,1,1,CTTACCGTTACTGTGACTGCGGCGACACTCCTT,1
neg,1,1,CTCACAGTCACCGTGACCGCTGCGACCCTACTT,1
neg,1,1,CTCACCGTTACTGTCACTGCAGCAACCCTACTT,1
neg,1,2,CTGACGGTAACAGTGACAGCAGCAACCCTACTT,126
neg,1,2,CTGACTGTTACTGTCACGGCTGCCACTCTCCTT,28
neg,1,2,CTGACCGTAACGGTCACCGCGGCAACTCTACTG,6
neg,1,2,CTTACTGTAACCGTCACCGCAGCGACCCTACTC,3
neg,1,2,CTAACTGTAACCGTCACTGCGGCAACTCTGCTC,2
neg,1,2,CTCACCGTTACTGTCACTGCAGCAACCCTACTT,2
neg,1,2,CTTACCGTCACCGTAACCGCAGCCACTCTACTC,1
neg,1,2,CTGACAGTTACCGTTACAGCAGCCACGCTTCTG,1
neg,1,2,CTTACCGTAACGGTAACTGCCGCCACGCTGCTT,1
neg,1,2,CTCACCGTCACAGTCACAGCAGCTACACTACTT,1
neg,1,2,CTGACTGTTACAGTAACTGCTGCTACACTACTG,1
neg,1,3,CTGACCGTAACGGTCACCGCGGCAACTCTACTG,6
neg,1,3,CTGACTGTTACAGTAACTGCTGCTACACTACTG,2
neg,1,3,CTCACAGTCACCGTGACCGCTGCGACCCTACTT,2
neg,1,3,CTCACTGTAACCGTTACTGCAGCGACTCTGCTG,1
neg,1,4,CTGACCGTCACTGTCACTGCCGCCACGCTTCTA,297
neg,1,4,CTCACGGTTACTGTGACCGCGGCGACCCTACTT,49
neg,1,4,CTGACAGTTACCGTTACAGCAGCCACGCTTCTG,39
neg,1,4,CTGACCGTAACGGTCACCGCGGCAACTCTACTG,9
neg,1,4,CTCACCGTTACTGTCACTGCAGCAACCCTACTT,4
neg,1,4,CTTACGGTCACCGTGACGGCCGCGACACTTCTG,3
neg,1,4,CTTACCGTCACCGTAACCGCAGCCACTCTACTC,2
neg,1,4,CTTACAGTTACCGTTACAGCAGCCACACTCCTG,1
neg,1,4,CTCACAGTCACCGTGACCGCTGCGACCCTACTT,1
neg,1,4,CTGACTGTTACAGTAACTGCTGCTACACTACTG,1
neg,1,4,CTCACTGTAACAGTTACTGCTGCTACTCTACTT,1
neg,1,4,CTCACCGTCACAGTCACAGCCGCTACACTCCTT,1
neg,1,5,CTAACTGTAACCGTCACTGCGGCAACTCTGCTC,76
neg,1,5,CTGACAGTCACAGTGACTGCCGCGACTCTTCTT,17
neg,1,5,CTTACTGTCACCGTTACCGCAGCAACACTACTT,5
neg,1,5,CTCACCGTTACTGTCACTGCAGCAACCCTACTT,3
neg,1,5,CTGACCGTAACGGTCACCGCGGCAACTCTACTG,2
neg,1,5,CTGACTGTTACAGTAACTGCTGCTACACTACTG,1
neg,1,5,CTGACAGTTACCGTTACAGCAGCCACGCTTCTG,1
neg,1,5,CTCACCGTCACCGTCACAGCCGCCACACTCCTT,1
neg,1,5,CTAACTGTTACGGTAACAGCTGCGACGCTTCTC,1
neg,1,6,CTGACGGTAACAGTGACAGCAGCAACCCTACTT,202
neg,1,6,CTCACCGTTACTGTCACTGCAGCAACCCTACTT,183
neg,1,6,CTGACCGTAACGGTCACCGCGGCAACTCTACTG,4
neg,1,6,CTGACAGTTACCGTTACAGCAGCCACGCTTCTG,3
neg,1,6,CTGACTGTTACTGTCACGGCTGCCACTCTCCTT,3
neg,1,6,CTTACAGTTACCGTTACAGCAGCCACACTCCTG,2
neg,1,6,CTCACGGTAACTGTAACTGCGGCAACGCTACTG,1
neg,1,6,CTGACAGTCACAGTGACTGCCGCGACTCTTCTT,1
neg,1,7,CTGACAGTTACCGTTACAGCAGCCACGCTTCTG,667
neg,1,7,CTTACAGTTACCGTTACAGCAGCCACACTCCTG,233
neg,1,7,CTGACGGTAACAGTGACAGCAGCAACCCTACTT,78
neg,1,7,CTTACCGTCACCGTAACCGCAGCCACTCTACTC,19
neg,1,7,CTCACCGTTACTGTCACTGCAGCAACCCTACTT,12
neg,1,7,CTTACCGTTACCGTAACGGCGGCGACACTCCTA,12
neg,1,7,CTCACTGTTACCGTCACTGCAGCTACCCTGCTC,8
neg,1,7,CTGACCGTAACGGTCACCGCGGCAACTCTACTG,6
neg,1,7,CTGACTGTTACTGTCACGGCTGCCACTCTCCTT,4
neg,1,7,CTCACGGTTACTGTGACCGCGGCGACCCTACTT,3
neg,1,7,CTGACAGTCACAGTGACTGCCGCGACTCTTCTT,2
neg,1,7,CTGACTGTAACCGTCACTGCCGCTACACTTCTC,2
neg,1,7,CTGACTGTTACAGTAACTGCTGCTACACTACTG,2
neg,1,7,CTGACCGTTACTGTCACTGCAGCCACCCTACTT,2
neg,1,7,CTGACAGTTACCGTTACAGCAGCCACACTCCTG,1
neg,1,7,CTGACTGTGACCGTGACTGCTGCCACTCTACTA,1
neg,1,7,CTCACGGTAACTGTAACTGCGGCAACGCTACTG,1
neg,1,7,CTGACAGTTACTGTCACTGCTGCTACCCTCCTA,1
neg,1,7,CTAACAGTTACCGTCACCGCCGCAACCCTACTA,1
neg,1,7,CTTACCGTTACTGTGACTGCGGCCACACTCCTT,1
neg,1,7,CTAACTGTAACAGTTACTGCTGCGACTCTACTT,1
neg,1,7,CTGACTGTGACTGTAACTGCTGCTACCCTTCTC,1
neg,1,7,CTCACAGTCACCGTGACCGCTGCGACCCTACTT,1
neg,1,7,CTTACCGTTACCGTCACGGCAGCGACACTCCTT,1
neg,1,8,CTGACAGTTACCGTTACAGCAGCCACGCTTCTG,329
neg,1,8,CTGACCGTCACTGTCACTGCCGCCACGCTTCTA,277
neg,1,8,CTCACCGTTACTGTCACTGCAGCAACCCTACTT,73
neg,1,8,CTGACCGTCACTGTAACTGCCGCTACTCTCCTT,50
neg,1,8,CTGACCGTTACGGTTACCGCGGCAACTCTTCTG,15
neg,1,8,CTTACGGTTACTGTAACCGCCGCGACCCTCCTA,14
neg,1,8,CTGACGGTAACAGTGACAGCAGCAACCCTACTT,12
neg,1,8,CTGACAGTTACTGTCACTGCTGCTACCCTCCTA,6
neg,1,8,CTGACCGTAACGGTCACCGCGGCAACTCTACTG,5
neg,1,8,CTTACAGTTACCGTTACAGCAGCCACACTCCTG,5
neg,1,8,CTGACTGTTACTGTCACGGCTGCCACTCTCCTT,4
neg,1,8,CTTACCGTCACCGTAACCGCAGCCACTCTACTC,3
neg,1,8,CTGACAGTCACAGTGACTGCCGCGACTCTTCTT,2
neg,1,8,CTGACTGTTACAGTAACTGCTGCTACACTACTG,2
neg,1,8,CTAACTGTAACAGTTACTGCTGCGACTCTACTT,2
neg,1,8,CTAACAGTTACCGTCACCGCCGCAACCCTACTA,1
neg,1,8,CTGACTGTAACCGTCACTGCCGCTACACTTCTC,1
neg,1,8,CTCACGGTAACTGTAACTGCGGCAACGCTACTG,1
neg,1,8,CTGACCGTTACTGTCACTGCAGCCACGCTTCTG,1
neg,1,8,CTCACTGTTACCGTCACTGCAGCTACCCTGCTC,1
neg,1,8,CTGACCGTTACCGTCACTGCAGCAACCCTACTT,1
neg,1,8,CTGACCGTTACTGTCACTGCAGCAACCCTACTT,1
neg,1,8,CTGACAGTTACTGTCACTGCCGCCACGCTTCTA,1
neg,1,8,CTAACGGTAACCGTGACAGCGGCCACCCTTCTA,1
neg,1,8,CTGACCGTAACGGTCACCGCAGCAACTCTACTG,1
neg,1,8,CTCACAGTCACCGTGACCGCTGCGACCCTACTT,1
neg,1,8,CTTACCGTTACTGTGACTGCGGCGACACTCCTT,1
pos,3,1,CTGACAGTTACCGTTACAGCAGCCACGCTTCTG,31883
pos,3,1,CTCACGGTAACCGTGACAGCAGCAACTCTCCTA,470
pos,3,1,CTTACAGTTACCGTTACAGCAGCCACACTCCTG,36
pos,3,1,CTCACCGTTACTGTCACTGCAGCAACCCTACTT,21
pos,3,1,CTTACAGTTACCGTTACAGCAGCCACGCTTCTG,5
pos,3,1,CTGACAGTTACCGTTACAGCAGCCACGCTTCTT,5
pos,3,1,CTGACAGTTACCGTTACAGCAGCCACTCTTCTG,4
pos,3,1,CTGACGGTTACCGTTACAGCAGCCACGCTTCTG,3
pos,3,1,CTCACTGTAACAGTTACTGCTGCTACTCTACTT,3
pos,3,1,CTGACAGTCACAGTGACTGCCGCGACTCTTCTT,3
pos,3,1,CTCACGGTTACCGTGACAGCAGCAACTCTCCTA,3
pos,3,1,CTGACGGTAACAGTGACAGCAGCAACCCTACTT,2
pos,3,1,CTGACAGTTACCGTTACAGCAGCAACGCTTCTG,2
pos,3,1,CTTACTGTTACGGTTACAGCCGCCACCCTTCTT,2
pos,3,1,CTGACAGTTACCGTCACAGCAGCCACGCTTCTG,2
pos,3,1,CTGACAGTTACCGTTACAGCAGCCACGCTCCTG,2
pos,3,1,CTCACAGTTACCGTTACAGCAGCAACGCTTCTG,2
pos,3,1,CTGACTGTTACTGTCACGGCTGCCACTCTCCTT,2
pos,3,1,CTAACCGTAACTGTGACGGCTGCAACGCTTCTG,1
pos,3,1,CTGACAGTTACTGTTACAGCAGCCACGCTTCTG,1
pos,3,1,CTAACCGTCACTGTTACTGCCGCAACTCTCCTT,1
pos,3,1,CTCACGGTAACCGTTACAGCAGCAACTCTCCTA,1
pos,3,1,CTCACAGTTACCGTTACAGCAGCCACGCTTCTG,1
pos,3,1,CTGACTGTAACGGTCACCGCTGCTACACTCCTT,1
pos,3,1,CTCACGGTTACCGTTACAGCAGCAACGCTCCTG,1
pos,3,1,CTGACCGTTACTGTTACTGCAGCCACGCTTCTT,1
pos,3,1,CTGACAGTTACCGTTACGGCAGCCACGCTTCTG,1
pos,3,1,CTGACAGTTACCGTTACAGCAGCCACGCTTCTA,1
pos,3,1,CTCACAGTTACCGTTACAGCAGCCACTCTCCTG,1
pos,3,1,CTGACCGTTACCGTTACAGCAGCCACGCTTCTG,1
pos,3,1,CTGACTGTTACAGTAACTGCTGCTACACTACTG,1
pos,3,1,CTGACAGTTACCGTTACAGCAGCAACGCTCCTG,1
pos,3,1,CTCACAGTTACCGTTACAGCAGCAACTCTCCTA,1
pos,3,1,CTGACAGTCACCGTTACAGCAGCCACGCTTCTG,1
pos,3,1,CTGACAGTTACCGTTACAGCAGCCACACTTCTG,1
pos,3,1,CTCACGGTTACCGTGACAGCAGCAACGCTCCTG,1
pos,3,2,CTCACCGTTACTGTCACTGCAGCAACCCTACTT,4614
pos,3,2,CTGACCGTAACGGTCACCGCGGCAACTCTACTG,3
pos,3,2,CTCACCGTTACCGTCACTGCAGCAACCCTACTT,2
pos,3,2,CTTACAGTTACCGTTACAGCAGCCACACTCCTG,2
pos,3,2,CTTACCGTCACCGTAACCGCAGCCACTCTACTC,2
pos,3,2,CTGACTGTTACTGTCACGGCTGCCACTCTCCTT,1
pos,3,2,CTGACCGTGACGGTTACTGCGGCTACCCTGCTT,1
pos,3,2,CTCACAGTCACCGTGACCGCTGCGACCCTACTT,1
pos,3,3,CTCACCGTTACTGTCACTGCAGCAACCCTACTT,8435
pos,3,3,CTAACTGTAACCGTCACTGCGGCAACTCTGCTC,75
pos,3,3,CTGACGGTAACAGTGACAGCAGCAACCCTACTT,39
pos,3,3,CTAACGGTAACCGTGACAGCGGCCACCCTTCTA,4
pos,3,3,CTGACCGTAACGGTCACCGCGGCAACTCTACTG,4
pos,3,3,CTTACAGTTACCGTTACAGCAGCCACACTCCTG,3
pos,3,3,CTCACGGTTACGGTGACTGCTGCCACACTTCTG,1
pos,3,3,CTCACCGTTACTGTTACTGCAGCAACCCTACTT,1
pos,3,3,CTTACCGTAACGGTAACTGCCGCCACGCTGCTT,1
pos,3,3,CTCACCGTAACTGTCACTGCAGCAACCCTACTT,1
pos,3,3,CTGACCGTCACTGTCACTGCCGCCACGCTTCTA,1
pos,3,3,CTCACCGTTACTGTCACTGCAGCAACCCTACTC,1
pos,3,3,CTCACCGTTACCGTCACTGCAGCAACCCTACTT,1
pos,3,3,CTCACTGTTACCGTCACTGCAGCTACCCTGCTC,1
pos,3,3,CTGACTGTTACTGTCACGGCTGCCACTCTCCTT,1
pos,3,3,CTCACCGTTACTGTCACTGCAGCAACTCTGCTC,1
pos,3,4,CTAACCGTGACCGTAACAGCCGCTACGCTTCTT,6426
pos,3,4,CTCACCGTTACTGTCACTGCAGCAACCCTACTT,356
pos,3,4,CTAACCGTGACCGTAACAGCCGCCACGCTTCTT,124
pos,3,4,CTGACAGTTACCGTTACAGCAGCCACGCTTCTG,52
pos,3,4,CTTACAGTTACCGTTACAGCAGCCACACTCCTG,8
pos,3,4,CTTACGGTTACCGTTACCGCCGCTACACTTCTG,5
pos,3,4,CTAACCGTGACCGTAACAGCCGCTACACTTCTT,2
pos,3,4,CTGACCGTAACGGTCACCGCGGCAACTCTACTG,2
pos,3,4,CTAACCGTGACCGTAACGGCCGCTACGCTTCTT,2
pos,3,4,CTAACCGTGACCGTAACAGCCGCTACGCTTCTC,2
pos,3,4,CTAACCGTGACCGTCACAGCCGCTACGCTTCTT,1
pos,3,4,CTAACCGTGACCGTAACAGCCGCTACTCTTCTT,1
pos,3,4,CTCACCGTTACCGTCACTGCAGCAACCCTACTT,1
pos,3,4,CTCACGGTTACGGTGACTGCTGCCACACTTCTG,1
pos,3,4,CTGACTGTTACTGTCACGGCTGCCACTCTCCTT,1
pos,3,4,CTGACCGTTACCGTTACAGCAGCCACGCTTCTT,1
pos,3,4,CTAACTGTGACCGTAACAGCCGCTACGCTTCTT,1
pos,3,4,CTGACAGTTACCGTTACAGCAGCCACGCTTCTT,1
pos,3,4,CTAACCGTTACCGTAACAGCAGCTACGCTTCTT,1
pos,3,4,CTAACCGTTACCGTAACAGCCGCTACGCTTCTT,1
pos,3,4,CTTACCGTTACCGTTACAGCAGCCACACTCCTT,1
pos,3,5,CTTACTGTAACCGTCACCGCAGCGACCCTACTC,26984
pos,3,5,CTCACCGTTACTGTCACTGCAGCAACCCTACTT,17
pos,3,5,CTTACTGTAACCGTCACCGCAGCTACCCTACTC,11
pos,3,5,CTTACTGTAACCGTCACCGCAGCGACCCTACTT,5
pos,3,5,CTGACTGTTACAGTAACTGCTGCTACACTACTG,4
pos,3,5,CTGACCGTAACGGTCACCGCGGCAACTCTACTG,3
pos,3,5,CTGACAGTTACCGTTACAGCAGCCACGCTTCTG,3
pos,3,5,CTTACTGTAACCGTCACCGCAGCCACCCTACTC,2
pos,3,5,CTTACTGTAACCGTCACCGCAGCAACCCTACTT,2
pos,3,5,CTCACTGTAACCGTCACCGCAGCGACCCTACTC,2
pos,3,5,CTAACCGTAACTGTGACGGCTGCAACGCTTCTG,2
pos,3,5,CTCACAGTCACCGTGACCGCTGCGACCCTACTT,1
pos,3,5,CTCACTGTCACTGTCACCGCCGCCACTCTACTT,1
pos,3,5,CTTACTGTTACCGTCACCGCAGCGACCCTACTT,1
pos,3,5,CTTACTGTAACCGTCACCGCAGCGACTCTACTC,1
pos,3,5,CTTACCGTCACCGTAACCGCAGCCACTCTACTC,1
pos,3,5,CTTACCGTAACCGTCACCGCAGCGACCCTACTC,1
pos,3,5,CTTACTGTAACCGTCACCGCTGCGACCCTACTC,1
pos,3,5,CTTACTGTTACCGTCACCGCAGCGACCCTACTC,1
pos,3,5,CTTACTGTGACCGTCACCGCAGCGACCCTACTC,1
pos,3,5,CTTACTGTAACCGTCACTGCAGCGACCCTACTC,1
pos,3,5,CTCACCGTTACCGTCACCGCAGCAACCCTACTT,1
pos,3,5,CTTACTGTAACCGTCACCGCAGCGACCCTCCTC,1
pos,3,5,CTTACTGTCACCGTCACCGCAGCGACCCTACTC,1
pos,3,5,CTTACCGTTACTGTGACTGCGGCGACACTCCTT,1
pos,3,6,CTCACCGTTACTGTCACTGCAGCAACCCTACTT,29564
pos,3,6,CTGACTGTTACAGTAACTGCTGCTACACTACTG,9
pos,3,6,CTGACGGTAACAGTGACAGCAGCAACCCTACTT,5
pos,3,6,CTCACCGTTACTGTCACTGCAGCAACCCTACTC,4
pos,3,6,CTGACCGTAACGGTCACCGCGGCAACTCTACTG,3
pos,3,6,CTTACTGTAACCGTCACCGCAGCGACCCTACTC,3
pos,3,6,CTCACCGTCACTGTCACTGCAGCAACCCTACTT,2
pos,3,6,CTCACTGTTACTGTCACTGCAGCAACCCTACTT,2
pos,3,6,CTAACCGTAACTGTGACGGCTGCAACGCTTCTG,2
pos,3,6,CTGACTGTTACTGTCACGGCTGCCACTCTCCTT,1
pos,3,6,CTAACCGTTACTGTAACGGCAGCAACCCTACTT,1
pos,3,6,CTCACCGTTACTGTTACTGCAGCAACTCTACTT,1
pos,3,6,CTCACCGTTACTGTCACTGCAGCAACCCTCCTT,1
pos,3,6,CTCACGGTAACGGTAACGGCGGCAACCCTCCTT,1
pos,3,6,CTGACAGTTACTGTCACTGCTGCTACCCTCCTA,1
pos,3,6,CTGACAGTTACCGTTACTGCAGCCACGCTTCTG,1
pos,3,6,CTGACAGTTACCGTTACAGCAGCCACGCTTCTG,1
pos,3,6,CTGACTGTGACTGTAACTGCTGCTACCCTTCTC,1
pos,3,6,CTTACCGTTACTGTTACTGCAGCAACCCTCCTT,1
pos,3,7,CTGACAGTTACCGTTACAGCAGCCACGCTTCTG,6045
pos,3,7,CTCACCGTTACTGTCACTGCAGCAACCCTACTT,5
pos,3,7,CTGACTGTTACTGTCACGGCTGCCACTCTCCTT,2
pos,3,7,CTAACAGTAACAGTCACTGCCGCTACTCTGCTC,2
pos,3,7,CTGACAGTTACTGTTACAGCAGCCACGCTTCTG,2
pos,3,7,CTCACAGTTACCGTTACAGCAGCCACGCTTCTG,2
pos,3,7,CTGACCGTAACGGTCACCGCGGCAACTCTACTG,2
pos,3,7,CTTACAGTTACCGTTACAGCAGCCACACTCCTG,2
pos,3,7,CTGACAGTTACCGTTACAGCAGCCACGCTTCTT,1
pos,3,7,CTGACAGTTACCGTTACAGCAGCCACACTTCTG,1
pos,3,7,CTGACAGTTACTGTCACTGCTGCTACCCTCCTA,1
pos,3,7,CTGACAGTTACCGTTACAGCAGCCACTCTTCTG,1
pos,3,8,CTAACTGTCACCGTCACGGCAGCAACACTGCTC,7501
pos,3,8,CTGACAGTTACCGTTACAGCAGCCACGCTTCTG,12
pos,3,8,CTGACCGTAACGGTCACCGCGGCAACTCTACTG,3
pos,3,8,CTCACCGTTACTGTCACTGCAGCAACCCTACTT,3
pos,3,8,CTAACCGTCACAGTAACCGCAGCTACCCTGCTG,3
pos,3,8,CTGACCGTAACCGTAACGGCTGCTACCCTCCTA,2
pos,3,8,CTAACCGTCACTGTTACTGCTGCGACCCTACTA,2
pos,3,8,CTTACAGTTACCGTTACAGCAGCCACACTCCTG,2
pos,3,8,CTAACTGTCACCGTCACGGCAGCAACACTACTC,2
pos,3,8,CTAACAGTAACAGTCACTGCCGCTACTCTGCTC,2
pos,3,8,CTCACAGTCACAGTCACTGCAGCTACGCTACTT,1
pos,3,8,CTAACTGTCACCGTCACGGCAGCAACCCTGCTC,1
pos,3,8,CTGACAGTTACTGTCACTGCTGCTACCCTCCTA,1
pos,3,8,CTGACCGTCACTGTCACTGCCGCCACGCTTCTA,1
pos,3,8,CTAACTGTCACCGTCACGGCAGCAACACTGCTT,1
pos,3,8,CTTACGGTGACGGTCACAGCTGCTACCCTTCTC,1
pos,3,8,CTAACCGTCACCGTCACGGCAGCAACACTGCTC,1
pos,3,8,CTGACAGTAACCGTTACAGCCGCTACTCTGCTT,1
pos,3,9,CTAACTGTTACGGTAACAGCTGCGACGCTTCTC,4781
pos,3,9,CTGACTGTTACTGTCACGGCTGCCACTCTCCTT,34
pos,3,9,CTAACCGTAACTGTGACGGCTGCAACGCTTCTG,22
pos,3,9,CTCACTGTCACCGTAACCGCAGCAACCCTTCTA,17
pos,3,9,CTGACTGTGACTGTAACTGCTGCTACCCTTCTC,15
pos,3,9,CTCACCGTTACTGTCACTGCAGCAACCCTACTT,5
pos,3,9,CTGACAGTTACCGTTACAGCAGCCACGCTTCTG,2
pos,3,9,CTCACTGTTACTGTCACAGCAGCGACGCTTCTC,1
pos,3,9,CTGACTGTTACTGTAACGGCTGCCACTCTTCTC,1
pos,3,9,CTGACTGTAACCGTCACTGCCGCTACACTTCTC,1
pos,3,9,CTTACCGTCACCGTAACCGCAGCCACTCTACTC,1
pos,3,9,CTAACTGTTACGGTAACAGCTGCCACGCTTCTC,1
pos,3,9,CTAACTGTTACGGTAACAGCAGCGACGCTTCTC,1
pos,3,9,CTAACCGTTACTGTGACGGCTGCAACGCTTCTG,1
pos,3,10,CTGACAGTCACAGTGACTGCCGCGACTCTTCTT,4821
pos,3,10,CTCACAGTCACCGTGACCGCTGCGACCCTACTT,25
pos,3,10,CTGACTGTTACTGTCACGGCTGCCACTCTCCTT,6
pos,3,10,CTGACAGTCACAGTGACTGCCGCTACTCTTCTT,5
pos,3,10,CTCACCGTTACTGTCACTGCAGCAACCCTACTT,4
pos,3,10,CTTACAGTTACCGTTACAGCAGCCACACTCCTG,3
pos,3,10,CTTACCGTCACCGTAACCGCAGCCACTCTACTC,2
pos,3,10,CTGACGGTAACAGTGACAGCAGCAACCCTACTT,2
pos,3,10,CTCACGGTTACCGTTACTGCAGCAACTCTGCTG,1
pos,3,10,CTAACTGTTACGGTAACAGCTGCGACGCTTCTC,1
pos,3,10,CTGACAGTCACAGTGACTGCGGCGACTCTTCTT,1
pos,3,10,CTCACAGTCACAGTGACTGCCGCGACTCTTCTT,1
pos,3,10,CTGACAGTCACAGTTACTGCCGCGACTCTTCTT,1
pos,3,10,CTGACCGTTACTGTCACTGCAGCAACCCTACTT,1
pos,3,10,CTCACCGTTACCGTTACAGCAGCCACTCTACTC,1
pos,3,10,CTTACAGTAACAGTTACAGCAGCTACGCTTCTA,1
pos,3,10,CTGACAGTCACCGTGACTGCCGCGACTCTTCTT,1
pos,3,10,CTGACAGTCACGGTGACTGCCGCGACTCTTCTT,1
pos,3,10,CTGACCGTAACGGTCACCGCGGCAACTCTACTG,1
pos,3,10,CTGACAGTCACAGTGACTGCCGCGACCCTTCTT,1
pos,3,10,CTTACAGTCACAGTGACTGCCGCGACTCTTCTT,1
pos,3,10,CTGACAGTTACAGTTACTGCAGCCACTCTTCTT,1
pos,3,11,CTGACAGTCACAGTGACTGCCGCGACTCTTCTT,5852
pos,3,11,CTCACAGTCACCGTGACCGCTGCGACCCTACTT,6
pos,3,11,CTCACCGTTACTGTCACTGCAGCAACCCTACTT,5
pos,3,11,CTGACTGTTACTGTCACGGCTGCCACTCTCCTT,2
pos,3,11,CTGACAGTCACAGTGACTGCCGCGACTCTTCTC,2
pos,3,11,CTTACCGTCACCGTAACCGCAGCCACTCTACTC,2
pos,3,11,CTGACCGTAACGGTCACCGCGGCAACTCTACTG,2
pos,3,11,CTCACGGTTACCGTTACTGCAGCAACTCTGCTG,2
pos,3,11,CTGACAGTTACCGTTACTGCAGCCACGCTTCTT,2
pos,3,11,CTCACTGTTACCGTCACTGCAGCTACCCTGCTC,1
pos,3,11,CTGACAGTCACAGTGACTGCCGCCACTCTTCTT,1
pos,3,11,CTGACAGTCACGGTGACTGCCGCGACTCTTCTT,1
pos,3,11,CTGACAGTCACAGTGACTGCTGCGACTCTTCTT,1
pos,3,11,CTTACAGTAACAGTTACAGCAGCTACGCTTCTA,1
pos,3,12,CTCACAGTCACCGTGACCGCTGCGACCCTACTT,5207
pos,3,12,CTCACCGTTACTGTCACTGCAGCAACCCTACTT,52
pos,3,12,CTAACCGTAACTGTGACGGCTGCAACGCTTCTG,34
pos,3,12,CTAACCGTCACAGTAACCGCAGCTACCCTGCTG,18
pos,3,12,CTGACAGTTACCGTTACAGCAGCCACGCTTCTG,3
pos,3,12,CTCACAGTCACCGTGACCGCTGCTACCCTACTT,3
pos,3,12,CTCACAGTCACCGTGACCGCAGCGACCCTACTT,2
pos,3,12,CTGACAGTTACTGTCACTGCTGCTACCCTCCTA,1
pos,3,12,CTCACAGTCACCGTGACCGCTGCAACCCTCCTT,1
pos,3,12,CTTACAGTGACGGTTACGGCAGCAACACTGCTT,1
pos,3,12,CTGACTGTGACCGTGACTGCTGCCACTCTACTA,1
pos,3,12,CTCACAGTCACCGTGACCGCTGCGACTCTACTT,1
pos,3,12,CTCACAGTCACTGTGACCGCTGCGACCCTACTT,1
pos,3,12,CTCACCGTCACCGTGACCGCAGCGACCCTACTT,1
pos,3,12,CTTACCGTCACCGTAACCGCAGCCACTCTACTC,1
pos,3,12,CTCACAGTCACCGTGACCGCTGCCACCCTACTT,1
pos,3,13,CTCACCGTTACCGTTACAGCAGCCACTCTACTC,16414
pos,3,13,CTGACAGTCACAGTGACTGCCGCGACTCTTCTT,103
pos,3,13,CTGACTGTGACTGTAACTGCTGCTACCCTTCTC,17
pos,3,13,CTCACCGTTACTGTCACTGCAGCAACCCTACTT,10
pos,3,13,CTCACCGTTACCGTTACAGCAGCCACTCTACTT,6
pos,3,13,CTGACAGTTACCGTTACAGCAGCCACGCTTCTG,3
pos,3,13,CTAACTGTAACAGTTACTGCTGCGACTCTACTT,3
pos,3,13,CTGACTGTTACTGTCACGGCTGCCACTCTCCTT,3
pos,3,13,CTGACCGTAACGGTCACCGCGGCAACTCTACTG,2
pos,3,13,CTTACCGTCACCGTAACCGCAGCCACTCTACTC,2
pos,3,13,CTAACCGTAACTGTGACGGCTGCAACGCTTCTG,2
pos,3,13,CTCACAGTCACCGTGACCGCTGCGACCCTACTT,2
pos,3,13,CTCACCGTTACCGTTACAGCAGCCACACTACTC,2
pos,3,13,CTCACCGTTACCGTCACAGCAGCCACTCTACTC,1
pos,3,13,CTGACTGTTACAGTAACTGCTGCTACACTACTG,1
pos,3,13,CTCACCGTCACCGTTACAGCAGCCACTCTACTC,1
pos,3,13,CTCACCGTAACCGTTACAGCAGCCACTCTACTC,1
pos,3,13,CTCACCGTTACCGTTACAGCGGCCACTCTACTC,1
pos,3,13,CTCACCGTTACCGTTACCGCAGCCACTCTACTC,1
pos,3,13,CTCACCGTTACCGTAACAGCAGCCACTCTCCTT,1
pos,3,13,CTCACCGTTACCGTTACGGCAGCCACTCTACTC,1
pos,3,13,CTCACCGTTACCGTTACAGCAGCTACTCTACTC,1
pos,3,13,CTCACCGTTACCGTTACAGCAGCCACTCTTCTC,1
pos,3,14,CTGACTGTGACTGTAACTGCTGCTACCCTTCTC,6980
pos,3,14,CTCACCGTTACTGTCACTGCAGCAACCCTACTT,9
pos,3,14,CTGACTGTTACTGTCACGGCTGCCACTCTCCTT,9
pos,3,14,CTGACTGTGACTGTAACGGCTGCTACCCTTCTC,4
pos,3,14,CTGACTGTGACTGTAACTGCTGCTACCCTTCTT,4
pos,3,14,CTGACGGTAACAGTGACAGCAGCAACCCTACTT,3
pos,3,14,CTGACCGTAACGGTCACCGCGGCAACTCTACTG,2
pos,3,14,CTGACTGTGACTGTAACTGCGGCTACCCTTCTC,2
pos,3,14,CTGACTGTGACTGTAACCGCTGCTACCCTTCTC,1
pos,3,14,CTGACTGTGACTGTAACTGCTGCCACCCTTCTC,1
pos,3,14,CTGACTGTTACTGTAACTGCTGCTACCCTACTC,1
pos,3,14,CTCACCGTTACCGTTACAGCAGCCACTCTACTC,1
pos,3,14,CTGACAGTTACCGTTACAGCAGCCACGCTTCTG,1
pos,3,15,CTGACCGTCACTGTCACTGCCGCCACGCTTCTA,3892
pos,3,15,CTGACTGTCACCGTCACCGCAGCAACCCTCCTG,1114
pos,3,15,CTCACCGTTACTGTCACTGCAGCAACCCTACTT,14
pos,3,15,CTTACAGTTACCGTAACCGCGGCCACCCTGCTT,13
pos,3,15,CTGACAGTTACCGTTACAGCAGCCACGCTTCTG,6
pos,3,15,CTGACCGTTACTGTCACTGCAGCAACCCTACTT,3
pos,3,15,CTGACCGTCACTGTCACTGCAGCCACCCTTCTG,1
pos,3,15,CTGACCGTCACTGTTACTGCCGCCACGCTTCTA,1
pos,3,15,CTGACCGTCACCGTCACTGCCGCCACGCTTCTA,1
pos,3,15,CTTACCGTCACTGTCACTGCCGCCACGCTTCTA,1
pos,3,15,CTGACTGTCACTGTCACCGCCGCCACGCTTCTG,1
pos,3,15,CTGACTGTCACCGTCACCGCAGCCACCCTCCTG,1
pos,3,15,CTGACCGTCACTGTCACTGCCGCCACGCTTCTT,1
pos,3,15,CTTACAGTTACCGTTACAGCAGCCACACTCCTG,1
pos,3,15,CTGACCGTCACTGTCACTGCCGCCACTCTTCTA,1
pos,3,15,CTGACCGTCACTGTCACTGCCGCCACGCTTCTG,1
pos,3,15,CTGACTGTCACCGTCACCGCCGCAACCCTCCTG,1
pos,3,15,CTTACCGTCACCGTAACCGCAGCCACTCTACTC,1
pos,3,15,CTGACCGTCACTGTCACTGCAGCAACCCTACTT,1
pos,3,15,CTGACCGTCACTGTCACTGCCGCAACCCTCCTA,1
pos,3,16,CTGACAGTTACCGTTACAGCAGCCACGCTTCTG,23835
pos,3,16,CTGACTGTCACCGTCACCGCAGCAACCCTCCTG,106
pos,3,16,CTGACCGTCACTGTCACTGCCGCCACGCTTCTA,47
pos,3,16,CTTACAGTTACCGTAACCGCGGCCACCCTGCTT,22
pos,3,16,CTCACCGTTACTGTCACTGCAGCAACCCTACTT,9
pos,3,16,CTGACAGTTACCGTTACAGCAGCCACTCTTCTG,4
pos,3,16,CTTACAGTTACCGTTACAGCAGCCACGCTTCTG,4
pos,3,16,CTGACAGTTACCGTTACAGCAGCCACGCTTCTT,3
pos,3,16,CTGACAGTTACCGTCACAGCAGCCACGCTTCTG,3
pos,3,16,CTCACAGTCACAGTCACTGCAGCTACGCTACTT,2
pos,3,16,CTGACAGTTACCGTTACAGCAGCTACGCTTCTG,2
pos,3,16,CTGACAGTTACCGTTACAGCGGCCACGCTTCTG,2
pos,3,16,CTGACCGTAACGGTCACCGCGGCAACTCTACTG,2
pos,3,16,CTGACGGTTACCGTTACAGCAGCCACGCTTCTG,2
pos,3,16,CTGACAGTTACAGTCACTGCAGCAACTCTTCTT,1
pos,3,16,CTGACAGTTACCGTCACTGCAGCCACGCTTCTG,1
pos,3,16,CTGACAGTTACCGTTACTGCAGCCACGCTTCTG,1
pos,3,16,CTGACAGTTACCGTTACAGCAGCCACACTTCTG,1
pos,3,16,CTGACTGTTACCGTCACCGCAGCAACCCTCCTG,1
pos,3,16,CTCACCGTTACCGTCACTGCAGCAACCCTACTT,1
pos,3,16,CTGACAGTTACCGTTACAGCCGCCACGCTTCTG,1
pos,3,16,CTTACAGTTACCGTTACAGCAGCCACACTCCTG,1
pos,3,16,CTGACGGTAACCGTAACGGCAGCAACCCTCCTG,1
pos,3,16,CTTACCGTCACCGTAACCGCAGCCACTCTACTC,1
pos,3,16,CTGACAGTTACCGTAACCGCGGCCACCCTGCTT,1
pos,3,16,CTTACGGTGACGGTCACAGCTGCTACCCTTCTC,1
pos,3,16,CTGACAGTTACCGTTACAGCAGCAACCCTCCTG,1
pos,3,16,CTGACCGTTACCGTCACTGCAGCAACCCTACTT,1
pos,3,16,CTGACAGTTACTGTTACAGCAGCCACGCTTCTG,1
pos,3,17,CTCACCGTTACTGTCACTGCAGCAACCCTACTT,2809
pos,3,17,CTGACCGTCACTGTCACTGCCGCCACGCTTCTA,3
pos,3,17,CTGACAGTTACCGTTACAGCAGCCACGCTTCTG,3
pos,3,17,CTGACTGTTACTGTCACGGCTGCCACTCTCCTT,1
pos,3,17,CTGACCGTAACGGTCACCGCAGCAACTCTACTG,1
pos,3,17,CTGACAGTCACAGTGACTGCCGCGACTCTTCTT,1
pos,3,18,CTCACCGTTACTGTCACTGCAGCAACCCTACTT,6044
pos,3,18,CTGACCGTAACGGTCACCGCGGCAACTCTACTG,4
pos,3,18,CTGACTGTTACAGTAACTGCTGCTACACTACTG,4
pos,3,18,CTGACTGTTACTGTCACGGCTGCCACTCTCCTT,3
pos,3,18,CTTACAGTTACCGTTACAGCAGCCACACTCCTG,3
pos,3,18,CTTACCGTTACTGTCACTGCAGCAACCCTACTT,2
pos,3,18,CTCACTGTTACTGTCACTGCAGCAACCCTACTT,1
pos,3,18,CTCACAGTCACCGTGACCGCTGCGACCCTACTT,1
pos,3,18,CTGACAGTTACCGTTACAGCAGCCACGCTTCTG,1
pos,3,18,CTCACCGTTACTGTCACTGCAGCAACCCTCCTT,1
pos,3,18,CTCACCGTTACTGTCACCGCAGCAACCCTACTT,1
pos,3,18,CTTACCGTCACCGTAACCGCAGCCACTCTACTC,1
pos,3,18,CTCACCGTTACCGTCACTGCAGCAACCCTACTT,1
pos,3,19,CTCACAGTCACCGTGACCGCTGCGACCCTACTT,4641
pos,3,19,CTGACTGTAACGGTCACCGCTGCTACACTCCTT,5
pos,3,19,CTCACCGTTACTGTCACTGCAGCAACCCTACTT,3
pos,3,19,CTGACCGTAACGGTCACCGCGGCAACTCTACTG,2
pos,3,19,CTCACCGTTACTGTGACTGCAGCAACCCTACTT,1
pos,3,19,CTCACAGTCACCGTAACCGCTGCGACCCTACTT,1
pos,3,19,CTCACAGTCACCGTGACCGCTGCTACCCTACTT,1
pos,3,19,CTGACAGTTACCGTTACAGCAGCCACGCTTCTG,1
pos,3,19,CTGACTGTTACTGTCACGGCTGCCACTCTCCTT,1
pos,3,19,CTCACCGTTACCGTGACCGCAGCCACCCTACTT,1
pos,3,19,CTCACAGTCACCGTGACCGCTGCGACCCTACTC,1
pos,3,19,CTCACCGTAACGGTCACCGCGGCAACCCTACTT,1
pos,3,19,CTCACAGTCACCGTGACCGCTGCCACCCTACTT,1
pos,3,19,CTCACTGTTACCGTCACTGCAGCTACCCTGCTC,1
pos,3,20,CTGACGGTAACAGTGACAGCAGCAACCCTACTT,18526
pos,3,20,CTCACCGTTACTGTCACTGCAGCAACCCTACTT,13
pos,3,20,CTTACGGTAACAGTGACAGCAGCAACCCTACTT,6
pos,3,20,CTCACCGTTACCGTTACAGCAGCCACTCTACTC,4
pos,3,20,CTGACCGTAACAGTGACAGCAGCAACCCTACTT,4
pos,3,20,CTGACTGTTACTGTCACGGCTGCCACTCTCCTT,4
pos,3,20,CTTACAGTTACCGTTACAGCAGCCACACTCCTG,3
pos,3,20,CTGACTGTTACAGTAACTGCTGCTACACTACTG,3
pos,3,20,CTTACTGTTACGGTAACCGCAGCCACGCTCCTT,3
pos,3,20,CTGACGGTAACAGTTACAGCAGCAACCCTACTT,2
pos,3,20,CTGACAGTTACCGTTACAGCAGCCACGCTTCTG,2
pos,3,20,CTGACGGTAACAGTGACAGCAGCAACCCTACTC,2
pos,3,20,CTCACGGTAACAGTGACAGCAGCAACCCTACTT,2
pos,3,20,CTGACCGTAACGGTCACCGCGGCAACTCTACTG,2
pos,3,20,CTGACTGTAACAGTGACAGCAGCAACCCTACTT,1
pos,3,20,CTCACGGTTACCGTCACAGCAGCAACCCTACTT,1
pos,3,20,CTCACCGTTACCGTGACAGCAGCAACCCTACTT,1
pos,3,20,CTGACGGTTACAGTGACAGCAGCAACCCTACTT,1
pos,3,20,CTTACCGTAACGGTAACTGCCGCCACGCTGCTT,1
pos,3,20,CTGACGGTAACAGTGACTGCAGCAACCCTACTT,1
pos,3,20,CTGACGGTGACAGTGACAGCAGCAACCCTACTT,1
pos,3,20,CTTACCGTTACTGTGACTGCGGCGACACTCCTT,1
pos,3,20,CTCACCGTAACAGTGACAGCAGCAACCCTACTT,1
pos,3,20,CTGACGGTCACAGTGACAGCAGCAACCCTACTT,1
pos,3,20,CTCACTGTTACCGTCACTGCAGCTACCCTGCTC,1
pos,3,20,CTGACAGTTACCGTTACAGCAGCCACGCTTCTT,1
pos,3,20,CTGACGGTAACAGTGACAGCAGCAACTCTACTT,1
pos,3,20,CTCACCGTTACTGTCACAGCAGCAACCCTACTT,1
pos,3,20,CTGACTGTTACAGTAACTGCTGCTACCCTACTT,1
pos,3,20,CTGACTGTTACAGTGACTGCTGCTACACTACTT,1
pos,3,20,CTGACGGTAACCGTGACAGCAGCAACCCTACTT,1
pos,3,20,CTAACCGTAACTGTGACGGCTGCAACGCTACTT,1
pos,3,20,CTAACCGTAACTGTGACGGCTGCAACGCTTCTG,1
pos,3,20,CTTACCGTTACTGTGACTGCAGCGACACTACTT,1
pos,3,21,CTTACTGTTACGGTAACCGCAGCCACGCTCCTT,6205
pos,3,21,CTTACTGTCACCGTTACCGCAGCAACACTACTT,8
pos,3,21,CTGACTGTGACTGTAACTGCTGCTACCCTTCTC,7
pos,3,21,CTGACTGTTACAGTAACTGCTGCTACACTACTG,7
pos,3,21,CTCACCGTTACTGTCACTGCAGCAACCCTACTT,6
pos,3,21,CTGACCGTAACGGTCACCGCGGCAACTCTACTG,5
pos,3,21,CTTACAGTTACCGTTACAGCAGCCACACTCCTG,5
pos,3,21,CTCACCGTTACCGTTACAGCAGCCACTCTACTC,4
pos,3,21,CTGACAGTTACCGTTACAGCAGCCACGCTTCTG,3
pos,3,21,CTGACTGTTACTGTCACGGCTGCCACTCTCCTT,2
pos,3,21,CTGACTGTAACCGTCACTGCCGCTACACTTCTC,2
pos,3,21,CTTACCGTTACGGTAACCGCAGCCACGCTCCTT,1
pos,3,21,CTTACTGTTACGGTAACCGCAGCCACCCTCCTT,1
pos,3,21,CTCACCGTTACTGTAACTGCAGCAACCCTACTT,1
pos,3,21,CTCACTGTTACCGTCACTGCAGCTACCCTGCTC,1
pos,3,21,CTGACTGTTACCGTAACCGCAGCCACGCTCCTT,1
pos,3,21,CTTACCGTTACTGTAACCGCAGCAACCCTACTT,1
pos,3,21,CTGACAGTTACTGTCACTGCTGCTACCCTCCTA,1
pos,3,21,CTCACAGTCACCGTGACCGCTGCGACCCTACTT,1
pos,3,21,CTTACTGTTACGGTCACCGCAGCCACGCTCCTT,1
pos,3,21,CTCACCGTTACCGTAACAGCAGCCACTCTACTC,1
pos,3,21,CTTACCGTTACTGTAACTGCGGCGACACTCCTT,1
pos,3,21,CTTACTGTTACTGTAACCGCAGCCACGCTCCTT,1
pos,3,21,CTCACTGTTACCGTAACTGCAGCTACCCTCCTC,1
pos,3,21,CTCACCGTTACGGTAACCGCAGCAACGCTCCTT,1
pos,3,21,CTTACCGTTACTGTGACTGCGGCGACACTCCTT,1
pos,3,21,CTGACTGTTACAGTAACTGCGGCTACACTACTT,1
pos,3,21,CTGACTGTTACAGTAACTGCTGCTACACTACTT,1
pos,3,22,CTTACCGTCACCGTAACCGCAGCCACTCTACTC,7703
pos,3,22,CTGACGGTAACAGTGACAGCAGCAACCCTACTT,13
pos,3,22,CTGACTGTTACAGTAACTGCTGCTACACTACTG,8
pos,3,22,CTCACCGTTACTGTCACTGCAGCAACCCTACTT,6
pos,3,22,CTTACAGTTACCGTTACAGCAGCCACACTCCTG,3
pos,3,22,CTTACCGTTACTGTGACTGCAGCGACACTCCTT,3
pos,3,22,CTGACCGTAACGGTCACCGCGGCAACTCTACTG,3
pos,3,22,CTTACTGTTACGGTAACCGCAGCCACGCTCCTT,2
pos,3,22,CTGACAGTTACCGTTACAGCAGCCACGCTTCTG,2
pos,3,22,CTTACCGTCACTGTAACCGCAGCCACTCTACTC,2
pos,3,22,CTGACTGTTACTGTCACGGCTGCCACTCTCCTT,2
pos,3,22,CTCACCGTTACCGTTACAGCAGCCACTCTACTC,2
pos,3,22,CTGACAGTTACTGTCACTGCTGCTACCCTCCTA,1
pos,3,22,CTAACAGTTACCGTCACCGCCGCAACCCTACTA,1
pos,3,22,CTTACCGTCACTGTAACTGCAGCCACTCTACTC,1
pos,3,22,CTTACCGTTACTGTCACTGCAGCCACCCTACTT,1
pos,3,22,CTCACCGTTACCGTAACCGCAGCCACTCTACTC,1
pos,3,22,CTCACCGTCACCGTAACCGCAGCCACTCTACTC,1
pos,3,22,CTTACCGTTACTGTGACTGCGGCGACACTCCTT,1
pos,3,22,CTTACCGTCACCGTAACCGCAGCCACTCTACTT,1
pos,3,22,CTGACTGTAACAGTGACAGCAGCAACCCTACTT,1
pos,3,22,CTTACCGTTACTGTAACTGCGGCGACACTCCTT,1
pos,3,23,CTAACCGTCACTGTTACTGCCGCAACTCTCCTT,4354
pos,3,23,CTCACCGTTACTGTCACTGCAGCAACCCTACTT,29
pos,3,23,CTGACGGTAACCGTAACCGCCGCGACGCTTCTT,13
pos,3,23,CTGACTGTTACAGTAACTGCTGCTACACTACTG,5
pos,3,23,CTGACCGTTACTGTCACTGCAGCAACCCTACTT,4
pos,3,23,CTCACCGTTACCGTTACAGCAGCCACTCTACTC,2
pos,3,23,CTGACCGTAACGGTCACCGCGGCAACTCTACTG,2
pos,3,23,CTCACTGTTACCGTCACTGCAGCCACCCTGCTC,1
pos,3,23,CTCACCGTTACTGTTACTGCAGCAACCCTCCTT,1
pos,3,23,CTGACAGTTACTGTCACTGCTGCTACCCTCCTA,1
pos,3,23,CTCACCGTTACTGTTACTGCAGCAACCCTACTT,1
pos,3,23,CTGACTGTTACTGTCACGGCTGCCACTCTCCTT,1
pos,3,23,CTAACCGTCACTGTCACTGCCGCAACTCTCCTT,1
pos,3,23,CTGACAGTTACCGTTACAGCAGCCACGCTTCTG,1
pos,3,23,CTGACCGTTACCGTTACAGCAGCCACGCTTCTT,1
pos,3,23,CTGACGGTAACAGTGACAGCAGCAACCCTACTT,1
pos,3,23,CTAACCGTTACTGTTACTGCAGCCACTCTCCTT,1
pos,3,23,CTGACCGTTACCGTTACTGCAGCCACACTCCTG,1
pos,3,23,CTGACCGTTACCGTTACTGCCGCCACTCTCCTT,1
pos,3,23,CTGACTGTTACCGTCACTGCAGCCACCCTGCTC,1
pos,3,23,CTCACTGTTACCGTCACTGCAGCTACCCTGCTC,1
pos,3,24,CTGACAGTTACCGTTACAGCAGCCACGCTTCTG,3716
pos,3,24,CTCACCGTTACTGTCACTGCAGCAACCCTACTT,6
pos,3,24,CTGACCGTAACGGTCACCGCGGCAACTCTACTG,3
pos,3,24,CTCACCGTTACCGTTACAGCAGCCACTCTACTC,3
pos,3,24,CTTACAGTTACCGTTACAGCAGCCACACTCCTG,2
pos,3,24,CTGACAGTTACCGTTACAGCAGCCACGCTTCTT,2
pos,3,24,CTTACAGTTACCGTTACAGCAGCCACGCTTCTG,2
pos,3,24,CTGACCGTTACTGTCACTGCAGCAACCCTACTT,1
pos,3,24,CTTACCGTTACGGTAACCGCTGCGACACTCCTG,1
pos,3,24,CTAACCGTCACAGTAACCGCAGCTACCCTGCTG,1
pos,3,24,CTGACTGTGACCGTGACTGCTGCCACTCTACTA,1
pos,3,24,CTGACTGTTACTGTCACGGCTGCCACTCTCCTT,1
pos,3,24,CTGACAGTTACCGTTACAGCAGCCACACTCCTG,1
pos,3,24,CTGACAGTTACCGTTACGGCAGCCACGCTTCTG,1
pos,3,24,CTGACTGTTACAGTAACTGCTGCTACACTACTG,1
pos,3,25,CTTACCGTAACGGTAACTGCCGCCACGCTGCTT,3904
pos,3,25,CTGACGGTAACAGTGACAGCAGCAACCCTACTT,25
pos,3,25,CTGACAGTTACCGTTACAGCAGCCACGCTTCTG,21
pos,3,25,CTCACCGTTACTGTCACTGCAGCAACCCTACTT,16
pos,3,25,CTGACAGTTACTGTCACTGCTGCTACCCTCCTA,10
pos,3,25,CTGACCGTAACGGTCACCGCGGCAACTCTACTG,10
pos,3,25,CTGACTGTTACTGTCACGGCTGCCACTCTCCTT,7
pos,3,25,CTTACTGTAACCGTCACCGCAGCGACCCTACTC,5
pos,3,25,CTGACTGTTACAGTAACTGCTGCTACACTACTG,4
pos,3,25,CTTACCGTCACGGTAACTGCCGCCACGCTGCTT,3
pos,3,25,CTTACCGTAACGGTAACTGCCGCCACACTGCTT,2
pos,3,25,CTTACCGTTACTGTGACTGCGGCGACACTCCTT,2
pos,3,25,CTCACCGTTACTGTAACTGCCGCCACCCTACTT,1
pos,3,25,CTGACCGTAACGGTCACTGCCGCAACGCTACTT,1
pos,3,25,CTTACAGTGACGGTTACGGCAGCAACACTGCTT,1
pos,3,25,CTCACCGTTACCGTTACAGCAGCCACTCTACTC,1
pos,3,25,CTCACGGTTACTGTGACCGCGGCGACCCTACTT,1
pos,3,25,CTAACCGTAACTGTGACGGCTGCAACGCTTCTG,1
pos,3,25,CTCACTGTAACCGTTACTGCAGCGACTCTGCTG,1
pos,3,25,CTTACCGTAACGGTAACTGCCGCCACCCTGCTT,1
pos,3,25,CTTACCGTAACGGTAACTGCGGCCACGCTCCTT,1
pos,3,25,CTTACCGTAACGGTAACTGCAGCCACGCTGCTT,1
pos,3,26,CTTACCGTTACGGTAACCGCTGCGACACTCCTG,4456
pos,3,26,CTCACCGTTACTGTCACTGCAGCAACCCTACTT,11
pos,3,26,CTGACCGTAACGGTCACCGCGGCAACTCTACTG,7
pos,3,26,CTGACTGTTACTGTCACGGCTGCCACTCTCCTT,7
pos,3,26,CTGACAGTTACCGTTACAGCAGCCACGCTTCTG,5
pos,3,26,CTTACCGTTACGGTAACCGCTGCGACACTCCTT,3
pos,3,26,CTGACAGTTACTGTCACTGCTGCTACCCTCCTA,3
pos,3,26,CTTACAGTTACCGTTACAGCAGCCACACTCCTG,3
pos,3,26,CTTACTGTAACCGTCACCGCAGCGACCCTACTC,3
pos,3,26,CTTACCGTTACTGTGACTGCGGCGACACTCCTT,2
pos,3,26,CTTACAGTGACGGTTACGGCAGCAACACTGCTT,2
pos,3,26,CTAACCGTCACAGTAACCGCAGCTACCCTGCTG,2
pos,3,26,CTGACTGTTACAGTAACTGCTGCTACACTACTG,2
pos,3,26,CTTACCGTTACGGTCACCGCTGCGACACTCCTG,2
pos,3,26,CTCACGGTAACTGTAACTGCGGCAACGCTACTG,2
pos,3,26,CTAACCGTAACTGTGACGGCTGCAACGCTTCTG,2
pos,3,26,CTTACCGTCACGGTAACCGCTGCGACACTCCTG,2
pos,3,26,CTTACCGTCACCGTAACCGCAGCCACTCTACTC,1
pos,3,26,CTCACAGTCACCGTGACCGCTGCGACCCTACTT,1
pos,3,26,CTTACCGTTACCGTCACCGCAGCGACCCTACTG,1
pos,3,26,CTGACCGTTACTGTCACGGCTGCCACTCTCCTT,1
pos,3,26,CTCACTGTAACCGTTACTGCAGCGACTCTGCTG,1
pos,3,26,CTGACCGTTACGGTCACCGCGGCAACTCTACTG,1
pos,3,26,CTCACCGTTACCGTTACAGCAGCCACTCTACTC,1
pos,3,26,CTTACCGTTACGGTCACCGCAGCGACCCTCCTG,1
pos,3,26,CTCACGGTTACTGTGACCGCGGCGACCCTACTT,1
pos,3,26,CTTACCGTTACTGTCACTGCAGCAACCCTCCTT,1
pos,3,27,CTAACTGTAACCGTCACTGCGGCAACTCTGCTC,17523
pos,3,27,CTTACCGTGACTGTTACCGCCGCCACTCTTCTG,254
pos,3,27,CTCACCGTTACTGTCACTGCAGCAACCCTACTT,42
pos,3,27,CTTACCGTCACCGTAACCGCAGCCACTCTACTC,27
pos,3,27,CTTACCGTTACTGTGACTGCGGCGACACTCCTT,20
pos,3,27,CTGACCGTAACGGTCACCGCGGCAACTCTACTG,10
pos,3,27,CTTACGGTGACGGTCACAGCTGCTACCCTTCTC,10
pos,3,27,CTTACTGTTACTGTTACTGCTGCTACCCTCCTG,7
pos,3,27,CTGACTGTTACAGTAACTGCTGCTACACTACTG,7
pos,3,27,CTGACAGTTACTGTCACTGCTGCTACCCTCCTA,7
pos,3,27,CTGACAGTTACCGTTACAGCAGCCACGCTTCTG,5
pos,3,27,CTAACCGTAACCGTCACTGCGGCAACTCTGCTC,5
pos,3,27,CTGACTGTTACTGTCACGGCTGCCACTCTCCTT,5
pos,3,27,CTAACTGTAACCGTCACTGCGGCAACTCTACTC,4
pos,3,27,CTGACTGTTACTGTCACTGCTGCCACTCTCCTT,4
pos,3,27,CTCACCGTTACCGTCACTGCAGCAACTCTACTC,4
pos,3,27,CTTACTGTAACCGTCACCGCAGCGACCCTACTC,3
pos,3,27,CTGACAGTTACCGTCACTGCTGCTACCCTTCTC,3
pos,3,27,CTTACAGTTACCGTTACAGCAGCCACACTCCTG,3
pos,3,27,CTCACAGTTACGGTTACTGCAGCTACTCTTCTT,2
pos,3,27,CTCACCGTTACCGTCACTGCAGCAACCCTACTT,2
pos,3,27,CTAACTGTCACCGTCACTGCGGCAACTCTGCTC,2
pos,3,27,CTTACCGTAACTGTCACTGCGGCAACTCTGCTC,2
pos,3,27,CTTACCGTGACTGTTACTGCCGCCACTCTTCTG,2
pos,3,27,CTCACTGTTACCGTCACTGCAGCTACCCTGCTC,2
pos,3,27,CTAACTGTAACCGTCACTGCGGCAACTCTCCTT,2
pos,3,27,CTCACCGTTACCGTCACAGCAGCAACTCTACTC,1
pos,3,27,CTGACTGTTACAGTCACTGCTGCTACACTACTG,1
pos,3,27,CTCACCGTTACCGTTACTGCAGCCACTCTACTC,1
pos,3,27,CTTACTGTAACCGTCACTGCAGCAACCCTACTC,1
pos,3,27,CTAACTGTAACCGTCACTGCAGCAACTCTGCTC,1
pos,3,27,CTTACAGTGACGGTCACTGCAGCAACACTGCTT,1
pos,3,27,CTTACCGTCACCGTCACTGCAGCAACTCTACTC,1
pos,3,27,CTAACTGTTACCGTCACTGCGGCAACTCTGCTC,1
pos,3,27,CTTACCGTAACGGTAACTGCCGCCACGCTGCTT,1
pos,3,27,CTAACTGTAACCGTTACTGCGGCAACTCTGCTC,1
pos,3,27,CTAACTGTAACCGTCACTGCGGCGACTCTGCTC,1
pos,3,27,CTGACTGTTACCGTCACTGCTGCAACTCTACTC,1
pos,3,27,CTCACCGTTACCGTTACAGCAGCCACTCTACTC,1
pos,3,27,CTCACGGTTACTGTCACTGCGGCAACCCTACTT,1
pos,3,27,CTTACCGTGACCGTTACCGCCGCCACTCTTCTC,1
pos,3,27,CTCACCGTTACTGTCACTGCAGCAACTCTACTT,1
pos,3,27,CTTACCGTTACTGTGACTGCGGCGACTCTCCTT,1
pos,3,27,CTCACCGTTACCGTCACTGCAGCCACTCTACTC,1
pos,3,27,CTAACCGTAACTGTCACTGCGGCAACTCTTCTC,1
pos,3,27,CTAACCGTAACTGTGACGGCTGCAACGCTTCTG,1
pos,3,27,CTGACCGTAACGGTCACTGCGGCAACTCTACTG,1
pos,3,27,CTAACTGTAACCGTCACTGCAGCAACTCTACTC,1
pos,3,27,CTAACTGTTACTGTCACTGCAGCAACCCTACTT,1
pos,3,27,CTCACGGTTACTGTGACCGCGGCGACCCTACTT,1
pos,3,27,CTCACCGTAACTGTCACTGCAGCAACCCTACTT,1
pos,3,27,CTGACAGTTACCGTCACTGCAGCCACGCTTCTG,1
pos,3,27,CTAACTGTTACTGTCACTGCGGCAACCCTGCTC,1
pos,3,27,CTAACTGTAACCGTCACTGCGGCAACCCTGCTC,1
pos,3,27,CTGACTGTAACCGTCACTGCGGCAACTCTGCTC,1
pos,3,27,CTCACTGTAACCGTCACTGCGGCAACCCTACTT,1
pos,3,28,CTTACAGTTACGGTCACTGCAGCCACGCTTCTC,6318
pos,3,28,CTCACCGTTACTGTCACTGCAGCAACCCTACTT,88
pos,3,28,CTCACCGTTACGGTAACAGCGGCAACACTCCTT,45
pos,3,28,CTGACTGTGACCGTGACTGCTGCCACTCTACTA,9
pos,3,28,CTGACCGTAACGGTCACCGCGGCAACTCTACTG,9
pos,3,28,CTTACCGTCACCGTAACCGCAGCCACTCTACTC,8
pos,3,28,CTTACTGTAACCGTCACCGCAGCGACCCTACTC,8
pos,3,28,CTGACTGTTACAGTAACTGCTGCTACACTACTG,6
pos,3,28,CTGACTGTTACTGTCACGGCTGCCACTCTCCTT,6
pos,3,28,CTGACAGTTACCGTTACAGCAGCCACGCTTCTG,6
pos,3,28,CTGACAGTTACTGTCACTGCTGCTACCCTCCTA,4
pos,3,28,CTCACCGTTACCGTTACAGCAGCCACTCTACTC,4
pos,3,28,CTTACAGTGACGGTTACGGCAGCAACACTGCTT,3
pos,3,28,CTTACAGTTACGGTCACTGCAGCCACGCTTCTT,3
pos,3,28,CTTACCGTTACTGTGACTGCGGCGACACTCCTT,3
pos,3,28,CTAACCGTAACTGTGACGGCTGCAACGCTTCTG,3
pos,3,28,CTTACTGTTACGGTCACTGCAGCCACGCTTCTC,2
pos,3,28,CTTACAGTCACGGTCACTGCAGCCACGCTTCTC,2
pos,3,28,CTTACAGTTACGGTTACTGCAGCCACGCTTCTC,1
pos,3,28,CTTACAGTTACTGTCACTGCAGCCACGCTTCTC,1
pos,3,28,CTCACGGTTACTGTGACCGCGGCGACCCTACTT,1
pos,3,28,CTTACTGTTACCGTCACTGCAGCTACCCTTCTC,1
pos,3,28,CTTACCGTTACTGTGACTGCAGCGACACTCCTT,1
pos,3,28,CTTACTGTGACCGTGACTGCAGCCACTCTACTC,1
pos,3,28,CTCACTGTTACCGTCACTGCAGCTACCCTTCTC,1
pos,3,28,CTTACAGTTACGGTCACTGCAGCCACGCTACTC,1
pos,3,28,CTTACAGTTACGGTCACTGCAGCCACCCTTCTC,1
pos,3,28,CTCACGGTTACTGTGACCGCAGCGACCCTACTT,1
pos,3,28,CTTACAGTTACCGTTACAGCAGCCACACTCCTG,1
pos,3,28,CTCACAGTTACGGTCACTGCAGCAACCCTACTT,1
pos,3,28,CTCACGGTTACCGTCACCGCCGCCACTCTACTG,1
pos,3,28,CTTACAGTTACGGTCACTGCAGCCACACTTCTC,1
pos,3,28,CTCACCGTTACCGTCACTGCAGCCACCCTACTC,1
pos,3,29,CTGACCGTCACTGTAACTGCCGCTACTCTCCTT,19634
pos,3,29,CTCACCGTTACTGTCACTGCAGCAACCCTACTT,25
pos,3,29,CTGACTGTTACTGTCACGGCTGCCACTCTCCTT,10
pos,3,29,CTGACCGTAACGGTCACCGCGGCAACTCTACTG,10
pos,3,29,CTGACCGTTACTGTAACTGCCGCTACTCTCCTT,7
pos,3,29,CTGACTGTTACAGTAACTGCTGCTACACTACTG,7
pos,3,29,CTGACAGTTACCGTTACAGCAGCCACGCTTCTG,5
pos,3,29,CTCACAGTTACAGTCACCGCAGCCACTCTGCTG,4
pos,3,29,CTTACAGTTACCGTTACAGCAGCCACACTCCTG,4
pos,3,29,CTTACCGTTACTGTGACTGCGGCGACACTCCTT,4
pos,3,29,CTGACAGTTACTGTCACTGCTGCTACCCTCCTA,3
pos,3,29,CTAACCGTAACTGTGACGGCTGCAACGCTTCTG,3
pos,3,29,CTGACCGTTACTGTCACTGCAGCAACCCTACTT,2
pos,3,29,CTGACCGTCACTGTAACTGCCGCTACTCTTCTT,2
pos,3,29,CTGACCGTCACTGTAACTGCCGCAACTCTCCTT,2
pos,3,29,CTTACAGTGACGGTTACGGCAGCAACACTGCTT,2
pos,3,29,CTTACCGTCACTGTAACTGCCGCTACTCTCCTT,2
pos,3,29,CTGACCGTTACTGTAACTGCAGCAACCCTCCTT,2
pos,3,29,CTCACTGTTACCGTCACTGCAGCTACCCTGCTC,2
pos,3,29,CTTACTGTAACCGTCACCGCAGCGACCCTACTC,2
pos,3,29,CTGACCGTTACTGTAACTGCGGCGACACTCCTT,2
pos,3,29,CTCACCGTTACCGTTACAGCAGCCACTCTACTC,2
pos,3,29,CTCACCGTTACTGTAACTGCAGCAACCCTACTT,2
pos,3,29,CTGACTGTTACAGTAACTGCTGCTACACTCCTT,1
pos,3,29,CTCACCGTCACTGTAACTGCCGCTACTCTCCTT,1
pos,3,29,CTTACCGTCACCGTAACCGCAGCCACTCTACTC,1
pos,3,29,CTGACTGTAACCGTCACCGCAGCGACCCTACTC,1
pos,3,29,CTGACCGTCACTGTCACCGCCGCCACTCTTCTT,1
pos,3,29,CTCACAGTCACCGTGACCGCTGCGACCCTACTT,1
pos,3,29,CTGACCGTCACTGTAACTGCAGCAACTCTCCTT,1
pos,3,29,CTGACCGTTACTGTCACTGCTGCTACCCTCCTA,1
pos,3,29,CTGACCGTTACTGTAACTGCCGCTACTCTACTT,1
pos,3,29,CTCACCGTTACTGTAACCGCGGCGACCCTACTT,1
pos,3,29,CTCACCGTTACGGTAACAGCGGCAACACTCCTT,1
pos,3,29,CTGACGGTCACAGTTACTGCTGCTACCCTGCTC,1
pos,3,29,CTGACCGTTACTGTAACCGCCGCTACTCTCCTT,1
pos,3,29,CTGACCGTAACTGTAACTGCTGCAACGCTCCTT,1
pos,3,29,CTGACCGTCACTGTAACTGCCGCCACTCTCCTT,1
pos,3,29,CTGACCGTTACTGTAACTGCCGCAACTCTCCTT,1
pos,3,29,CTTACCGTGACGGTAACTGCAGCAACACTCCTT,1
pos,3,29,CTGACCGTTACTGTAACTGCCGCTACCCTCCTT,1
pos,3,29,CTGACCGTCACTGTAACTGCCGCTACTCTGCTT,1
pos,3,29,CTGACAGTTACTGTCACTGCTGCTACCCTCCTT,1
pos,3,29,CTGACCGTTACAGTAACTGCTGCTACACTCCTT,1
pos,3,29,CTGACCGTTACAGTAACTGCCGCTACTCTACTT,1
pos,3,29,CTCACCGTTACTGTAACTGCAGCAACCCTCCTT,1
pos,3,29,CTGACCGTCACTGTAACGGCTGCAACGCTCCTT,1
pos,3,30,CTTACAGTTACCGTTACAGCAGCCACACTCCTG,6445
pos,3,30,CTAACCGTCACTGTTACTGCCGCAACTCTCCTT,1169
pos,3,30,CTCACCGTTACTGTCACTGCAGCAACCCTACTT,23
pos,3,30,CTGACTGTTACAGTAACTGCTGCTACACTACTG,7
pos,3,30,CTGACAGTTACCGTTACAGCAGCCACGCTTCTG,7
pos,3,30,CTAACAGTTACCGTTACAGCAGCCACACTCCTG,7
pos,3,30,CTGACCGTAACGGTCACCGCGGCAACTCTACTG,7
pos,3,30,CTGACTGTTACTGTCACGGCTGCCACTCTCCTT,6
pos,3,30,CTTACAGTTACCGTTACTGCAGCCACACTCCTG,5
pos,3,30,CTTACTGTAACCGTCACCGCAGCGACCCTACTC,4
pos,3,30,CTTACAGTGACGGTTACGGCAGCAACACTGCTT,4
pos,3,30,CTCACCGTTACCGTTACAGCAGCCACTCTACTC,4
pos,3,30,CTGACAGTTACTGTCACTGCTGCTACCCTCCTA,4
pos,3,30,CTTACCGTTACTGTGACTGCGGCGACACTCCTT,3
pos,3,30,CTCACGGTTACTGTGACCGCGGCGACCCTACTT,2
pos,3,30,CTGACTGTGACCGTGACTGCTGCCACTCTACTA,2
pos,3,30,CTTACCGTTACCGTTACAGCAGCCACACTCCTG,2
pos,3,30,CTTACCGTTACTGTTACTGCAGCAACACTCCTT,2
pos,3,30,CTCACCGTTACCGTTACTGCAGCCACTCTACTC,2
pos,3,30,CTTACCGTTACCGTTACAGCAGCCACACTCCTT,2
pos,3,30,CTTACCGTTACTGTCACTGCAGCAACCCTACTT,2
pos,3,30,CTAACCGTAACTGTGACGGCTGCAACGCTTCTG,2
pos,3,30,CTAACAGTCACTGTTACTGCCGCAACTCTCCTT,1
pos,3,30,CTTACCGTCACCGTAACCGCAGCCACTCTACTC,1
pos,3,30,CTGACCGTTACGGTCACCGCAGCAACTCTACTG,1
pos,3,30,CTAACGGTAACGGTAACGGCGGCAACCCTCCTT,1
pos,3,30,CTGACGGTAACAGTGACAGCAGCAACCCTACTT,1
pos,3,30,CTTACAGTTACCGTTACTGCAGCTACACTCCTC,1
pos,3,30,CTTACAGTTACTGTTACAGCAGCCACACTCCTG,1
pos,3,30,CTTACAGTTACCGTTACAGCAGCCACACTTCTG,1
pos,3,30,CTGACAGTCACAGTGACTGCCGCGACTCTTCTT,1
pos,3,30,CTTACCGTCACTGTTACTGCCGCCACTCTCCTT,1
pos,3,30,CTCACTGTCACTGTCACCGCCGCCACTCTTCTT,1
pos,3,30,CTCACAGTTACCGTTACAGCAGCCACACTCCTG,1
pos,3,30,CTTACAGTTACCGTTACGGCAGCCACACTCCTG,1
pos,3,30,CTTACCGTTACCGTTACAGCAGCCACTCTACTC,1
pos,3,30,CTTACAGTTACCGTTACAGCAGCCACACTCCTT,1
pos,3,30,CTTACCGTTACCGTTACTGCAGCCACACTCCTG,1
pos,3,30,CTAACCGTCACTGTTACTGCCGCAACTCTCCTG,1
pos,3,30,CTTACAGTTACCGTCACAGCAGCCACACTCCTG,1
pos,3,30,CTTACCGTTACTGTTACTGCAGCAACACTACTT,1
pos,3,30,CTTACAGTTACTGTTACTGCAGCCACACTCCTT,1
pos,3,30,CTCACTGTTACCGTGACGGCGGCTACACTACTT,1
pos,3,30,CTTACCGTTACTGTTACTGCAGCAACTCTCCTG,1
pos,3,30,CTTACCGTTACTGTTACTGCAGCAACCCTCCTT,1
pos,3,30,CTTACAGTTACTGTTACGGCAGCCACTCTCCTT,1
pos,3,30,CTTACCGTTACTGTGACGGCAGCCACGCTTCTG,1
pos,3,30,CTTACAGTTACGGTTACGGCAGCAACACTCCTT,1
pos,3,30,CTTACCGTTACTGTCACTGCAGCCACACTCCTT,1
pos,3,31,CTGACAGTTACCGTTACAGCAGCCACGCTTCTG,17296
pos,3,31,CTCACCGTTACTGTCACTGCAGCAACCCTACTT,70
pos,3,31,CTGACTGTGACCGTGACTGCTGCCACTCTACTA,53
pos,3,31,CTGACTGTGACTGTAACTGCTGCTACCCTTCTC,18
pos,3,31,CTCACAGTGACCGTCACAGCCGCCACTCTCCTA,11
pos,3,31,CTGACTGTTACTGTCACGGCTGCCACTCTCCTT,7
pos,3,31,CTTACAGTTACCGTTACAGCAGCCACACTCCTG,7
pos,3,31,CTGACCGTAACGGTCACCGCGGCAACTCTACTG,7
pos,3,31,CTGACAGTTACCGTTACAGCAGCCACGCTTCTT,6
pos,3,31,CTGACCGTTACTGTCACTGCAGCAACCCTACTT,5
pos,3,31,CTTACAGTTACCGTTACAGCAGCCACGCTTCTG,4
pos,3,31,CTTACCGTTACTGTGACTGCGGCGACACTCCTT,3
pos,3,31,CTGACTGTTACAGTAACTGCTGCTACACTACTG,3
pos,3,31,CTCACCGTTACCGTTACAGCAGCCACTCTACTC,3
pos,3,31,CTAACCGTAACTGTGACGGCTGCAACGCTTCTG,2
pos,3,31,CTGACAGTTACCGTTACAGCAGCCACTCTTCTG,2
pos,3,31,CTGACAGTTACCGTTACAGCAGCCACGCTCCTG,2
pos,3,31,CTGACAGTTACTGTCACTGCTGCCACCCTCCTA,2
pos,3,31,CTGACAGTTACCGTCACAGCAGCCACGCTTCTG,2
pos,3,31,CTGACAGTTACCGTTACTGCAGCCACGCTACTG,1
pos,3,31,CTGACAGTTACCGTTACTGCAGCCACACTCCTT,1
pos,3,31,CTGACCGTTACTGTCACTGCAGCCACGCTTCTG,1
pos,3,31,CTGACAGTTACCGTTACTGCAGCCACGCTTCTG,1
pos,3,31,CTCACCGTTACTGTCACTGCAGCCACCCTACTT,1
pos,3,31,CTGACCGTTACCGTTACAGCAGCCACGCTTCTG,1
pos,3,31,CTCACTGTTACCGTCACTGCAGCTACCCTGCTC,1
pos,3,31,CTGACCGTTACCGTCACCGCAGCCACTCTACTG,1
pos,3,31,CTGACAGTTACCGTTACAGCAGCCACACTCCTG,1
pos,3,31,CTGACTGTTACCGTGACTGCAGCCACTCTACTA,1
pos,3,31,CTTACTGTAACCGTCACCGCAGCGACCCTACTC,1
pos,3,31,CTCACAGTTACCGTCACAGCAGCCACGCTTCTG,1
pos,3,31,CTTACCGTTACTGTTACTGCGGCCACACTCCTT,1
pos,3,31,CTGACCGTTACTGTTACTGCGGCCACACTCCTT,1
pos,3,31,CTGACCGTTACCGTTACAGCAGCCACTCTACTC,1
pos,3,31,CTGACAGTTACCGTTACAGCCGCCACGCTTCTG,1
pos,3,31,CTTACAGTTACGGTTACGGCAGCAACACTGCTT,1
pos,3,31,CTTACAGTGACGGTTACGGCAGCAACACTGCTT,1
pos,3,31,CTCACGGTTACTGTGACCGCGGCGACCCTACTT,1
pos,3,31,CTGACAGTTACTGTTACAGCAGCCACGCTCCTT,1
pos,3,31,CTGACTGTTACCGTTACTGCAGCCACTCTTCTG,1
pos,3,31,CTGACGGTTACTGTTACCGCGGCCACCCTACTT,1
pos,3,31,CTCACAGTTACCGTTACAGCAGCCACGCTTCTG,1
pos,3,31,CTGACAGTTACTGTCACTGCAGCCACCCTCCTG,1
pos,3,31,CTGACCGTTACTGTCACTGCAGCAACGCTACTT,1
pos,3,31,CTCACAGTTACCGTCACAGCAGCCACCCTACTT,1
pos,3,31,CTGACCGTAACTGTTACAGCTGCCACGCTTCTG,1
pos,3,32,CTCACCGTCACCGTCACCGCTGCTACACTACTC,15275
pos,3,32,CTAACTGTAACCGTCACTGCGGCAACTCTGCTC,577
pos,3,32,CTGACAGTTACCGTTACAGCAGCCACGCTTCTG,99
pos,3,32,CTCACCGTTACTGTCACTGCAGCAACCCTACTT,77
pos,3,32,CTCACAGTGACCGTCACAGCCGCCACTCTCCTA,37
pos,3,32,CTGACTGTTACTGTCACGGCTGCCACTCTCCTT,8
pos,3,32,CTGACAGTTACTGTCACTGCTGCTACCCTCCTA,8
pos,3,32,CTGACCGTAACGGTCACCGCGGCAACTCTACTG,8
pos,3,32,CTTACAGTTACCGTTACAGCAGCCACACTCCTG,7
pos,3,32,CTGACTGTTACAGTAACTGCTGCTACACTACTG,6
pos,3,32,CTCACCGTTACCGTCACTGCAGCAACCCTACTT,5
pos,3,32,CTGACTGTGACCGTGACTGCTGCCACTCTACTA,4
pos,3,32,CTCACTGTTACCGTCACTGCAGCTACCCTGCTC,4
pos,3,32,CTTACCGTTACTGTGACTGCGGCGACACTCCTT,4
pos,3,32,CTCACCGTCACTGTCACCGCTGCTACACTACTC,3
pos,3,32,CTTACTGTAACCGTCACCGCAGCGACCCTACTC,3
pos,3,32,CTTACAGTGACGGTTACGGCAGCAACACTGCTT,3
pos,3,32,CTAACCGTAACTGTGACGGCTGCAACGCTTCTG,2
pos,3,32,CTCACCGTCACCGTCACTGCGGCAACTCTGCTC,2
pos,3,32,CTGACTGTTACCGTCACGGCTGCCACTCTCCTT,2
pos,3,32,CTGACAGTTACCGTCACAGCAGCCACGCTTCTC,2
pos,3,32,CTCACCGTTACCGTTACAGCAGCCACTCTACTC,2
pos,3,32,CTTACCGTTACTGTCACTGCGGCGACACTCCTT,2
pos,3,32,CTCACCGTCACCGTCACCGCTGCTACACTACTT,2
pos,3,32,CTTACCGTAACGGTAACTGCCGCCACGCTGCTT,1
pos,3,32,CTCACCGTTACCGTCACCGCAGCAACCCTACTC,1
pos,3,32,CTTACCGTCACCGTCACCGCAGCCACTCTACTC,1
pos,3,32,CTGACCGTTACCGTCACTGCTGCTACACTACTG,1
pos,3,32,CTGACAGTTACTGTCACTGCAGCCACCCTTCTT,1
pos,3,32,CTGACCGTCACCGTCACCGCTGCTACACTACTC,1
pos,3,32,CTCACCGTTACCGTCACTGCAGCTACCCTACTC,1
pos,3,32,CTCACCGTTACCGTGACTGCAGCGACACTCCTT,1
pos,3,32,CTCACCGTTACCGTCACTGCAGCTACACTGCTC,1
pos,3,32,CTGACAGTTACCGTTACAGCAGCCACGCTTCTT,1
pos,3,32,CTAACCGTCACCGTCACCGCTGCAACACTTCTC,1
pos,3,32,CTCACCGTCACCGTCACGGCTGCAACACTACTC,1
pos,3,32,CTCACCGTCACCGTCACCGCGGCAACCCTCCTC,1
pos,3,32,CTGACTGTTACAGTCACTGCTGCTACACTACTG,1
pos,3,32,CTCACCGTGACCGTCACAGCCGCCACTCTACTC,1
pos,3,32,CTCACCGTTACCGTCACTGCAGCAACACTACTC,1
pos,3,32,CTCACGGTTACTGTGACCGCGGCGACCCTACTT,1
pos,3,32,CTCACCGTCACCGTCACCGCTGCTACTCTACTC,1
pos,3,32,CTCACCGTCACCGTCACTGCTGCAACACTCCTC,1
pos,3,32,CTCACCGTTACCGTTACAGCAGCCACACTACTC,1
pos,3,32,CTCACCGTAACCGTCACTGCTGCTACACTACTC,1
pos,3,32,CTTACCGTTACCGTGACTGCGGCGACACTCCTT,1
pos,3,32,CTGACAGTTACCGTCACCGCTGCTACACTCCTC,1
pos,3,32,CTCACCGTCACCGTCACCGCTGCTACGCTACTC,1
pos,3,32,CTCACCGTCACCGTCACCGCTGCTACACTCCTC,1
pos,3,32,CTCACAGTGACCGTCACAGCCGCCACTCTCCTC,1
pos,3,32,CTAACCGTAACTGTGACGGCAGCAACGCTTCTG,1
pos,3,32,CTCACCGTCACCGTCACTGCTGCAACACTACTC,1
pos,3,32,CTAACTGTAACCGTCACTGCGGCAACTCTGCTT,1
pos,3,32,CTTACTGTCACCGTCACCGCAGCGACCCTACTC,1
pos,3,32,CTCACGGTCACCGTCACCGCTGCTACACTACTC,1
pos,3,32,CTGACCGTTACCGTCACTGCTGCTACACTACTC,1
pos,3,32,CTCACCGTAACGGTCACCGCGGCAACTCTACTG,1
pos,3,32,CTCACCGTTACCGTCACTGCAGCAACTCTACTC,1
pos,3,32,CTAACTGTCACCGTCACCGCGGCAACTCTACTC,1
pos,3,32,CTCACCGTCACCGTCACCGCTGCCACACTACTC,1
pos,3,32,CTGACTGTTACCGTCACTGCTGCTACACTACTG,1
pos,3,32,CTAACCGTCACCGTCACGGCTGCAACGCTTCTG,1
pos,3,32,CTCACCGTCACCGTCACCGCTGCTACCCTACTC,1
pos,3,32,CTCACCGTCACCGTCACTGCTGCTACACTACTC,1
neg,3,1,CTCACCGTTACTGTCACTGCAGCAACCCTACTT,35
neg,3,1,CTTACTGTTACGGTTACAGCCGCCACCCTTCTT,19
neg,3,1,CTGACAGTCACAGTGACTGCCGCGACTCTTCTT,15
neg,3,1,CTTACAGTTACCGTTACAGCAGCCACACTCCTG,14
neg,3,1,CTGACAGTTACCGTTACAGCAGCCACGCTTCTG,5
neg,3,1,CTAACTGTAACAGTTACTGCTGCGACTCTACTT,4
neg,3,1,CTGACTGTTACTGTCACGGCTGCCACTCTCCTT,4
neg,3,1,CTTACCGTTACTGTGACTGCGGCGACACTCCTT,3
neg,3,1,CTGACCGTAACGGTCACCGCGGCAACTCTACTG,2
neg,3,1,CTGACTGTAACGGTCACCGCTGCTACACTCCTT,2
neg,3,1,CTCACCGTTACTGTCACTGCGGCGACCCTCCTT,1
neg,3,2,CTGACCGTAACGGTCACCGCGGCAACTCTACTG,22
neg,3,2,CTGACGGTAACAGTGACAGCAGCAACCCTACTT,3
neg,3,2,CTGACTGTTACTGTCACGGCTGCCACTCTCCTT,2
neg,3,2,CTCACGGTTACCGTCACCGCCGCCACTCTACTG,2
neg,3,2,CTCACCGTTACTGTCACTGCAGCAACCCTACTT,1
neg,3,2,CTGACAGTTACCGTTACAGCAGCCACGCTTCTG,1
neg,3,2,CTAACTGTCACCGTCACGGCAGCAACACTGCTC,1
neg,3,3,CTCACCGTTACTGTCACTGCAGCAACCCTACTT,82
neg,3,3,CTGACTGTTACAGTAACTGCTGCTACACTACTG,17
neg,3,3,CTGACCGTAACGGTCACCGCGGCAACTCTACTG,8
neg,3,3,CTTACTGTAACCGTCACCGCAGCGACCCTACTC,4
neg,3,3,CTGACAGTTACCGTTACAGCAGCCACGCTTCTG,3
neg,3,3,CTGACTGTTACTGTCACGGCTGCCACTCTCCTT,2
neg,3,3,CTCACAGTCACAGTCACTGCAGCTACGCTACTT,1
neg,3,3,CTTACCGTAACGGTAACTGCCGCCACGCTGCTT,1
neg,3,3,CTGACAGTTACTGTCACTGCTGCTACCCTCCTA,1
neg,3,4,CTCACCGTTACTGTCACTGCAGCAACCCTACTT,618
neg,3,4,CTGACCGTAACCGTAACGGCTGCTACCCTCCTA,8
neg,3,4,CTGACCGTAACGGTCACCGCGGCAACTCTACTG,6
neg,3,4,CTGACAGTTACCGTTACAGCAGCCACGCTTCTG,6
neg,3,4,CTGACTGTTACTGTCACGGCTGCCACTCTCCTT,3
neg,3,4,CTCACCGTTACTGTGACTGCAGCAACCCTACTT,1
neg,3,4,CTGACGGTAACAGTGACAGCAGCAACCCTACTT,1
neg,3,4,CTGACAGTTACTGTCACTGCTGCTACCCTCCTA,1
neg,3,4,CTCACAGTCACAGTCACTGCAGCTACGCTACTT,1
neg,3,4,CTGACTGTCACTGTTACAGCTGCTACACTACTT,1
neg,3,4,CTCACGGTTACCGTCACCGCAGCCACTCTACTT,1
neg,3,5,CTGACTGTGACTGTAACTGCTGCTACCCTTCTC,1346
neg,3,5,CTGACTGTTACTGTCACGGCTGCCACTCTCCTT,543
neg,3,5,CTCACCGTTACTGTCACTGCAGCAACCCTACTT,12
neg,3,5,CTGACCGTAACGGTCACCGCGGCAACTCTACTG,12
neg,3,5,CTGACCGTAACCGTAACGGCTGCTACCCTCCTA,5
neg,3,5,CTGACAGTTACCGTTACAGCAGCCACGCTTCTG,4
neg,3,5,CTTACAGTTACCGTTACAGCAGCCACACTCCTG,3
neg,3,5,CTGACAGTCACAGTGACTGCCGCGACTCTTCTT,1
neg,3,5,CTGACTGTTACAGTAACTGCTGCTACACTACTG,1
neg,3,5,CTCACAGTCACAGTCACTGCAGCTACGCTACTT,1
neg,3,5,CTTACCGTTACTGTGACTGCGGCGACACTCCTT,1
neg,3,5,CTCACTGTGACTGTAACTGCTGCTACCCTTCTC,1
neg,3,5,CTGACAGTTACTGTCACTGCTGCTACCCTCCTA,1
neg,3,5,CTGACCGTTACTGTAACTGCAGCAACCCTACTT,1
neg,3,5,CTGACTGTTACTGTCACAGCAGCCACCCTTCTT,1
neg,3,5,CTGACTGTCACTGTTACAGCTGCTACACTACTT,1
neg,3,5,CTTACCGTAACGGTAACTGCCGCCACGCTGCTT,1
neg,3,5,CTCACGGTTACCGTCACCGCCGCCACTCTACTG,1
neg,3,6,CTGACAGTCACAGTGACTGCCGCGACTCTTCTT,9
neg,3,6,CTCACCGTTACCGTTACAGCAGCCACTCTACTC,6
neg,3,6,CTGACCGTAACGGTCACCGCGGCAACTCTACTG,4
neg,3,6,CTCACCGTTACTGTCACTGCAGCAACCCTACTT,4
neg,3,6,CTGACAGTTACCGTTACAGCAGCCACGCTTCTG,3
neg,3,6,CTGACTGTGACTGTAACTGCTGCTACCCTTCTC,1
neg,3,6,CTGACTGTTACTGTCACGGCTGCCACTCTCCTT,1
neg,3,7,CTTACAGTTACCGTTACAGCAGCCACACTCCTG,41
neg,3,7,CTGACTGTCACTGTTACAGCTGCTACACTACTT,11
neg,3,7,CTGACTGTTACTGTCACGGCTGCCACTCTCCTT,3
neg,3,7,CTCACCGTTACTGTCACTGCAGCAACCCTACTT,3
neg,3,7,CTGACCGTAACGGTCACCGCGGCAACTCTACTG,2
neg,3,7,CTGACAGTTACCGTTACAGCAGCCACGCTTCTG,2
neg,3,8,CTGACAGTTACCGTTACAGCAGCCACGCTTCTG,28
neg,3,8,CTCACCGTTACTGTCACTGCAGCAACCCTACTT,15
neg,3,8,CTGACCGTCACTGTCACTGCCGCCACGCTTCTA,9
neg,3,8,CTTACGGTGACGGTCACAGCTGCTACCCTTCTC,7
neg,3,8,CTCACAGTCACAGTCACTGCAGCTACGCTACTT,6
neg,3,8,CTGACTGTCACCGTCACCGCAGCAACCCTCCTG,3
neg,3,8,CTGACCGTAACGGTCACCGCGGCAACTCTACTG,2
neg,3,8,CTGACTGTTACAGTAACTGCTGCTACACTACTG,2
neg,3,8,CTTACAGTTACCGTTACAGCAGCCACACTCCTG,1
neg,3,8,CTTACCGTAACGGTAACTGCCGCCACGCTGCTT,1
neg,3,8,CTGACAGTCACAGTGACTGCCGCGACTCTTCTT,1
neg,3,8,CTGACTGTTACTGTCACGGCTGCCACTCTCCTT,1
