type,species,mos,plaque,sequence,counts
pos,Aae,4,18,CTGACAGTTACCGTAACCGCCGCAACCCTTCTA,14226
pos,Aae,4,18,CTAACCGTCACAGTAACCGCAGCTACCCTGCTG,41
pos,Aae,4,18,CTAACTGTTACGGTAACAGCTGCGACGCTTCTC,17
pos,Aae,4,18,CTGACAGTCACCGTAACCGCCGCAACCCTTCTA,2
pos,Aae,4,18,CTCACAGTCACCGTGACCGCTGCGACCCTACTT,2
pos,Aae,4,18,CTGACAGTTACCGTAACCGCTGCAACCCTTCTA,2
pos,Aae,4,18,CTGACAGTTACCGTAACCGCCGCAACCCTGCTA,2
pos,Aae,4,18,CTAACAGTCACAGTAACCGCAGCTACCCTCCTG,1
pos,Aae,4,18,CTAACAGTTACCGTAACCGCCGCAACCCTTCTA,1
pos,Aae,4,18,CTGACAGTTACCGTTACCGCCGCAACCCTTCTA,1
pos,Aae,4,18,CTAACGGTTACTGTAACGGCAGCTACCCTCCTC,1
pos,Aae,4,18,CTGACAGTTACCGTGACCGCCGCAACCCTTCTA,1
pos,Aae,4,18,CTGACAGTTACTGTAACCGCCGCAACCCTTCTA,1
pos,Aae,4,18,CTAACAGTCACAGTAACCGCAGCTACCCTGCTG,1
pos,Aae,4,18,CTGACAGTTACCGTAACCGCCGCGACCCTTCTA,1
pos,Aae,4,18,CTGACAGTTACCGTAACCGCCGCAACCCTCCTA,1
pos,Aae,4,18,CTGACAGTTACCGTAACCGCCGCAACCCTTCTT,1
pos,Aae,26,10,CTTACGGTTACTGTGACGGCAGCTACCCTCCTC,15888
pos,Aae,26,10,CTAACTGTTACGGTAACAGCTGCGACGCTTCTC,18
pos,Aae,26,10,CTTACGGTTACTGTGACGGCAGCTACCCTCCTT,11
pos,Aae,26,10,CTAACCGTCACAGTAACCGCAGCTACCCTGCTG,9
pos,Aae,26,10,CTTACGGTTACTGTGACGGCAGCCACCCTCCTC,3
pos,Aae,26,10,CTTACGGTTACTGTTACGGCAGCTACCCTCCTC,2
pos,Aae,26,10,CTTACCGTTACTGTGACGGCAGCTACCCTCCTC,2
pos,Aae,26,10,CTTACTGTTACTGTGACGGCAGCTACCCTCCTC,2
pos,Aae,26,10,CTTACGGTTACTGTGACTGCAGCTACCCTCCTC,2
pos,Aae,26,10,CTCACGGTTACTGTGACGGCAGCTACCCTCCTC,2
pos,Aae,26,10,CTTACGGTTACTGTGACCGCAGCTACCCTCCTC,1
pos,Aae,26,10,CTAACCGTTACTGTAACCGCAGCTACCCTCCTG,1
pos,Aae,26,10,CTTACGGTTACTGTGACAGCAGCTACCCTCCTC,1
pos,Aae,26,10,CTTACGGTTACTGTGACGGCGGCTACCCTCCTC,1
pos,Aae,26,10,CTTACAGTCACAGTTACCGCCGCCACCCTACTC,1
pos,Aae,26,10,CTAACCGTTACAGTAACCGCAGCTACCCTCCTG,1
pos,Aae,26,11,CTTACGGTTACTGTGACGGCAGCTACCCTCCTC,7340
pos,Aae,26,11,CTAACTGTTACGGTAACAGCTGCGACGCTTCTC,14
pos,Aae,26,11,CTTACGGTTACTGTGACGGCAGCTACCCTCCTT,9
pos,Aae,26,11,CTCACGGTTACTGTGACGGCAGCTACCCTCCTC,5
pos,Aae,26,11,CTTACGGTTACTGTGACTGCAGCTACCCTCCTC,4
pos,Aae,26,11,CTTACGGTCACTGTGACGGCAGCTACCCTCCTC,4
pos,Aae,26,11,CTAACCGTCACAGTAACCGCAGCTACCCTGCTG,4
pos,Aae,26,11,CTTACTGTTACTGTGACGGCAGCTACCCTCCTC,3
pos,Aae,26,11,CTTACGGTTACTGTGACGGCAGCTACCCTTCTC,2
pos,Aae,26,11,CTTACGGTTACTGTGACGGCAGCCACCCTCCTC,2
pos,Aae,26,11,CTCACAGTCACCGTGACCGCTGCGACCCTACTT,1
pos,Aae,26,11,CTTACGGTTACTGTGACAGCAGCTACCCTCCTC,1
pos,Aae,26,11,CTTACGGTTACTGTTACGGCAGCTACCCTCCTC,1
pos,Aae,26,11,CTTACGGTTACTGTGACGGCAGCGACCCTCCTC,1
pos,Aae,26,11,CTTACGGTGACCGTAACGGCAGCTACTCTCCTC,1
pos,Aae,26,11,CTTACGGTTACTGTGACGGCGGCTACCCTCCTC,1
pos,Aae,26,11,CTTACCGTTACTGTGACTGCGGCGACACTCCTT,1
pos,Aae,26,11,CTTACGGTTACTGTGACCGCAGCTACCCTCCTC,1
pos,Aae,26,11,CTCACAGTTACCGTGACCGCTGCGACCCTACTT,1
pos,Aae,26,11,CTTACCGTTACTGTGACGGCAGCTACCCTCCTC,1
pos,Aae,26,12,CTTACGGTTACTGTGACGGCAGCTACCCTCCTC,28247
pos,Aae,26,12,CTAACTGTTACGGTAACAGCTGCGACGCTTCTC,18
pos,Aae,26,12,CTAACCGTCACAGTAACCGCAGCTACCCTGCTG,10
pos,Aae,26,12,CTTACTGTTACTGTGACGGCAGCTACCCTCCTC,4
pos,Aae,26,12,CTTACGGTTACTGTGACGGCAGCTACCCTCCTT,4
pos,Aae,26,12,CTTACGGTTACTGTGACTGCAGCTACCCTCCTC,3
pos,Aae,26,12,CTTACGGTTACTGTGACGGCAGCTACACTCCTC,2
pos,Aae,26,12,CTCACGGTTACTGTGACGGCAGCTACCCTCCTC,1
pos,Aae,26,12,CTTACCGTCACAGTAACCGCAGCTACCCTGCTG,1
pos,Aae,26,12,CTTACGGTCACTGTGACGGCAGCTACCCTCCTC,1
pos,Aae,26,12,CTTACGGTTACTGTGACGGCAGCCACCCTCCTC,1
pos,Aae,26,12,CTTACGGTTACTGTTACGGCAGCTACCCTCCTC,1
pos,Aae,26,12,CTTACGGTTACTGTGACCGCAGCTACCCTCCTC,1
pos,Aae,26,12,CTTACGGTTACTGTCACGGCAGCTACCCTCCTC,1
pos,Aae,26,12,CTTACGGTTACTGTGACGGCAGCAACCCTCCTT,1
pos,Aae,26,12,CTTACGGTGACCGTAACGGCAGCTACTCTACTC,1
pos,Aae,26,12,CTAACTGTTACTGTGACGGCAGCTACCCTCCTC,1
pos,Aae,26,12,CTTACGGTTACTGTGACGGCAGCTACTCTCCTC,1
pos,Aae,26,12,CTCACCGTTACTGTCACTGCAGCAACCCTACTT,1
pos,Aae,26,12,CTTACGGTTACCGTAACGGCAGCTACTCTACTC,1
pos,Aae,26,12,CTTACCGTTACTGTGACGGCAGCTACCCTCCTC,1
pos,Aae,26,13,CTTACGGTTACTGTGACGGCAGCTACCCTCCTC,4695
pos,Aae,26,13,CTAACTGTTACGGTAACAGCTGCGACGCTTCTC,16
pos,Aae,26,13,CTAACCGTCACAGTAACCGCAGCTACCCTGCTG,13
pos,Aae,26,13,CTTACGGTTACTGTTACGGCAGCTACCCTCCTC,3
pos,Aae,26,13,CTTACGGTCACTGTGACGGCAGCTACCCTCCTC,2
pos,Aae,26,13,CTTACTGTTACTGTGACGGCAGCTACCCTCCTC,2
pos,Aae,26,13,CTTACAGTTACCGTGACCGCTGCGACCCTACTT,1
pos,Aae,26,13,CTTACGGTTACTGTGACGGCAGCTACCCTTCTC,1
pos,Aae,26,13,CTTACGGTTACTGTGACCGCAGCTACCCTCCTC,1
pos,Aae,26,13,CTTACGGTTACTGTGACGGCAGCAACCCTCCTC,1
pos,Aae,26,13,CTTACGGTTACTGTGACTGCAGCTACCCTCCTC,1
pos,Aae,26,13,CTCACAGTCACCGTGACCGCTGCGACCCTACTT,1
pos,Aae,26,13,CTTACGGTGACCGTAACGGCAGCTACTCTACTC,1
pos,Aae,26,13,CTTACGGTTACCGTAACGGCAGCTACTCTACTC,1
pos,Aae,26,13,CTTACGGTTACTGTGACGGCTGCTACCCTCCTC,1
pos,Aae,26,13,CTTACGGTTACTGTGACGGCAGCTACCCTCCTT,1
pos,Aae,26,13,CTTACCGTTACTGTGACTGCGGCGACACTCCTT,1
pos,Aae,26,13,CTTACAGTTACTGTGACGGCAGCTACCCTCCTC,1
pos,Aae,26,14,CTTACGGTTACTGTGACGGCAGCTACCCTCCTC,33046
pos,Aae,26,14,CTTACGGTTACTGTGACGGCAGCTACCCTCCTT,7
pos,Aae,26,14,CTAACTGTTACGGTAACAGCTGCGACGCTTCTC,3
pos,Aae,26,14,CTTACTGTTACTGTGACGGCAGCTACCCTCCTC,2
pos,Aae,26,14,CTAACCGTCACAGTAACCGCAGCTACCCTGCTG,2
pos,Aae,26,14,CTTACGGTTACCGTGACGGCAGCTACCCTCCTC,2
pos,Aae,26,14,CTTACGGTTACTGTGACCGCAGCTACCCTCCTC,1
pos,Aae,26,14,CTTACGGTTACTGTGACTGCAGCTACCCTCCTC,1
pos,Aae,26,14,CTTACGGTTACTGTGACAGCAGCTACCCTCCTC,1
pos,Aae,26,14,CTTACCGTTACTGTGACGGCAGCTACCCTCCTC,1
pos,Aae,26,14,CTTACGGTTACTGTGACGGCAGCCACCCTCCTC,1
pos,Aae,26,15,CTTACGGTTACTGTGACGGCAGCTACCCTCCTC,6684
pos,Aae,26,15,CTAACCGTCACAGTAACCGCAGCTACCCTGCTG,11
pos,Aae,26,15,CTTACGGTTACTGTGACGGCAGCTACCCTCCTT,9
pos,Aae,26,15,CTTACGGTTACTGTGACTGCAGCTACCCTCCTC,4
pos,Aae,26,15,CTAACTGTTACGGTAACAGCTGCGACGCTTCTC,4
pos,Aae,26,15,CTTACTGTTACTGTGACGGCAGCTACCCTCCTC,3
pos,Aae,26,15,CTTACGGTTACTGTCACGGCAGCTACCCTCCTC,2
pos,Aae,26,15,CTTACGGTTACTGTGACGGCAGCCACCCTCCTC,2
pos,Aae,26,15,CTTACGGTTACTGTGACGGCAGCTACCCTCCTG,1
pos,Aae,26,15,CTTACAGTTACCGTAACGGCAGCTACTCTCCTC,1
pos,Aae,26,15,CTCACGGTTACTGTGACGGCAGCTACCCTCCTC,1
pos,Aae,26,15,CTTACGGTTACGGTGACGGCAGCTACCCTCCTC,1
pos,Aae,26,15,CTTACGGTTACTGTTACGGCAGCTACCCTCCTC,1
pos,Aae,26,15,CTCACCGTTACTGTCACTGCAGCAACCCTACTT,1
pos,Aae,26,15,CTTACTGTTACTGTGACTGCAGCTACCCTCCTC,1
pos,Aae,26,15,CTCACAGTCACCGTGACCGCTGCGACCCTACTT,1
pos,Aae,26,15,CTCACGGTTACTGTGACGGCAGCAACCCTCCTC,1
pos,Aae,26,15,CTTACGGTTACTGTGACGGCAGCTACTCTCCTC,1
pos,Aae,26,15,CTTACCGTTACTGTGACGGCAGCTACCCTCCTC,1
pos,Aae,26,15,CTTACGGTTACTGTGACAGCAGCTACCCTCCTC,1
pos,Aae,26,15,CTTACGGTTACTGTCACCGCCGCCACTCTTCTT,1
pos,Aae,26,15,CTCACAGTCACCGTGACCGCTGCGACCCTCCTT,1
pos,Aae,26,16,CTTACGGTTACTGTGACGGCAGCTACCCTCCTC,7333
pos,Aae,26,16,CTAACCGTCACAGTAACCGCAGCTACCCTGCTG,33
pos,Aae,26,16,CTAACTGTTACGGTAACAGCTGCGACGCTTCTC,21
pos,Aae,26,16,CTTACGGTTACTGTGACGGCAGCTACCCTCCTT,5
pos,Aae,26,16,CTCACCGTTACTGTCACTGCAGCAACCCTACTT,5
pos,Aae,26,16,CTTACGGTGACCGTAACGGCAGCTACTCTACTC,4
pos,Aae,26,16,CTTACGGTTACTGTGACAGCAGCTACCCTCCTC,3
pos,Aae,26,16,CTTACTGTTACTGTGACGGCAGCTACCCTCCTC,3
pos,Aae,26,16,CTCACGGTTACTGTGACGGCAGCTACCCTCCTC,2
pos,Aae,26,16,CTTACGGTTACTGTTACGGCAGCTACCCTCCTC,2
pos,Aae,26,16,CTTACGGTTACTGTGACTGCAGCTACCCTCCTC,2
pos,Aae,26,16,CTTACAGTTACCGTGACCGCAGCGACCCTCCTT,1
pos,Aae,26,16,CTTACCGTTACTGTGACTGCGGCGACACTCCTT,1
pos,Aae,26,16,CTTACGGTTACTGTGACGGCAGCCACCCTCCTC,1
pos,Aae,26,16,CTTACGGTTACTGTGACGGCAGCTACCCTACTC,1
pos,Aae,26,16,CTTACGGTTACTGTGACGGCAGCAACCCTCCTC,1
pos,Aae,26,16,CTTACGGTTACCGTGACGGCAGCTACCCTCCTC,1
pos,Aae,26,16,CTTACGGTTACTGTGACGGCGGCTACCCTCCTC,1
pos,Aae,26,16,CTTACGGTTACTGTGACGGCAGCTACCCTTCTC,1
pos,Aae,26,16,CTCACAGTCACCGTGACCGCTGCGACCCTACTT,1
pos,Aae,26,16,CTGACAGTTACCGTAACCGCCGCAACCCTTCTA,1
pos,Aae,26,16,CTAACTGTTACGGTAACAGCTGCGACGCTTCTT,1
pos,Aae,26,16,CTAACTGTTACTGTGACTGCAGCAACACTCCTG,1
pos,Aae,26,17,CTTACGGTTACTGTGACGGCAGCTACCCTCCTC,6052
pos,Aae,26,17,CTAACTGTTACGGTAACAGCTGCGACGCTTCTC,18
pos,Aae,26,17,CTAACCGTCACAGTAACCGCAGCTACCCTGCTG,14
pos,Aae,26,17,CTTACGGTTACTGTGACGGCAGCTACCCTCCTT,5
pos,Aae,26,17,CTTACGGTTACTGTTACGGCAGCTACCCTCCTC,4
pos,Aae,26,17,CTTACGGTCACTGTGACGGCAGCTACCCTCCTC,1
pos,Aae,26,17,CTTACGGTTACTGTGACGGCAGCCACCCTCCTT,1
pos,Aae,26,17,CTTACTGTTACTGTGACGGCAGCAACCCTCCTC,1
pos,Aae,26,17,CTTACCGTTACTGTGACTGCGGCGACACTCCTT,1
pos,Aae,26,17,CTCACAGTCACCGTGACCGCTGCGACCCTACTT,1
pos,Aae,26,17,CTTACGGTGACCGTAACGGCAGCTACTCTCCTC,1
pos,Aae,26,17,CTCACAGTTACCGTGACCGCTGCGACCCTCCTT,1
pos,Aae,26,17,CTTACTGTTACTGTGACGGCAGCTACCCTCCTC,1
pos,Aae,26,17,CTTACGGTTACTGTGACGGCTGCTACCCTCCTC,1
pos,Aae,26,17,CTCACGGTTACTGTGACGGCAGCTACCCTCCTC,1
pos,Aae,26,17,CTTACGGTTACCGTGACGGCAGCTACCCTCCTC,1
pos,Aae,26,18,CTTACGGTTACTGTGACGGCAGCTACCCTCCTC,8552
pos,Aae,26,18,CTAACTGTTACGGTAACAGCTGCGACGCTTCTC,15
pos,Aae,26,18,CTTACGGTTACTGTGACGGCAGCTACCCTCCTT,6
pos,Aae,26,18,CTTACGGTTACTGTTACGGCAGCTACCCTCCTC,6
pos,Aae,26,18,CTAACCGTCACAGTAACCGCAGCTACCCTGCTG,3
pos,Aae,26,18,CTTACGGTTACGGTGACGGCAGCTACCCTCCTC,3
pos,Aae,26,18,CTTACGGTTACTGTCACGGCAGCTACCCTCCTC,2
pos,Aae,26,18,CTTACGGTTACTGTGACGGCAGCCACCCTCCTC,2
pos,Aae,26,18,CTTACGGTTACTGTGACGGCAGCAACCCTCCTC,1
pos,Aae,26,18,CTTACGGTTACTGTGACGGCGGCTACCCTCCTC,1
pos,Aae,26,18,CTTACTGTTACTGTGACGGCAGCTACCCTCCTC,1
pos,Aae,26,18,CTTACCGTTACTGTGACGGCAGCTACCCTCCTC,1
pos,Aae,26,18,CTTACCGTTACTGTGACTGCGGCGACACTCCTT,1
pos,Aae,26,18,CTTACGGTTACCGTGACGGCAGCTACCCTCCTC,1
pos,Aae,26,18,CTTACGGTTACTGTGACCGCAGCTACCCTCCTC,1
pos,Aae,26,18,CTCACGGTTACTGTGACGGCAGCTACCCTCCTC,1
pos,Aae,26,18,CTTACGGTTACTGTGACGGCAGCTACCCTTCTC,1
pos,Aae,26,18,CTTACGGTCACTGTGACGGCAGCTACCCTCCTC,1
pos,Aae,26,18,CTAACCGTCACAGTAACCGCAGCTACCCTGCTC,1
pos,Aae,26,18,CTCACAGTCACCGTGACCGCTGCGACCCTACTT,1
pos,Aae,26,18,CTTACAGTTACCGTAACGGCAGCTACTCTACTC,1
pos,Aae,26,18,CTTACGGTTACTGTGACTGCAGCTACCCTCCTC,1
pos,Aae,26,1,CTTACGGTTACTGTGACGGCAGCTACCCTCCTC,9940
pos,Aae,26,1,CTAACCGTCACAGTAACCGCAGCTACCCTGCTG,28
pos,Aae,26,1,CTAACTGTTACGGTAACAGCTGCGACGCTTCTC,27
pos,Aae,26,1,CTTACGGTTACTGTGACGGCAGCTACCCTCCTT,6
pos,Aae,26,1,CTTACTGTTACTGTGACGGCAGCTACCCTCCTC,4
pos,Aae,26,1,CTCACGGTTACTGTGACGGCAGCTACCCTCCTC,3
pos,Aae,26,1,CTCACAGTCACCGTGACCGCTGCGACCCTACTT,2
pos,Aae,26,1,CTTACGGTTACTGTTACGGCAGCTACCCTCCTC,2
pos,Aae,26,1,CTTACGGTTACTGTGACGGCAGCTACCCTTCTC,2
pos,Aae,26,1,CTTACGGTTACTGTGACGGCAGCCACCCTCCTC,1
pos,Aae,26,1,CTTACGGTTACCGTGACGGCAGCTACCCTCCTC,1
pos,Aae,26,1,CTTACGGTTACGGTGACGGCAGCTACCCTCCTC,1
pos,Aae,26,1,CTTACGGTTACTGTGACTGCAGCTACCCTCCTC,1
pos,Aae,26,1,CTAACCGTTACTGTAACCGCAGCTACCCTCCTG,1
pos,Aae,26,1,CTTACGGTTACTGTGACGGCAGCTACCCTCCTG,1
pos,Aae,26,1,CTTACGGTTACTGTCACGGCAGCTACCCTCCTC,1
pos,Aae,26,3,CTTACGGTTACTGTGACGGCAGCTACCCTCCTC,6015
pos,Aae,26,3,CTAACCGTCACAGTAACCGCAGCTACCCTGCTG,10
pos,Aae,26,3,CTAACTGTTACGGTAACAGCTGCGACGCTTCTC,6
pos,Aae,26,3,CTTACGGTTACTGTGACGGCAGCTACCCTCCTT,4
pos,Aae,26,3,CTTACGGTTACTGTGACTGCAGCTACCCTCCTC,3
pos,Aae,26,3,CTTACGGTTACTGTTACGGCAGCTACCCTCCTC,3
pos,Aae,26,3,CTTACTGTTACTGTGACGGCAGCTACCCTCCTC,2
pos,Aae,26,3,CTCACGGTTACTGTGACGGCAGCTACCCTCCTC,2
pos,Aae,26,3,CTTACGGTTACCGTGACGGCAGCTACCCTCCTC,2
pos,Aae,26,3,CTCACCGTTACGGTAACAGCGGCAACACTCCTT,1
pos,Aae,26,3,CTGACCGTAACGGTCACCGCGGCAACTCTACTG,1
pos,Aae,26,3,CTTACGGTTACTGTGACGGCAGCTACCCTCCTA,1
pos,Aae,26,3,CTTACCGTTACTGTGACGGCAGCTACCCTCCTC,1
pos,Aae,26,4,CTTACGGTTACTGTGACGGCAGCTACCCTCCTC,4493
pos,Aae,26,4,CTAACTGTTACGGTAACAGCTGCGACGCTTCTC,122
pos,Aae,26,4,CTAACCGTCACAGTAACCGCAGCTACCCTGCTG,17
pos,Aae,26,4,CTTACGGTTACTGTTACGGCAGCTACCCTCCTC,3
pos,Aae,26,4,CTTACGGTTACTGTGACGGCAGCTACCCTCCTT,3
pos,Aae,26,4,CTTACGGTTACTGTGACGGCAGCCACCCTCCTC,2
pos,Aae,26,4,CTTACGGTTACTGTGACTGCAGCTACCCTCCTC,2
pos,Aae,26,4,CTGACGGTTACTGTGACGGCAGCTACCCTCCTC,1
pos,Aae,26,4,CTTACGGTTACCGTGACGGCAGCTACCCTCCTC,1
pos,Aae,26,4,CTAACAGTTACAGTAACCGCAGCTACCCTGCTG,1
pos,Aae,26,4,CTCACGGTTACTGTGACGGCAGCTACCCTCCTC,1
pos,Aae,26,4,CTTACTGTTACTGTGACGGCAGCTACCCTCCTC,1
pos,Aae,26,4,CTTACGGTTACTGTGACCGCAGCTACCCTCCTC,1
pos,Aae,26,4,CTTACAGTCACAGTTACCGCCGCCACCCTACTC,1
pos,Aae,26,5,CTTACGGTTACTGTGACGGCAGCTACCCTCCTC,7286
pos,Aae,26,5,CTAACCGTCACAGTAACCGCAGCTACCCTGCTG,36
pos,Aae,26,5,CTAACTGTTACGGTAACAGCTGCGACGCTTCTC,26
pos,Aae,26,5,CTTACGGTTACTGTGACGGCAGCTACCCTCCTT,4
pos,Aae,26,5,CTTACTGTTACTGTGACGGCAGCTACCCTCCTC,4
pos,Aae,26,5,CTTACGGTTACTGTTACGGCAGCTACCCTCCTC,2
pos,Aae,26,5,CTTACGGTTACTGTGACGGCAGCAACCCTCCTC,1
pos,Aae,26,5,CTTACAGTTACTGTTACGGCAGCCACCCTCCTC,1
pos,Aae,26,5,CTCACAGTCACCGTGACCGCTGCGACCCTACTT,1
pos,Aae,26,5,CTTACGGTTACTGTGACGGCAGCTACTCTCCTC,1
pos,Aae,26,5,CTTACGGTTACTGTGACGGCAGCCACCCTCCTC,1
pos,Aae,26,5,CTTACAGTTACTGTGACGGCAGCTACCCTCCTC,1
pos,Aae,26,5,CTTACGGTTACTGTGACGGCAGCTACCCTACTC,1
pos,Aae,26,5,CTTACGGTTACTGTGACTGCAGCTACCCTCCTC,1
pos,Aae,26,5,CTTACGGTTACTGTCACGGCAGCTACCCTCCTC,1
pos,Aae,26,5,CTTACGGTTACGGTGACGGCAGCTACCCTCCTC,1
pos,Aae,26,5,CTAACTGTTACGGTAACAGCTGCAACGCTTCTC,1
pos,Aae,26,6,CTTACGGTTACTGTGACGGCAGCTACCCTCCTC,6655
pos,Aae,26,6,CTAACTGTTACGGTAACAGCTGCGACGCTTCTC,10
pos,Aae,26,6,CTAACCGTCACAGTAACCGCAGCTACCCTGCTG,9
pos,Aae,26,6,CTTACGGTTACTGTGACGGCAGCTACCCTCCTT,4
pos,Aae,26,6,CTTACGGTTACTGTGACTGCAGCTACCCTCCTC,2
pos,Aae,26,6,CTCACGGTTACTGTGACGGCAGCTACCCTCCTC,2
pos,Aae,26,6,CTTACTGTTACTGTGACGGCAGCTACCCTCCTC,2
pos,Aae,26,6,CTTACGGTCACTGTGACGGCAGCTACCCTCCTC,1
pos,Aae,26,6,CTTACCGTTACTGTAACCGCAGCTACCCTCCTG,1
pos,Aae,26,6,CTTACGGTTACTGTTACGGCAGCTACCCTCCTC,1
pos,Aae,26,6,CTTACCGTTACTGTGACGGCAGCTACCCTCCTC,1
pos,Aae,26,7,CTTACGGTTACTGTGACGGCAGCTACCCTCCTC,6132
pos,Aae,26,7,CTAACCGTCACAGTAACCGCAGCTACCCTGCTG,18
pos,Aae,26,7,CTAACTGTTACGGTAACAGCTGCGACGCTTCTC,15
pos,Aae,26,7,CTTACGGTTACTGTGACTGCAGCTACCCTCCTC,5
pos,Aae,26,7,CTTACGGTTACCGTGACGGCAGCTACCCTCCTC,3
pos,Aae,26,7,CTTACCGTTACTGTGACGGCAGCTACCCTCCTC,3
pos,Aae,26,7,CTTACGGTTACTGTGACGGCAGCTACCCTCCTT,3
pos,Aae,26,7,CTCACGGTTACTGTGACGGCAGCTACCCTCCTC,3
pos,Aae,26,7,CTGACAGTCACAGTGACTGCCGCGACTCTTCTT,2
pos,Aae,26,7,CTTACGGTTACTGTTACGGCAGCTACCCTCCTC,1
pos,Aae,26,7,CTCACAGTGACTGTAACAGCAGCTACGCTGCTA,1
pos,Aae,26,7,CTAACTGTTACGGTAACAGCAGCGACGCTTCTC,1
pos,Aae,26,7,CTAACAGTCACAGTTACTGCAGCTACCCTGCTC,1
pos,Aae,26,7,CTTACGGTTACGGTGACGGCAGCTACCCTCCTC,1
pos,Aae,26,7,CTTACGGTTACTGTGACGGCGGCTACCCTCCTC,1
pos,Aae,26,7,CTGACAGTTACCGTTACAGCAGCCACGCTTCTG,1
pos,Aae,26,7,CTTACGGTTACTGTGACAGCAGCTACCCTCCTG,1
pos,Aae,26,7,CTTACAGTTACTGTGACGGCAGCAACCCTCCTG,1
pos,Aae,26,7,CTTACCGTCACTGTAACGGCTGCCACTCTACTT,1
pos,Aae,26,7,CTAACCGTAACTGTAACAGCGGCCACGCTCCTA,1
pos,Aae,26,7,CTGACGGTTACTGTGACGGCAGCTACCCTCCTC,1
pos,Aae,26,7,CTGACGGTAACAGTGACAGCAGCAACCCTACTT,1
pos,Aae,26,7,CTTACGGTCACCGTGACGGCCGCGACACTTCTG,1
pos,Aae,26,7,CTCACCGTTACTGTCACTGCAGCAACCCTACTT,1
pos,Aae,26,7,CTTACCGTTACTGTAACCGCAGCTACCCTCCTG,1
pos,Aae,26,7,CTTACCGTTACTGTAACGGCCGCAACGCTGCTT,1
pos,Aae,26,7,CTTACGGTTACTGTCACGGCAGCTACCCTCCTC,1
pos,Aae,26,7,CTTACTGTTACTGTGACGGCAGCTACCCTCCTC,1
pos,Aae,26,7,CTTACAGTTACTGTTACGGCAGCCACCCTCCTC,1
pos,Aae,26,8,CTTACGGTTACTGTGACGGCAGCTACCCTCCTC,4998
pos,Aae,26,8,CTAACCGTCACAGTAACCGCAGCTACCCTGCTG,103
pos,Aae,26,8,CTAACTGTTACGGTAACAGCTGCGACGCTTCTC,26
pos,Aae,26,8,CTTACGGTTACTGTTACGGCAGCTACCCTCCTC,5
pos,Aae,26,8,CTTACGGTTACTGTGACGGCAGCTACCCTCCTT,2
pos,Aae,26,8,CTTACTGTTACTGTGACGGCAGCTACCCTCCTC,2
pos,Aae,26,8,CTTACGGTTACTGTCACGGCAGCTACCCTCCTC,1
pos,Aae,26,8,CTTACCGTTACTGTGACGGCAGCTACCCTCCTC,1
pos,Aae,26,8,CTTACGGTTACTGTGACGGCAGCTACTCTCCTC,1
pos,Aae,26,8,CTTACGGTTACCGTGACGGCAGCTACCCTCCTC,1
pos,Aae,26,8,CTTACGGTTACTGTGACCGCAGCTACCCTCCTC,1
pos,Aae,26,8,CTTACGGTTACTGTGACGGCAGCGACCCTCCTC,1
pos,Aae,26,8,CTTACGGTTACGGTGACGGCAGCTACCCTCCTC,1
pos,Aae,26,9,CTTACGGTTACTGTGACGGCAGCTACCCTCCTC,25696
pos,Aae,26,9,CTAACTGTTACGGTAACAGCTGCGACGCTTCTC,12
pos,Aae,26,9,CTTACGGTTACTGTGACGGCAGCTACCCTCCTT,10
pos,Aae,26,9,CTAACCGTCACAGTAACCGCAGCTACCCTGCTG,6
pos,Aae,26,9,CTCACGGTTACTGTGACGGCAGCTACCCTCCTC,5
pos,Aae,26,9,CTTACGGTTACTGTGACTGCAGCTACCCTCCTC,4
pos,Aae,26,9,CTTACGGTTACTGTGACGGCAGCTACTCTCCTC,3
pos,Aae,26,9,CTTACGGTTACTGTGACGGCGGCTACCCTCCTC,2
pos,Aae,26,9,CTTACGGTTACTGTTACGGCAGCTACCCTCCTC,2
pos,Aae,26,9,CTTACAGTTACTGTGACGGCAGCAACCCTCCTG,1
pos,Aae,26,9,CTGACGGTAACAGTGACAGCAGCAACCCTACTT,1
pos,Aae,26,9,CTTACGGTTACTGTGACCGCAGCTACCCTCCTC,1
pos,Aae,26,9,CTTACTGTTACTGTGACGGCAGCTACCCTCCTC,1
pos,Aae,26,9,CTTACCGTTACTGTGACGGCAGCTACCCTCCTC,1
neg,Aae,26,1,CTAACTGTTACGGTAACAGCTGCGACGCTTCTC,21
neg,Aae,26,1,CTAACCGTCACAGTAACCGCAGCTACCCTGCTG,17
neg,Aae,26,2,CTAACTGTTACGGTAACAGCTGCGACGCTTCTC,103
neg,Aae,26,2,CTAACCGTCACAGTAACCGCAGCTACCCTGCTG,26
neg,Aae,26,2,CTCACCGTTACTGTCACTGCAGCAACCCTACTT,1
neg,Aae,26,2,CTCACAGTCACCGTGACCGCTGCGACCCTACTT,1
neg,Aae,26,2,CTAACTGTTACGGTAACAGCTGCAACGCTTCTC,1
neg,Aae,26,3,CTAACCGTCACAGTAACCGCAGCTACCCTGCTG,19
neg,Aae,26,3,CTAACTGTTACGGTAACAGCTGCGACGCTTCTC,14
neg,Aae,26,3,CTCACAGTCACCGTGACCGCTGCGACCCTACTT,2
pos,Aae,32,10,CTCACAGTAACTGTTACGGCGGCAACTCTCCTG,5624
pos,Aae,32,10,CTAACCGTCACAGTAACCGCAGCTACCCTGCTG,22
pos,Aae,32,10,CTAACTGTTACGGTAACAGCTGCGACGCTTCTC,11
pos,Aae,32,10,CTCACAGTAACTGTTACGGCGGCAACTCTCCTT,4
pos,Aae,32,10,CTTACAGTTACTGTTACGGCGGCAACTCTCCTG,1
pos,Aae,32,10,CTCACAGTAACTGTTACGGCGGCGACTCTCCTG,1
pos,Aae,32,10,CTCACGGTAACTGTTACGGCGGCAACTCTCCTG,1
pos,Aae,32,10,CTCACAGTAACTGTTACAGCGGCAACTCTCCTG,1
pos,Aae,32,11,CTCACAGTAACTGTTACGGCGGCAACTCTCCTG,1878
pos,Aae,32,11,CTAACTGTTACGGTAACAGCTGCGACGCTTCTC,80
pos,Aae,32,11,CTAACCGTCACAGTAACCGCAGCTACCCTGCTG,34
pos,Aae,32,11,CTCACAGTAACTGTTACGGCGGCAACTCTCCTT,2
pos,Aae,32,11,CTTACGGTGACCGTAACGGCAGCTACTCTACTC,1
pos,Aae,32,11,CTAACTGTTACGGTAACAGCTGCGACACTTCTC,1
pos,Aae,32,12,CTCACAGTAACTGTTACGGCGGCAACTCTCCTG,2867
pos,Aae,32,12,CTAACCGTCACAGTAACCGCAGCTACCCTGCTG,21
pos,Aae,32,12,CTAACTGTTACGGTAACAGCTGCGACGCTTCTC,6
pos,Aae,32,12,CTCACAGTAACTGTTACGGCGGCAACTCTCCTT,3
pos,Aae,32,12,CTCACAGTAACTGTTACTGCGGCAACTCTCCTG,1
pos,Aae,32,12,CTCACAGTAACTGTTACGGCGGCAACTCTCCTC,1
pos,Aae,32,12,CTCACAGTAACTGTTACAGCGGCAACTCTCCTG,1
pos,Aae,32,12,CTAACTGTTACGGTAACGGCTGCGACGCTTCTC,1
pos,Aae,32,12,CTCACAGTAACTGTAACGGCGGCAACTCTCCTG,1
pos,Aae,32,12,CTCACGGTAACTGTTACGGCGGCAACTCTCCTG,1
pos,Aae,32,13,CTCACAGTAACTGTTACGGCGGCAACTCTCCTG,1460
pos,Aae,32,13,CTAACTGTTACGGTAACAGCTGCGACGCTTCTC,7
pos,Aae,32,13,CTAACCGTCACAGTAACCGCAGCTACCCTGCTG,5
pos,Aae,32,13,CTCACAGTAACTGTTACGGCGGCAACTCTCCTT,2
pos,Aae,32,13,CTCACAGTAACTGTTACGGCAGCAACTCTCCTG,1
pos,Aae,32,13,CTCACAGTAACTGTTACTGCGGCAACTCTCCTG,1
pos,Aae,32,14,CTCACAGTAACTGTTACGGCGGCAACTCTCCTG,3407
pos,Aae,32,14,CTAACTGTTACGGTAACAGCTGCGACGCTTCTC,20
pos,Aae,32,14,CTAACCGTCACAGTAACCGCAGCTACCCTGCTG,10
pos,Aae,32,14,CTAACAGTAACTGTTACGGCGGCAACTCTCCTG,3
pos,Aae,32,14,CTTACAGTAACGGTAACGGCCGCCACGCTCCTT,1
pos,Aae,32,14,CTAACAGTTACGGTAACAGCTGCGACGCTTCTC,1
pos,Aae,32,14,CTGACAGTTACTGTCACTGCTGCTACCCTCCTA,1
pos,Aae,32,14,CTCACAGTAACTGTTACTGCGGCAACTCTCCTG,1
pos,Aae,32,14,CTCACAGTAACTGTTACCGCGGCAACTCTCCTG,1
pos,Aae,32,14,CTTACAGTTACGGTCACTGCAGCCACGCTTCTC,1
pos,Aae,32,14,CTCACAGTAACTGTTACGGCGGCAACCCTCCTG,1
pos,Aae,32,14,CTTACAGTAACGGTAACTGCCGCCACGCTCCTG,1
pos,Aae,32,14,CTCACAGTAACTGTCACGGCGGCAACTCTCCTG,1
pos,Aae,32,14,CTTACCGTAACGGTAACTGCCGCCACGCTGCTT,1
pos,Aae,32,14,CTTACAGTTACCGTAACCGCAGCTACCCTCCTG,1
pos,Aae,32,14,CTAACAGTTACAGTAACCGCAGCTACCCTCCTG,1
pos,Aae,32,14,CTTACAGTTACTGTTACGGCAGCCACCCTCCTG,1
pos,Aae,32,14,CTAACTGTTACGGTAACAGCTGCGACGCTCCTC,1
pos,Aae,32,14,CTCACAGTAACTGTTACGGCAGCAACTCTCCTG,1
pos,Aae,32,14,CTTACCGTAACGGTAACTGCCGCCACGCTCCTT,1
pos,Aae,32,14,CTCACAGTTACTGTTACGGCAGCAACTCTCCTG,1
pos,Aae,32,14,CTTACAGTAACTGTTACGGCGGCAACTCTCCTG,1
pos,Aae,32,14,CTCACAGTAACCGTTACGGCGGCAACTCTCCTG,1
pos,Aae,32,15,CTCACAGTAACTGTTACGGCGGCAACTCTCCTG,2063
pos,Aae,32,15,CTAACTGTTACGGTAACAGCTGCGACGCTTCTC,184
pos,Aae,32,15,CTAACCGTCACAGTAACCGCAGCTACCCTGCTG,42
pos,Aae,32,15,CTTACCGTAACGGTAACTGCCGCCACGCTGCTT,2
pos,Aae,32,15,CTGACAGTTACTGTCACTGCTGCTACCCTCCTA,1
pos,Aae,32,15,CTAACAGTTACCGTAACCGCAGCTACCCTCCTG,1
pos,Aae,32,15,CTTACAGTTACCGTTACCGCCGCAACCCTCCTG,1
pos,Aae,32,15,CTTACAGTTACTGTAACGGCAGCCACCCTCCTC,1
pos,Aae,32,15,CTAACTGTTACGGTAACAGCTGCGACGCTACTC,1
pos,Aae,32,15,CTTACAGTTACGGTAACAGCAGCCACGCTCCTG,1
pos,Aae,32,15,CTCACAGTAACTGTTACGGCGGCAACTCTCCTT,1
pos,Aae,32,15,CTCACAGTCACCGTGACCGCTGCGACCCTACTT,1
pos,Aae,32,15,CTTACCGTTACGGTAACTGCCGCCACGCTGCTT,1
pos,Aae,32,15,CTTACCGTTACGGTAACAGCAGCCACGCTCCTC,1
pos,Aae,32,15,CTTACAGTTACGGTCACTGCAGCCACGCTTCTC,1
pos,Aae,32,15,CTAACTGTTACGGTAACAGCTGCGACGCTTCTG,1
pos,Aae,32,16,CTCACAGTAACTGTTACGGCGGCAACTCTCCTG,14290
pos,Aae,32,16,CTAACCGTCACAGTAACCGCAGCTACCCTGCTG,29
pos,Aae,32,16,CTCACAGTAACTGTTACGGCGGCAACTCTTCTG,29
pos,Aae,32,16,CTAACTGTTACGGTAACAGCTGCGACGCTTCTC,20
pos,Aae,32,16,CTTACCGTAACGGTAACTGCCGCCACGCTGCTT,7
pos,Aae,32,16,CTCACAGTAACTGTTACTGCGGCAACTCTCCTG,4
pos,Aae,32,16,CTCACAGTAACTGTCACGGCGGCAACTCTCCTG,3
pos,Aae,32,16,CTCACAGTAACTGTTACGGCGGCAACTCTCCTT,3
pos,Aae,32,16,CTCACAGTCACCGTGACCGCTGCGACCCTACTT,2
pos,Aae,32,16,CTCACAGTAACTGTTACGGCTGCAACTCTCCTG,2
pos,Aae,32,16,CTCACAGTAACTGTTACCGCGGCAACTCTCCTG,2
pos,Aae,32,16,CTAACAGTTACCGTAACCGCAGCTACCCTCCTG,1
pos,Aae,32,16,CTTACAGTTACGGTTACTGCAGCCACGCTTCTC,1
pos,Aae,32,16,CTTACAGTAACTGTTACGGCGGCAACTCTCCTG,1
pos,Aae,32,16,CTAACCGTCACAGTAACGGCAGCTACCCTCCTG,1
pos,Aae,32,16,CTCACAGTAACTGTTACGGCGGCAACACTCCTG,1
pos,Aae,32,16,CTGACAGTTACTGTCACTGCTGCTACCCTCCTA,1
pos,Aae,32,16,CTGACCGTTACCGTGACTGCCGCAACCCTTCTC,1
pos,Aae,32,16,CTCACGGTAACTGTTACGGCGGCAACTCTCCTG,1
pos,Aae,32,16,CTCACAGTAACTGTTACGGCGGCAACTCTCCTA,1
pos,Aae,32,16,CTCACAGTAACTGTTACGGCGGCGACTCTCCTG,1
pos,Aae,32,16,CTAACCGTCACCGTAACCGCAGCTACCCTGCTG,1
pos,Aae,32,16,CTCACAGTAACCGTTACGGCGGCAACTCTCCTG,1
pos,Aae,32,16,CTTACAGTTACGGTCACTGCAGCCACGCTTCTC,1
pos,Aae,32,16,CTAACAGTCACAGTAACCGCAGCTACCCTCCTG,1
pos,Aae,32,16,CTCACCGTAACTGTTACGGCGGCAACTCTCCTG,1
pos,Aae,32,16,CTTACAGTTACCGTAACGGCCGCAACCCTCCTG,1
pos,Aae,32,16,CTAACCGTTACAGTAACCGCAGCTACCCTCCTG,1
pos,Aae,32,16,CTCACAGTAACTGTTACGGCAGCAACTCTCCTG,1
pos,Aae,32,17,CTCACAGTAACTGTTACGGCGGCAACTCTCCTG,5795
pos,Aae,32,17,CTAACTGTTACGGTAACAGCTGCGACGCTTCTC,20
pos,Aae,32,17,CTAACCGTCACAGTAACCGCAGCTACCCTGCTG,17
pos,Aae,32,17,CTTACCGTAACGGTAACTGCCGCCACGCTGCTT,4
pos,Aae,32,17,CTCACAGTAACTGTTACGGCGGCAACTCTCCTT,4
pos,Aae,32,17,CTCACAGTAACTGTTACGGCTGCAACTCTCCTG,2
pos,Aae,32,17,CTTACAGTTACGGTCACTGCAGCCACGCTTCTC,2
pos,Aae,32,17,CTAACTGTTACGGTAACAGCTGCGACGCTCCTC,2
pos,Aae,32,17,CTAACAGTTACTGTAACGGCAGCTACCCTCCTG,1
pos,Aae,32,17,CTTACAGTAACTGTAACGGCCGCCACGCTCCTT,1
pos,Aae,32,17,CTAACCGTCACAGTAACCGCAGCTACCCTCCTG,1
pos,Aae,32,17,CTCACAGTAACTGTTACCGCGGCAACTCTCCTG,1
pos,Aae,32,17,CTTACAGTTACCGTAACCGCAGCTACCCTCCTG,1
pos,Aae,32,17,CTCACAGTTACTGTTACAGCGGCAACTCTCCTG,1
pos,Aae,32,17,CTTACAGTAACTGTTACGGCGGCAACCCTCCTG,1
pos,Aae,32,17,CTCACAGTAACTGTTACGGCGGCAACTCTCCTC,1
pos,Aae,32,17,CTTACAGTTACGGTAACTGCCGCCACGCTGCTT,1
pos,Aae,32,17,CTTACAGTAACTGTTACGGCGGCAACTCTCCTG,1
pos,Aae,32,17,CTCACAGTAACTGTTACGGCGGCAACTCTCCTA,1
pos,Aae,32,18,CTCACAGTAACTGTTACGGCGGCAACTCTCCTG,3407
pos,Aae,32,18,CTAACTGTTACGGTAACAGCTGCGACGCTTCTC,17
pos,Aae,32,18,CTAACCGTCACAGTAACCGCAGCTACCCTGCTG,14
pos,Aae,32,18,CTTACAGTTACGGTCACTGCAGCCACGCTTCTC,2
pos,Aae,32,18,CTTACCGTAACGGTAACTGCCGCCACGCTGCTT,2
pos,Aae,32,18,CTCACAGTCACTGTTACGGCGGCAACTCTCCTG,1
pos,Aae,32,18,CTTACAGTAACGGTAACTGCCGCCACGCTCCTT,1
pos,Aae,32,18,CTCACAGTAACCGTTACGGCGGCAACTCTCCTG,1
pos,Aae,32,18,CTGACAGTTACTGTCACTGCTGCTACCCTCCTA,1
pos,Aae,32,18,CTCACAGTAACTGTTACGGCAGCAACTCTCCTG,1
pos,Aae,32,18,CTCACAGTAACTGTTACGGCGGCAACCCTCCTG,1
pos,Aae,32,18,CTAACAGTTACAGTAACCGCAGCTACCCTCCTG,1
pos,Aae,32,18,CTCACAGTCACTGTTACGGCAGCAACCCTCCTG,1
pos,Aae,32,18,CTTACAGTAACGGTAACTGCAGCCACGCTCCTG,1
pos,Aae,32,18,CTCACAGTAACTGTTACGGCGGCAACTCTCCTT,1
pos,Aae,32,18,CTAACAGTCACAGTAACCGCAGCTACCCTCCTG,1
pos,Aae,32,18,CTCACAGTAACTGTTACTGCGGCAACTCTCCTG,1
pos,Aae,32,18,CTCACAGTTACTGTTACGGCGGCAACTCTCCTG,1
pos,Aae,32,18,CTCACAGTAACTGTTACGGCTGCAACTCTCCTG,1
pos,Aae,32,3,CTCACAGTAACTGTTACGGCGGCAACTCTCCTG,3736
pos,Aae,32,3,CTAACCGTCACAGTAACCGCAGCTACCCTGCTG,22
pos,Aae,32,3,CTAACTGTTACGGTAACAGCTGCGACGCTTCTC,11
pos,Aae,32,3,CTCACCGTTACTGTCACTGCAGCAACCCTACTT,4
pos,Aae,32,3,CTGACAGTTACTGTCACTGCTGCTACCCTCCTA,2
pos,Aae,32,3,CTAACCGTTACGGTAACAGCTGCGACGCTTCTC,1
pos,Aae,32,3,CTCACAGTCACCGTGACCGCTGCGACCCTACTT,1
pos,Aae,32,3,CTAACAGTAACTGTTACGGCAGCAACACTCCTG,1
pos,Aae,32,3,CTGACGGTAACAGTGACAGCAGCAACCCTACTT,1
pos,Aae,32,3,CTCACAGTAACTGTTACGGCGGCAACTCTCCTT,1
pos,Aae,32,3,CTAACTGTAACTGTGACTGCAGCAACACTCCTG,1
pos,Aae,32,4,CTCACAGTAACTGTTACGGCGGCAACTCTCCTG,14088
pos,Aae,32,4,CTAACTGTTACGGTAACAGCTGCGACGCTTCTC,23
pos,Aae,32,4,CTAACCGTCACAGTAACCGCAGCTACCCTGCTG,22
pos,Aae,32,4,CTCACAGTAACTGTTACGGCGGCAACTCTCCTA,3
pos,Aae,32,4,CTCACCGTTACTGTCACTGCAGCAACCCTACTT,3
pos,Aae,32,4,CTCACAGTAACTGTTACGGCTGCAACTCTCCTG,3
pos,Aae,32,4,CTCACAGTAACTGTCACGGCGGCAACTCTCCTG,2
pos,Aae,32,4,CTCACAGTAACTGTTACGGCGGCAACTCTCCTT,2
pos,Aae,32,4,CTCACAGTCACCGTGACCGCTGCGACCCTACTT,2
pos,Aae,32,4,CTAACTGTAACTGTGACTGCAGCAACACTCCTG,2
pos,Aae,32,4,CTCACGGTAACTGTTACGGCGGCAACTCTCCTG,1
pos,Aae,32,4,CTGACAGTTACCGTAACCGCCGCAACCCTTCTA,1
pos,Aae,32,4,CTCACAGTAACTGTTACGGCGGCAACTCTTCTG,1
pos,Aae,32,4,CTCACCGTTACTGTCACTGCAGCAACCCTCCTT,1
pos,Aae,32,4,CTCACAGTTACTGTTACGGCGGCAACTCTCCTG,1
pos,Aae,32,4,CTAACTGTTACGGTAACAGCTGCGACGCTTCTT,1
pos,Aae,32,4,CTAACCGTCACTGTAACCGCAGCTACCCTCCTG,1
pos,Aae,32,4,CTCACAGTGACTGTTACGGCGGCAACTCTCCTG,1
pos,Aae,32,4,CTCACAGTAACTGTTACAGCGGCAACTCTCCTG,1
pos,Aae,32,4,CTAACAGTTACCGTAACCGCAGCAACCCTTCTG,1
pos,Aae,32,4,CTCACAGTAACTGTAACGGCGGCAACTCTCCTG,1
pos,Aae,32,5,CTCACAGTAACTGTTACGGCGGCAACTCTCCTG,5035
pos,Aae,32,5,CTAACTGTTACGGTAACAGCTGCGACGCTTCTC,44
pos,Aae,32,5,CTAACCGTCACAGTAACCGCAGCTACCCTGCTG,40
pos,Aae,32,5,CTCACCGTTACTGTCACTGCAGCAACCCTACTT,4
pos,Aae,32,5,CTCACAGTAACTGTTACGGCGGCAACTCTCCTT,3
pos,Aae,32,5,CTCACAGTCACCGTGACCGCTGCGACCCTACTT,2
pos,Aae,32,5,CTAACTGTAACTGTGACTGCAGCAACACTCCTG,2
pos,Aae,32,5,CTGACAGTTACTGTCACTGCTGCTACCCTCCTA,2
pos,Aae,32,5,CTCACAGTAACTGTTACTGCGGCAACTCTCCTG,2
pos,Aae,32,5,CTAACAGTTACTGTGACTGCAGCAACACTCCTG,1
pos,Aae,32,5,CTCACAGTAACCGTTACGGCGGCAACTCTCCTG,1
pos,Aae,32,5,CTGACTGTGACCGTGACTGCTGCCACTCTACTA,1
pos,Aae,32,5,CTGACGGTAACAGTGACAGCAGCAACCCTACTT,1
pos,Aae,32,5,CTAACTGTTACGGTAACAGCTGCGACCCTTCTC,1
pos,Aae,32,5,CTCACAGTAACTGTTACGGCGGCTACTCTCCTG,1
pos,Aae,32,5,CTAACAGTCACAGTAACCGCAGCTACCCTCCTG,1
pos,Aae,32,5,CTCACAGTGACTGTTACGGCGGCAACTCTCCTG,1
pos,Aae,32,5,CTCACTGTAACTGTTACGGCGGCAACTCTCCTG,1
pos,Aae,32,5,CTAACAGTTACGGTAACAGCTGCGACGCTTCTC,1
pos,Aae,32,6,CTCACAGTAACTGTTACGGCGGCAACTCTCCTG,15232
pos,Aae,32,6,CTAACCGTCACAGTAACCGCAGCTACCCTGCTG,18
pos,Aae,32,6,CTAACTGTTACGGTAACAGCTGCGACGCTTCTC,16
pos,Aae,32,6,CTCACAGTAACTGTTACGGCGGCAACTCTCCTT,4
pos,Aae,32,6,CTCACAGTAACTGTTACGGCGGCAACTCTCCTA,2
pos,Aae,32,6,CTCACAGTAACTGTCACGGCGGCAACTCTCCTG,1
pos,Aae,32,6,CTCACAGTAACTGTTACGGCGGCAACCCTCCTG,1
pos,Aae,32,6,CTCACAGTTACTGTTACGGCGGCAACTCTCCTG,1
pos,Aae,32,6,CTCACAGTAACCGTTACGGCGGCAACTCTCCTG,1
pos,Aae,32,6,CTCACAGTAACTGTTACGGCTGCAACTCTCCTG,1
pos,Aae,32,6,CTCACAGTAACTGTTACGGCGGCAACTCTACTG,1
pos,Aae,32,6,CTAACAGTAACTGTTACGGCGGCAACTCTCCTG,1
pos,Aae,32,6,CTCACAGTAACTGTTACGGCGGCAACACTCCTG,1
pos,Aae,32,6,CTCACAGTAACTGTTACCGCGGCAACTCTCCTG,1
pos,Aae,32,6,CTCACAGTAACTGTTACGGCAGCAACTCTCCTG,1
pos,Aae,32,6,CTCACAGTAACTGTTACTGCGGCAACTCTCCTG,1
pos,Aae,32,6,CTCACAGTAACTGTTACAGCGGCAACTCTCCTG,1
pos,Aae,32,7,CTCACAGTAACTGTTACGGCGGCAACTCTCCTG,7201
pos,Aae,32,7,CTAACTGTTACGGTAACAGCTGCGACGCTTCTC,80
pos,Aae,32,7,CTAACCGTCACAGTAACCGCAGCTACCCTGCTG,20
pos,Aae,32,7,CTCACGGTAACTGTTACGGCGGCAACTCTCCTG,6
pos,Aae,32,7,CTCACAGTAACTGTTACGGCGGCAACTCTCCTT,5
pos,Aae,32,7,CTCACAGTAACTGTTACGGCGGCCACTCTCCTG,3
pos,Aae,32,7,CTCACAGTTACTGTTACGGCGGCAACTCTCCTG,3
pos,Aae,32,7,CTCACAGTAACAGTTACGGCGGCAACTCTCCTG,3
pos,Aae,32,7,CTCACAGTAACTGTTACGGCCGCAACTCTCCTG,2
pos,Aae,32,7,CTCACAGTGACTGTTACGGCGGCAACTCTCCTG,2
pos,Aae,32,7,CTCACAGTTACCGTTACGGCGGCAACTCTCCTG,2
pos,Aae,32,7,CTCACAGTAACTGTTACAGCGGCAACTCTCCTG,1
pos,Aae,32,7,CTTACAGTTACCGTTACGGCAGCCACTCTCCTG,1
pos,Aae,32,7,CTCACAGTAACGGTTACGGCGGCAACTCTCCTG,1
pos,Aae,32,7,CTCACAGTAACTGTTACGGCAGCAACTCTCCTG,1
pos,Aae,32,7,CTCACTGTAACTGTTACGGCGGCAACTCTCCTG,1
pos,Aae,32,7,CTCACAGTAACTGTTACGGCGGCAACCCTCCTG,1
pos,Aae,32,7,CTTACAGTAACTGTTACGGCGGCAACTCTCCTG,1
pos,Aae,32,7,CTCACAGTTACTGTTACGGCGGCAACCCTCCTG,1
pos,Aae,32,7,CTTACAGTTACGGTAACCGCAGCCACGCTCCTG,1
pos,Aae,32,7,CTCACCGTAACTGTTACGGCGGCAACTCTCCTG,1
pos,Aae,32,7,CTCACAGTTACTGTAACGGCTGCAACTCTCCTG,1
pos,Aae,32,7,CTCACAGTTACTGTTACGGCGGCCACTCTCCTG,1
pos,Aae,32,7,CTCACAGTTACTGTTACAGCGGCAACTCTCCTG,1
pos,Aae,32,7,CTAACTGTTACGGTAACAGCTGCGACGCTTCTA,1
pos,Aae,32,8,CTCACAGTAACTGTTACGGCGGCAACTCTCCTG,2198
pos,Aae,32,8,CTAACCGTCACAGTAACCGCAGCTACCCTGCTG,16
pos,Aae,32,8,CTAACTGTTACGGTAACAGCTGCGACGCTTCTC,15
pos,Aae,32,8,CTCACAGTAACTGTTACTGCGGCAACTCTCCTG,2
pos,Aae,32,8,CTCACAGTAACTGTTACGGCGGCAACTCTCCTT,1
pos,Aae,32,8,CTAACTGTTACGGTAACAGCTGCAACGCTTCTC,1
pos,Aae,32,9,CTCACAGTAACTGTTACGGCGGCAACTCTCCTG,2492
pos,Aae,32,9,CTAACTGTTACGGTAACAGCTGCGACGCTTCTC,5
pos,Aae,32,9,CTAACCGTCACAGTAACCGCAGCTACCCTGCTG,3
pos,Aae,32,9,CTCACAGTAACTGTTACGGCGGCAACTCTCCTT,2
pos,Aae,32,9,CTCACGGTAACTGTTACGGCGGCAACTCTCCTG,1
pos,Aae,32,9,CTCACAGTAACTGTTACGGCTGCAACTCTCCTG,1
pos,Aae,32,9,CTCACAGTAACTGTTACGGCGGCAACCCTCCTG,1
pos,Aae,32,9,CTCACAGTAACTGTTACCGCGGCAACTCTCCTG,1
neg,Aae,32,1,CTAACTGTTACGGTAACAGCTGCGACGCTTCTC,22
neg,Aae,32,1,CTAACCGTCACAGTAACCGCAGCTACCCTGCTG,11
neg,Aae,32,1,CTAACCGTTACAGTAACCGCAGCTACCCTGCTG,1
neg,Aae,32,1,CTGACAGTTACTGTCACTGCTGCTACCCTCCTA,1
neg,Aae,32,2,CTAACTGTTACGGTAACAGCTGCGACGCTTCTC,17
neg,Aae,32,2,CTAACCGTCACAGTAACCGCAGCTACCCTGCTG,12
neg,Aae,32,2,CTCACAGTAACTGTTACGGCGGCAACTCTCCTG,6
neg,Aae,32,2,CTAACAGTTACAGTAACCGCAGCTACCCTCCTG,1
neg,Aae,32,3,CTAACTGTTACGGTAACAGCTGCGACGCTTCTC,22
neg,Aae,32,3,CTAACCGTCACAGTAACCGCAGCTACCCTGCTG,11
neg,Aae,32,3,CTAACAGTTACAGTAACCGCAGCTACCCTCCTG,1
pos,Aae,36,10,CTTACAGTTACCGTTACAGCAGCCACACTCCTG,4185
pos,Aae,36,10,CTAACTGTTACGGTAACAGCTGCGACGCTTCTC,38
pos,Aae,36,10,CTAACCGTCACAGTAACCGCAGCTACCCTGCTG,24
pos,Aae,36,10,CTTACAGTTACCGTTACAGCGGCCACACTCCTG,2
pos,Aae,36,10,CTTACAGTTACCGTTACAGCAGCCACCCTCCTG,1
pos,Aae,36,10,CTCACAGTTACCGTTACAGCAGCCACACTCCTG,1
pos,Aae,36,10,CTTACAGTTACCGTCACAGCAGCCACACTCCTG,1
pos,Aae,36,11,CTTACAGTTACCGTTACAGCAGCCACACTCCTG,3689
pos,Aae,36,11,CTAACTGTTACGGTAACAGCTGCGACGCTTCTC,17
pos,Aae,36,11,CTAACCGTCACAGTAACCGCAGCTACCCTGCTG,16
pos,Aae,36,11,CTTACAGTTACCGTTACAGCAGCCACACTCCTT,1
pos,Aae,36,11,CTTACAGTTACCGTTACAGCAGCCACACTACTG,1
pos,Aae,36,11,CTTACTGTTACCGTTACAGCAGCCACACTCCTG,1
pos,Aae,36,12,CTTACAGTTACCGTTACAGCAGCCACACTCCTG,4970
pos,Aae,36,12,CTAACCGTCACAGTAACCGCAGCTACCCTGCTG,24
pos,Aae,36,12,CTAACTGTTACGGTAACAGCTGCGACGCTTCTC,19
pos,Aae,36,12,CTCACAGTTACCGTTACAGCAGCCACACTCCTG,17
pos,Aae,36,12,CTTACAGTTACCGTTACAGCAGCCACACTCCTT,2
pos,Aae,36,12,CTTACAGTTACCGTTACAGCAGCCACACTCCTA,2
pos,Aae,36,12,CTTACAGTCACCGTTACAGCAGCCACACTCCTG,1
pos,Aae,36,12,CTTACAGTTACCGTTACAGCAGCCACCCTCCTG,1
pos,Aae,36,12,CTTACCGTAACGGTAACTGCCGCCACGCTGCTT,1
pos,Aae,36,12,CTTACAGTTACTGTTACAGCAGCCACACTCCTG,1
pos,Aae,36,12,CTTACAGTTACCGTTACGGCAGCCACCCTCCTG,1
pos,Aae,36,13,CTTACAGTTACCGTTACAGCAGCCACACTCCTG,4375
pos,Aae,36,13,CTAACCGTCACAGTAACCGCAGCTACCCTGCTG,17
pos,Aae,36,13,CTAACTGTTACGGTAACAGCTGCGACGCTTCTC,12
pos,Aae,36,13,CTTACAGTTACCGTTACAGCAGCCACACTCCTT,3
pos,Aae,36,13,CTTACAGTTACCGTTACAGCAGCCACACTCCTA,1
pos,Aae,36,13,CTCACAGTTACCGTTACAGCAGCCACACTCCTG,1
pos,Aae,36,13,CTTACAGTTACCGTTACAGCAGCCACGCTCCTG,1
pos,Aae,36,14,CTTACAGTTACCGTTACAGCAGCCACACTCCTG,3066
pos,Aae,36,14,CTAACTGTTACGGTAACAGCTGCGACGCTTCTC,13
pos,Aae,36,14,CTAACCGTCACAGTAACCGCAGCTACCCTGCTG,9
pos,Aae,36,14,CTTACAGTTACCGTTACGGCAGCCACACTCCTG,1
pos,Aae,36,14,CTTACAGTTACCGTTACAGCAGCCACACTCCTT,1
pos,Aae,36,15,CTTACAGTTACCGTTACAGCAGCCACACTCCTG,4059
pos,Aae,36,15,CTAACCGTCACAGTAACCGCAGCTACCCTGCTG,12
pos,Aae,36,15,CTAACTGTTACGGTAACAGCTGCGACGCTTCTC,10
pos,Aae,36,15,CTTACAGTTACCGTTACAGCAGCCACACTCCTT,2
pos,Aae,36,15,CTTACAGTTACCGTTACAGCAGCCACACTTCTG,2
pos,Aae,36,15,CTCACAGTTACCGTTACAGCAGCCACACTCCTG,2
pos,Aae,36,15,CTTACAGTCACCGTTACAGCAGCCACACTCCTG,1
pos,Aae,36,15,CTTACAGTTACTGTTACAGCAGCCACACTCCTG,1
pos,Aae,36,15,CTTACCGTAACGGTAACGGCCGCCACCCTGCTT,1
pos,Aae,36,16,CTTACAGTTACCGTTACAGCAGCCACACTCCTG,4816
pos,Aae,36,16,CTAACCGTCACAGTAACCGCAGCTACCCTGCTG,27
pos,Aae,36,16,CTAACTGTTACGGTAACAGCTGCGACGCTTCTC,25
pos,Aae,36,16,CTCACAGTTACCGTTACAGCAGCCACACTCCTG,2
pos,Aae,36,17,CTTACAGTTACCGTTACAGCAGCCACACTCCTG,2466
pos,Aae,36,17,CTAACCGTCACAGTAACCGCAGCTACCCTGCTG,17
pos,Aae,36,17,CTAACTGTTACGGTAACAGCTGCGACGCTTCTC,11
pos,Aae,36,17,CTCACAGTCACCGTGACCGCTGCGACCCTACTT,3
pos,Aae,36,17,CTTACGGTGACCGTAACGGCAGCTACTCTACTC,1
pos,Aae,36,17,CTTACAGTCACCGTTACAGCAGCCACACTCCTG,1
pos,Aae,36,17,CTTACAGTTACCGTTACAGCAGCCACGCTTCTG,1
pos,Aae,36,17,CTTACAGTTACCGTTACAGCAGCCACACTCCTT,1
pos,Aae,36,17,CTAACTGTCACAGTAACCGCAGCTACCCTGCTG,1
pos,Aae,36,17,CTTACAGTTACCGTTACAGCAGCCACGCTCCTG,1
pos,Aae,36,18,CTTACAGTTACCGTTACAGCAGCCACACTCCTG,14476
pos,Aae,36,18,CTAACTGTTACGGTAACAGCTGCGACGCTTCTC,97
pos,Aae,36,18,CTAACCGTCACAGTAACCGCAGCTACCCTGCTG,37
pos,Aae,36,18,CTAACCGTTACAGTAACCGCAGCTACCCTGCTG,8
pos,Aae,36,18,CTAACAGTTACAGTAACCGCAGCTACCCTGCTG,3
pos,Aae,36,18,CTTACAGTTACCGTAACCGCAGCTACCCTCCTG,2
pos,Aae,36,18,CTTACGGTGACCGTAACGGCAGCTACTCTACTC,1
pos,Aae,36,18,CTAACAGTTACAGTAACCGCAGCTACCCTCCTG,1
pos,Aae,36,18,CTTACAGTTACCGTTACAGCAGCCACCCTCCTG,1
pos,Aae,36,18,CTAACTGTTACGGTAACAGCTGCAACGCTTCTC,1
pos,Aae,36,18,CTCACAGTTACCGTTACAGCAGCCACACTCCTG,1
pos,Aae,36,18,CTCACAGTCACCGTGACCGCTGCGACCCTACTT,1
pos,Aae,36,18,CTAACAGTTACCGTAACCGCAGCTACCCTGCTG,1
pos,Aae,36,18,CTTACAGTTACCGTTACAGCCGCCACACTCCTG,1
pos,Aae,36,18,CTAACAGTTACGGTAACAGCTGCGACGCTTCTC,1
pos,Aae,36,18,CTAACAGTTACAGTTACAGCAGCTACCCTCCTG,1
pos,Aae,36,18,CTTACAGTTACCGTAACAGCAGCCACCCTCCTG,1
pos,Aae,36,18,CTTACTGTTACGGTAACAGCTGCGACGCTTCTC,1
pos,Aae,36,18,CTTACAGTTACCGTTACAGCAGCCACACTCCTT,1
pos,Aae,36,18,CTAACTGTTACGGTAACAGCTGCGACACTTCTC,1
pos,Aae,36,18,CTAACTGTTACGGTAACAGCTGCGACGCTTCTT,1
pos,Aae,36,18,CTTACGGTTACCGTTACAGCAGCCACACTCCTG,1
pos,Aae,36,1,CTTACAGTTACCGTTACAGCAGCCACACTCCTG,3000
pos,Aae,36,1,CTAACTGTTACGGTAACAGCTGCGACGCTTCTC,7
pos,Aae,36,1,CTAACCGTCACAGTAACCGCAGCTACCCTGCTG,7
pos,Aae,36,1,CTTACCGTAACGGTAACTGCCGCCACGCTGCTT,3
pos,Aae,36,1,CTTACAGTTACCGTAACTGCCGCCACGCTCCTG,2
pos,Aae,36,1,CTTACAGTTACCGTTACGGCAGCCACACTCCTG,1
pos,Aae,36,1,CTTACAGTTACCGTTACTGCAGCCACACTCCTG,1
pos,Aae,36,1,CTTACCGTTACTGTAACTGCAGCCACGCTCCTC,1
pos,Aae,36,1,CTTACAGTTACCGTAACGGCCGCCACCCTCCTG,1
pos,Aae,36,1,CTTACAGTTACGGTAACTGCCGCCACGCTGCTT,1
pos,Aae,36,1,CTTACAGTTACCGTTACAGCAGCCACACTCCTT,1
pos,Aae,36,1,CTTACAGTTACTGTTACAGCAGCCACACTCCTG,1
pos,Aae,36,1,CTTACAGTTACCGTTACCGCCGCCACCCTCCTG,1
pos,Aae,36,1,CTTACAGTTACCGTAACAGCCGCCACGCTCCTG,1
pos,Aae,36,1,CTTACCGTTACGGTAACTGCAGCCACGCTCCTT,1
pos,Aae,36,2,CTTACAGTTACCGTTACAGCAGCCACACTCCTG,3255
pos,Aae,36,2,CTAACTGTTACGGTAACAGCTGCGACGCTTCTC,99
pos,Aae,36,2,CTAACCGTCACAGTAACCGCAGCTACCCTGCTG,38
pos,Aae,36,2,CTTACCGTAACGGTAACTGCCGCCACGCTGCTT,4
pos,Aae,36,2,CTTACAGTTACCGTAACAGCAGCCACGCTCCTG,3
pos,Aae,36,2,CTTACAGTTACCGTTACAGCAGCCACACTCCTT,3
pos,Aae,36,2,CTTACCGTTACGGTAACTGCCGCCACGCTGCTT,3
pos,Aae,36,2,CTTACAGTTACGGTAACAGCAGCCACGCTCCTG,1
pos,Aae,36,2,CTTACAGTAACGGTAACTGCCGCCACGCTCCTT,1
pos,Aae,36,2,CTCACAGTTACCGTTACAGCAGCCACACTCCTG,1
pos,Aae,36,2,CTTACAGTTACCGTAACAGCAGCCACCCTCCTG,1
pos,Aae,36,2,CTTACAGTTACCGTAACAGCCGCCACGCTCCTG,1
pos,Aae,36,2,CTTACCGTTACGGTAACTGCCGCCACGCTTCTT,1
pos,Aae,36,2,CTTACAGTTACCGTAACCGCCGCAACCCTCCTG,1
pos,Aae,36,2,CTTACAGTTACCGTAACCGCCGCCACCCTGCTG,1
pos,Aae,36,2,CTTACCGTTACCGTAACCGCCGCCACCCTTCTT,1
pos,Aae,36,2,CTTACTGTTACCGTTACAGCAGCCACACTCCTG,1
pos,Aae,36,3,CTTACAGTTACCGTTACAGCAGCCACACTCCTG,4377
pos,Aae,36,3,CTAACCGTCACAGTAACCGCAGCTACCCTGCTG,24
pos,Aae,36,3,CTAACTGTTACGGTAACAGCTGCGACGCTTCTC,19
pos,Aae,36,3,CTTACCGTAACGGTAACTGCCGCCACGCTGCTT,9
pos,Aae,36,3,CTTACAGTTACCGTTACGGCAGCCACACTCCTG,2
pos,Aae,36,3,CTTACAGTTACCGTCACAGCAGCCACACTCCTG,1
pos,Aae,36,3,CTTACAGTTACCGTAACAGCAGCCACCCTCCTG,1
pos,Aae,36,3,CTTACAGTTACCGTTACAGCAGCCACACTCCTT,1
pos,Aae,36,3,CTCACAGTTACCGTTACAGCAGCCACACTCCTG,1
pos,Aae,36,3,CTTACAGTTACCGTAACCGCCGCAACCCTGCTG,1
pos,Aae,36,3,CTTACAGTAACGGTAACTGCCGCCACGCTCCTT,1
pos,Aae,36,3,CTTACAGTTACCGTAACGGCAGCCACCCTCCTG,1
pos,Aae,36,3,CTTACAGTTACCGTAACAGCAGCCACACTCCTG,1
pos,Aae,36,3,CTTACGGTTACCGTTACAGCAGCCACACTCCTG,1
pos,Aae,36,3,CTTACAGTTACGGTAACAGCAGCCACGCTCCTG,1
pos,Aae,36,4,CTTACAGTTACCGTTACAGCAGCCACACTCCTG,16386
pos,Aae,36,4,CTTACCGTAACGGTAACTGCCGCCACGCTGCTT,14
pos,Aae,36,4,CTAACTGTTACGGTAACAGCTGCGACGCTTCTC,13
pos,Aae,36,4,CTAACCGTCACAGTAACCGCAGCTACCCTGCTG,11
pos,Aae,36,4,CTCACAGTTACCGTTACAGCAGCCACACTCCTG,3
pos,Aae,36,4,CTTACAGTTACCGTTACAGCAGCCACCCTCCTG,2
pos,Aae,36,4,CTGACTGTTACTGTCACGGCTGCCACTCTCCTT,2
pos,Aae,36,4,CTTACAGTTACCGTTACCGCAGCCACACTCCTG,1
pos,Aae,36,4,CTTACAGTTACCGTTACAGCGGCCACACTCCTG,1
pos,Aae,36,4,CTTACCGTAACTGTAACTGCCGCCACGCTGCTT,1
pos,Aae,36,4,CTTACAGTTACTGTTACGGCAGCAACCCTCCTC,1
pos,Aae,36,4,CTTACAGTTACCGTAACAGCAGCCACGCTCCTG,1
pos,Aae,36,4,CTTACAGTTACCGTTACAGCAGCCACACTTCTG,1
pos,Aae,36,4,CTTACAGTTACCGTTACAGCAGCCACGCTCCTG,1
pos,Aae,36,4,CTTACAGTTACCGTTACAGCAGCCACACTCCTT,1
pos,Aae,36,4,CTTACAGTTACTGTAACGGCAGCCACCCTCCTG,1
pos,Aae,36,4,CTTACAGTTACTGTTACGGCAGCCACACTCCTG,1
pos,Aae,36,4,CTTACAGTTACTGTTACGGCCGCAACCCTCCTG,1
pos,Aae,36,4,CTTACCGTAACGGTAACTGCCGCCACGCTCCTT,1
pos,Aae,36,4,CTTACAGTAACTGTAACGGCCGCCACCCTCCTG,1
pos,Aae,36,4,CTTACAGTAACGGTAACTGCCGCCACGCTCCTT,1
pos,Aae,36,4,CTTACGGTTACCGTTACAGCAGCCACACTCCTG,1
pos,Aae,36,4,CTTACAGTAACGGTAACGGCCGCCACGCTCCTG,1
pos,Aae,36,4,CTTACAGTTACCGTTACAGCAGCCACACTCCTA,1
pos,Aae,36,4,CTTACAGTTACCGTAACCGCAGCAACCCTCCTG,1
pos,Aae,36,4,CTTACAGTTACTGTAACGGCCGCAACCCTCCTG,1
pos,Aae,36,4,CTTACCGTTACGGTAACTGCCGCCACGCTGCTT,1
pos,Aae,36,5,CTTACAGTTACCGTTACAGCAGCCACACTCCTG,20263
pos,Aae,36,5,CTAACTGTTACGGTAACAGCTGCGACGCTTCTC,18
pos,Aae,36,5,CTAACCGTCACAGTAACCGCAGCTACCCTGCTG,14
pos,Aae,36,5,CTTACCGTAACGGTAACTGCCGCCACGCTGCTT,11
pos,Aae,36,5,CTTACAGTTACCGTTACAGCAGCCACACTCCTT,5
pos,Aae,36,5,CTTACAGTTACTGTTACAGCAGCCACACTCCTG,3
pos,Aae,36,5,CTCACAGTTACCGTTACAGCAGCCACACTCCTG,3
pos,Aae,36,5,CTTACAGTTACCGTTACAGCAGCCACACTTCTG,3
pos,Aae,36,5,CTTACAGTAACGGTAACTGCCGCCACGCTCCTT,2
pos,Aae,36,5,CTTACAGTAACCGTTACAGCAGCCACACTCCTG,2
pos,Aae,36,5,CTTACAGTCACCGTTACAGCAGCCACACTCCTG,2
pos,Aae,36,5,CTTACCGTAACGGTAACTGCCGCCACGCTCCTG,2
pos,Aae,36,5,CTTACAGTTACCGTTACAGCAGCTACACTCCTG,1
pos,Aae,36,5,CTTACAGTTACCGTTACGGCAGCCACCCTCCTG,1
pos,Aae,36,5,CTTACAGTAACGGTAACGGCCGCCACGCTCCTG,1
pos,Aae,36,5,CTTACCGTTACCGTTACCGCAGCCACACTCCTG,1
pos,Aae,36,5,CTTACAGTTACCGTGACAGCAGCCACACTCCTG,1
pos,Aae,36,5,CTCACAGTTACTGTTACAGCAGCCACTCTCCTG,1
pos,Aae,36,5,CTTACCGTAACTGTAACGGCAGCCACGCTCCTG,1
pos,Aae,36,5,CTTACAGTAACGGTTACTGCCGCCACGCTCCTG,1
pos,Aae,36,5,CTTACCGTTACCGTAACTGCCGCCACGCTCCTT,1
pos,Aae,36,5,CTTACAGTAACGGTAACTGCAGCCACGCTCCTG,1
pos,Aae,36,5,CTTACCGTAACGGTAACTGCCGCCACGCTGCTG,1
pos,Aae,36,5,CTTACAGTAACGGTAACTGCCGCCACGCTCCTG,1
pos,Aae,36,5,CTTACAGTTACGGTAACAGCTGCGACGCTTCTC,1
pos,Aae,36,5,CTTACAGTAACTGTTACGGCGGCAACTCTCCTG,1
pos,Aae,36,5,CTTACAGTAACTGTAACGGCCGCCACGCTCCTG,1
pos,Aae,36,5,CTTACAGTTACTGTTACGGCAGCCACACTCCTG,1
pos,Aae,36,5,CTGACTGTTACTGTCACGGCTGCCACTCTCCTT,1
pos,Aae,36,6,CTTACAGTTACCGTTACAGCAGCCACACTCCTG,4792
pos,Aae,36,6,CTAACTGTTACGGTAACAGCTGCGACGCTTCTC,29
pos,Aae,36,6,CTAACCGTCACAGTAACCGCAGCTACCCTGCTG,20
pos,Aae,36,6,CTTACCGTAACGGTAACTGCCGCCACGCTGCTT,11
pos,Aae,36,6,CTTACCGTTACGGTAACCGCTGCGACACTCCTG,3
pos,Aae,36,6,CTTACAGTTACCGTTACCGCAGCCACACTCCTG,2
pos,Aae,36,6,CTAACTGTTACGGTAACAGCAGCGACGCTTCTG,1
pos,Aae,36,6,CTCACAGTCACCGTGACCGCTGCGACCCTACTT,1
pos,Aae,36,6,CTTACAGTTACTGTTACGGCAGCCACACTCCTG,1
pos,Aae,36,6,CTTACAGTAACGGTAACGGCCGCCACGCTCCTG,1
pos,Aae,36,6,CTAACAGTCACAGTAACCGCAGCTACCCTGCTG,1
pos,Aae,36,6,CTTACAGTTACCGTAACTGCCGCCACCCTCCTG,1
pos,Aae,36,6,CTTACCGTTACGGTAACTGCCGCCACGCTGCTT,1
pos,Aae,36,6,CTTACAGTTACCGTAACCGCCGCCACCCTCCTT,1
pos,Aae,36,6,CTTACAGTTACTGTAACGGCCGCAACCCTCCTG,1
pos,Aae,36,6,CTTACCGTAACGGTAACTGCCGCCACGCTGCTG,1
pos,Aae,36,6,CTTACAGTTACCGTAACAGCCGCCACGCTCCTT,1
pos,Aae,36,6,CTTACAGTTACCGTAACTGCCGCCACGCTCCTG,1
pos,Aae,36,6,CTTACAGTTACTGTTACAGCAGCCACACTCCTG,1
pos,Aae,36,6,CTTACAGTTACCGTTACGGCAGCCACACTCCTG,1
pos,Aae,36,6,CTTACCGTTACCGTTACCGCCGCCACCCTTCTT,1
pos,Aae,36,6,CTTACAGTAACGGTAACTGCCGCCACGCTGCTT,1
pos,Aae,36,6,CTTACAGTTACGGTAACTGCCGCCACGCTGCTT,1
pos,Aae,36,6,CTTACGGTGACCGTAACGGCAGCTACTCTACTC,1
pos,Aae,36,6,CTTACAGTTACCGTAACAGCAGCCACACTCCTG,1
pos,Aae,36,6,CTTACAGTTACCGTTACTGCAGCCACACTCCTG,1
pos,Aae,36,6,CTTACCGTTACGGTAACTGCCGCCACGCTCCTT,1
pos,Aae,36,6,CTTACAGTTACGGTAACTGCCGCCACGCTCCTT,1
pos,Aae,36,6,CTTACAGTAACGGTAACTGCCGCCACGCTCCTG,1
pos,Aae,36,7,CTTACAGTTACCGTTACAGCAGCCACACTCCTG,2758
pos,Aae,36,7,CTAACTGTTACGGTAACAGCTGCGACGCTTCTC,21
pos,Aae,36,7,CTAACCGTCACAGTAACCGCAGCTACCCTGCTG,9
pos,Aae,36,7,CTTACCGTAACGGTAACTGCCGCCACGCTGCTT,4
pos,Aae,36,7,CTTACGGTTACCGTTACAGCAGCCACACTCCTG,2
pos,Aae,36,7,CTTACAGTAACGGTAACTGCCGCCACGCTCCTT,2
pos,Aae,36,7,CTTACAGTTACCGTTACAGCAGCCACCCTCCTG,1
pos,Aae,36,7,CTTACAGTAACGGTAACTGCCGCCACGCTCCTG,1
pos,Aae,36,7,CTTACAGTTACCGTCACAGCAGCCACACTCCTG,1
pos,Aae,36,7,CTTACCGTAACGGTAACTGCCGCCACGCTCCTT,1
pos,Aae,36,7,CTTACAGTTACCGTAACAGCAGCCACGCTCCTG,1
pos,Aae,36,7,CTTACAGTTACCGTAACAGCAGCCACACTCCTG,1
pos,Aae,36,7,CTTACAGTTACCGTTACAGCCGCCACACTCCTG,1
pos,Aae,36,7,CTTACAGTTACCGTTACAGCAGCCACACTCCTT,1
pos,Aae,36,7,CTTACAGTTACCGTAACTGCCGCCACGCTCCTG,1
pos,Aae,36,7,CTTACAGTTACTGTTACGGCCGCCACCCTCCTG,1
pos,Aae,36,7,CTTACCGTTACGGTAACTGCCGCCACGCTCCTT,1
pos,Aae,36,7,CTTACAGTTACCGTAACTGCCGCCACCCTCCTT,1
pos,Aae,36,7,CTTACAGTTACCGTAACAGCAGCCACCCTCCTG,1
pos,Aae,36,8,CTTACAGTTACCGTTACAGCAGCCACACTCCTG,10323
pos,Aae,36,8,CTAACTGTTACGGTAACAGCTGCGACGCTTCTC,24
pos,Aae,36,8,CTTACCGTAACGGTAACTGCCGCCACGCTGCTT,20
pos,Aae,36,8,CTAACCGTCACAGTAACCGCAGCTACCCTGCTG,12
pos,Aae,36,8,CTTACAGTTACCGTTACAGCAGCCACACTCCTT,3
pos,Aae,36,8,CTCACAGTTACCGTTACAGCAGCCACACTCCTG,2
pos,Aae,36,8,CTTACAGTTACTGTAACGGCAGCCACCCTCCTC,2
pos,Aae,36,8,CTTACAGTAACGGTAACTGCCGCCACGCTGCTT,2
pos,Aae,36,8,CTTACAGTTACCGTAACTGCCGCCACGCTCCTT,1
pos,Aae,36,8,CTTACCGTAACGGTAACTGCAGCCACGCTGCTT,1
pos,Aae,36,8,CTTACCGTTACTGTAACGGCAGCCACCCTCCTG,1
pos,Aae,36,8,CTTACAGTTACCGTAACCGCCGCCACCCTCCTG,1
pos,Aae,36,8,CTTACAGTTACCGTAACCGCCGCAACCCTTCTA,1
pos,Aae,36,8,CTGACAGTTACCGTAACCGCCGCCACCCTCCTT,1
pos,Aae,36,8,CTTACCGTTACCGTAACAGCAGCCACACTCCTG,1
pos,Aae,36,8,CTGACGGTAACAGTGACAGCAGCAACCCTACTT,1
pos,Aae,36,8,CTTACAGTTACCGTAACAGCCGCCACCCTCCTG,1
pos,Aae,36,8,CTTACCGTAACGGTAACTGCAGCCACGCTCCTG,1
pos,Aae,36,8,CTTACAGTAACGGTTACAGCAGCCACGCTCCTG,1
pos,Aae,36,8,CTTACAGTTACCGTAACAGCAGCCACGCTCCTG,1
pos,Aae,36,8,CTTACCGTTACGGTAACTGCCGCCACGCTCCTT,1
pos,Aae,36,8,CTTACCGTAACGGTAACTGCCGCCACGCTCCTT,1
pos,Aae,36,8,CTTACCGTTACGGTAACTGCCGCCACCCTGCTT,1
pos,Aae,36,8,CTTACAGTTACCGTTACAGCAGCCACCCTCCTG,1
pos,Aae,36,8,CTTACAGTTACCGTAACTGCCGCCACGCTGCTT,1
pos,Aae,36,9,CTTACAGTTACCGTTACAGCAGCCACACTCCTG,3466
pos,Aae,36,9,CTAACTGTTACGGTAACAGCTGCGACGCTTCTC,8
pos,Aae,36,9,CTAACCGTCACAGTAACCGCAGCTACCCTGCTG,7
pos,Aae,36,9,CTTACAGTTACCGTTACAGCTGCCACACTCCTG,1
pos,Aae,36,9,CTTACAGTTACCGTTACAGCAGCCACACTCCTA,1
neg,Aae,36,1,CTAACCGTCACAGTAACCGCAGCTACCCTGCTG,17
neg,Aae,36,1,CTAACTGTTACGGTAACAGCTGCGACGCTTCTC,8
neg,Aae,36,1,CTAACTGTTACGGTAACAGCTGCAACGCTTCTC,1
neg,Aae,36,2,CTAACTGTTACGGTAACAGCTGCGACGCTTCTC,10
neg,Aae,36,2,CTAACCGTCACAGTAACCGCAGCTACCCTGCTG,9
neg,Aae,36,2,CTTACGGTGACCGTAACGGCAGCTACTCTACTC,1
neg,Aae,36,2,CTCACAGTCACCGTGACCGCTGCGACCCTACTT,1
neg,Aae,36,3,CTAACCGTCACAGTAACCGCAGCTACCCTGCTG,10
neg,Aae,36,3,CTAACTGTTACGGTAACAGCTGCGACGCTTCTC,9
neg,Aae,36,3,CTCACAGTCACCGTGACCGCTGCGACCCTACTT,1
neg,Aae,36,3,CTTACGGTGACCGTAACGGCAGCTACTCTACTC,1
pos,Aae,4,10,CTGACAGTTACCGTAACCGCCGCAACCCTTCTA,8545
pos,Aae,4,10,CTAACTGTTACGGTAACAGCTGCGACGCTTCTC,46
pos,Aae,4,10,CTAACCGTCACAGTAACCGCAGCTACCCTGCTG,34
pos,Aae,4,10,CTGACAGTTACCGTTACAGCAGCCACGCTTCTG,4
pos,Aae,4,10,CTGACAGTTACCGTAACCGCCGCAACCCTTCTG,2
pos,Aae,4,10,CTGACAGTTACCGTAACCGCCGCCACCCTTCTA,2
pos,Aae,4,10,CTGACAGTTACCGTAACCGCAGCAACCCTTCTT,1
pos,Aae,4,10,CTGACAGTTACCGTAACCGCCGCGACCCTTCTA,1
pos,Aae,4,10,CTAACTGTTACGGTAACAGCTGCAACGCTTCTC,1
pos,Aae,4,10,CTGACAGTTACCGTAACCGCAGCAACCCTTCTG,1
pos,Aae,4,10,CTGACAGTTACCGTAACCGCCGCAACCCTCCTA,1
pos,Aae,4,10,CTGACAGTTACCGTAACAGCCGCAACGCTTCTG,1
pos,Aae,4,10,CTGACAGTTACCGTTACGGCAGCAACCCTTCTG,1
pos,Aae,4,10,CTCACAGTCACCGTGACCGCTGCGACCCTACTT,1
pos,Aae,4,10,CTTACAGTTACCGTTACAGCAGCCACACTCCTG,1
pos,Aae,4,10,CTTACAGTTACGGTAACAGCTGCGACGCTTCTC,1
pos,Aae,4,11,CTGACAGTTACCGTAACCGCCGCAACCCTTCTA,21617
pos,Aae,4,11,CTAACTGTTACGGTAACAGCTGCGACGCTTCTC,13
pos,Aae,4,11,CTAACCGTCACAGTAACCGCAGCTACCCTGCTG,12
pos,Aae,4,11,CTGACAGTTACCGTAACCGCCGCAACCCTCCTA,3
pos,Aae,4,11,CTGACAGTTACCGTAACCGCCGCAACCCTTCTT,2
pos,Aae,4,11,CTCACAGTTACCGTAACCGCCGCAACCCTTCTA,2
pos,Aae,4,11,CTGACAGTTACCGTAACCGCCGCGACCCTTCTA,2
pos,Aae,4,11,CTTACAGTTACCGTAACCGCCGCAACCCTTCTA,2
pos,Aae,4,11,CTGACAGTCACCGTAACCGCCGCAACCCTTCTA,1
pos,Aae,4,11,CTGACAGTTACCGTGACCGCCGCAACCCTTCTA,1
pos,Aae,4,11,CTGACAGTTACCGTAACCGCCGCAACGCTTCTA,1
pos,Aae,4,11,CTGACAGTTACCGTAACGGCGGCAACCCTCCTT,1
pos,Aae,4,11,CTGACAGTTACCGTAACGGCGGCAACCCTCCTA,1
pos,Aae,4,12,CTGACAGTTACCGTAACCGCCGCAACCCTTCTA,5265
pos,Aae,4,12,CTAACCGTCACAGTAACCGCAGCTACCCTGCTG,26
pos,Aae,4,12,CTAACTGTTACGGTAACAGCTGCGACGCTTCTC,24
pos,Aae,4,12,CTGACAGTTACCGTAACAGCCGCAACCCTTCTG,2
pos,Aae,4,12,CTGACAGTTACCGTAACCGCCGCAACCCTTCTG,2
pos,Aae,4,12,CTGACAGTTACCGTAACCGCCGCAACCCTTCTT,2
pos,Aae,4,12,CTGACAGTTACTGTTACGGCCGCAACCCTCCTG,1
pos,Aae,4,12,CTGACAGTTACCGTAACCGCCGCAACCCTTCTC,1
pos,Aae,4,12,CTGACAGTTACCGTAACCGCAGCAACCCTTCTG,1
pos,Aae,4,12,CTGACAGTTACCGTTACAGCAGCAACCCTTCTG,1
pos,Aae,4,12,CTGACAGTTACCGTAACAGCAGCAACCCTTCTG,1
pos,Aae,4,12,CTTACAGTTACCGTAACCGCCGCAACCCTTCTA,1
pos,Aae,4,13,CTGACAGTTACCGTAACCGCCGCAACCCTTCTA,27717
pos,Aae,4,13,CTAACTGTTACGGTAACAGCTGCGACGCTTCTC,9
pos,Aae,4,13,CTAACCGTCACAGTAACCGCAGCTACCCTGCTG,8
pos,Aae,4,13,CTGACAGTTACCGTAACCGCCGCAACCCTTCTT,2
pos,Aae,4,13,CTGACAGTCACCGTAACCGCCGCAACCCTTCTA,2
pos,Aae,4,13,CTGACAGTTACTGTAACCGCCGCAACCCTTCTA,2
pos,Aae,4,13,CTCACAGTTACCGTAACCGCCGCAACCCTTCTA,1
pos,Aae,4,13,CTGACAGTTACCGTAACCGCCGCAACCCTCCTA,1
pos,Aae,4,13,CTGACAGTTACCGTAACCGCCGCAACTCTTCTA,1
pos,Aae,4,13,CTGACAGTTACCGTAACCGCCGCAACCCTTCTG,1
pos,Aae,4,13,CTGACAGTTACCGTGACCGCCGCAACCCTTCTA,1
pos,Aae,4,13,CTGACAGTTACCGTAACTGCCGCAACCCTTCTA,1
pos,Aae,4,14,CTGACAGTTACCGTAACCGCCGCAACCCTTCTA,10270
pos,Aae,4,14,CTAACTGTTACGGTAACAGCTGCGACGCTTCTC,16
pos,Aae,4,14,CTAACCGTCACAGTAACCGCAGCTACCCTGCTG,11
pos,Aae,4,14,CTGACAGTTACCGTAACCGCCGCAACCCTCCTA,2
pos,Aae,4,14,CTTACAGTTACCGTAACCGCCGCAACCCTTCTA,2
pos,Aae,4,14,CTCACAGTTACCGTAACCGCCGCAACCCTTCTA,1
pos,Aae,4,14,CTGACAGTTACCGTAACCGCCGCAACCCTGCTA,1
pos,Aae,4,14,CTGACAGTTACCGTAACTGCCGCAACCCTTCTA,1
pos,Aae,4,14,CTTACGGTGACCGTAACGGCAGCTACTCTACTC,1
pos,Aae,4,14,CTGACAGTTACCGTAACCGCTGCAACCCTTCTA,1
pos,Aae,4,14,CTGACAGTTACCGTGACCGCCGCAACCCTTCTA,1
pos,Aae,4,15,CTGACAGTTACCGTAACCGCCGCAACCCTTCTA,6560
pos,Aae,4,15,CTAACCGTCACAGTAACCGCAGCTACCCTGCTG,12
pos,Aae,4,15,CTAACTGTTACGGTAACAGCTGCGACGCTTCTC,10
pos,Aae,4,15,CTGACAGTTACCGTAACCGCCGCAACCCTTCTG,2
pos,Aae,4,15,CTGACAGTTACCGTAACCGCCGCAACCCTCCTA,2
pos,Aae,4,15,CTGACAGTCACCGTAACCGCCGCAACCCTTCTA,1
pos,Aae,4,15,CTGACAGTTACCGTAACAGCTGCGACGCTTCTC,1
pos,Aae,4,15,CTTACAGTTACCGTAACCGCCGCAACCCTTCTA,1
pos,Aae,4,15,CTGACAGTTACCGTAACCGCCGCAACCCTTCTT,1
pos,Aae,4,16,CTGACAGTTACCGTAACCGCCGCAACCCTTCTA,8101
pos,Aae,4,16,CTAACCGTCACAGTAACCGCAGCTACCCTGCTG,24
pos,Aae,4,16,CTAACTGTTACGGTAACAGCTGCGACGCTTCTC,17
pos,Aae,4,16,CTAACCGTTACAGTAACCGCAGCTACCCTGCTG,3
pos,Aae,4,16,CTAACAGTTACGGTAACAGCTGCGACGCTTCTC,2
pos,Aae,4,16,CTGACTGTTACCGTAACCGCCGCAACCCTTCTA,2
pos,Aae,4,16,CTGACAGTTACCGTAACCGCAGCAACCCTCCTG,1
pos,Aae,4,16,CTGACAGTTACTGTAACCGCCGCAACCCTTCTA,1
pos,Aae,4,16,CTGACAGTTACCGTAACTGCCGCAACCCTTCTA,1
pos,Aae,4,16,CTAACAGTTACGGTAACAGCTGCGACTCTCCTT,1
pos,Aae,4,16,CTAACAGTTACAGTAACCGCAGCTACCCTCCTG,1
pos,Aae,4,16,CTAACCGTCACAGTAACCGCAGCTACCCTCCTG,1
pos,Aae,4,16,CTCACAGTCACCGTGACCGCTGCGACCCTCCTT,1
pos,Aae,4,16,CTCACAGTCACCGTGACCGCTGCGACCCTACTT,1
pos,Aae,4,16,CTAACAGTTACCGTAACCGCAGCTACCCTCCTG,1
pos,Aae,4,16,CTGACAGTCACCGTAACCGCCGCAACCCTTCTA,1
pos,Aae,4,16,CTCACAGTTACCGTAACCGCCGCAACCCTTCTA,1
pos,Aae,4,17,CTGACAGTTACCGTAACCGCCGCAACCCTTCTA,17074
pos,Aae,4,17,CTAACTGTTACGGTAACAGCTGCGACGCTTCTC,57
pos,Aae,4,17,CTAACCGTCACAGTAACCGCAGCTACCCTGCTG,28
pos,Aae,4,17,CTAACCGTTACAGTAACCGCAGCTACCCTGCTG,4
pos,Aae,4,17,CTGACAGTTACCGTAACCGCCGCAACCCTCCTA,2
pos,Aae,4,17,CTGACAGTCACCGTAACCGCCGCAACCCTTCTA,2
pos,Aae,4,17,CTAACAGTTACAGTAACCGCAGCTACCCTGCTG,2
pos,Aae,4,17,CTGACAGTTACCGTAACAGCTGCAACCCTTCTC,1
pos,Aae,4,17,CTCACAGTCACCGTGACCGCTGCGACCCTACTT,1
pos,Aae,4,17,CTAACAGTTACCGTAACCGCAGCTACCCTGCTG,1
pos,Aae,4,17,CTGACAGTTACCGTGACCGCCGCAACCCTTCTA,1
pos,Aae,4,17,CTGACAGTTACTGTAACCGCCGCAACCCTTCTA,1
pos,Aae,4,17,CTAACAGTTACCGTAACCGCCGCAACCCTTCTA,1
pos,Aae,4,17,CTAACAGTTACGGTAACAGCTGCGACCCTTCTC,1
pos,Aae,4,17,CTAACAGTTACCGTAACCGCAGCTACCCTCCTG,1
pos,Aae,4,17,CTTACAGTTACCGTTACAGCAGCCACCCTCCTG,1
pos,Aae,4,17,CTCACAGTTACCGTAACCGCCGCAACCCTTCTA,1
pos,Aae,4,17,CTGACAGTTACCGTAACCGCCGCAACCCTTCTG,1
pos,Aae,4,17,CTGACAGTTACCGTAACTGCCGCAACCCTTCTA,1
pos,Aae,4,2,CTGACAGTTACCGTAACCGCCGCAACCCTTCTA,5329
pos,Aae,4,2,CTAACCGTCACAGTAACCGCAGCTACCCTGCTG,17
pos,Aae,4,2,CTAACTGTTACGGTAACAGCTGCGACGCTTCTC,11
pos,Aae,4,2,CTGACAGTTACTGTAACCGCCGCAACCCTTCTA,2
pos,Aae,4,2,CTGACAGTCACCGTAACCGCCGCAACCCTTCTA,2
pos,Aae,4,2,CTCACAGTCACCGTGACCGCTGCGACCCTACTT,2
pos,Aae,4,2,CTGACAGTTACCGTTACAGCAGCCACCCTTCTG,2
pos,Aae,4,2,CTTACAGTTACCGTTACCGCAGCTACCCTCCTG,1
pos,Aae,4,2,CTGACAGTTACCGTTACAGCAGCCACGCTTCTG,1
pos,Aae,4,2,CTGACAGTTACCGTAACCGCCGCAACCCTGCTA,1
pos,Aae,4,2,CTGACAGTTACCGTAACCGCAGCAACCCTTCTG,1
pos,Aae,4,2,CTGACAGTTACAGTAACCGCCGCAACCCTTCTA,1
pos,Aae,4,2,CTGACAGTTACCGTAACCGCCGCAACACTTCTA,1
pos,Aae,4,2,CTGACAGTTACCGTAACTGCCGCAACCCTTCTA,1
pos,Aae,4,2,CTGACAGTTACCGTAACCGCCGCGACCCTTCTA,1
pos,Aae,4,2,CTTACAGTTACCGTAACCGCCGCAACCCTTCTA,1
pos,Aae,4,3,CTGACAGTTACCGTAACCGCCGCAACCCTTCTA,6244
pos,Aae,4,3,CTAACCGTCACAGTAACCGCAGCTACCCTGCTG,12
pos,Aae,4,3,CTAACTGTTACGGTAACAGCTGCGACGCTTCTC,11
pos,Aae,4,3,CTGACAGTTACCGTTACAGCAGCCACGCTTCTG,6
pos,Aae,4,3,CTCACAGTTACCGTAACCGCCGCAACCCTTCTA,5
pos,Aae,4,3,CTCACAGTCACCGTGACCGCTGCGACCCTACTT,2
pos,Aae,4,3,CTGACGGTTACCGTAACGGCCGCAACCCTCCTA,1
pos,Aae,4,3,CTTACAGTTACCGTAACCGCCGCAACCCTTCTA,1
pos,Aae,4,3,CTGACAGTTACCGTAACCGCAGCAACCCTTCTG,1
pos,Aae,4,3,CTGACAGTTACCGTGACCGCCGCAACCCTTCTA,1
pos,Aae,4,3,CTTACAGTTACCGTTACAGCAGCCACGCTTCTG,1
pos,Aae,4,3,CTGACGGTTACCGTAACCGCCGCAACCCTTCTA,1
pos,Aae,4,3,CTGACAGTTACTGTAACCGCCGCAACCCTTCTA,1
pos,Aae,4,3,CTGACAGTTACCGTAACCGCCGCAACCCTTCTT,1
pos,Aae,4,3,CTAACAGTTACCGTAACAGCCGCAACCCTTCTC,1
pos,Aae,4,3,CTGACAGTTACCGTTACAGCAGCCACCCTTCTG,1
pos,Aae,4,4,CTGACAGTTACCGTAACCGCCGCAACCCTTCTA,9101
pos,Aae,4,4,CTAACCGTCACAGTAACCGCAGCTACCCTGCTG,27
pos,Aae,4,4,CTGACAGTTACCGTTACAGCAGCCACGCTTCTG,24
pos,Aae,4,4,CTAACTGTTACGGTAACAGCTGCGACGCTTCTC,20
pos,Aae,4,4,CTTACCGTAACGGTAACTGCCGCCACGCTGCTT,6
pos,Aae,4,4,CTGACGGTTACCGTAACCGCCGCAACCCTTCTA,2
pos,Aae,4,4,CTGACAGTTACCGTAACCGCCGCAACCCTTCTG,2
pos,Aae,4,4,CTGACAGTTACCGTGACCGCCGCAACCCTTCTA,2
pos,Aae,4,4,CTTACAGTTACCGTAACCGCCGCAACCCTTCTA,2
pos,Aae,4,4,CTGACAGTTACCGTTACGGCAGCAACCCTTCTG,2
pos,Aae,4,4,CTGACAGTTACCGTTACAGCAGCCACCCTTCTG,2
pos,Aae,4,4,CTGACAGTTACCGTAACCGCCGCAACCCTCCTA,1
pos,Aae,4,4,CTGACAGTTACTGTCACTGCTGCTACCCTCCTA,1
pos,Aae,4,4,CTGACAGTTACCGTAACAGCCGCAACCCTTCTA,1
pos,Aae,4,4,CTGACAGTTACCGTAACCGCCGCAACCCTCCTT,1
pos,Aae,4,4,CTGACAGTTACCGTAACCGCAGCAACCCTTCTG,1
pos,Aae,4,4,CTCACAGTTACCGTGACCGCCGCAACCCTTCTT,1
pos,Aae,4,4,CTTACAGTTACCGTTACAGCAGCAACCCTCCTG,1
pos,Aae,4,4,CTTACAGTTACCGTTACAGCAGCCACACTCCTG,1
pos,Aae,4,4,CTTACAGTAACGGTAACTGCCGCCACGCTGCTG,1
pos,Aae,4,4,CTGACAGTTACCGTTACAGCAGCAACTCTCCTG,1
pos,Aae,4,4,CTCACAGTCACCGTGACCGCTGCGACCCTACTT,1
pos,Aae,4,4,CTTACAGTTACTGTAACGGCAGCCACCCTCCTG,1
pos,Aae,4,4,CTGACAGTTACCGTAACCGCCGCTACCCTTCTA,1
pos,Aae,4,4,CTGACAGTTACCGTTACAGCAGCAACCCTTCTG,1
pos,Aae,4,4,CTGACAGTTACCGTTACAGCAGCCACGCTCCTG,1
pos,Aae,4,4,CTGACAGTTACCGTAACAGCAGCAACCCTTCTG,1
pos,Aae,4,4,CTGACAGTTACCGTAACCGCCGCAACCCTTCTT,1
pos,Aae,4,4,CTTACAGTTACCGTTACAGCAGCCACGCTCCTG,1
pos,Aae,4,6,CTGACAGTTACCGTAACCGCCGCAACCCTTCTA,19250
pos,Aae,4,6,CTAACTGTTACGGTAACAGCTGCGACGCTTCTC,13
pos,Aae,4,6,CTAACCGTCACAGTAACCGCAGCTACCCTGCTG,7
pos,Aae,4,6,CTGACAGTTACCGTTACAGCAGCCACGCTTCTG,7
pos,Aae,4,6,CTTACAGTTACCGTAACCGCCGCAACCCTTCTA,4
pos,Aae,4,6,CTGACAGTTACTGTAACCGCCGCAACCCTTCTA,3
pos,Aae,4,6,CTGACAGTTACCGTAACCGCCGCAACCCTTCTT,3
pos,Aae,4,6,CTGACAGTTACCGTAACCGCCGCAACCCTCCTA,2
pos,Aae,4,6,CTGACAGTTACCGTGACCGCCGCAACCCTTCTA,1
pos,Aae,4,6,CTGACAGTTACCGTTACAGCAGCAACCCTTCTG,1
pos,Aae,4,6,CTGACAGTTACCGTTACAGCAGCCACCCTTCTG,1
pos,Aae,4,6,CTGACAGTTACCGTAACCGCCGCAACTCTTCTA,1
pos,Aae,4,6,CTAACTGTTACGGTAACAGCTGCAACGCTTCTC,1
pos,Aae,4,6,CTGACAGTCACCGTAACCGCCGCAACCCTTCTA,1
pos,Aae,4,6,CTCACAGTCACCGTGACCGCTGCGACCCTACTT,1
pos,Aae,4,6,CTGACAGTTACCGTAACCGCCGCTACCCTTCTA,1
pos,Aae,4,6,CTCACAGTTACCGTAACCGCCGCAACCCTTCTA,1
pos,Aae,4,6,CTTACGGTGACCGTAACGGCAGCTACTCTACTC,1
pos,Aae,4,7,CTGACAGTTACCGTAACCGCCGCAACCCTTCTA,7536
pos,Aae,4,7,CTAACCGTCACAGTAACCGCAGCTACCCTGCTG,16
pos,Aae,4,7,CTAACTGTTACGGTAACAGCTGCGACGCTTCTC,13
pos,Aae,4,7,CTGACAGTTACCGTTACAGCAGCCACGCTTCTG,2
pos,Aae,4,7,CTGACAGTTACCGTTACAGCAGCCACCCTTCTG,2
pos,Aae,4,7,CTTACAGTTACCGTAACCGCCGCAACCCTTCTA,2
pos,Aae,4,7,CTGACCGTCACAGTAACCGCAGCTACCCTGCTG,1
pos,Aae,4,7,CTTACAGTTACCGTTACAGCAGCCACACTCCTG,1
pos,Aae,4,7,CTGACAGTTACCGTAACCGCCGCAACCCTCCTA,1
pos,Aae,4,7,CTGACAGTTACCGTAACCGCCGCTACCCTTCTA,1
pos,Aae,4,7,CTCACAGTCACCGTGACCGCTGCGACCCTACTT,1
pos,Aae,4,7,CTGACAGTTACCGTGACCGCCGCAACCCTTCTA,1
pos,Aae,4,8,CTGACAGTTACCGTAACCGCCGCAACCCTTCTA,8950
pos,Aae,4,8,CTGACAGTTACCGTAACCGCCGCGACCCTTCTA,97
pos,Aae,4,8,CTAACCGTCACAGTAACCGCAGCTACCCTGCTG,46
pos,Aae,4,8,CTAACTGTTACGGTAACAGCTGCGACGCTTCTC,11
pos,Aae,4,8,CTGACAGTTACCGTAACTGCCGCAACCCTTCTA,9
pos,Aae,4,8,CTTACAGTTACCGTAACCGCCGCAACCCTTCTA,2
pos,Aae,4,8,CTAACCGTCACAGTAACCGCAGCTACCCTGCTT,1
pos,Aae,4,8,CTGACAGTTACTGTAACCGCCGCAACCCTTCTA,1
pos,Aae,4,8,CTCACAGTTACCGTAACCGCCGCAACCCTTCTA,1
pos,Aae,4,8,CTGACAGTTACCGTAACCGCCGCTACCCTTCTA,1
pos,Aae,4,8,CTGACAGTTACCGTAACCGCCGCAACCCTCCTA,1
pos,Aae,4,8,CTGACAGTTACCGTAACCGCCGCAACCCTTCTC,1
pos,Aae,4,8,CTGACAGTTACCGTAACCGCCGCAACACTTCTA,1
pos,Aae,4,8,CTAACTGTTACAGTAACAGCTGCGACGCTTCTC,1
pos,Aae,4,8,CTTACAGTTACCGTAACAGCAGCAACCCTTCTC,1
pos,Aae,4,8,CTGACAGTTACCGTAACCGCTGCAACCCTTCTA,1
pos,Aae,4,8,CTTACAGTTACCGTTACAGCAGCCACGCTTCTG,1
pos,Aae,4,8,CTGACAGTTACCGTAACCGCCGCAACTCTTCTA,1
pos,Aae,4,8,CTGACAGTTACCGTAACCGCCGCAACCCTTCTT,1
pos,Aae,4,9,CTGACAGTTACCGTAACCGCCGCAACCCTTCTA,9017
pos,Aae,4,9,CTAACTGTTACGGTAACAGCTGCGACGCTTCTC,303
pos,Aae,4,9,CTAACCGTCACAGTAACCGCAGCTACCCTGCTG,52
pos,Aae,4,9,CTGACAGTTACTGTAACCGCCGCAACCCTTCTA,2
pos,Aae,4,9,CTGACAGTTACCGTAACCGCCGCAACCCTTCTT,1
pos,Aae,4,9,CTTACAGTTACCGTAACCGCCGCAACCCTTCTA,1
pos,Aae,4,9,CTGACAGTTACCGTAACCGCCGCAACCCTCCTA,1
pos,Aae,4,9,CTAACTGTTACAGTAACAGCTGCGACGCTTCTC,1
pos,Aae,4,9,CTGACAGTTACCGTAACCGCCGCAACTCTTCTA,1
pos,Aae,4,9,CTAACTGTTACGGTAACAGCTGCGACTCTTCTC,1
pos,Aae,4,9,CTGACAGTTACCGTAACCGCGGCAACCCTTCTT,1
pos,Aae,4,9,CTAACGGTTACGGTAACGGCGGCAACCCTCCTT,1
pos,Aae,4,9,CTAACTGTTACGGTAACAGCTGCGACGCTTCTT,1
pos,Aae,4,9,CTAACTGTTACGGTAACGGCTGCGACGCTTCTC,1
pos,Aae,4,9,CTAACCGTTACAGTAACCGCAGCTACCCTTCTG,1
neg,Aae,4,1,CTAACTGTTACGGTAACAGCTGCGACGCTTCTC,13
neg,Aae,4,1,CTAACCGTCACAGTAACCGCAGCTACCCTGCTG,11
neg,Aae,4,2,CTAACCGTCACAGTAACCGCAGCTACCCTGCTG,21
neg,Aae,4,2,CTAACTGTTACGGTAACAGCTGCGACGCTTCTC,5
neg,Aae,4,3,CTAACTGTTACGGTAACAGCTGCGACGCTTCTC,15
neg,Aae,4,3,CTAACCGTCACAGTAACCGCAGCTACCCTGCTG,5
neg,Aae,4,3,CTAACTGTTACGGTAACAGCTGCGACGCTTCTT,1
pos,Cxt,11,10,CTGACGGTAACAGTGACAGCAGCAACCCTACTT,4224
pos,Cxt,11,10,CTGACCGTCACAGTAACCGCAGCTACCCTGCTG,2
pos,Cxt,11,10,CTAACCGTCACAGTAACCGCAGCTACCCTGCTG,1
pos,Cxt,11,10,CTGACTGTAACAGTGACAGCAGCAACCCTACTT,1
pos,Cxt,11,10,CTCACGGTAACAGTGACAGCAGCAACCCTACTT,1
pos,Cxt,11,10,CTGACAGTAACAGTGACAGCAGCAACCCTACTT,1
pos,Cxt,11,10,CTGACGGTAACAGTGACAGCAGCAACCCTACTC,1
pos,Cxt,11,10,CTGACGGTAACAGTGACAGCAGCTACCCTACTT,1
pos,Cxt,11,10,CTGACGGTAACTGTGACAGCAGCAACCCTACTT,1
pos,Cxt,11,10,CTGACGGTAACAGTGACAGCGGCAACCCTACTT,1
pos,Cxt,11,12,CTTACAGTCACAGTTACCGCCGCCACCCTACTC,15825
pos,Cxt,11,12,CTTACAGTCACAGTTACCGCCGCCACCCTACTT,11
pos,Cxt,11,12,CTTACGGTCACAGTTACCGCCGCCACCCTACTC,4
pos,Cxt,11,12,CTCACAGTCACAGTTACCGCCGCCACCCTACTC,4
pos,Cxt,11,12,CTTACAGTCACGGTTACCGCCGCCACCCTACTC,2
pos,Cxt,11,12,CTTACGGTGACCGTAACGGCAGCTACTCTACTC,1
pos,Cxt,11,12,CTCACAGTCACCGTGACCGCTGCCACCCTACTT,1
pos,Cxt,11,12,CTCACAGTCACCGTGACCGCTGCGACCCTACTT,1
pos,Cxt,11,12,CTGACAGTCACAGTTACCGCCGCCACCCTACTC,1
pos,Cxt,11,12,CTTACAGTTACAGTTACCGCCGCCACCCTACTC,1
pos,Cxt,11,12,CTAACAGTCACAGTTACCGCCGCCACCCTACTC,1
pos,Cxt,11,12,CTTACAGTCACCGTGACCGCTGCCACCCTACTT,1
pos,Cxt,11,12,CTTACAGTCACAGTAACCGCCGCCACCCTACTC,1
pos,Cxt,11,13,CTGACGGTAACAGTGACAGCAGCAACCCTACTT,1940
pos,Cxt,11,13,CTAACCGTCACAGTAACCGCAGCTACCCTGCTG,4
pos,Cxt,11,13,CTGACAGTAACAGTGACAGCAGCAACCCTACTT,1
pos,Cxt,11,13,CTGACGGTAACAGTGACGGCAGCAACCCTACTT,1
pos,Cxt,11,13,CTTACCGTTACTGTGACTGCGGCGACACTCCTT,1
pos,Cxt,11,13,CTCACAGTCACCGTGACCGCTGCGACCCTACTT,1
pos,Cxt,11,13,CTTACGGTAACAGTGACAGCAGCAACCCTACTT,1
pos,Cxt,11,13,CTCACAGTTACCGTGACCGCTGCGACCCTACTT,1
pos,Cxt,11,13,CTGACGGTAACAGTGACAGCAGCAACCCTACTC,1
pos,Cxt,11,14,CTTACAGTCACAGTTACCGCCGCCACCCTACTC,11816
pos,Cxt,11,14,CTCACCGTTACTGTCACTGCAGCAACCCTACTT,24
pos,Cxt,11,14,CTAACCGTCACAGTAACCGCAGCTACCCTGCTG,9
pos,Cxt,11,14,CTTACAGTCACAGTTACCGCCGCCACCCTACTT,7
pos,Cxt,11,14,CTGACGGTAACAGTGACAGCAGCAACCCTACTT,7
pos,Cxt,11,14,CTAACTGTAACTGTGACTGCAGCAACACTCCTG,4
pos,Cxt,11,14,CTTACAGTCACAGTTACCGCAGCCACCCTACTC,4
pos,Cxt,11,14,CTGACAGTTACCGTTACAGCAGCCACGCTTCTG,3
pos,Cxt,11,14,CTTACAGTCACAGTTACCGCCGCCACTCTACTC,2
pos,Cxt,11,14,CTTACGGTGACCGTAACGGCAGCTACTCTACTC,2
pos,Cxt,11,14,CTTACCGTAACGGTAACTGCCGCCACGCTGCTT,2
pos,Cxt,11,14,CTGACAGTTACAGTTACTGCAGCCACCCTACTT,1
pos,Cxt,11,14,CTGACAGTTACCGTTACTGCAGCCACCCTACTT,1
pos,Cxt,11,14,CTGACAGTCACCGTGACTGCTGCCACCCTACTT,1
pos,Cxt,11,14,CTGACAGTCACAGTTACAGCAGCCACCCTACTC,1
pos,Cxt,11,14,CTGACAGTCACCGTTACCGCCGCCACCCTACTC,1
pos,Cxt,11,14,CTTACAGTCACAGTTACCGCCGCGACCCTACTC,1
pos,Cxt,11,14,CTTACAGTCACAGTTACTGCCGCCACCCTACTC,1
pos,Cxt,11,14,CTAACTGTAACTGTGACCGCAGCAACACTCCTG,1
pos,Cxt,11,14,CTTACAGTTACAGTTACCGCCGCCACCCTACTC,1
pos,Cxt,11,14,CTGACTGTGACCGTGACTGCTGCCACTCTACTA,1
pos,Cxt,11,14,CTTACAGTCACAGTTACCGCCGCTACCCTACTC,1
pos,Cxt,11,14,CTTACAGTCACAGTTACCGCCGCAACCCTACTT,1
pos,Cxt,11,14,CTGACCGTTACTGTCACTGCAGCAACCCTACTT,1
pos,Cxt,11,14,CTGACGGTTACTGTGACTGCAGCAACCCTACTT,1
pos,Cxt,11,14,CTGACAGTCACAGTGACCGCCGCCACCCTACTC,1
pos,Cxt,11,14,CTTACTGTCACAGTTACCGCCGCCACCCTACTC,1
pos,Cxt,11,14,CTTACAGTTACAGTTACCGCAGCCACCCTACTT,1
pos,Cxt,11,14,CTTACCGTCACAGTTACCGCCGCCACCCTACTC,1
pos,Cxt,11,14,CTTACCGTAACGGTAACTGCCGCCACGCTACTT,1
pos,Cxt,11,14,CTCACCGTTACTGTCACTGCCGCCACCCTACTT,1
pos,Cxt,11,15,CTTACAGTCACAGTTACCGCCGCCACCCTACTC,23633
pos,Cxt,11,15,CTTACAGTCACAGTTACCGCCGCCACCCTACTT,12
pos,Cxt,11,15,CTTACAGTCACAGTTACCGCCGCCACTCTACTC,6
pos,Cxt,11,15,CTTACAGTCACGGTTACCGCCGCCACCCTACTC,2
pos,Cxt,11,15,CTTACAGTCACAGTTACTGCCGCCACCCTACTC,2
pos,Cxt,11,15,CTTACAGTCACAGTTACCGCCGCTACCCTACTC,1
pos,Cxt,11,15,CTTACAGTCACTGTTACTGCAGCCACCCTACTC,1
pos,Cxt,11,15,CTGACAGTCACCGTTACCGCCGCCACCCTACTC,1
pos,Cxt,11,15,CTCACAGTCACCGTGACCGCTGCCACCCTACTT,1
pos,Cxt,11,15,CTTACAGTCACAGTTACCGCCGCCACCCTTCTC,1
pos,Cxt,11,16,CTTACAGTCACAGTTACCGCCGCCACCCTACTC,4398
pos,Cxt,11,16,CTTACAGTCACAGTTACCGCCGCCACCCTACTT,4
pos,Cxt,11,16,CTAACCGTAACTGTGACGGCTGCAACGCTTCTG,3
pos,Cxt,11,16,CTTACAGTCACAGTTACCGCTGCCACCCTACTC,1
pos,Cxt,11,16,CTTACAGTCACAGTCACCGCCGCCACCCTACTC,1
pos,Cxt,11,16,CTCACAGTCACCGTGACCGCTGCGACCCTACTT,1
pos,Cxt,11,16,CTCACAGTCACCGTGACCGCTGCCACCCTACTT,1
pos,Cxt,11,16,CTTACGGTGACCGTAACGGCAGCTACTCTACTC,1
pos,Cxt,11,17,CTTACAGTCACAGTTACCGCCGCCACCCTACTC,3590
pos,Cxt,11,17,CTTACAGTCACAGTTACCGCCGCCACCCTACTT,4
pos,Cxt,11,17,CTTACGGTGACCGTAACGGCAGCTACTCTACTC,1
pos,Cxt,11,17,CTCACAGTCACCGTGACCGCTGCCACCCTACTT,1
pos,Cxt,11,17,CTTACAGTCACTGTTACCGCCGCCACCCTACTC,1
pos,Cxt,11,17,CTTACGGTGACCGTAACGGCAGCCACTCTACTC,1
pos,Cxt,11,17,CTGACAGTCACCGTGACCGCTGCCACCCTACTT,1
pos,Cxt,11,17,CTTACAGTCACCGTGACCGCTGCCACCCTACTT,1
pos,Cxt,11,17,CTTACAGTCACAGTTACTGCCGCCACCCTACTC,1
pos,Cxt,11,17,CTAACCGTCACAGTAACCGCAGCTACCCTGCTG,1
pos,Cxt,11,17,CTTACCGTTACTGTGACTGCGGCCACACTCCTT,1
pos,Cxt,11,17,CTTACAGTCACAGTTACCGCTGCCACCCTACTC,1
pos,Cxt,11,18,CTGACGGTAACAGTGACAGCAGCAACCCTACTT,13247
pos,Cxt,11,18,CTGACGGTAACAGTGACAGCAGCAACCCTACTC,4
pos,Cxt,11,18,CTTACGGTAACAGTGACAGCAGCAACCCTACTT,3
pos,Cxt,11,18,CTTACCGTTACGGTAACCGCTGCGACACTCCTG,2
pos,Cxt,11,18,CTGACTGTAACAGTGACAGCAGCAACCCTACTT,2
pos,Cxt,11,18,CTGACGGTAACAGTCACAGCAGCAACCCTACTT,2
pos,Cxt,11,18,CTGACGGTAACAGTGACAGCGGCAACCCTACTT,2
pos,Cxt,11,18,CTGACGGTAACAGTGACAGCAGCAACCCTTCTT,1
pos,Cxt,11,18,CTGACGGTAACGGTGACAGCAGCAACCCTACTT,1
pos,Cxt,11,18,CTGACAGTCACCGTGACCGCTGCGACCCTACTT,1
pos,Cxt,11,18,CTGACGGTAACAGTTACAGCAGCAACCCTACTT,1
pos,Cxt,11,18,CTGACGGTAACAGTAACAGCAGCAACCCTACTT,1
pos,Cxt,11,18,CTTACGGTGACCGTAACGGCAGCTACTCTACTC,1
pos,Cxt,11,18,CTGACAGTAACAGTGACAGCAGCAACCCTACTT,1
pos,Cxt,11,18,CTAACGGTAACAGTGACAGCAGCAACCCTACTT,1
pos,Cxt,11,18,CTTACGGTGACCGTAACGGCAGCCACTCTACTC,1
pos,Cxt,11,18,CTCACCGTTACTGTCACTGCAGCAACCCTACTT,1
pos,Cxt,11,18,CTGACGGTGACAGTGACAGCAGCAACCCTACTT,1
pos,Cxt,11,1,CTGACGGTAACAGTGACAGCAGCAACCCTACTT,4391
pos,Cxt,11,1,CTAACCGTCACAGTAACCGCAGCTACCCTGCTG,12
pos,Cxt,11,1,CTAACTGTTACGGTAACAGCTGCGACGCTTCTC,10
pos,Cxt,11,1,CTAACCGTCACAGTAACCGCAGCCACCCTGCTG,4
pos,Cxt,11,1,CTAACTGTTACGGTAACAGCTGCCACGCTTCTC,2
pos,Cxt,11,1,CTCACAGTCACCGTGACCGCTGCGACCCTACTT,2
pos,Cxt,11,1,CTGACCGTCACAGTAACCGCAGCCACCCTGCTG,2
pos,Cxt,11,1,CTGACGGTAACAGTTACAGCAGCAACCCTACTT,2
pos,Cxt,11,1,CTGACCGTCACAGTAACCGCAGCTACCCTGCTG,2
pos,Cxt,11,1,CTGACGGTAACAGTGACAGCAGCAACCCTACTC,2
pos,Cxt,11,1,CTGACCGTAACAGTAACCGCAGCCACCCTGCTG,1
pos,Cxt,11,1,CTTACGGTAACAGTGACAGCAGCAACCCTACTT,1
pos,Cxt,11,1,CTGACTGTTACGGTAACAGCTGCGACGCTTCTC,1
pos,Cxt,11,1,CTGACGGTAACGGTAACAGCAGCAACGCTACTT,1
pos,Cxt,11,1,CTGACCGTAACAGTAACAGCAGCAACCCTACTT,1
pos,Cxt,11,1,CTGACTGTTACGGTAACAGCTGCGACGCTACTC,1
pos,Cxt,11,1,CTGACTGTAACGGTAACAGCTGCCACGCTTCTT,1
pos,Cxt,11,1,CTGACTGTAACAGTGACAGCAGCAACCCTACTT,1
pos,Cxt,11,1,CTGACAGTAACAGTGACAGCAGCAACCCTACTT,1
pos,Cxt,11,1,CTGACCGTAACAGTAACAGCAGCCACCCTGCTT,1
pos,Cxt,11,1,CTGACGGTAACAGTGACAGCGGCAACCCTACTT,1
pos,Cxt,11,1,CTCACGGTAACAGTGACAGCAGCAACCCTACTT,1
pos,Cxt,11,2,CTGACGGTAACAGTGACAGCAGCAACCCTACTT,2885
pos,Cxt,11,2,CTGACCGTCACAGTAACCGCAGCTACCCTGCTG,7
pos,Cxt,11,2,CTAACTGTTACGGTAACAGCTGCGACGCTTCTC,6
pos,Cxt,11,2,CTAACCGTCACAGTAACCGCAGCTACCCTGCTG,4
pos,Cxt,11,2,CTTACGGTGACCGTAACGGCAGCTACTCTACTC,1
pos,Cxt,11,2,CTGACCGTCACAGTAACCGCAGCCACCCTGCTG,1
pos,Cxt,11,2,CTGACAGTCACCGTGACCGCTGCGACCCTACTT,1
pos,Cxt,11,2,CTGACAGTAACAGTGACAGCAGCAACCCTACTT,1
pos,Cxt,11,2,CTGACTGTTACGGTAACAGCTGCGACGCTTCTT,1
pos,Cxt,11,2,CTGACGGTAACAGTGACAGCAGCAACCCTACTC,1
pos,Cxt,11,2,CTCACAGTCACCGTGACCGCTGCGACCCTACTT,1
pos,Cxt,11,2,CTGACCGTCACAGTAACAGCAGCTACCCTGCTG,1
pos,Cxt,11,2,CTGACTGTTACGGTAACAGCTGCGACGCTTCTC,1
pos,Cxt,11,2,CTGACTGTTACAGTGACAGCAGCAACGCTACTT,1
pos,Cxt,11,3,CTGACGGTAACAGTGACAGCAGCAACCCTACTT,4711
pos,Cxt,11,3,CTAACCGTCACAGTAACCGCAGCTACCCTGCTG,16
pos,Cxt,11,3,CTAACTGTTACGGTAACAGCTGCGACGCTTCTC,13
pos,Cxt,11,3,CTAACCGTCACAGTAACCGCAGCCACCCTGCTG,5
pos,Cxt,11,3,CTGACGGTAACAGTGACAGCAGCAACTCTACTT,2
pos,Cxt,11,3,CTAACTGTTACGGTAACAGCTGCCACGCTTCTC,2
pos,Cxt,11,3,CTTACGGTAACAGTGACAGCAGCAACCCTACTT,2
pos,Cxt,11,3,CTGACCGTAACAGTAACTGCAGCCACCCTGCTT,2
pos,Cxt,11,3,CTCACAGTCACCGTGACCGCTGCGACCCTACTT,1
pos,Cxt,11,3,CTGACTGTAACAGTGACAGCAGCAACCCTACTT,1
pos,Cxt,11,3,CTAACTGTAACGGTAACAGCTGCCACGCTTCTT,1
pos,Cxt,11,3,CTAACTGTTACGGTAACAGCTGCGACTCTCCTT,1
pos,Cxt,11,3,CTGACGGTAACGGTGACAGCAGCAACCCTACTT,1
pos,Cxt,11,3,CTGACCGTCACAGTAACCGCAGCCACCCTGCTG,1
pos,Cxt,11,3,CTCACAGTCACCGTGACCGCTGCCACCCTACTT,1
pos,Cxt,11,3,CTGACTGTAACGGTAACAGCTGCCACGCTTCTT,1
pos,Cxt,11,3,CTGACTGTAACGGTAACAGCTGCAACGCTACTT,1
pos,Cxt,11,3,CTTACCGTAACAGTAACTGCAGCCACCCTGCTT,1
pos,Cxt,11,3,CTGACCGTAACAGTGACAGCAGCAACCCTACTT,1
pos,Cxt,11,3,CTGACGGTAACAGTGACAGCAGCAACCCTTCTT,1
pos,Cxt,11,3,CTGACTGTAACGGTAACAGCTGCCACGCTACTT,1
pos,Cxt,11,3,CTGACGGTAACAGTGACAGCGGCAACCCTACTT,1
pos,Cxt,11,3,CTGACGGTAACAGTTACAGCAGCAACCCTACTT,1
pos,Cxt,11,3,CTGACGGTAACAGTGACGGCAGCAACCCTACTT,1
pos,Cxt,11,3,CTAACTGTTACGGTAACAGCTGCAACCCTCCTT,1
pos,Cxt,11,4,CTGACGGTAACAGTGACAGCAGCAACCCTACTT,2390
pos,Cxt,11,4,CTAACCGTCACAGTAACCGCAGCCACCCTGCTG,3
pos,Cxt,11,4,CTCACAGTCACCGTGACCGCTGCGACCCTACTT,3
pos,Cxt,11,4,CTAACCGTCACAGTAACCGCAGCTACCCTGCTG,1
pos,Cxt,11,4,CTGACGGTAACAGTTACAGCAGCAACCCTACTT,1
pos,Cxt,11,5,CTGACGGTAACAGTGACAGCAGCAACCCTACTT,16870
pos,Cxt,11,5,CTGACGGTAACAGTGACAGCGGCAACCCTACTT,2
pos,Cxt,11,5,CTGACGGTAACAGTGACAGCAGCAACCCTACTC,2
pos,Cxt,11,5,CTAACCGTCACAGTAACCGCAGCTACCCTGCTG,2
pos,Cxt,11,5,CTGACAGTAACAGTGACAGCAGCAACCCTACTT,1
pos,Cxt,11,5,CTGACCGTCACAGTAACCGCAGCCACCCTGCTG,1
pos,Cxt,11,5,CTTACGGTAACAGTGACAGCAGCAACCCTACTT,1
pos,Cxt,11,5,CTTACGGTGACCGTAACGGCAGCTACTCTACTC,1
pos,Cxt,11,5,CTGACGGTAACAGTGACAGCAGCAACTCTACTT,1
pos,Cxt,11,5,CTGACGGTAACAGTGACGGCAGCAACCCTACTT,1
pos,Cxt,11,5,CTGACCGTCACAGTAACCGCAGCTACCCTGCTG,1
pos,Cxt,11,5,CTGACTGTAACAGTGACAGCAGCAACCCTACTT,1
pos,Cxt,11,5,CTGACGGTAACAGTTACAGCAGCAACCCTACTT,1
pos,Cxt,11,5,CTCACGGTAACAGTGACAGCAGCAACCCTACTT,1
pos,Cxt,11,6,CTGACGGTAACAGTGACAGCAGCAACCCTACTT,1009
pos,Cxt,11,6,CTGACGGTAACAGTGACAGCAGCAACCCTTCTT,1
pos,Cxt,11,6,CTGACGGTAACAGTGACAGCTGCAACCCTACTT,1
pos,Cxt,11,6,CTAACCGTCACAGTAACCGCAGCTACCCTGCTG,1
pos,Cxt,11,6,CTTACAGTCACAGTTACCGCCGCCACCCTACTC,1
pos,Cxt,11,7,CTTACAGTCACAGTTACCGCCGCCACCCTACTC,1733
pos,Cxt,11,7,CTTACAGTCACAGTTACCGCCGCCACCCTACTT,3
pos,Cxt,11,7,CTGACCGTCACAGTAACCGCAGCCACCCTGCTG,2
pos,Cxt,11,7,CTTACGGTGACCGTAACGGCAGCTACTCTACTC,2
pos,Cxt,11,7,CTTACGGTCACAGTTACCGCCGCCACCCTACTC,1
pos,Cxt,11,7,CTAACCGTCACAGTAACCGCAGCTACCCTGCTG,1
pos,Cxt,11,8,CTGACGGTAACAGTGACAGCAGCAACCCTACTT,4886
pos,Cxt,11,8,CTAACCGTCACAGTAACCGCAGCTACCCTGCTG,3
pos,Cxt,11,8,CTCACGGTAACAGTGACAGCAGCAACCCTACTT,2
pos,Cxt,11,8,CTGACGGTAACAGTGACAGCAGCAACCCTACTC,2
pos,Cxt,11,8,CTGACGGTAACAGTGACGGCAGCAACCCTACTT,1
pos,Cxt,11,8,CTAACCGTCACAGTAACCGCAGCCACCCTGCTG,1
pos,Cxt,11,8,CTCACAGTCACCGTGACCGCTGCGACCCTACTT,1
pos,Cxt,11,8,CTGACGGTAACAGTTACAGCAGCAACCCTACTT,1
pos,Cxt,11,9,CTGACGGTAACAGTGACAGCAGCAACCCTACTT,5030
pos,Cxt,11,9,CTGACGGTAACAGTGACAGCAGCAACCCTACTC,4
pos,Cxt,11,9,CTAACCGTCACAGTAACCGCAGCTACCCTGCTG,2
pos,Cxt,11,9,CTGACCGTAACAGTGACAGCAGCAACCCTACTT,2
pos,Cxt,11,9,CTAACCGTCACAGTAACCGCAGCCACCCTGCTG,1
pos,Cxt,11,9,CTGACGGTAACAGTTACAGCAGCAACCCTACTT,1
pos,Cxt,11,9,CTAACGGTAACAGTGACAGCAGCAACCCTACTT,1
pos,Cxt,11,9,CTGACGGTAACAGTGACTGCAGCCACCCTACTT,1
pos,Cxt,11,9,CTGACGGTAACAGTGACAGCAGCAACTCTACTT,1
pos,Cxt,11,9,CTGACGGTAACAGTGACAGCAGCCACCCTACTT,1
pos,Cxt,11,9,CTGACGGTAACAGTGACTGCAGCCACGCTACTT,1
pos,Cxt,11,9,CTTACGGTAACAGTGACAGCAGCAACCCTACTT,1
neg,Cxt,11,1,CTTACCGTAACGGTAACTGCCGCCACGCTGCTT,384
neg,Cxt,11,1,CTCACCGTTACTGTCACTGCAGCAACCCTACTT,179
neg,Cxt,11,1,CTAACTGTAACTGTGACTGCAGCAACACTCCTG,77
neg,Cxt,11,1,CTGACGGTAACAGTGACAGCAGCAACCCTACTT,51
neg,Cxt,11,1,CTGACTGTGACCGTGACTGCTGCCACTCTACTA,47
neg,Cxt,11,1,CTTACAGTCACAGTTACCGCCGCCACCCTACTC,29
neg,Cxt,11,1,CTTACGGTTACTGTGACGGCAGCTACCCTCCTC,21
neg,Cxt,11,1,CTTACCGTAACGGTAACTGCCGCCACCCTACTT,12
neg,Cxt,11,1,CTTACCGTAACGGTAACTGCCGCCACGCTACTT,12
neg,Cxt,11,1,CTCACCGTTACTGTCACTGCAGCCACCCTACTT,8
neg,Cxt,11,1,CTTACCGTTACTGTGACTGCAGCCACCCTACTT,5
neg,Cxt,11,1,CTGACAGTTACCGTTACAGCAGCCACGCTTCTG,5
neg,Cxt,11,1,CTTACCGTAACTGTGACTGCAGCAACCCTACTT,4
neg,Cxt,11,1,CTGACGGTAACAGTGACTGCAGCCACCCTACTT,4
neg,Cxt,11,1,CTGACCGTAACTGTGACTGCAGCAACCCTACTT,4
neg,Cxt,11,1,CTAACCGTCACAGTAACCGCAGCTACCCTGCTG,3
neg,Cxt,11,1,CTGACCGTTACCGTGACTGCAGCCACCCTACTT,3
neg,Cxt,11,1,CTTACCGTTACTGTCACTGCAGCCACCCTACTT,3
neg,Cxt,11,1,CTTACCGTAACTGTGACTGCAGCCACCCTACTT,3
neg,Cxt,11,1,CTTACCGTAACGGTAACTGCCGCCACCCTGCTT,2
neg,Cxt,11,1,CTTACTGTGACCGTGACTGCTGCCACTCTACTA,2
neg,Cxt,11,1,CTTACCGTTACTGTCACTGCAGCAACCCTACTT,2
neg,Cxt,11,1,CTGACCGTAACGGTGACTGCCGCCACGCTACTT,2
neg,Cxt,11,1,CTAACTGTAACTGTGACTGCAGCCACACTCCTG,2
neg,Cxt,11,1,CTGACGGTAACAGTGACAGCAGCCACCCTACTT,2
neg,Cxt,11,1,CTGACTGTAACTGTGACTGCAGCAACACTCCTG,2
neg,Cxt,11,1,CTGACCGTTACTGTGACTGCAGCAACCCTACTT,2
neg,Cxt,11,1,CTTACCGTAACGGTAACTGCAGCCACGCTGCTT,2
neg,Cxt,11,1,CTGACCGTAACCGTGACTGCCGCAACCCTTCTC,2
neg,Cxt,11,1,CTTACGGTAACTGTGACTGCAGCAACCCTCCTT,2
neg,Cxt,11,1,CTTACCGTTACGGTAACTGCAGCCACGCTACTT,1
neg,Cxt,11,1,CTTACCGTTACGGTCACTGCAGCAACCCTACTT,1
neg,Cxt,11,1,CTGACAGTTACCGTTACCGCCGCCACCCTACTC,1
neg,Cxt,11,1,CTAACGGTAACGGTAACGGCAGCAACCCTCCTT,1
neg,Cxt,11,1,CTTACCGTAACGGTAACTGCCGCCACCCTACTC,1
neg,Cxt,11,1,CTGACTGTAACAGTGACTGCAGCCACCCTACTT,1
neg,Cxt,11,1,CTTACTGTAACGGTGACTGCCGCCACGCTACTT,1
neg,Cxt,11,1,CTGACTGTAACCGTGACTGCAGCCACGCTCCTG,1
neg,Cxt,11,1,CTTACCGTTACTGTCACTGCCGCCACCCTACTT,1
neg,Cxt,11,1,CTTACCGTAACGGTGACTGCAGCAACCCTACTT,1
neg,Cxt,11,1,CTGACGGTAACAGTGACAGCAGCCACGCTACTT,1
neg,Cxt,11,1,CTTACCGTTACTGTGACTGCAGCAACCCTCCTT,1
neg,Cxt,11,1,CTTACCGTAACGGTGACTGCCGCCACGCTGCTT,1
neg,Cxt,11,1,CTTACGGTAACTGTGACTGCAGCCACCCTCCTC,1
neg,Cxt,11,1,CTGACCGTAACGGTAACTGCCGCCACGCTGCTT,1
neg,Cxt,11,1,CTTACCGTAACGGTGACTGCCGCCACCCTACTC,1
neg,Cxt,11,1,CTTACCGTAACTGTGACTGCAGCCACGCTCCTT,1
neg,Cxt,11,1,CTTACCGTTACGGTAACTGCAGCCACGCTGCTT,1
neg,Cxt,11,1,CTTACCGTAACGGTAACTGCAGCCACGCTACTT,1
neg,Cxt,11,1,CTGACTGTTACTGTCACTGCAGCAACCCTACTT,1
neg,Cxt,11,1,CTCACAGTCACCGTGACTGCTGCGACCCTACTT,1
neg,Cxt,11,1,CTGACTGTGACCGTGACAGCAGCAACCCTACTT,1
neg,Cxt,11,1,CTTACTGTAACTGTGACTGCAGCCACCCTACTC,1
neg,Cxt,11,1,CTTACCGTAACGGTAACTGCAGCAACCCTACTT,1
neg,Cxt,11,1,CTTACTGTAACAGTGACTGCCGCCACCCTACTT,1
neg,Cxt,11,1,CTTACTGTAACTGTGACTGCAGCCACGCTCCTG,1
neg,Cxt,11,1,CTTACCGTCACAGTAACCGCCGCCACCCTGCTC,1
neg,Cxt,11,1,CTTACCGTTACTGTGACTGCGGCCACACTCCTT,1
neg,Cxt,11,1,CTTACTGTAACTGTGACTGCAGCAACCCTACTT,1
neg,Cxt,11,1,CTTACCGTCACTGTCACTGCCGCCACCCTACTT,1
neg,Cxt,11,1,CTGACTGTAACTGTGACTGCAGCAACCCTACTT,1
neg,Cxt,11,1,CTAACTGTAACTGTAACTGCAGCAACACTCCTG,1
neg,Cxt,11,1,CTGACCGTAACCGTGACTGCCGCCACCCTACTT,1
neg,Cxt,11,1,CTGACGGTGACCGTGACTGCAGCCACCCTACTA,1
neg,Cxt,11,1,CTAACTGTAACTGTGACTGCAGCAACACTACTT,1
neg,Cxt,11,1,CTTACAGTCACCGTGACCGCTGCCACCCTACTT,1
neg,Cxt,11,1,CTGACTGTAACCGTGACTGCAGCAACACTCCTG,1
neg,Cxt,11,1,CTGACAGTAACAGTGACTGCAGCCACCCTACTT,1
neg,Cxt,11,1,CTGACTGTAACCGTGACTGCAGCCACACTCCTG,1
neg,Cxt,11,1,CTTACGGTGACCGTAACGGCAGCTACTCTACTC,1
neg,Cxt,11,1,CTGACTGTTACCGTGACTGCTGCCACTCTACTA,1
neg,Cxt,11,1,CTGACCGTAACCGTGACTGCTGCCACTCTACTT,1
neg,Cxt,11,1,CTTACCGTAACTGTAACTGCCGCCACGCTGCTT,1
neg,Cxt,11,1,CTGACTGTAACCGTGACTGCAGCCACGCTACTG,1
neg,Cxt,11,1,CTTACCGTAACGGTGACTGCAGCCACGCTGCTT,1
neg,Cxt,11,1,CTTACCGTTACTGTAACTGCAGCCACCCTGCTT,1
neg,Cxt,11,1,CTTACAGTAACTGTGACTGCAGCCACCCTCCTC,1
neg,Cxt,11,1,CTGACCGTAACCGTGACTGCAGCCACTCTACTT,1
neg,Cxt,11,1,CTTACGGTAACGGTAACGGCCGCCACCCTCCTC,1
neg,Cxt,11,1,CTTACCGTAACGGTGACTGCAGCCACCCTACTT,1
neg,Cxt,11,1,CTGACTGTGACCGTGACCGCCGCCACCCTACTC,1
neg,Cxt,11,1,CTTACTGTAACTGTGACTGCAGCCACACTCCTG,1
neg,Cxt,11,1,CTTACTGTAACTGTGACTGCCGCCACACTCCTG,1
neg,Cxt,11,1,CTAACTGTAACTGTGACTGCGGCAACACTCCTG,1
neg,Cxt,11,1,CTAACTGTAACTGTGACTGCAGCAACACTCCTT,1
neg,Cxt,11,1,CTAACAGTCACAGTAACCGCAGCCACCCTGCTG,1
neg,Cxt,11,1,CTTACCGTAACTGTAACTGCCGCAACGCTGCTT,1
neg,Cxt,11,1,CTTACCGTAACTGTAACTGCAGCAACGCTGCTT,1
neg,Cxt,11,1,CTCACAGTCACCGTGACCGCTGCCACCCTACTT,1
neg,Cxt,11,1,CTTACAGTTACGGTTACTGCCGCCACGCTGCTC,1
neg,Cxt,11,1,CTGACGGTAACCGTGACTGCAGCCACCCTACTT,1
neg,Cxt,11,1,CTAACTGTAACTGTGACTGCAGCCACACTCCTT,1
neg,Cxt,11,1,CTTACCGTAACAGTGACTGCAGCAACCCTACTT,1
neg,Cxt,11,1,CTGACTGTGACCGTGACTGCTGCCACTCTACTT,1
neg,Cxt,11,2,CTCACAGTCACCGTGACCGCTGCGACCCTACTT,6
neg,Cxt,11,2,CTTACGGTGACCGTAACGGCAGCTACTCTACTC,1
neg,Cxt,11,3,CTAACCGTCACAGTAACCGCAGCTACCCTGCTG,4
neg,Cxt,11,3,CTGACGGTAACAGTGACAGCAGCAACCCTACTT,1
pos,Cxt,12,10,CTGACTGTGACCGTGACTGCTGCCACTCTACTA,8680
pos,Cxt,12,10,CTGACTGTGACCGTGACCGCTGCCACTCTACTA,7
pos,Cxt,12,10,CTGACTGTGACCGTGACTGCTGCCACTCTACTT,3
pos,Cxt,12,10,CTGACTGTGACCGTGACTGCCGCCACTCTACTA,2
pos,Cxt,12,10,CTCACTGTGACCGTGACTGCTGCCACTCTACTA,2
pos,Cxt,12,10,CTTACGGTGACCGTAACGGCAGCTACTCTACTC,2
pos,Cxt,12,10,CTGACTGTGACCGTGACTGCTGCCACTCTGCTA,1
pos,Cxt,12,10,CTTACTGTGACCGTGACTGCTGCCACTCTACTA,1
pos,Cxt,12,10,CTGACTGTGACTGTGACTGCTGCCACTCTACTA,1
pos,Cxt,12,10,CTGACTGTGACCGTGACTGCTGCCACTCTCCTA,1
pos,Cxt,12,10,CTGACTGTGACCGTGACTGCTGCCACTCTACTG,1
pos,Cxt,12,10,CTGACTGTGACCGTAACTGCTGCCACTCTACTA,1
pos,Cxt,12,11,CTGACTGTGACCGTGACTGCTGCCACTCTACTA,14833
pos,Cxt,12,11,CTGACTGTGACCGTGACTGCTGCCACCCTACTA,3
pos,Cxt,12,11,CTGACTGTGACCGTTACTGCTGCCACTCTACTA,2
pos,Cxt,12,11,CTGACGGTGACCGTGACTGCTGCCACTCTACTA,2
pos,Cxt,12,11,CTGACCGTGACCGTGACTGCTGCCACTCTACTA,2
pos,Cxt,12,11,CTGACTGTGACCGTGACGGCTGCCACTCTACTA,2
pos,Cxt,12,11,CTCACAGTCACCGTGACCGCTGCGACCCTACTT,2
pos,Cxt,12,11,CTGACTGTGACCGTGACTGCTGCCACTCTACTG,2
pos,Cxt,12,11,CTGACTGTGACCGTGACTGCTGCTACTCTACTA,1
pos,Cxt,12,11,CTGACTGTGACCGTGACTGCCGCCACTCTACTA,1
pos,Cxt,12,11,CTGACTGTGACCGTGACTGCTGCCACTCTACTT,1
pos,Cxt,12,11,CTGACTGTGACCGTGACTGCGGCCACTCTACTA,1
pos,Cxt,12,11,CTTACCGTTACGGTAACCGCTGCGACACTCCTG,1
pos,Cxt,12,11,CTGACTGTTACCGTGACTGCTGCCACTCTACTA,1
pos,Cxt,12,11,CTTACTGTGACCGTGACTGCTGCCACTCTACTA,1
pos,Cxt,12,11,CTGACTGTGACCGTGACTGCTGCCACTCTGCTA,1
pos,Cxt,12,12,CTGACTGTGACCGTGACTGCTGCCACTCTACTA,5456
pos,Cxt,12,12,CTGACCGTGACCGTGACTGCTGCCACTCTACTA,2
pos,Cxt,12,12,CTGACTGTCACCGTGACTGCTGCCACTCTACTA,1
pos,Cxt,12,12,CTAACCGTCACAGTAACCGCAGCTACCCTGCTG,1
pos,Cxt,12,12,CTGACTGTGACCGTGACTGCTGCCACTCTGCTA,1
pos,Cxt,12,12,CTGACGGTGACCGTGACTGCTGCCACTCTACTA,1
pos,Cxt,12,12,CTGACTGTTACCGTGACTGCTGCCACTCTACTA,1
pos,Cxt,12,13,CTGACTGTGACCGTGACTGCTGCCACTCTACTA,16796
pos,Cxt,12,13,CTGACTGTGACCGTGACTGCTGCCACTCTACTT,4
pos,Cxt,12,13,CTGACTGTGACCGTGACTGCCGCCACTCTACTA,2
pos,Cxt,12,13,CTGACTGTGACCGTGACTGCTGCCACCCTACTA,2
pos,Cxt,12,13,CTGACTGTGACCGTGACCGCTGCCACTCTACTA,2
pos,Cxt,12,13,CTGACTGTGACCGTGACTGCGGCCACTCTACTA,2
pos,Cxt,12,13,CTGACCGTGACCGTGACTGCTGCCACTCTACTA,2
pos,Cxt,12,13,CTCACCGTTACGGTAACAGCGGCAACACTCCTT,1
pos,Cxt,12,13,CTGACCGTAACGGTCACCGCGGCAACACTCCTT,1
pos,Cxt,12,14,CTGACTGTGACCGTGACTGCTGCCACTCTACTA,33446
pos,Cxt,12,14,CTGACTGTGACCGTGACTGCTGCCACCCTACTA,3
pos,Cxt,12,14,CTGACCGTGACCGTGACTGCTGCCACTCTACTA,3
pos,Cxt,12,14,CTGACTGTTACCGTGACTGCTGCCACTCTACTA,2
pos,Cxt,12,14,CTGACTGTGACCGTGACTGCTGCCACTCTGCTA,2
pos,Cxt,12,14,CTGACTGTGACCGTGACTGCTGCCACACTACTA,1
pos,Cxt,12,14,CTGACTGTAACCGTGACTGCTGCCACTCTACTA,1
pos,Cxt,12,14,CTGACTGTGACCGTGACTGCGGCCACTCTACTA,1
pos,Cxt,12,14,CTGACTGTGACAGTGACTGCTGCCACTCTACTA,1
pos,Cxt,12,14,CTGACTGTGACCGTGACTGCTGCCACTCTACTG,1
pos,Cxt,12,14,CTGACTGTGACCGTGACTGCTGCTACTCTACTA,1
pos,Cxt,12,14,CTGACTGTGACCGTGACTGCCGCCACTCTACTA,1
pos,Cxt,12,14,CTGACGGTGACCGTGACTGCTGCCACTCTACTA,1
pos,Cxt,12,14,CTGACTGTGACCGTAACTGCTGCCACTCTACTA,1
pos,Cxt,12,14,CTGACTGTGACTGTGACTGCTGCCACTCTACTA,1
pos,Cxt,12,14,CTGACTGTGACCGTGACTGCTGCCACTCTACTT,1
pos,Cxt,12,15,CTGACTGTGACCGTGACTGCTGCCACTCTACTA,2265
pos,Cxt,12,15,CTTACCGTAACGGTAACTGCCGCCACGCTGCTT,4
pos,Cxt,12,15,CTGACTGTGACCGTGACTGCTGCCACTCTACTT,3
pos,Cxt,12,15,CTGACCGTCACAGTAACCGCAGCCACCCTGCTG,2
pos,Cxt,12,15,CTGACTGTTACCGTAACAGCTGCCACGCTTCTC,1
pos,Cxt,12,15,CTTACAGTTACGGTCACTGCAGCCACGCTTCTC,1
pos,Cxt,12,15,CTGACCGTAACCGTAACTGCCGCCACGCTACTT,1
pos,Cxt,12,15,CTAACCGTCACAGTAACCGCAGCTACCCTGCTG,1
pos,Cxt,12,15,CTCACAGTCACCGTGACCGCTGCGACCCTACTT,1
pos,Cxt,12,15,CTGACAGTTACTGTCACTGCTGCTACCCTCCTA,1
pos,Cxt,12,15,CTAACTGTTACGGTAACAGCTGCGACGCTTCTC,1
pos,Cxt,12,16,CTGACTGTGACCGTGACTGCTGCCACTCTACTA,15795
pos,Cxt,12,16,CTTACCGTAACGGTAACTGCCGCCACGCTGCTT,27
pos,Cxt,12,16,CTGACTGTGACCGTGACTGCTGCCACTCTACTT,5
pos,Cxt,12,16,CTGACTGTTACGGTAACAGCTGCCACGCTTCTC,5
pos,Cxt,12,16,CTAACCGTCACAGTAACCGCAGCTACCCTGCTG,5
pos,Cxt,12,16,CTGACCGTAACGGTAACTGCCGCCACGCTGCTT,4
pos,Cxt,12,16,CTAACTGTTACGGTAACAGCTGCGACGCTTCTC,3
pos,Cxt,12,16,CTGACCGTAACCGTGACTGCCGCAACCCTTCTC,2
pos,Cxt,12,16,CTTACTGTGACCGTGACTGCTGCCACTCTACTA,2
pos,Cxt,12,16,CTGACAGTTACTGTCACTGCTGCTACCCTCCTA,2
pos,Cxt,12,16,CTGACTGTAACCGTAACTGCTGCCACGCTGCTT,2
pos,Cxt,12,16,CTGACTGTAACCGTGACTGCTGCCACGCTACTT,2
pos,Cxt,12,16,CTGACCGTCACAGTAACAGCAGCCACCCTGCTG,1
pos,Cxt,12,16,CTGACTGTTACCGTGACAGCTGCCACTCTACTA,1
pos,Cxt,12,16,CTGACTGTGACCGTAACTGCTGCCACTCTACTT,1
pos,Cxt,12,16,CTGACTGTAACGGTAACTGCTGCCACTCTGCTT,1
pos,Cxt,12,16,CTGACCGTCACAGTAACCGCAGCTACCCTGCTG,1
pos,Cxt,12,16,CTGACTGTTACGGTAACTGCTGCCACTCTACTT,1
pos,Cxt,12,16,CTGACTGTTACCGTGACAGCTGCCACGCTTCTC,1
pos,Cxt,12,16,CTGACTGTAACCGTGACTGCTGCCACTCTACTT,1
pos,Cxt,12,16,CTCACAGTAACTGTTACGGCGGCCACTCTCCTG,1
pos,Cxt,12,16,CTCACAGTAACTGTTACGGCGGCAACTCTCCTG,1
pos,Cxt,12,16,CTGACTGTTACTGTCACGGCTGCCACTCTCCTT,1
pos,Cxt,12,16,CTGACCGTAACGGTGACTGCCGCCACGCTACTT,1
pos,Cxt,12,16,CTGACTGTGACCGTGACTGCTGCCACTCTACTG,1
pos,Cxt,12,16,CTGACTGTGACCGTGACTGCAGCCACTCTACTG,1
pos,Cxt,12,16,CTGACTGTTACGGTCACTGCTGCCACTCTACTT,1
pos,Cxt,12,16,CTGACTGTTACCGTGACTGCTGCCACTCTACTA,1
pos,Cxt,12,16,CTGACTGTAACCGTGACTGCTGCAACTCTACTA,1
pos,Cxt,12,16,CTGACTGTTACGGTAACAGCTGCGACGCTTCTC,1
pos,Cxt,12,16,CTGACCGTGACCGTGACTGCTGCCACTCTACTA,1
pos,Cxt,12,16,CTGACTGTGACCGTGACTGCGGCCACTCTACTA,1
pos,Cxt,12,16,CTGACAGTTACGGTCACTGCAGCCACGCTTCTC,1
pos,Cxt,12,17,CTGACTGTGACCGTGACTGCTGCCACTCTACTA,3181
pos,Cxt,12,17,CTTACCGTAACGGTAACTGCCGCCACGCTGCTT,56
pos,Cxt,12,17,CTAACCGTCACAGTAACCGCAGCTACCCTGCTG,17
pos,Cxt,12,17,CTAACTGTTACGGTAACAGCTGCGACGCTTCTC,13
pos,Cxt,12,17,CTCACAGTAACTGTTACGGCGGCAACTCTCCTG,7
pos,Cxt,12,17,CTGACCGTCACAGTAACCGCAGCCACCCTGCTG,3
pos,Cxt,12,17,CTAACTGTTACGGTAACAGCTGCCACGCTTCTC,3
pos,Cxt,12,17,CTTACAGTTACGGTCACTGCAGCCACGCTTCTC,2
pos,Cxt,12,17,CTGACCGTAACCGTAACTGCAGCCACGCTGCTT,2
pos,Cxt,12,17,CTGACTGTTACCGTAACTGCTGCCACGCTTCTC,2
pos,Cxt,12,17,CTGACCGTAACCGTAACTGCCGCCACGCTGCTT,2
pos,Cxt,12,17,CTGACCGTAACCGTGACTGCCGCAACCCTTCTC,1
pos,Cxt,12,17,CTAACCGTCACCGTAACTGCAGCCACCCTGCTG,1
pos,Cxt,12,17,CTCACAGTAACTGTTACTGCGGCCACTCTCCTG,1
pos,Cxt,12,17,CTGACAGTGACCGTGACTGCTGCCACTCTACTA,1
pos,Cxt,12,17,CTGACTGTAACCGTGACTGCTGCCACTCTACTG,1
pos,Cxt,12,17,CTGACAGTTACCGTGACTGCAGCCACGCTTCTA,1
pos,Cxt,12,17,CTAACCGTCACAGTAACCGCAGCCACCCTGCTG,1
pos,Cxt,12,17,CTGACCGTAACGGTAACTGCCGCCACGCTGCTT,1
pos,Cxt,12,17,CTGACAGTAACCGTTACGGCGGCAACTCTCCTG,1
pos,Cxt,12,17,CTGACAGTAACTGTTACGGCGGCAACTCTCCTG,1
pos,Cxt,12,17,CTGACTGTGACCGTGACTGCTGCCACTCTCCTG,1
pos,Cxt,12,17,CTGACCGTCACAGTAACTGCAGCCACCCTGCTG,1
pos,Cxt,12,17,CTGACAGTTACCGTTACTGCAGCCACGCTTCTG,1
pos,Cxt,12,17,CTGACAGTTACGGTGACTGCAGCCACGCTTCTC,1
pos,Cxt,12,17,CTGACCGTAACCGTGACTGCAGCCACGCTACTT,1
pos,Cxt,12,17,CTGACTGTGACAGTGACTGCAGCCACCCTACTA,1
pos,Cxt,12,17,CTGACTGTTACGGTAACAGCTGCCACGCTTCTC,1
pos,Cxt,12,17,CTGACAGTTACTGTCACTGCTGCTACCCTCCTA,1
pos,Cxt,12,17,CTGACAGTTACCGTTACAGCAGCCACGCTTCTG,1
pos,Cxt,12,17,CTGACTGTAACCGTGACTGCTGCCACTCTACTT,1
pos,Cxt,12,18,CTGACTGTGACCGTGACTGCTGCCACTCTACTA,3853
pos,Cxt,12,18,CTGACTGTGACCGTGACTGCTGCCACTCTACTT,1
pos,Cxt,12,18,CTGACTGTGACCGTGACTGCCGCCACTCTACTA,1
pos,Cxt,12,18,CTGACTGTCACAGTTACCGCAGCCACCCTACTG,1
pos,Cxt,12,18,CTAACCGTCACAGTAACCGCAGCCACCCTGCTG,1
pos,Cxt,12,18,CTTACAGTTACGGTCACTGCAGCCACGCTTCTC,1
pos,Cxt,12,18,CTGACTGTTACCGTTACTGCCGCCACGCTACTT,1
pos,Cxt,12,18,CTGACCGTAACGGTCACCGCGGCAACTCTACTG,1
pos,Cxt,12,18,CTGACTGTTACGGTAACAGCTGCCACGCTTCTC,1
pos,Cxt,12,18,CTTACCGTAACGGTAACTGCCGCCACGCTGCTT,1
pos,Cxt,12,18,CTGACAGTTACTGTCACTGCTGCTACCCTCCTA,1
pos,Cxt,12,1,CTGACTGTGACCGTGACTGCTGCCACTCTACTA,4799
pos,Cxt,12,1,CTAACTGTGACCGTGACTGCTGCCACTCTACTA,200
pos,Cxt,12,1,CTAACCGTCACAGTAACCGCAGCTACCCTGCTG,13
pos,Cxt,12,1,CTAACTGTTACGGTAACAGCTGCGACGCTTCTC,6
pos,Cxt,12,1,CTCACCGTTACTGTCACTGCAGCAACCCTACTT,4
pos,Cxt,12,1,CTGACTGTTACGGTAACAGCTGCCACGCTTCTC,3
pos,Cxt,12,1,CTAACTGTTACGGTAACAGCTGCCACGCTTCTC,3
pos,Cxt,12,1,CTGACAGTTACTGTCACTGCTGCTACCCTCCTA,1
pos,Cxt,12,1,CTTACTGTGACCGTGACTGCTGCCACTCTACTA,1
pos,Cxt,12,1,CTCACAGTCACCGTGACCGCTGCGACCCTACTT,1
pos,Cxt,12,1,CTGACTGTGACCGTCACTGCTGCCACTCTACTA,1
pos,Cxt,12,1,CTAACTGTAACTGTGACTGCAGCAACACTCCTG,1
pos,Cxt,12,1,CTGACTGTTACCGTGACTGCTGCCACTCTACTA,1
pos,Cxt,12,1,CTGACTGTGACCGTGACTGCAGCCACTCTACTG,1
pos,Cxt,12,1,CTGACTGTAACCGTGACTGCTGCCACTCTACTA,1
pos,Cxt,12,1,CTGACTGTGACCGTGACTGCTGCCACTCTACTT,1
pos,Cxt,12,1,CTGACTGTTACCGTAACAGCTGCCACGCTTCTC,1
pos,Cxt,12,1,CTAACCGTCACAGTAACCGCAGCCACCCTGCTG,1
pos,Cxt,12,1,CTGACTGTGACTGTGACTGCTGCCACTCTACTA,1
pos,Cxt,12,2,CTGACTGTGACCGTGACTGCTGCCACTCTACTA,5033
pos,Cxt,12,2,CTAACTGTTACGGTAACAGCTGCGACGCTTCTC,4
pos,Cxt,12,2,CTGACTGTAACTGTGACTGCAGCCACACTCCTG,3
pos,Cxt,12,2,CTAACCGTCACAGTAACCGCAGCCACCCTGCTG,3
pos,Cxt,12,2,CTGACGGTGACCGTGACTGCTGCCACTCTACTA,3
pos,Cxt,12,2,CTGACCGTTACTGTCACTGCAGCCACCCTACTT,2
pos,Cxt,12,2,CTAACCGTCACAGTAACCGCAGCCACCCTACTG,1
pos,Cxt,12,2,CTGACTGTTACGGTAACAGCTGCCACGCTTCTC,1
pos,Cxt,12,2,CTGACTGTGACCGTGACTGCTGCCACTCTTCTA,1
pos,Cxt,12,2,CTGACTGTCACCGTGACCGCTGCCACTCTACTA,1
pos,Cxt,12,2,CTGACAGTTACCGTCACTGCTGCCACCCTCCTA,1
pos,Cxt,12,2,CTAACTGTTACGGTAACAGCTGCCACGCTTCTC,1
pos,Cxt,12,2,CTCACCGTTACTGTCACTGCAGCCACCCTACTT,1
pos,Cxt,12,2,CTGACTGTGACCGTGACTGCTGCCACCCTACTA,1
pos,Cxt,12,2,CTGACTGTTACCGTGACTGCTGCCACTCTACTA,1
pos,Cxt,12,2,CTGACTGTGACCGTGACGGCTGCCACTCTACTA,1
pos,Cxt,12,2,CTGACTGTTACCGTAACAGCTGCCACGCTTCTC,1
pos,Cxt,12,2,CTCACAGTCACCGTGACCGCTGCGACCCTACTT,1
pos,Cxt,12,3,CTGACTGTGACCGTGACTGCTGCCACTCTACTA,1091
pos,Cxt,12,3,CTAACCGTCACAGTAACCGCAGCTACCCTGCTG,5
pos,Cxt,12,3,CTCACCGTTACTGTCACTGCAGCAACCCTACTT,2
pos,Cxt,12,3,CTCACAGTCACCGTGACCGCTGCGACCCTACTT,1
pos,Cxt,12,3,CTGACTGTGACTGTGACTGCTGCCACTCTACTA,1
pos,Cxt,12,3,CTAACTGTAACTGTGACTGCAGCAACACTCCTG,1
pos,Cxt,12,3,CTGACTGTTACCGTGACTGCTGCCACTCTACTA,1
pos,Cxt,12,4,CTGACTGTGACCGTGACTGCTGCCACTCTACTA,3034
pos,Cxt,12,4,CTAACCGTCACAGTAACCGCAGCTACCCTGCTG,8
pos,Cxt,12,4,CTCACCGTTACTGTCACTGCAGCAACCCTACTT,4
pos,Cxt,12,4,CTAACTGTTACGGTAACAGCTGCGACGCTTCTC,3
pos,Cxt,12,4,CTAACTGTAACTGTGACTGCAGCAACACTCCTG,3
pos,Cxt,12,4,CTGACTGTGACCGTGACTGCTGCCACCCTACTA,2
pos,Cxt,12,4,CTAACCGTCACAGTAACCGCAGCCACCCTGCTG,2
pos,Cxt,12,4,CTAACTGTTACGGTAACAGCTGCCACGCTTCTC,2
pos,Cxt,12,4,CTGACTGTGACCGTGACTGCCGCCACTCTACTA,1
pos,Cxt,12,4,CTGACGGTAACAGTGACAGCAGCCACCCTACTT,1
pos,Cxt,12,4,CTGACCGTCACAGTAACTGCAGCCACCCTGCTG,1
pos,Cxt,12,4,CTCACAGTCACCGTGACCGCTGCGACCCTACTT,1
pos,Cxt,12,4,CTTACTGTTACGGTAACAGCTGCCACGCTTCTC,1
pos,Cxt,12,4,CTGACAGTTACTGTCACTGCTGCCACCCTCCTA,1
pos,Cxt,12,4,CTGACTGTGACCGTGACCGCTGCCACTCTACTA,1
pos,Cxt,12,4,CTGACCGTGACCGTGACTGCTGCCACTCTACTA,1
pos,Cxt,12,5,CTGACTGTGACCGTGACTGCTGCCACTCTACTA,2188
pos,Cxt,12,5,CTAACCGTCACAGTAACCGCAGCTACCCTGCTG,4
pos,Cxt,12,5,CTCACCGTTACTGTCACTGCAGCAACCCTACTT,2
pos,Cxt,12,5,CTGACAGTTACTGTGACTGCTGCTACCCTACTA,1
pos,Cxt,12,5,CTCACAGTCACCGTGACCGCTGCGACCCTACTT,1
pos,Cxt,12,5,CTAACTGTAACTGTGACTGCAGCAACACTCCTG,1
pos,Cxt,12,5,CTGACCGTGACCGTGACTGCTGCCACTCTACTA,1
pos,Cxt,12,6,CTGACTGTGACCGTGACTGCTGCCACTCTACTA,2599
pos,Cxt,12,6,CTAACCGTCACAGTAACCGCAGCTACCCTGCTG,4
pos,Cxt,12,6,CTCACCGTTACTGTCACTGCAGCAACCCTACTT,4
pos,Cxt,12,6,CTAACTGTTACGGTAACAGCTGCGACGCTTCTC,2
pos,Cxt,12,6,CTAACCGTCACAGTAACCGCAGCCACCCTGCTG,2
pos,Cxt,12,6,CTAACTGTTACGGTAACAGCTGCCACGCTTCTC,2
pos,Cxt,12,6,CTAACTGTAACTGTGACTGCAGCCACACTCCTG,1
pos,Cxt,12,6,CTCACAGTCACCGTGACCGCTGCGACCCTACTT,1
pos,Cxt,12,6,CTGACTGTTACGGTAACTGCTGCCACGCTTCTC,1
pos,Cxt,12,6,CTAACTGTAACTGTGACTGCAGCAACACTCCTG,1
pos,Cxt,12,6,CTGACAGTTACTGTCACTGCTGCCACCCTCCTA,1
pos,Cxt,12,6,CTGACTGTTACCGTGACTGCTGCCACTCTACTA,1
pos,Cxt,12,6,CTAACCGTCACAGTAACTGCAGCCACCCTGCTG,1
pos,Cxt,12,6,CTGACGGTAACAGTGACAGCAGCCACCCTACTT,1
pos,Cxt,12,6,CTGACTGTAACCGTGACTGCTGCCACTCTACTA,1
pos,Cxt,12,6,CTGACTGTGACCGTGACTGCTGCCACTCTACTT,1
pos,Cxt,12,6,CTGACTGTTACGGTAACAGCTGCCACGCTTCTC,1
pos,Cxt,12,7,CTGACTGTGACCGTGACTGCTGCCACTCTACTA,15341
pos,Cxt,12,7,CTGACTGTGACTGTGACTGCTGCCACTCTACTA,3
pos,Cxt,12,7,CTGACTGTGACCGTGACTGCTGCCACCCTACTA,2
pos,Cxt,12,7,CTGACTGTTACCGTGACTGCTGCCACTCTACTA,1
pos,Cxt,12,7,CTGACTGTGACCGTGACGGCTGCCACTCTACTA,1
pos,Cxt,12,7,CTCACAGTAACTGTTACGGCGGCAACTCTCCTG,1
pos,Cxt,12,7,CTGACTGTGACCGTGACTGCTGCCACTCTTCTA,1
pos,Cxt,12,7,CTGACTGTGACCGTGACCGCTGCCACTCTACTA,1
pos,Cxt,12,7,CTCACAGTCACCGTGACCGCTGCGACCCTACTT,1
pos,Cxt,12,7,CTGACTGTGACCGTGACAGCTGCCACTCTACTA,1
pos,Cxt,12,7,CTGACTGTGACCGTGACTGCTGCCACTCTACTG,1
pos,Cxt,12,7,CTGACTGTGACCGTGACTGCTGCCACACTACTA,1
pos,Cxt,12,7,CTTACCGTAACGGTCACGGCAGCCACGCTGCTG,1
pos,Cxt,12,7,CTGACTGTGACCGTTACTGCTGCCACTCTACTA,1
pos,Cxt,12,7,CTGACCGTGACCGTGACTGCTGCCACTCTACTA,1
pos,Cxt,12,7,CTTACTGTTACGGTAACTGCAGCCACGCTCCTT,1
pos,Cxt,12,7,CTGACTGTGACCGTGACTGCTGCCACTCTGCTA,1
pos,Cxt,12,8,CTGACTGTGACCGTGACTGCTGCCACTCTACTA,8074
pos,Cxt,12,8,CTGACTGTGACCGTGACTGCTGCCACCCTACTA,15
pos,Cxt,12,8,CTGACTGTGACCGTGACTGCTGCCACTCTACTT,3
pos,Cxt,12,8,CTGACTGTGACCGTGACCGCTGCCACTCTACTA,2
pos,Cxt,12,8,CTGACTGTGACCGTGACTGCTGCCACTCTACTG,2
pos,Cxt,12,8,CTGACTGTGACAGTGACTGCTGCCACTCTACTA,1
pos,Cxt,12,8,CTAACCGTCACAGTAACCGCAGCTACCCTGCTG,1
pos,Cxt,12,8,CTGACTGTGACCGTGACTGCCGCCACTCTACTA,1
pos,Cxt,12,9,CTGACTGTGACCGTGACTGCTGCCACTCTACTA,6349
pos,Cxt,12,9,CTAACCGTCACAGTAACCGCAGCTACCCTGCTG,5
pos,Cxt,12,9,CTGACTGTGACCGTGACTGCTGCCACCCTACTA,2
pos,Cxt,12,9,CTTACTGTGACCGTGACTGCTGCCACTCTACTA,1
pos,Cxt,12,9,CTGACTGTGACCGTGACTGCTGCCACTCTACTG,1
pos,Cxt,12,9,CTGACTGTGACCGTGACCGCTGCCACTCTACTA,1
pos,Cxt,12,9,CTGACTGTGACCGTGACTGCTGCTACTCTACTA,1
pos,Cxt,12,9,CTAACTGTGACCGTGACTGCTGCCACTCTACTA,1
pos,Cxt,12,9,CTGACTGTGACCGTGACTGCCGCCACTCTACTA,1
pos,Cxt,12,9,CTGACTGTTACCGTGACTGCTGCCACTCTACTA,1
neg,Cxt,12,1,CTTACCGTAACGGTAACTGCCGCCACGCTGCTT,102
neg,Cxt,12,1,CTAACCGTCACAGTAACCGCAGCTACCCTGCTG,16
neg,Cxt,12,1,CTAACTGTTACGGTAACAGCTGCGACGCTTCTC,16
neg,Cxt,12,1,CTGACTGTGACCGTGACTGCTGCCACTCTACTA,14
neg,Cxt,12,1,CTTACAGTTACGGTCACTGCAGCCACGCTTCTC,9
neg,Cxt,12,1,CTCACAGTAACTGTTACGGCGGCAACTCTCCTG,8
neg,Cxt,12,1,CTGACTGTTACGGTAACAGCTGCCACGCTTCTC,7
neg,Cxt,12,1,CTAACTGTTACGGTAACAGCTGCCACGCTTCTC,7
neg,Cxt,12,1,CTAACCGTCACAGTAACCGCAGCCACCCTGCTG,4
neg,Cxt,12,1,CTGACCGTCACAGTAACCGCAGCCACCCTGCTG,4
neg,Cxt,12,1,CTGACAGTTACCGTTACAGCAGCCACGCTTCTG,3
neg,Cxt,12,1,CTGACCGTAACCGTGACTGCCGCAACCCTTCTC,2
neg,Cxt,12,1,CTCACAGTAACTGTTACGGCGGCCACTCTCCTG,2
neg,Cxt,12,1,CTCACAGTCACCGTGACCGCTGCGACCCTACTT,2
neg,Cxt,12,1,CTGACAGTTACCGTTACTGCAGCCACGCTTCTG,2
neg,Cxt,12,1,CTGACCGTAACCGTAACTGCCGCCACGCTGCTT,1
neg,Cxt,12,1,CTGACAGTGACCGTGACTGCTGCCACTCTACTA,1
neg,Cxt,12,1,CTGACCGTAACGGTAACTGCCGCCACGCTGCTT,1
neg,Cxt,12,1,CTTACAGTTACCGTTACTGCAGCCACGCTTCTG,1
neg,Cxt,12,1,CTTACAGTAACGGTTACTGCAGCCACGCTACTC,1
neg,Cxt,12,1,CTGACGGTAACAGTGACAGCAGCAACCCTACTT,1
neg,Cxt,12,1,CTGACAGTTACTGTCACTGCTGCTACCCTCCTA,1
neg,Cxt,12,1,CTGACAGTAACTGTTACGGCAGCAACTCTACTG,1
neg,Cxt,12,1,CTTACCGTAACGGTAACTGCAGCCACGCTGCTG,1
neg,Cxt,12,1,CTTACAGTTACGGTTACTGCAGCCACGCTTCTC,1
neg,Cxt,12,1,CTTACAGTTACGGTGACTGCAGCCACGCTTCTC,1
neg,Cxt,12,1,CTAACCGTCACCGTAACCGCAGCCACCCTGCTG,1
neg,Cxt,12,1,CTGACGGTAACAGTGACAGCAGCCACCCTACTT,1
neg,Cxt,12,1,CTGACTGTTACCGTGACTGCAGCCACGCTACTA,1
neg,Cxt,12,1,CTGACTGTTACGGTAACAGCTGCGACGCTTCTC,1
neg,Cxt,12,2,CTTACCGTAACGGTAACTGCCGCCACGCTGCTT,155
neg,Cxt,12,2,CTGACTGTGACCGTGACTGCTGCCACTCTACTA,31
neg,Cxt,12,2,CTAACTGTTACGGTAACAGCTGCGACGCTTCTC,24
neg,Cxt,12,2,CTTACAGTTACGGTCACTGCAGCCACGCTTCTC,23
neg,Cxt,12,2,CTAACCGTCACAGTAACCGCAGCTACCCTGCTG,15
neg,Cxt,12,2,CTCACAGTAACTGTTACGGCGGCAACTCTCCTG,15
neg,Cxt,12,2,CTAACTGTTACGGTAACAGCTGCCACGCTTCTC,10
neg,Cxt,12,2,CTAACCGTCACAGTAACCGCAGCCACCCTGCTG,7
neg,Cxt,12,2,CTGACTGTTACGGTAACAGCTGCCACGCTTCTC,5
neg,Cxt,12,2,CTCACAGTAACTGTTACGGCGGCCACTCTCCTG,4
neg,Cxt,12,2,CTGACTGTAACCGTGACTGCTGCCACTCTACTA,3
neg,Cxt,12,2,CTGACTGTAACCGTGACTGCTGCCACTCTACTT,3
neg,Cxt,12,2,CTTACAGTAACGGTTACTGCGGCCACTCTCCTG,2
neg,Cxt,12,2,CTTACCGTAACGGTAACTGCCGCCACGCTACTT,2
neg,Cxt,12,2,CTCACAGTAACTGTTACTGCGGCCACTCTCCTG,2
neg,Cxt,12,2,CTTACAGTAACGGTGACTGCAGCCACGCTACTC,2
neg,Cxt,12,2,CTGACCGTAACCGTGACTGCCGCAACCCTTCTC,2
neg,Cxt,12,2,CTTACCGTAACGGTAACTGCAGCCACGCTGCTT,2
neg,Cxt,12,2,CTGACAGTTACTGTCACTGCTGCTACCCTCCTA,1
neg,Cxt,12,2,CTAACTGTAACGGTAACAGCTGCCACGCTTCTC,1
neg,Cxt,12,2,CTAACCGTAACAGTAACCGCAGCTACCCTGCTG,1
neg,Cxt,12,2,CTTACTGTGACGGTGACTGCTGCCACGCTACTA,1
neg,Cxt,12,2,CTTACAGTAACGGTTACTGCAGCCACGCTTCTC,1
neg,Cxt,12,2,CTGACAGTAACCGTTACTGCGGCCACTCTACTG,1
neg,Cxt,12,2,CTGACAGTAACTGTTACGGCGGCAACTCTCCTG,1
neg,Cxt,12,2,CTTACCGTAACGGTAACTGCTGCCACGCTACTT,1
neg,Cxt,12,2,CTGACAGTTACCGTGACTGCAGCCACGCTACTC,1
neg,Cxt,12,2,CTTACTGTTACGGTAACTGCTGCCACGCTTCTC,1
neg,Cxt,12,2,CTTACAGTAACGGTTACTGCCGCCACGCTTCTC,1
neg,Cxt,12,2,CTGACTGTAACGGTAACAGCTGCCACGCTACTC,1
neg,Cxt,12,2,CTTACAGTAACGGTTACTGCTGCCACTCTCCTG,1
neg,Cxt,12,2,CTGACAGTAACTGTGACTGCCGCCACTCTACTT,1
neg,Cxt,12,2,CTGACAGTAACCGTTACTGCAGCCACGCTTCTG,1
neg,Cxt,12,2,CTTACAGTAACGGTTACTGCAGCCACTCTCCTG,1
neg,Cxt,12,2,CTAACTGTTACGGTAACGGCGGCAACCCTCCTT,1
neg,Cxt,12,2,CTAACCGTCACAGTAACTGCAGCCACCCTGCTG,1
neg,Cxt,12,2,CTTACCGTAACAGTAACTGCAGCCACCCTGCTT,1
neg,Cxt,12,2,CTTACAGTAACCGTTACTGCCGCCACTCTACTG,1
neg,Cxt,12,2,CTAACTGTAACGGTAACAGCTGCCACGCTTCTT,1
neg,Cxt,12,2,CTGACGGTAACAGTGACTGCAGCCACCCTACTT,1
neg,Cxt,12,2,CTGACAGTTACCGTTACAGCAGCCACGCTTCTG,1
neg,Cxt,12,2,CTTACCGTTACGGTAACTGCTGCCACGCTTCTC,1
neg,Cxt,12,2,CTTACAGTAACGGTTACTGCAGCCACTCTACTC,1
neg,Cxt,12,2,CTTACAGTAACGGTCACTGCAGCCACGCTTCTC,1
neg,Cxt,12,2,CTAACTGTAACGGTAACAGCTGCAACGCTTCTC,1
neg,Cxt,12,2,CTCACAGTAACTGTTACGGCGGCAACGCTCCTG,1
neg,Cxt,12,2,CTTACCGTCACAGTAACCGCAGCCACCCTGCTG,1
neg,Cxt,12,2,CTTACCGTAACGGTAACTGCCGCCACTCTGCTT,1
neg,Cxt,12,2,CTTACAGTAACGGTTACTGCAGCCACGCTACTC,1
neg,Cxt,12,2,CTGACAGTAACCGTTACTGCAGCCACGCTCCTG,1
neg,Cxt,12,2,CTTACAGTAACGGTTACTGCAGCCACGCTTCTG,1
neg,Cxt,12,3,CTTACCGTAACGGTAACTGCCGCCACGCTGCTT,87
neg,Cxt,12,3,CTAACTGTTACGGTAACAGCTGCGACGCTTCTC,23
neg,Cxt,12,3,CTGACTGTGACCGTGACTGCTGCCACTCTACTA,19
neg,Cxt,12,3,CTAACCGTCACAGTAACCGCAGCTACCCTGCTG,13
neg,Cxt,12,3,CTTACAGTTACGGTCACTGCAGCCACGCTTCTC,7
neg,Cxt,12,3,CTCACAGTAACTGTTACGGCGGCAACTCTCCTG,6
neg,Cxt,12,3,CTGACGGTAACAGTGACAGCAGCAACCCTACTT,5
neg,Cxt,12,3,CTGACCGTAACGGTAACTGCCGCCACGCTGCTT,4
neg,Cxt,12,3,CTGACTGTTACGGTAACAGCTGCGACGCTTCTC,4
neg,Cxt,12,3,CTGACTGTTACGGTAACAGCTGCCACGCTTCTC,4
neg,Cxt,12,3,CTGACCGTCACAGTAACCGCAGCTACCCTGCTG,3
neg,Cxt,12,3,CTGACAGTAACCGTGACAGCAGCAACTCTACTG,2
neg,Cxt,12,3,CTGACCGTAACCGTGACTGCCGCAACCCTTCTC,2
neg,Cxt,12,3,CTGACCGTAACGGTGACTGCCGCCACGCTACTT,2
neg,Cxt,12,3,CTGACCGTAACAGTAACTGCAGCCACCCTGCTT,1
neg,Cxt,12,3,CTGACAGTGACCGTGACTGCTGCCACTCTACTA,1
neg,Cxt,12,3,CTGACTGTTACGGTGACAGCAGCCACGCTTCTC,1
neg,Cxt,12,3,CTTACAGTAACGGTGACTGCAGCCACGCTTCTT,1
neg,Cxt,12,3,CTGACTGTTACCGTAACAGCTGCCACGCTTCTC,1
neg,Cxt,12,3,CTGACTGTGACCGTGACTGCTGCCACTCTACTT,1
neg,Cxt,12,3,CTGACTGTTACGGTGACAGCTGCCACGCTACTC,1
neg,Cxt,12,3,CTGACCGTCACAGTAACCGCAGCCACCCTGCTG,1
neg,Cxt,12,3,CTGACAGTTACCGTTACAGCAGCCACGCTTCTG,1
neg,Cxt,12,3,CTGACGGTAACAGTGACAGCAGCCACGCTACTT,1
neg,Cxt,12,3,CTGACGGTAACGGTGACTGCCGCCACGCTACTT,1
neg,Cxt,12,3,CTGACGGTAACCGTGACAGCAGCCACGCTACTT,1
neg,Cxt,12,3,CTGACCGTAACAGTAACTGCAGCCACCCTGCTG,1
neg,Cxt,12,3,CTGACAGTAACCGTTACAGCAGCCACGCTTCTG,1
neg,Cxt,12,3,CTGACAGTAACTGTTACGGCGGCAACTCTCCTG,1
neg,Cxt,12,3,CTGACGGTAACCGTGACTGCAGCCACGCTACTT,1
neg,Cxt,12,3,CTGACTGTTACCGTGACAGCTGCCACGCTACTT,1
neg,Cxt,12,3,CTGACCGTAACAGTAACAGCAGCCACCCTGCTT,1
neg,Cxt,12,3,CTGACAGTTACCGTGACTGCAGCCACTCTCCTG,1
neg,Cxt,12,3,CTGACAGTTACTGTCACTGCTGCTACCCTCCTA,1
neg,Cxt,12,3,CTGACGGTAACCGTGACAGCAGCCACTCTACTT,1
neg,Cxt,12,3,CTGACTGTAACCGTGACTGCTGCCACTCTACTT,1
neg,Cxt,12,3,CTGACGGTAACAGTGACAGCAGCCACCCTACTT,1
neg,Cxt,12,3,CTGACTGTAACGGTAACAGCTGCCACGCTTCTT,1
pos,Cxt,14,11,CTTACCGTAACGGTAACTGCCGCCACGCTGCTT,953
pos,Cxt,14,11,CTAACCGTCACAGTAACCGCAGCTACCCTGCTG,3
pos,Cxt,14,11,CTTACCGTAACGGTAACTGCCGCCACGCTGCTC,1
pos,Cxt,14,12,CTAACCGTCACAGTAACCGCAGCTACCCTGCTG,96
pos,Cxt,14,12,CTTACCGTAACGGTAACTGCCGCCACGCTGCTT,75
pos,Cxt,14,12,CTGACAGTTACCGTTACAGCAGCCACGCTTCTG,30
pos,Cxt,14,12,CTTACAGTTACCGTTACAGCAGCCACACTCCTG,15
pos,Cxt,14,12,CTGACTGTGACCGTGACTGCTGCCACTCTACTA,13
pos,Cxt,14,12,CTGACGGTAACAGTGACAGCAGCAACCCTACTT,7
pos,Cxt,14,12,CTAACCGTCACAGTAACCGCAGCCACCCTGCTG,5
pos,Cxt,14,12,CTGACTGTTACTGTCACGGCTGCCACTCTCCTT,4
pos,Cxt,14,12,CTGACAGTTACCGTTACAGCAGCCACACTCCTG,3
pos,Cxt,14,12,CTTACAGTTACCGTTACAGCAGCCACGCTGCTG,2
pos,Cxt,14,12,CTTACCGTAACGGTAACTGCAGCCACGCTGCTG,2
pos,Cxt,14,12,CTGACAGTTACCGTGACAGCAGCCACCCTACTG,1
pos,Cxt,14,12,CTGACCGTAACGGTGACTGCCGCCACGCTACTT,1
pos,Cxt,14,12,CTGACAGTCACCGTTACCGCAGCCACCCTACTG,1
pos,Cxt,14,12,CTGACGGTAACAGTGACAGCAGCCACCCTACTT,1
pos,Cxt,14,12,CTGACAGTTACCGTTACAGCAGCTACCCTGCTG,1
pos,Cxt,14,12,CTGACCGTCACCGTAACTGCAGCCACCCTGCTG,1
pos,Cxt,14,12,CTGACAGTTACCGTTACAGCAGCCACTCTCCTG,1
pos,Cxt,14,12,CTGACTGTGACCGTGACTGCTGCCACTCTACTT,1
pos,Cxt,14,12,CTGACGGTAACAGTGACAGCAGCAACCCTACTG,1
pos,Cxt,14,12,CTTACAGTTACCGTTACAGCAGCCACGCTTCTG,1
pos,Cxt,14,12,CTGACCGTTACCGTAACAGCAGCCACGCTGCTG,1
pos,Cxt,14,12,CTGACCGTGACCGTAACTGCAGCCACGCTGCTG,1
pos,Cxt,14,12,CTGACCGTAACAGTAACAGCAGCCACCCTGCTG,1
pos,Cxt,14,12,CTTACCGTCACGGTAACTGCCGCCACGCTGCTT,1
pos,Cxt,14,12,CTGACGGTAACCGTGACAGCAGCCACCCTACTT,1
pos,Cxt,14,12,CTAACCGTCACCGTAACCGCAGCTACCCTGCTG,1
pos,Cxt,14,12,CTGACAGTTACCGTTACAGCAGCCACGCTCCTG,1
pos,Cxt,14,12,CTGACTGTGACCGTGACTGCCGCCACTCTACTG,1
pos,Cxt,14,12,CTGACCGTAACGGTAACAGCAGCCACGCTGCTT,1
pos,Cxt,14,12,CTGACTGTAACCGTGACTGCAGCCACGCTACTT,1
pos,Cxt,14,12,CTTACAGTTACCGTTACAGCAGCCACGCTCCTG,1
pos,Cxt,14,12,CTGACCGTCACAGTGACAGCAGCCACCCTACTG,1
pos,Cxt,14,12,CTGACCGTAACCGTAACTGCCGCCACGCTGCTT,1
pos,Cxt,14,12,CTGACCGTAACGGTAACTGCCGCCACGCTGCTT,1
pos,Cxt,14,13,CTGACTGTTACTGTCACGGCTGCCACTCTCCTT,6333
pos,Cxt,14,13,CTGACTGTTACTGTCACTGCTGCCACTCTCCTT,2
pos,Cxt,14,13,CTTACTGTTACTGTCACGGCTGCCACTCTCCTT,2
pos,Cxt,14,13,CTGACTGTTACTGTCACGGCTGCCACTCTCCTC,2
pos,Cxt,14,13,CTGACTGTTACTGTAACGGCTGCCACTCTCCTT,1
pos,Cxt,14,13,CTGACTGTTACTGTCACGGCTGCCACACTCCTT,1
pos,Cxt,14,13,CTGACTGTTACTGTCACGGCTGCCACCCTCCTT,1
pos,Cxt,14,13,CTCACAGTCACAGTAACTGCTGCTACGCTCCTG,1
pos,Cxt,14,13,CTGACTGTTACTGTCACGGCTGCTACTCTCCTT,1
pos,Cxt,14,13,CTAACCGTCACAGTAACCGCAGCTACCCTGCTG,1
pos,Cxt,14,13,CTGACGGTTACTGTCACGGCTGCCACTCTCCTT,1
pos,Cxt,14,13,CTCACTGTTACTGTCACGGCTGCCACTCTCCTT,1
pos,Cxt,14,14,CTTACCGTAACGGTAACTGCCGCCACGCTGCTT,12744
pos,Cxt,14,14,CTTACCGTAACGGTAACTGCCGCCACGCTGCTC,3
pos,Cxt,14,14,CTCACAGTCACCGTGACCGCTGCGACCCTACTT,2
pos,Cxt,14,14,CTTACCGTAACGGTAACCGCCGCCACGCTGCTT,2
pos,Cxt,14,14,CTTACCGTAACAGTAACTGCCGCCACGCTGCTT,2
pos,Cxt,14,14,CTTACCGTAACGGTAACTGCCGCCACGCTCCTT,1
pos,Cxt,14,14,CTTACCGTAACGGTAACTGCCGCCACGCTTCTT,1
pos,Cxt,14,14,CTTACCGTCACGGTAACTGCCGCCACGCTGCTT,1
pos,Cxt,14,14,CTCACCGTAACGGTAACTGCCGCCACGCTGCTT,1
pos,Cxt,14,14,CTTACCGTAACGGTAACTGCCGCCACCCTGCTT,1
pos,Cxt,14,15,CTTACCGTAACGGTAACTGCCGCCACGCTGCTT,3445
pos,Cxt,14,15,CTGACTGTTACTGTCACGGCTGCCACTCTCCTT,5
pos,Cxt,14,15,CTTACCGTAACGGTAACTGCCGCCACGCTGCTC,3
pos,Cxt,14,15,CTAACCGTCACAGTAACCGCAGCTACCCTGCTG,2
pos,Cxt,14,15,CTTACCGTAACAGTAACTGCCGCCACGCTGCTT,1
pos,Cxt,14,15,CTTACCGTAACGGTAACTGCCGCTACGCTGCTT,1
pos,Cxt,14,16,CTGACTGTGACCGTGACTGCTGCCACTCTACTA,29149
pos,Cxt,14,16,CTGACTGTGACCGTGACTGCTGCCACTCTACTT,3
pos,Cxt,14,16,CTGACTGTCACCGTGACTGCTGCCACTCTACTA,1
pos,Cxt,14,16,CTGACTGTGACCGTGACTGCTGCCACACTACTA,1
pos,Cxt,14,16,CTGACTGTGACCGTGACCGCTGCCACTCTACTA,1
pos,Cxt,14,16,CTGACTGTGACCGTGACTGCTGCCACCCTACTA,1
pos,Cxt,14,16,CTAACTGTGACCGTGACTGCTGCCACTCTACTA,1
pos,Cxt,14,16,CTGACCGTGACCGTGACTGCTGCCACTCTACTA,1
pos,Cxt,14,16,CTGACTGTAACCGTGACTGCTGCCACTCTACTT,1
pos,Cxt,14,16,CTGACCGTAACGGTGACTGCCGCCACGCTACTT,1
pos,Cxt,14,16,CTGACTGTGACCGTGACTGCCGCCACTCTACTA,1
pos,Cxt,14,16,CTGACCGTAACCGTGACTGCAGCCACGCTACTT,1
pos,Cxt,14,16,CTGACTGTGACCGTGACTGCTGCCACGCTACTA,1
pos,Cxt,14,16,CTGACTGTGACCGTGACTGCAGCCACTCTACTA,1
pos,Cxt,14,16,CTGACTGTTACCGTGACTGCTGCCACTCTACTA,1
pos,Cxt,14,16,CTGACTGTGACCGTGACTGCTGCCACTCTGCTA,1
pos,Cxt,14,16,CTGACTGTGACTGTGACTGCTGCCACTCTACTA,1
pos,Cxt,14,17,CTTACCGTAACGGTAACTGCCGCCACGCTGCTT,1714
pos,Cxt,14,17,CTTACCGTAACAGTAACTGCCGCCACGCTGCTT,1
pos,Cxt,14,17,CTTACCGTAACCGTAACTGCCGCCACGCTGCTT,1
pos,Cxt,14,17,CTAACCGTCACAGTAACCGCAGCTACCCTGCTG,1
pos,Cxt,14,17,CTTACCGTAACGGTAACTGCCGCCACGCTGCTC,1
pos,Cxt,14,18,CTTACCGTAACGGTAACTGCCGCCACGCTGCTT,12175
pos,Cxt,14,18,CTAACCGTCACAGTAACCGCAGCCACCCTGCTG,17
pos,Cxt,14,18,CTAACCGTCACAGTAACCGCAGCTACCCTGCTG,15
pos,Cxt,14,18,CTAACTGTTACGGTAACAGCTGCCACGCTTCTC,9
pos,Cxt,14,18,CTAACTGTTACGGTAACAGCTGCGACGCTTCTC,8
pos,Cxt,14,18,CTGACCGTCACAGTAACCGCAGCCACCCTGCTG,5
pos,Cxt,14,18,CTTACCGTCACAGTAACCGCAGCCACCCTGCTG,3
pos,Cxt,14,18,CTTACCGTGACGGTAACTGCCGCCACGCTGCTT,3
pos,Cxt,14,18,CTTACCGTAACGGTAACTGCCGCCACTCTGCTT,2
pos,Cxt,14,18,CTTACCGTAACGGTAACTGCCGCCACGCTGCTC,2
pos,Cxt,14,18,CTCACAGTCACCGTGACCGCTGCGACCCTACTT,2
pos,Cxt,14,18,CTTACCGTAACGGTAACCGCCGCCACGCTGCTT,2
pos,Cxt,14,18,CTTACCGTAACAGTAACTGCCGCCACGCTGCTT,2
pos,Cxt,14,18,CTGACTGTTACGGTAACAGCTGCCACGCTTCTC,1
pos,Cxt,14,18,CTTACGGTGACCGTAACGGCAGCCACTCTACTC,1
pos,Cxt,14,18,CTTACCGTAACGGTAACTGCCGCCACGCTACTT,1
pos,Cxt,14,18,CTAACCGTAACGGTAACAGCCGCCACGCTGCTT,1
pos,Cxt,14,18,CTAACTGTTACGGTAACAGCTGCAACGCTTCTC,1
pos,Cxt,14,18,CTTACCGTTACGGTAACTGCCGCCACGCTGCTT,1
pos,Cxt,14,18,CTCACCGTTACTGTCACTGCAGCAACCCTACTT,1
pos,Cxt,14,18,CTTACCGTAACAGTAACTGCAGCCACGCTGCTT,1
pos,Cxt,14,18,CTTACTGTAACGGTAACTGCCGCCACGCTGCTT,1
pos,Cxt,14,2,CTTACCGTAACGGTAACTGCCGCCACGCTGCTT,4039
pos,Cxt,14,2,CTTACGGTGACCGTAACGGCAGCTACTCTACTC,12
pos,Cxt,14,2,CTCACAGTCACCGTGACCGCTGCGACCCTACTT,5
pos,Cxt,14,2,CTTACCGTAACGGTAACTGCCGCCACGCTGCTC,1
pos,Cxt,14,2,CTTACCGTAACGGTAACTGCCGCCACTCTGCTT,1
pos,Cxt,14,2,CTTACCGTAACGGTAACTGCCGCTACGCTGCTT,1
pos,Cxt,14,2,CTTACCGTAACCGTAACTGCCGCCACGCTGCTT,1
pos,Cxt,14,2,CTAACCGTCACAGTAACCGCAGCTACCCTACTG,1
pos,Cxt,14,2,CTTACCGTAACGGTAACGGCCGCCACGCTGCTT,1
pos,Cxt,14,2,CTAACCGTCACAGTAACCGCAGCTACCCTGCTG,1
pos,Cxt,14,3,CTGACTGTTACTGTCACGGCTGCCACTCTCCTT,1734
pos,Cxt,14,3,CTAACCGTCACAGTAACCGCAGCTACCCTGCTG,1
pos,Cxt,14,4,CTTACCGTAACGGTAACTGCCGCCACGCTGCTT,643
pos,Cxt,14,4,CTGACTGTTACTGTCACGGCTGCCACTCTCCTT,4
pos,Cxt,14,4,CTTACCGTAACGGTAACTGCCGCCACGCTGCTC,1
pos,Cxt,14,4,CTTACGGTGACCGTAACGGCAGCTACTCTACTC,1
pos,Cxt,14,4,CTCACAGTCACCGTGACCGCTGCGACCCTACTT,1
pos,Cxt,14,4,CTCACCGTAACGGTAACTGCCGCCACGCTGCTT,1
pos,Cxt,14,5,CTTACCGTAACGGTAACTGCCGCCACGCTGCTT,587
pos,Cxt,14,5,CTTACCGTAACCGTAACTGCCGCCACGCTGCTT,3
pos,Cxt,14,5,CTGACAGTTACCGTTACTGCCGCCACGCTACTT,2
pos,Cxt,14,5,CTTACAGTCACCGTTACTGCCGCCACGCTACTT,1
pos,Cxt,14,5,CTGACTGTTACGGTAACTGCCGCCACGCTGCTT,1
pos,Cxt,14,5,CTGACTGTGACCGTGACTGCTGCCACTCTACTT,1
pos,Cxt,14,5,CTTACCGTAACAGTAACTGCCGCCACGCTGCTT,1
pos,Cxt,14,5,CTGACTGTTACCGTTACTGCCGCCACGCTACTT,1
pos,Cxt,14,5,CTGACAGTTACGGTTACTGCCGCCACGCTGCTT,1
pos,Cxt,14,5,CTGACCGTAACGGTCACCGCGGCAACTCTACTG,1
pos,Cxt,14,5,CTGACTGTAACCGTAACTGCCGCCACGCTACTT,1
pos,Cxt,14,5,CTTACCGTTACCGTTACTGCCGCCACGCTTCTT,1
pos,Cxt,14,6,CTTACCGTAACGGTAACTGCCGCCACGCTGCTT,831
pos,Cxt,14,6,CTTACCGTAACAGTAACTGCCGCCACGCTGCTT,1
pos,Cxt,14,6,CTAACCGTCACAGTAACCGCAGCTACCCTGCTG,1
pos,Cxt,14,6,CTTACCGTAACGGTAACGGCCGCCACGCTGCTT,1
pos,Cxt,14,6,CTCACAGTCACCGTGACCGCTGCGACCCTACTT,1
pos,Cxt,14,7,CTTACCGTAACGGTAACTGCCGCCACGCTGCTT,718
pos,Cxt,14,7,CTCACAGTCACCGTGACCGCTGCGACCCTACTT,3
pos,Cxt,14,7,CTAACCGTCACAGTAACCGCAGCTACCCTGCTG,1
pos,Cxt,14,8,CTTACCGTAACGGTAACTGCCGCCACGCTGCTT,624
pos,Cxt,14,8,CTCACAGTCACCGTGACCGCTGCGACCCTACTT,1
pos,Cxt,14,9,CTTACCGTAACGGTAACTGCCGCCACGCTGCTT,500
pos,Cxt,14,9,CTTACCGTAACGGTAACTGCAGCCACGCTGCTT,1
pos,Cxt,14,9,CTTACCGTAACTGTAACTGCCGCCACGCTGCTT,1
neg,Cxt,14,1,CTAACCGTCACAGTAACCGCAGCTACCCTGCTG,41
neg,Cxt,14,1,CTAACTGTTACGGTAACAGCTGCGACGCTTCTC,18
neg,Cxt,14,1,CTGACCGTCACAGTAACCGCAGCTACCCTGCTG,7
neg,Cxt,14,1,CTGACTGTTACGGTAACAGCTGCGACGCTTCTC,5
neg,Cxt,14,1,CTGACTGTTACGGTAACAGCTGCCACGCTTCTC,4
neg,Cxt,14,1,CTGACCGTCACAGTAACCGCAGCCACCCTGCTG,4
neg,Cxt,14,1,CTGACCGTCACAGTAACAGCAGCCACCCTGCTG,3
neg,Cxt,14,1,CTGACTGTTACGGTAACAGCTGCGACGCTTCTT,1
neg,Cxt,14,1,CTGACCGTTACAGTAACCGCAGCCACCCTGCTG,1
neg,Cxt,14,1,CTAACTGTTACGGTAACAGCTGCAACGCTTCTC,1
neg,Cxt,14,1,CTGACAGTCACCGTGACCGCTGCGACCCTACTT,1
neg,Cxt,14,1,CTTACGGTGACCGTAACGGCAGCTACTCTACTC,1
neg,Cxt,14,2,CTAACCGTCACAGTAACCGCAGCTACCCTGCTG,8
neg,Cxt,14,2,CTGACCGTGACGGTTACTGCGGCTACCCTGCTT,2
neg,Cxt,14,3,CTAACCGTCACAGTAACCGCAGCCACCCTGCTG,24
neg,Cxt,14,3,CTAACCGTCACAGTAACCGCAGCTACCCTGCTG,19
neg,Cxt,14,3,CTAACTGTTACGGTAACAGCTGCGACGCTTCTC,14
neg,Cxt,14,3,CTAACTGTTACGGTAACAGCTGCCACGCTTCTC,8
neg,Cxt,14,3,CTGACCGTCACAGTAACCGCAGCCACCCTGCTG,8
neg,Cxt,14,3,CTGACTGTTACGGTAACAGCTGCCACGCTTCTC,4
neg,Cxt,14,3,CTTACGGTGACCGTAACGGCAGCCACTCTACTC,1
neg,Cxt,14,3,CTGACAGTTACCGTTACAGCTGCCACGCTACTC,1
neg,Cxt,14,3,CTAACTGTTACGGTAACAGCTGCAACGCTTCTC,1
neg,Cxt,14,3,CTGACCGTCACCGTAACCGCAGCCACCCTGCTG,1
neg,Cxt,14,3,CTCACAGTCACCGTGACCGCTGCGACCCTACTT,1
neg,Cxt,14,3,CTAACCGTCACAGTAACCGCAGCCACCCTACTG,1
neg,Cxt,14,3,CTGACAGTCACCGTTACCGCAGCCACCCTACTG,1
pos,Cxt,17,10,CTAACTGTTACGGTAACAGCTGCGACGCTTCTC,1500
pos,Cxt,17,10,CTAACTGTTACGGTAACAGCTGCGACGCTTCTT,2
pos,Cxt,17,10,CTAACCGTCACAGTAACCGCAGCTACCCTGCTG,2
pos,Cxt,17,10,CTCACCGTTACTGTCACTGCAGCAACCCTACTT,2
pos,Cxt,17,10,CTAACTGTTACGGTAACAGCTGCGACGCTCCTC,1
pos,Cxt,17,10,CTAACTGTTACGGTAACAGCTGCTACGCTTCTC,1
pos,Cxt,17,10,CTTACGGTGACCGTAACGGCAGCTACTCTACTC,1
pos,Cxt,17,10,CTAACTGTTACGGTAACAGCGGCGACGCTTCTC,1
pos,Cxt,17,11,CTAACTGTTACGGTAACAGCTGCGACGCTTCTC,23145
pos,Cxt,17,11,CTAACTGTTACGGTAACAGCTGCGACGCTTCTT,7
pos,Cxt,17,11,CTAACTGTTACTGTAACAGCTGCGACGCTTCTC,6
pos,Cxt,17,11,CTAACTGTCACGGTAACAGCTGCGACGCTTCTC,4
pos,Cxt,17,11,CTAACTGTTACGGTAACAGCGGCGACGCTTCTC,3
pos,Cxt,17,11,CTAACTGTTACGGTAACAGCTGCTACGCTTCTC,3
pos,Cxt,17,11,CTAACTGTTACGGTAACAGCTGCGACGCTCCTC,3
pos,Cxt,17,11,CTAACTGTTACAGTAACAGCTGCGACGCTTCTC,3
pos,Cxt,17,11,CTAACTGTTACGGTAACAGCTGCGACACTTCTC,2
pos,Cxt,17,11,CTAACTGTTACGGTAACAGCTGCCACGCTTCTC,2
pos,Cxt,17,11,CTAACTGTTACGGTAACAGCCGCGACGCTTCTC,2
pos,Cxt,17,11,CTAACTGTTACCGTAACAGCTGCGACGCTTCTC,1
pos,Cxt,17,11,CTAACTGTTACGGTAACAGCTGCGACCCTTCTC,1
pos,Cxt,17,11,CTAACGGTTACGGTAACAGCTGCGACGCTTCTC,1
pos,Cxt,17,11,CTAACCGTCACAGTAACCGCAGCTACCCTGCTG,1
pos,Cxt,17,11,CTCACAGTCACCGTGACCGCTGCGACCCTACTT,1
pos,Cxt,17,11,CTAACTGTTACGGTAACAGCTGCAACGCTTCTC,1
pos,Cxt,17,11,CTAACCGTTACGGTAACAGCTGCGACGCTTCTC,1
pos,Cxt,17,12,CTAACTGTTACGGTAACAGCTGCGACGCTTCTC,228
pos,Cxt,17,12,CTAACCGTCACAGTAACCGCAGCTACCCTGCTG,66
pos,Cxt,17,12,CTGACAGTTACCGTTACAGCAGCCACGCTTCTG,66
pos,Cxt,17,12,CTTACTGTTACGGTAACCGCAGCCACGCTCCTT,40
pos,Cxt,17,12,CTGACAGTTACCGTAACCGCCGCAACCCTTCTA,36
pos,Cxt,17,12,CTTACCGTAACGGTAACTGCCGCCACGCTGCTT,16
pos,Cxt,17,12,CTAACTGTAACTGTGACTGCAGCAACACTCCTG,15
pos,Cxt,17,12,CTTACCGTTACGGTAACCGCTGCGACACTCCTG,5
pos,Cxt,17,12,CTGACAGTTACCGTAACAGCAGCCACGCTTCTG,5
pos,Cxt,17,12,CTAACTGTTACGGTAACAGCAGCGACGCTTCTC,5
pos,Cxt,17,12,CTAACTGTTACGGTAACCGCTGCGACGCTTCTC,5
pos,Cxt,17,12,CTGACAGTTACCGTAACCGCAGCCACGCTTCTG,5
pos,Cxt,17,12,CTCACCGTTACTGTCACTGCAGCAACCCTACTT,4
pos,Cxt,17,12,CTAACTGTTACGGTAACAGCAGCGACGCTTCTG,4
pos,Cxt,17,12,CTAACCGTCACAGTAACCGCAGCTACCCTTCTG,3
pos,Cxt,17,12,CTCACAGTCACCGTGACCGCTGCGACCCTACTT,3
pos,Cxt,17,12,CTAACTGTTACGGTAACCGCAGCGACGCTTCTC,3
pos,Cxt,17,12,CTAACTGTTACGGTAACAGCAGCCACGCTTCTG,3
pos,Cxt,17,12,CTAACCGTTACGGTAACCGCTGCGACCCTTCTG,2
pos,Cxt,17,12,CTAACTGTTACGGTAACCGCAGCGACGCTCCTG,2
pos,Cxt,17,12,CTTACTGTTACGGTAACCGCAGCCACGCTCCTG,2
pos,Cxt,17,12,CTTACCGTTACGGTAACCGCAGCCACGCTCCTT,2
pos,Cxt,17,12,CTTACCGTTACGGTAACCGCAGCCACGCTCCTG,2
pos,Cxt,17,12,CTGACAGTTACCGTAACCGCAGCAACCCTTCTG,2
pos,Cxt,17,12,CTAACCGTTACGGTAACAGCTGCGACGCTTCTC,2
pos,Cxt,17,12,CTTACTGTTACGGTAACAGCTGCGACGCTTCTC,2
pos,Cxt,17,12,CTTACCGTTACGGTAACCGCAGCCACGCTTCTG,2
pos,Cxt,17,12,CTAACCGTTACAGTAACCGCAGCTACCCTTCTG,2
pos,Cxt,17,12,CTTACTGTTACGGTAACCGCAGCCACGCTTCTG,2
pos,Cxt,17,12,CTAACAGTTACCGTAACCGCAGCAACCCTTCTG,1
pos,Cxt,17,12,CTAACCGTCACAGTAACCGCAGCAACCCTGCTG,1
pos,Cxt,17,12,CTAACTGTTACGGTAACTGCAGCAACGCTTCTG,1
pos,Cxt,17,12,CTGACTGTTACGGTAACAGCTGCGACGCTTCTC,1
pos,Cxt,17,12,CTAACTGTTACGGTAACCGCAGCAACGCTTCTA,1
pos,Cxt,17,12,CTTACCGTTACGGTAACCGCAGCCACGCTGCTT,1
pos,Cxt,17,12,CTAACTGTTACGGTAACCGCAGCTACGCTCCTG,1
pos,Cxt,17,12,CTGACAGTTACCGTAACCGCCGCAACCCTTCTG,1
pos,Cxt,17,12,CTCACCGTTACTGTAACCGCAGCAACCCTACTT,1
pos,Cxt,17,12,CTTACTGTTACGGTAACAGCAGCCACGCTTCTT,1
pos,Cxt,17,12,CTAACTGTAACGGTAACTGCAGCCACGCTCCTG,1
pos,Cxt,17,12,CTGACAGTTACCGTAACCGCAGCCACCCTTCTG,1
pos,Cxt,17,12,CTAACTGTTACGGTAACCGCAGCCACGCTCCTG,1
pos,Cxt,17,12,CTTACAGTTACCGTTACAGCAGCCACGCTTCTG,1
pos,Cxt,17,12,CTTACTGTTACCGTAACCGCCGCAACCCTTCTA,1
pos,Cxt,17,12,CTAACTGTTACGGTAACCGCAGCCACGCTCCTT,1
pos,Cxt,17,12,CTAACAGTTACCGTTACAGCAGCCACGCTTCTG,1
pos,Cxt,17,12,CTAACTGTTACGGTAACCGCTGCGACGCTCCTC,1
pos,Cxt,17,12,CTAACTGTTACGGTAACCGCAGCGACGCTCCTC,1
pos,Cxt,17,12,CTGACAGTTACCGTTACCGCAGCCACGCTTCTG,1
pos,Cxt,17,12,CTGACAGTTACCGTAACCGCTGCGACACTTCTG,1
pos,Cxt,17,12,CTAACCGTTACGGTAACCGCTGCGACGCTTCTG,1
pos,Cxt,17,12,CTAACCGTTACGGTAACCGCAGCGACGCTTCTG,1
pos,Cxt,17,12,CTAACTGTTACGGTAACCGCAGCCACGCTTCTG,1
pos,Cxt,17,12,CTAACTGTTACCGTAACAGCAGCAACGCTTCTG,1
pos,Cxt,17,12,CTAACCGTAACTGTGACTGCAGCAACCCTCCTG,1
pos,Cxt,17,12,CTAACTGTTACGGTAACCGCAGCAACGCTTCTG,1
pos,Cxt,17,12,CTTACTGTTACGGTAACCGCTGCGACGCTCCTT,1
pos,Cxt,17,12,CTAACCGTTACGGTAACAGCAGCGACGCTTCTG,1
pos,Cxt,17,12,CTAACTGTTACGGTAACCGCAGCGACGCTTCTG,1
pos,Cxt,17,12,CTAACTGTTACGGTAACCGCTGCGACACTCCTG,1
pos,Cxt,17,12,CTAACCGTTACAGTAACCGCAGCTACCCTGCTG,1
pos,Cxt,17,12,CTTACTGTTACGGTAACCGCAGCCACGCTTCTT,1
pos,Cxt,17,12,CTAACTGTTACCGTAACCGCAGCAACCCTTCTG,1
pos,Cxt,17,12,CTAACCGTTACGGTAACCGCTGCGACACTCCTG,1
pos,Cxt,17,12,CTAACAGTTACCGTAACCGCAGCGACCCTTCTG,1
pos,Cxt,17,12,CTTACCGTTACGGTAACCGCAGCAACACTCCTG,1
pos,Cxt,17,12,CTTACCGTTACGGTAACCGCTGCGACGCTTCTG,1
pos,Cxt,17,12,CTTACTGTTACGGTAACCGCAGCCACGCTTCTC,1
pos,Cxt,17,12,CTAACCGTTACGGTAACCGCAGCAACACTCCTG,1
pos,Cxt,17,12,CTAACTGTTACGGTAACAGCAGCAACGCTTCTG,1
pos,Cxt,17,12,CTTACCGTTACGGTAACTGCAGCCACGCTGCTT,1
pos,Cxt,17,12,CTTACCGTTACGGTAACCGCTGCGACGCTCCTG,1
pos,Cxt,17,12,CTAACCGTCACAGTAACCGCAGCTACCCTTCTC,1
pos,Cxt,17,12,CTAACCGTTACCGTAACCGCAGCCACGCTTCTG,1
pos,Cxt,17,12,CTAACAGTTACCGTAACAGCAGCCACGCTTCTG,1
pos,Cxt,17,12,CTAACTGTTACGGTAACCGCAGCAACGCTCCTG,1
pos,Cxt,17,12,CTGACAGTTACGGTAACCGCTGCGACGCTTCTG,1
pos,Cxt,17,13,CTAACTGTTACGGTAACAGCTGCGACGCTTCTC,19165
pos,Cxt,17,13,CTAACTGTTACGGTAACAGCTGCGACGCTTCTT,8
pos,Cxt,17,13,CTAACCGTCACAGTAACCGCAGCTACCCTGCTG,6
pos,Cxt,17,13,CTAACTGTTACCGTAACAGCTGCGACGCTTCTC,4
pos,Cxt,17,13,CTAACTGTTACGGTAACAGCTGCGACACTTCTC,3
pos,Cxt,17,13,CTAACTGTTACTGTAACAGCTGCGACGCTTCTC,2
pos,Cxt,17,13,CTAACTGTTACGGTAACAGCTGCGACGCTGCTC,2
pos,Cxt,17,13,CTAACTGTTACGGTAACAGCGGCGACGCTTCTC,1
pos,Cxt,17,13,CTAACTGTTACGGTAACGGCTGCGACGCTTCTC,1
pos,Cxt,17,13,CTAACTGTTACGGTAACAGCTGCGACTCTTCTC,1
pos,Cxt,17,13,CTAACGGTTACGGTAACAGCTGCGACGCTTCTC,1
pos,Cxt,17,13,CTAACTGTTACGGTAACAGCTGCTACGCTTCTC,1
pos,Cxt,17,13,CTAACTGTTACGGTAACAGCCGCGACGCTTCTC,1
pos,Cxt,17,13,CTAACTGTTACGGTAACAGCGGCAACCCTTCTC,1
pos,Cxt,17,13,CTAACTGTTACGGTAACAGCTGCGACCCTTCTC,1
pos,Cxt,17,13,CTAACTGTCACGGTAACAGCTGCGACGCTTCTC,1
pos,Cxt,17,14,CTAACTGTTACGGTAACAGCTGCGACGCTTCTC,4451
pos,Cxt,17,14,CTAACTGTTACGGTAACAGCTGCGACTCTTCTC,2
pos,Cxt,17,14,CTAACTGTTACGGTAACAGCTGCGACGCTTCTT,1
pos,Cxt,17,14,CTAACTGTAACGGTAACAGCTGCGACGCTTCTC,1
pos,Cxt,17,14,CTGACTGTTACGGTAACAGCTGCGACGCTTCTC,1
pos,Cxt,17,15,CTAACTGTTACGGTAACAGCTGCGACGCTTCTC,2742
pos,Cxt,17,15,CTAACTGTTACGGTAACAGCCGCGACGCTTCTC,3
pos,Cxt,17,15,CTAACCGTCACAGTAACCGCAGCTACCCTGCTG,2
pos,Cxt,17,15,CTAACTGTTACGGTAACAGCTGCGACGCTTCTT,2
pos,Cxt,17,15,CTCACAGTCACCGTGACCGCTGCGACCCTACTT,1
pos,Cxt,17,15,CTGACAGTTACTGTCACTGCTGCTACCCTCCTA,1
pos,Cxt,17,15,CTAACTGTTACGGTAACAGCTGCGACACTTCTC,1
pos,Cxt,17,15,CTAACTGTAACGGTAACAGCTGCGACGCTTCTC,1
pos,Cxt,17,15,CTAACTGTTACGGTAACAGCTGCGACGCTCCTC,1
pos,Cxt,17,15,CTAACTGTTACGGTAACAGCGGCGACGCTTCTC,1
pos,Cxt,17,16,CTAACTGTTACGGTAACAGCTGCGACGCTTCTC,28368
pos,Cxt,17,16,CTAACTGTTACGGTAACAGCTGCGACGCTTCTT,13
pos,Cxt,17,16,CTAACCGTCACAGTAACCGCAGCTACCCTGCTG,4
pos,Cxt,17,16,CTAACTGTTACGGTAACAGCTGCAACGCTTCTC,3
pos,Cxt,17,16,CTAACCGTTACGGTAACAGCTGCGACGCTTCTC,3
pos,Cxt,17,16,CTTACGGTGACCGTAACGGCAGCTACTCTACTC,2
pos,Cxt,17,16,CTAACTGTTACTGTAACAGCTGCGACGCTTCTC,2
pos,Cxt,17,16,CTAACTGTTACGGTAACAGCTGCGACTCTTCTC,2
pos,Cxt,17,16,CTAACTGTTACGGTAACAGCCGCGACGCTTCTC,2
pos,Cxt,17,16,CTAACTGTTACGGTAACGGCTGCGACGCTTCTC,1
pos,Cxt,17,16,CTAACTGTTACGGTAACAGCTGCGACACTTCTC,1
pos,Cxt,17,16,CTAACTGTCACGGTAACAGCTGCGACGCTTCTC,1
pos,Cxt,17,16,CTAACTGTTACGGTAACAGCAGCCACGCTTCTG,1
pos,Cxt,17,16,CTAACTGTTACGGTAACAGCTGCGACGCTTCTA,1
pos,Cxt,17,16,CTAACGGTTACGGTAACGGCGGCAACGCTTCTC,1
pos,Cxt,17,16,CTAACTGTTACGGTAACAGCTGCTACGCTTCTC,1
pos,Cxt,17,16,CTAACTGTTACCGTAACAGCTGCGACGCTTCTC,1
pos,Cxt,17,16,CTAACTGTTACGGTGACAGCTGCGACGCTTCTC,1
pos,Cxt,17,16,CTAACTGTTACGGTAACAGCGGCGACGCTTCTC,1
pos,Cxt,17,17,CTAACTGTTACGGTAACAGCTGCGACGCTTCTC,4289
pos,Cxt,17,17,CTAACCGTCACAGTAACCGCAGCTACCCTGCTG,37
pos,Cxt,17,17,CTAACTGTTACGGTAACAGCTGCGACGCTTCTT,4
pos,Cxt,17,17,CTAACTGTTACGGTAACAGCAGCGACGCTTCTC,4
pos,Cxt,17,17,CTAACTGTCACGGTAACAGCTGCGACGCTTCTC,3
pos,Cxt,17,17,CTAACTGTTACTGTAACAGCTGCGACGCTTCTC,2
pos,Cxt,17,17,CTCACAGTCACCGTGACCGCTGCGACCCTACTT,2
pos,Cxt,17,17,CTAACTGTTACGGTAACCGCAGCGACGCTCCTG,1
pos,Cxt,17,17,CTAACTGTAACTGTGACTGCAGCAACACTCCTG,1
pos,Cxt,17,17,CTTACCGTTACCGTAACCGCAGCCACCCTTCTT,1
pos,Cxt,17,17,CTAACTGTTACGGTAACAGCCGCGACGCTTCTC,1
pos,Cxt,17,17,CTAACTGTTACAGTAACAGCTGCGACGCTTCTC,1
pos,Cxt,17,17,CTAACTGTTACCGTAACAGCTGCGACGCTTCTC,1
pos,Cxt,17,17,CTAACTGTTACGGTAACAGCTGCGACCCTTCTC,1
pos,Cxt,17,17,CTTACCGTTACGGTAACCGCTGCGACACTCCTG,1
pos,Cxt,17,18,CTAACTGTTACGGTAACAGCTGCGACGCTTCTC,7443
pos,Cxt,17,18,CTAACCGTCACAGTAACCGCAGCTACCCTGCTG,36
pos,Cxt,17,18,CTAACTGTTACGGTAACAGCTGCGACGCTTCTT,4
pos,Cxt,17,18,CTAACTGTTACTGTAACAGCTGCGACGCTTCTC,3
pos,Cxt,17,18,CTCACCGTTACTGTCACTGCAGCAACCCTACTT,2
pos,Cxt,17,18,CTAACTGTCACGGTAACAGCTGCGACGCTTCTC,2
pos,Cxt,17,18,CTCACAGTCACCGTGACCGCTGCGACCCTACTT,2
pos,Cxt,17,18,CTTACTGTTACGGTAACAGCTGCGACGCTTCTC,1
pos,Cxt,17,18,CTAACTGTTACAGTAACAGCTGCGACGCTTCTC,1
pos,Cxt,17,18,CTAACCGTTACAGTAACCGCAGCTACCCTGCTG,1
pos,Cxt,17,18,CTAACCGTTACGGTAACAGCAGCGACGCTTCTC,1
pos,Cxt,17,18,CTAACTGTTACCGTAACAGCTGCGACGCTTCTC,1
pos,Cxt,17,18,CTAACTGTTACGGTAACAGCTGCTACGCTTCTC,1
pos,Cxt,17,18,CTGACTGTTACGGTAACAGCTGCGACGCTTCTC,1
pos,Cxt,17,18,CTAACTGTTACGGTAACAGCTGCGACTCTCCTT,1
pos,Cxt,17,18,CTAACTGTTACGGTAACAGCCGCGACGCTTCTC,1
pos,Cxt,17,18,CTAACGGTTACGGTAACAGCTGCGACGCTTCTC,1
pos,Cxt,17,18,CTAACTGTTACGGTAACAGCGGCGACGCTTCTC,1
pos,Cxt,17,18,CTTACGGTGACCGTAACGGCAGCTACTCTACTC,1
pos,Cxt,17,1,CTAACTGTTACGGTAACAGCTGCGACGCTTCTC,17793
pos,Cxt,17,1,CTAACTGTTACGGTAACAGCTGCGACGCTTCTT,8
pos,Cxt,17,1,CTAACTGTCACGGTAACAGCTGCGACGCTTCTC,5
pos,Cxt,17,1,CTTACCGTAACGGTAACTGCCGCCACGCTGCTT,3
pos,Cxt,17,1,CTAACTGTTACGGTAACAGCAGCCACGCTTCTG,2
pos,Cxt,17,1,CTAACTGTTACGGTAACAGCTGCGACTCTTCTC,2
pos,Cxt,17,1,CTAACCGTCACAGTAACCGCAGCTACCCTGCTG,2
pos,Cxt,17,1,CTGACAGTTACCGTTACAGCAGCCACGCTTCTG,2
pos,Cxt,17,1,CTCACAGTCACCGTGACCGCTGCGACCCTACTT,1
pos,Cxt,17,1,CTAACTGTTACGGTAACAGCAGCGACGCTTCTC,1
pos,Cxt,17,1,CTAACTGTTACGGTGACAGCTGCGACGCTTCTC,1
pos,Cxt,17,1,CTAACTGTTACGGTAACCGCTGCGACCCTTCTT,1
pos,Cxt,17,1,CTAACTGTTACGGTAACAGCAGCGACGCTTCTG,1
pos,Cxt,17,1,CTAACTGTTACCGTAACAGCTGCGACGCTTCTC,1
pos,Cxt,17,1,CTAACAGTTACGGTAACAGCAGCCACGCTTCTG,1
pos,Cxt,17,1,CTAACCGTTACGGTAACAGCTGCGACGCTTCTC,1
pos,Cxt,17,1,CTAACTGTTACTGTAACAGCTGCGACGCTTCTC,1
pos,Cxt,17,1,CTAACTGTTACGGTAACAGCTGCTACGCTTCTC,1
pos,Cxt,17,1,CTAACTGTTACGGTAACAGCTGCGACGCTCCTC,1
pos,Cxt,17,1,CTAACTGTTACGGTAACAGCTGCAACGCTTCTC,1
pos,Cxt,17,2,CTTACCGTAACGGTAACTGCCGCCACGCTGCTT,895
pos,Cxt,17,2,CTAACCGTCACAGTAACCGCAGCTACCCTGCTG,6
pos,Cxt,17,2,CTAACTGTTACGGTAACAGCTGCGACGCTTCTC,6
pos,Cxt,17,2,CTTACCGTAACGGTAACTGCCGCTACGCTGCTT,2
pos,Cxt,17,2,CTCACAGTCACCGTGACCGCTGCGACCCTACTT,2
pos,Cxt,17,2,CTTACCGTAACGGTAACTGCCGCCACGCTACTT,2
pos,Cxt,17,2,CTTACCGTAACTGTAACTGCCGCCACGCTGCTT,1
pos,Cxt,17,2,CTTACGGTGACCGTAACGGCAGCTACTCTACTC,1
pos,Cxt,17,2,CTTACCGTAACGGTAACTGCCGCCACACTGCTT,1
pos,Cxt,17,3,CTAACTGTTACGGTAACAGCTGCGACGCTTCTC,4585
pos,Cxt,17,3,CTTACCGTAACGGTAACTGCCGCCACGCTGCTT,5
pos,Cxt,17,3,CTAACCGTCACAGTAACCGCAGCTACCCTGCTG,4
pos,Cxt,17,3,CTAACTGTTACGGTAACAGCTGCGACGCTTCTT,4
pos,Cxt,17,3,CTAACTGTCACGGTAACAGCTGCGACGCTTCTC,2
pos,Cxt,17,3,CTAACTGTTACGGTAACAGCAGCCACGCTTCTG,2
pos,Cxt,17,3,CTCACAGTCACCGTGACCGCTGCGACCCTACTT,2
pos,Cxt,17,3,CTAACTGTTACGGTAACAGCTGCTACGCTTCTC,2
pos,Cxt,17,3,CTAACAGTTACCGTTACAGCAGCCACGCTTCTG,1
pos,Cxt,17,3,CTAACTGTTACGGTTACAGCAGCCACGCTTCTG,1
pos,Cxt,17,3,CTAACTGTTACGGTAACAGCTGCGACTCTTCTC,1
pos,Cxt,17,3,CTAACTGTTACGGTAACAGCTGCGACCCTTCTC,1
pos,Cxt,17,3,CTAACTGTTACGGTGACAGCTGCGACGCTTCTC,1
pos,Cxt,17,3,CTAACTGTTACGGTAACAGCAGCGACGCTTCTC,1
pos,Cxt,17,5,CTAACTGTTACGGTAACAGCTGCGACGCTTCTC,3812
pos,Cxt,17,5,CTAACCGTCACAGTAACCGCAGCTACCCTGCTG,7
pos,Cxt,17,5,CTAACTGTTACGGTAACAGCTGCGACGCTTCTT,5
pos,Cxt,17,5,CTAACTGTTACGGTAACAGCAGCGACGCTTCTC,3
pos,Cxt,17,5,CTCACAGTCACCGTGACCGCTGCGACCCTACTT,2
pos,Cxt,17,5,CTAACAGTTACGGTAACAGCAGCCACGCTTCTG,2
pos,Cxt,17,5,CTAACTGTCACGGTAACAGCTGCGACGCTTCTC,1
pos,Cxt,17,5,CTGACAGTTACCGTTACAGCAGCCACGCTTCTG,1
pos,Cxt,17,5,CTAACTGTTACTGTAACAGCTGCGACGCTTCTC,1
pos,Cxt,17,5,CTAACTGTTACAGTAACAGCTGCGACGCTTCTC,1
pos,Cxt,17,5,CTAACTGTTACGGTAACAGCTGCGACGCTCCTC,1
pos,Cxt,17,5,CTAACCGTTACGGTAACAGCTGCGACGCTTCTC,1
pos,Cxt,17,5,CTAACAGTTACCGTAACAGCAGCCACGCTTCTG,1
pos,Cxt,17,6,CTAACTGTTACGGTAACAGCTGCGACGCTTCTC,5288
pos,Cxt,17,6,CTAACTGTCACGGTAACAGCTGCGACGCTTCTC,6
pos,Cxt,17,6,CTAACTGTTACGGTAACAGCAGCCACGCTTCTG,3
pos,Cxt,17,6,CTCACAGTCACCGTGACCGCTGCGACCCTACTT,2
pos,Cxt,17,6,CTAACTGTTACAGTAACAGCTGCGACGCTTCTC,2
pos,Cxt,17,6,CTAACAGTTACCGTTACAGCAGCCACGCTTCTG,1
pos,Cxt,17,6,CTAACTGTTACTGTAACAGCTGCGACGCTTCTC,1
pos,Cxt,17,6,CTAACTGTTACGGTAACAGCGGCGACGCTTCTC,1
pos,Cxt,17,6,CTAACTGTCACAGTAACCGCAGCTACCCTGCTG,1
pos,Cxt,17,6,CTAACTGTTACGGTAACAGCTGCGACGCTTCTT,1
pos,Cxt,17,6,CTAACTGTTACGGTAACAGCAGCGACGCTTCTG,1
pos,Cxt,17,6,CTAACTGTTACGGTAACAGCTGCTACGCTTCTC,1
pos,Cxt,17,6,CTAACCGTCACAGTAACCGCAGCTACCCTGCTG,1
pos,Cxt,17,7,CTAACTGTTACGGTAACAGCTGCGACGCTTCTC,22147
pos,Cxt,17,7,CTAACCGTTACGGTAACAGCTGCGACGCTTCTC,19
pos,Cxt,17,7,CTAACTGTTACGGTAACAGCTGCGACGCTTCTT,10
pos,Cxt,17,7,CTAACTGTTACCGTAACAGCTGCGACGCTTCTC,3
pos,Cxt,17,7,CTGACTGTTACGGTAACAGCTGCGACGCTTCTC,3
pos,Cxt,17,7,CTAACTGTTACGGTAACAGCAGCGACGCTTCTC,2
pos,Cxt,17,7,CTAACTGTTACGGTAACAGCAGCGACGCTTCTG,2
pos,Cxt,17,7,CTGACAGTTACCGTTACAGCAGCCACGCTTCTG,2
pos,Cxt,17,7,CTCACAGTCACCGTAACCGCTGCGACCCTACTT,1
pos,Cxt,17,7,CTAACTGTTACGGTAACAGCTGCTACGCTTCTC,1
pos,Cxt,17,7,CTAACTGTTACAGTAACAGCTGCGACGCTTCTC,1
pos,Cxt,17,7,CTAACCGTTACAGTAACCGCAGCTACCCTGCTG,1
pos,Cxt,17,7,CTAACTGTTACGGTAACAGCGGCGACGCTTCTC,1
pos,Cxt,17,7,CTAACTGTTACGGTAACAGCTGCGACGCTCCTC,1
pos,Cxt,17,7,CTAACTGTTACGGTAACAGCTGCGACACTTCTC,1
pos,Cxt,17,7,CTCACAGTCACCGTGACCGCTGCGACCCTACTT,1
pos,Cxt,17,7,CTGACAGTTACTGTCACTGCTGCTACCCTCCTA,1
pos,Cxt,17,7,CTAACCGTTACAGTAACAGCAGCCACGCTTCTG,1
pos,Cxt,17,7,CTAACCGTAACGGTAACTGCAGCCACGCTGCTG,1
pos,Cxt,17,7,CTTACCGTAACGGTAACTGCAGCCACGCTGCTT,1
pos,Cxt,17,7,CTAACAGTTACCGTAACAGCAGCCACGCTTCTG,1
pos,Cxt,17,7,CTAACTGTTACGGTAACAGCTGCGACTCTTCTC,1
pos,Cxt,17,7,CTAACTGTCACGGTAACAGCTGCGACGCTTCTC,1
pos,Cxt,17,7,CTAACTGTTACGGTAACCGCAGCCACGCTCCTG,1
pos,Cxt,17,7,CTAACAGTTACCGTTACAGCAGCCACGCTTCTG,1
pos,Cxt,17,7,CTAACTGTTACGGTAACGGCTGCGACGCTTCTC,1
pos,Cxt,17,7,CTAACTGTTACGGTAACAGCAGCCACGCTTCTG,1
pos,Cxt,17,9,CTAACTGTTACGGTAACAGCTGCGACGCTTCTC,17056
pos,Cxt,17,9,CTAACTGTTACGGTAACAGCTGCGACGCTTCTT,4
pos,Cxt,17,9,CTAACTGTTACGGTAACAGCAGCGACGCTTCTC,4
pos,Cxt,17,9,CTAACCGTTACGGTAACAGCTGCGACGCTTCTC,3
pos,Cxt,17,9,CTAACTGTTACGGTAACAGCTGCGACACTTCTC,2
pos,Cxt,17,9,CTAACTGTCACGGTAACAGCTGCGACGCTTCTC,2
pos,Cxt,17,9,CTAACTGTTACCGTAACAGCTGCGACGCTTCTC,2
pos,Cxt,17,9,CTAACTGTTACGGTAACCGCAGCGACGCTTCTC,1
pos,Cxt,17,9,CTAACGGTTACGGTAACAGCGGCAACGCTTCTC,1
pos,Cxt,17,9,CTAACCGTCACAGTAACCGCAGCTACCCTGCTG,1
pos,Cxt,17,9,CTAACTGTAACTGTGACTGCAGCAACACTCCTG,1
pos,Cxt,17,9,CTAACTGTTACGGTAACAGCTGCGACTCTTCTC,1
pos,Cxt,17,9,CTAACTGTTACGGTAACAGCGGCGACGCTTCTC,1
pos,Cxt,17,9,CTAACTGTTACGGTAACAGCTGCGACGCTCCTC,1
pos,Cxt,17,9,CTAACTGTTACGGTAACCGCAGCCACGCTTCTC,1
pos,Cxt,17,9,CTTACCGTAACGGTAACTGCCGCCACGCTGCTT,1
pos,Cxt,17,9,CTAACTGTTACGGTAACAGCAGCGACGCTTCTG,1
pos,Cxt,17,9,CTAACTGTTACGGTAACAGCTGCCACGCTTCTC,1
pos,Cxt,17,9,CTAACTGTTACGGTAACAGCCGCGACGCTTCTC,1
neg,Cxt,17,1,CTAACCGTCACAGTAACCGCAGCTACCCTGCTG,4
neg,Cxt,17,1,CTCACAGTCACCGTGACCGCTGCGACCCTACTT,1
neg,Cxt,17,2,CTAACCGTCACAGTAACCGCAGCTACCCTGCTG,49
neg,Cxt,17,2,CTAACTGTTACGGTAACAGCTGCGACGCTTCTC,26
neg,Cxt,17,2,CTCACAGTCACCGTGACCGCTGCGACCCTACTT,4
neg,Cxt,17,2,CTAACTGTTACGGTAACCGCTGCGACGCTTCTC,4
neg,Cxt,17,2,CTCACCGTTACTGTCACTGCAGCAACCCTACTT,2
neg,Cxt,17,2,CTTACTGTTACGGTAACCGCAGCCACGCTCCTT,2
neg,Cxt,17,2,CTAACTGTTACGGTAACCGCAGCGACGCTTCTC,2
neg,Cxt,17,2,CTAACTGTTACGGTAACCGCTGCGACGCTTCTG,2
neg,Cxt,17,2,CTAACTGTAACAGTGACCGCAGCAACCCTACTT,1
neg,Cxt,17,2,CTAACTGTTACGGTAACCGCAGCGACGCTCCTG,1
neg,Cxt,17,2,CTAACCGTCACTGTAACCGCAGCAACCCTCCTG,1
neg,Cxt,17,2,CTTACTGTTACGGTAACCGCAGCCACACTCCTG,1
neg,Cxt,17,2,CTTACTGTTACGGTAACCGCAGCAACCCTCCTT,1
neg,Cxt,17,2,CTAACTGTTACGGTAACAGCAGCGACGCTTCTG,1
neg,Cxt,17,2,CTGACGGTAACAGTGACAGCAGCAACCCTACTT,1
neg,Cxt,17,2,CTTACCGTTACGGTAACCGCAGCAACCCTCCTT,1
neg,Cxt,17,2,CTAACTGTTACGGTAACCGCAGCCACGCTCCTT,1
neg,Cxt,17,2,CTAACTGTTACGGTAACCGCAGCGACGCTTCTG,1
neg,Cxt,17,2,CTTACTGTTACTGTAACTGCAGCAACCCTCCTT,1
neg,Cxt,17,2,CTAACTGTTACGGTAACCGCTGCGACGCTCCTG,1
neg,Cxt,17,2,CTAACTGTTACGGTAACCGCAGCGACGCTCCTC,1
neg,Cxt,17,3,CTAACCGTCACAGTAACCGCAGCTACCCTGCTG,2
pos,Cxt,24,10,CTAACTGTAACTGTGACTGCAGCAACACTCCTG,4149
pos,Cxt,24,10,CTAACCGTCACAGTAACCGCAGCTACCCTGCTG,2
pos,Cxt,24,10,CTGACTGTAACTGTGACTGCAGCAACACTCCTG,1
pos,Cxt,24,10,CTAACTGTAACTGTGACCGCAGCAACACTCCTG,1
pos,Cxt,24,10,CTAACTGTAACTGTGACTGCTGCAACACTCCTG,1
pos,Cxt,24,10,CTAACTGTAACTGTGACTGCAGCAACACTCCTT,1
pos,Cxt,24,10,CTGACAGTTACTGTCACTGCTGCTACCCTCCTA,1
pos,Cxt,24,12,CTAACTGTAACTGTGACTGCAGCAACACTCCTG,1884
pos,Cxt,24,12,CTAACTGTAACTGTGACTGCGGCAACACTCCTG,3
pos,Cxt,24,12,CTCACAGTCACCGTGACCGCTGCGACCCTACTT,1
pos,Cxt,24,12,CTAACTGTAACTGTTACTGCAGCAACACTCCTG,1
pos,Cxt,24,12,CTTACCGTTACTGTGACTGCAGCGACACTCCTT,1
pos,Cxt,24,12,CTAACCGTAACTGTGACTGCAGCAACACTCCTG,1
pos,Cxt,24,12,CTAACCGTCACAGTAACCGCAGCTACCCTGCTG,1
pos,Cxt,24,12,CTTACGGTGACCGTAACGGCAGCTACTCTACTC,1
pos,Cxt,24,13,CTCACCGTTACTGTCACTGCAGCAACCCTACTT,1809
pos,Cxt,24,13,CTAACCGTCACAGTAACCGCAGCTACCCTGCTG,3
pos,Cxt,24,13,CTAACTGTAACTGTGACTGCAGCAACACTCCTG,3
pos,Cxt,24,13,CTTACGGTGACCGTAACGGCAGCTACTCTACTC,2
pos,Cxt,24,13,CTCACCGTCACCGTGACCGCTGCGACCCTACTT,2
pos,Cxt,24,13,CTCACTGTTACTGTCACTGCAGCAACCCTACTT,1
pos,Cxt,24,13,CTTACCGTTACTGTGACTGCGGCGACACTCCTT,1
pos,Cxt,24,14,CTAACTGTAACTGTGACTGCAGCAACACTCCTG,14548
pos,Cxt,24,14,CTAACTGTAACTGTGACTGCAGCAACACTCCTT,8
pos,Cxt,24,14,CTAACTGTAACCGTGACTGCAGCAACACTCCTG,3
pos,Cxt,24,14,CTTACGGTGACCGTAACGGCAGCTACTCTACTC,2
pos,Cxt,24,14,CTAACGGTAACTGTGACTGCAGCAACACTCCTG,2
pos,Cxt,24,14,CTAACTGTAACTGTTACTGCAGCAACACTCCTG,2
pos,Cxt,24,14,CTAACCGTCACAGTAACCGCAGCTACCCTGCTG,2
pos,Cxt,24,14,CTCACAGTCACCGTGACCGCTGCGACCCTACTT,2
pos,Cxt,24,14,CTCACCGTTACTGTCACTGCAGCAACCCTACTT,2
pos,Cxt,24,14,CTAACTGTTACTGTGACTGCAGCAACCCTCCTG,1
pos,Cxt,24,14,CTAACTGTAACTGTGACTGCAGCAACGCTCCTG,1
pos,Cxt,24,14,CTAACTGTAACTGTGACTGCAGCAACTCTCCTG,1
pos,Cxt,24,14,CTGACTGTAACTGTGACTGCAGCAACACTCCTG,1
pos,Cxt,24,14,CTAACTGTAACTGTGACCGCAGCAACACTCCTG,1
pos,Cxt,24,14,CTAACCGTTACTGTCACTGCAGCAACCCTACTT,1
pos,Cxt,24,14,CTTACCGTTACTGTGACTGCAGCGACACTCCTT,1
pos,Cxt,24,14,CTCACCGTTACTGTCACTGCAGCAACCCTCCTT,1
pos,Cxt,24,14,CTAACTGTTACTGTCACTGCAGCAACACTCCTG,1
pos,Cxt,24,14,CTAACTGTAACAGTGACTGCAGCAACACTCCTG,1
pos,Cxt,24,14,CTAACTGTAACTGTAACTGCAGCAACACTCCTG,1
pos,Cxt,24,14,CTAACTGTAACTGTGACTGCGGCAACACTCCTG,1
pos,Cxt,24,15,CTCACCGTTACTGTCACTGCAGCAACCCTACTT,2650
pos,Cxt,24,15,CTAACTGTAACTGTGACTGCAGCAACACTCCTG,1870
pos,Cxt,24,15,CTCACCGTTACTGTCACTGCAGCAACCCTCCTT,3
pos,Cxt,24,15,CTCACCGTCACTGTCACTGCAGCAACCCTACTT,2
pos,Cxt,24,15,CTCACAGTCACCGTGACCGCTGCGACCCTACTT,2
pos,Cxt,24,15,CTCACTGTTACTGTGACTGCAGCAACCCTCCTT,1
pos,Cxt,24,15,CTCACCGTTACTGTCACTGCAGCAACCCTACTC,1
pos,Cxt,24,15,CTTACGGTGACCGTAACGGCAGCTACTCTACTC,1
pos,Cxt,24,15,CTAACCGTCACAGTAACCGCAGCTACCCTGCTG,1
pos,Cxt,24,15,CTCACCGTTACTGTCACTGCAGCGACCCTACTT,1
pos,Cxt,24,15,CTCACCGTTACGGTCACTGCAGCAACCCTACTT,1
pos,Cxt,24,15,CTAACTGTTACGGTAACAGCTGCGACGCTTCTC,1
pos,Cxt,24,15,CTCACCGTAACTGTGACTGCAGCAACCCTCCTT,1
pos,Cxt,24,15,CTCACTGTAACTGTCACTGCAGCAACACTCCTT,1
pos,Cxt,24,15,CTTACGGTGACCGTAACCGCAGCTACTCTACTC,1
pos,Cxt,24,15,CTAACCGTAACTGTCACTGCAGCAACCCTCCTT,1
pos,Cxt,24,15,CTAACGGTAACTGTAACTGCAGCAACCCTCCTT,1
pos,Cxt,24,15,CTTACCGTTACTGTGACTGCAGCGACACTCCTT,1
pos,Cxt,24,16,CTCACCGTTACTGTCACTGCAGCAACCCTACTT,7702
pos,Cxt,24,16,CTAACCGTCACAGTAACCGCAGCTACCCTGCTG,6
pos,Cxt,24,16,CTCACCGTTACCGTCACTGCAGCAACCCTACTT,3
pos,Cxt,24,16,CTCACCGTTACTGTCACTGCAGCAACCCTACTC,3
pos,Cxt,24,16,CTCACCGTTACTGTCACTGCAGCAACCCTACTA,2
pos,Cxt,24,16,CTTACGGTGACCGTAACGGCAGCTACTCTACTC,2
pos,Cxt,24,16,CTAACTGTAACTGTGACTGCAGCAACACTCCTG,2
pos,Cxt,24,16,CTCACCGTTACTGTCACCGCAGCAACCCTACTT,1
pos,Cxt,24,16,CTCACCGTCACTGTCACTGCAGCAACCCTACTT,1
pos,Cxt,24,16,CTCACAGTTACTGTCACTGCAGCAACCCTACTT,1
pos,Cxt,24,16,CTTACCGTTACTGTGACTGCAGCGACACTCCTT,1
pos,Cxt,24,17,CTAACTGTAACTGTGACTGCAGCAACACTCCTG,4327
pos,Cxt,24,17,CTCACCGTTACTGTCACTGCAGCAACCCTACTT,37
pos,Cxt,24,17,CTAACTGTAACTGTGACTGCAGCAACACTCCTT,3
pos,Cxt,24,17,CTAACTGTAACTGTGACCGCAGCAACACTCCTG,2
pos,Cxt,24,17,CTAACTGTCACTGTGACTGCAGCAACACTCCTG,1
pos,Cxt,24,17,CTAACTGTAACTGTTACTGCAGCAACACTCCTG,1
pos,Cxt,24,17,CTAACTGTAACGGTAACTGCAGCAACCCTCCTG,1
pos,Cxt,24,17,CTAACTGTAACTGTGACGGCAGCAACACTCCTG,1
pos,Cxt,24,17,CTGACTGTAACTGTGACTGCAGCAACACTCCTG,1
pos,Cxt,24,17,CTAACCGTTACTGTGACTGCAGCGACACTCCTT,1
pos,Cxt,24,17,CTAACTGTAACTGTGACTGCAGCAACGCTCCTG,1
pos,Cxt,24,17,CTTACTGTAACTGTGACTGCAGCAACACTCCTG,1
pos,Cxt,24,17,CTAACTGTGACCGTAACGGCAGCTACTCTACTC,1
pos,Cxt,24,17,CTAACCGTCACAGTAACCGCAGCTACCCTGCTG,1
pos,Cxt,24,18,CTCACCGTTACTGTCACTGCAGCAACCCTACTT,7505
pos,Cxt,24,18,CTCACCGTTACGGTCACTGCAGCAACCCTACTT,2
pos,Cxt,24,18,CTCACAGTCACAGTAACTGCTGCTACGCTCCTG,1
pos,Cxt,24,18,CTCACCGTTACTGTCACTGCAGCAACTCTACTT,1
pos,Cxt,24,18,CTCACCGTTACTGTCACTGCGGCAACCCTACTT,1
pos,Cxt,24,18,CTTACCGTTACTGTGACTGCAGCGACACTCCTT,1
pos,Cxt,24,18,CTTACGGTTACCGTAACGGCAGCTACTCTACTC,1
pos,Cxt,24,18,CTCACTGTTACTGTCACTGCAGCAACCCTACTT,1
pos,Cxt,24,18,CTGACAGTTACTGTCACTGCTGCTACCCTCCTA,1
pos,Cxt,24,18,CTCACCGTTACTGTCACCGCAGCAACCCTACTT,1
pos,Cxt,24,18,CTCACCGTTACTGTCACTGCAGCAACCCTACTC,1
pos,Cxt,24,18,CTCACCGTTACTGTCACGGCAGCAACCCTACTT,1
pos,Cxt,24,18,CTCACCGTCACTGTCACTGCAGCAACCCTACTT,1
pos,Cxt,24,18,CTCACCGTTACTGTTACTGCAGCAACCCTACTT,1
pos,Cxt,24,18,CTCACCGTTACCGTCACTGCAGCAACCCTACTT,1
pos,Cxt,24,18,CTAACCGTCACAGTAACCGCAGCTACCCTGCTG,1
pos,Cxt,24,1,CTAACTGTAACTGTGACTGCAGCAACACTCCTG,19285
pos,Cxt,24,1,CTAACTGTTACGGTAACAGCTGCGACGCTTCTC,20
pos,Cxt,24,1,CTAACCGTCACAGTAACCGCAGCTACCCTGCTG,16
pos,Cxt,24,1,CTAACTGTAACTGTGACTGCAGCAACACTCCTT,7
pos,Cxt,24,1,CTAACTGTAACTGTTACTGCAGCAACACTCCTG,3
pos,Cxt,24,1,CTAACTGTCACAGTAACCGCAGCTACCCTGCTG,2
pos,Cxt,24,1,CTAACTGTAACGGTGACTGCAGCAACACTCCTG,2
pos,Cxt,24,1,CTCACAGTCACCGTGACCGCTGCGACCCTACTT,2
pos,Cxt,24,1,CTAACTGTAACTGTGACCGCAGCAACACTCCTG,2
pos,Cxt,24,1,CTGACTGTAACTGTGACTGCAGCAACACTCCTG,1
pos,Cxt,24,1,CTAACTGTAACTGTGACTGCGGCAACACTCCTG,1
pos,Cxt,24,1,CTAACCGTAACTGTGACTGCAGCAACACTCCTG,1
pos,Cxt,24,1,CTAACTGTAACCGTGACTGCAGCAACACTCCTG,1
pos,Cxt,24,1,CTAACTGTAACTGTGACTGCAGCAACACTCCTA,1
pos,Cxt,24,2,CTCACCGTTACTGTCACTGCAGCAACCCTACTT,6548
pos,Cxt,24,2,CTAACCGTCACAGTAACCGCAGCTACCCTGCTG,30
pos,Cxt,24,2,CTAACTGTTACGGTAACAGCTGCGACGCTTCTC,15
pos,Cxt,24,2,CTAACTGTTACGGTAACAGCAGCGACGCTTCTC,3
pos,Cxt,24,2,CTCACAGTCACCGTGACCGCTGCGACCCTACTT,2
pos,Cxt,24,2,CTCACTGTTACTGTCACTGCAGCAACCCTACTT,1
pos,Cxt,24,2,CTCACCGTTACTGTCACGGCAGCAACCCTACTT,1
pos,Cxt,24,2,CTCACCGTTACCGTCACTGCAGCAACCCTACTT,1
pos,Cxt,24,2,CTAACCGTTACAGTAACCGCAGCTACCCTGCTG,1
pos,Cxt,24,2,CTGACAGTTACTGTCACTGCTGCTACCCTCCTA,1
pos,Cxt,24,2,CTAACTGTTACGGTAACAGCAGCGACCCTCCTT,1
pos,Cxt,24,2,CTCACCGTTACTGTCACTGCAGCAACCCTACTC,1
pos,Cxt,24,2,CTAACTGTTACGGTAACAGCTGCAACCCTCCTT,1
pos,Cxt,24,2,CTCACCGTTACGGTCACTGCAGCAACCCTACTT,1
pos,Cxt,24,2,CTAACAGTAACAGTCACTGCCGCTACTCTGCTC,1
pos,Cxt,24,2,CTAACCGTTACTGTAACTGCAGCAACCCTACTT,1
pos,Cxt,24,2,CTAACCGTTACTGTAACTGCAGCAACCCTTCTT,1
pos,Cxt,24,2,CTCACCGTTACTGTCACCGCAGCAACCCTACTT,1
pos,Cxt,24,3,CTAACTGTAACTGTGACTGCAGCAACACTCCTG,1412
pos,Cxt,24,3,CTCACCGTTACTGTCACTGCAGCAACCCTACTT,1241
pos,Cxt,24,3,CTAACCGTCACAGTAACCGCAGCTACCCTGCTG,18
pos,Cxt,24,3,CTCACCGTCACTGTCACTGCAGCAACCCTACTT,3
pos,Cxt,24,3,CTCACCGTTACTGTCACTGCAGCAACCCTCCTT,2
pos,Cxt,24,3,CTAACGGTAACTGTAACTGCAGCAACCCTCCTT,1
pos,Cxt,24,3,CTAACTGTTACGGTAACAGCTGCGACGCTTCTC,1
pos,Cxt,24,3,CTCACCGTTACTGTCACTGCAGCAACCCTCCTG,1
pos,Cxt,24,3,CTAACTGTAACTGTGACTGCAGCAACCCTCCTT,1
pos,Cxt,24,3,CTCACAGTCACCGTGACCGCTGCGACCCTACTT,1
pos,Cxt,24,3,CTCACTGTTACTGTCACTGCAGCAACCCTACTT,1
pos,Cxt,24,3,CTAACTGTAACTGTGACTGCAGCAACACTCCTC,1
pos,Cxt,24,3,CTAACTGTAACCGTGACTGCAGCAACACTCCTG,1
pos,Cxt,24,3,CTAACTGTAACTGTGACTGCAGCAACACTCCTT,1
pos,Cxt,24,3,CTAACTGTAACTGTAACTGCAGCAACCCTCCTG,1
pos,Cxt,24,3,CTCACAGTCACCGTGACCGCAGCGACCCTACTT,1
pos,Cxt,24,3,CTAACTGTTACGGTAACAGCAGCGACGCTTCTC,1
pos,Cxt,24,4,CTCACCGTTACTGTCACTGCAGCAACCCTACTT,4471
pos,Cxt,24,4,CTAACTGTAACTGTGACTGCAGCAACACTCCTG,26
pos,Cxt,24,4,CTAACCGTCACAGTAACCGCAGCTACCCTGCTG,4
pos,Cxt,24,4,CTCACCGTTACTGTCACGGCAGCAACCCTACTT,2
pos,Cxt,24,4,CTAACCGTTACTGTCACTGCAGCAACCCTACTT,1
pos,Cxt,24,4,CTCACCGTTACTGTCACTGCAGCAACCCTACTC,1
pos,Cxt,24,4,CTCACCGTTACTGTCACTGCGGCAACCCTACTT,1
pos,Cxt,24,4,CTCACTGTTACTGTCACTGCAGCAACCCTACTT,1
pos,Cxt,24,4,CTCACCGTTACTGTCACTGCAGCGACCCTACTT,1
pos,Cxt,24,5,CTCACCGTTACTGTCACTGCAGCAACCCTACTT,5764
pos,Cxt,24,5,CTAACCGTCACAGTAACCGCAGCTACCCTGCTG,6
pos,Cxt,24,5,CTAACCGTAACAGTAACAGCAGCAACCCTACTT,1
pos,Cxt,24,5,CTCACCGTTACCGTCACTGCAGCAACCCTACTT,1
pos,Cxt,24,5,CTCACCGTTACTGTCACTGCAGCAACTCTACTT,1
pos,Cxt,24,5,CTTACGGTGACCGTAACGGCAGCTACTCTACTC,1
pos,Cxt,24,5,CTTACCGTTACAGTCACCGCAGCCACCCTACTC,1
pos,Cxt,24,5,CTTACCGTTACAGTAACCGCAGCCACCCTACTC,1
pos,Cxt,24,5,CTCACCGTTACTGTCACTGCAGCAACCCTACTC,1
pos,Cxt,24,5,CTCACCGTTACTGTCACTGCAGCTACCCTACTT,1
pos,Cxt,24,6,CTAACTGTAACTGTGACTGCAGCAACACTCCTG,3762
pos,Cxt,24,6,CTAACCGTCACAGTAACCGCAGCTACCCTGCTG,4
pos,Cxt,24,6,CTCACAGTCACCGTGACCGCTGCGACCCTACTT,2
pos,Cxt,24,6,CTAACTGTAACTGTGACTGCAGCAACACTCCTT,1
pos,Cxt,24,6,CTAACTGTAACCGTGACTGCAGCAACACTCCTG,1
pos,Cxt,24,6,CTGACTGTTACTGTCACGGCTGCCACTCTCCTT,1
pos,Cxt,24,7,CTAACTGTAACTGTGACTGCAGCAACACTCCTG,3660
pos,Cxt,24,7,CTAACCGTCACAGTAACCGCAGCTACCCTGCTG,3
pos,Cxt,24,7,CTAACTGTAACTGTGACTGCAGCAACACTCCTT,2
pos,Cxt,24,7,CTAACTGTTACGGTAACAGCTGCGACGCTTCTC,2
pos,Cxt,24,7,CTCACCGTTACTGTCACTGCAGCAACCCTACTT,2
pos,Cxt,24,7,CTCACAGTCACCGTGACCGCTGCGACCCTACTT,2
pos,Cxt,24,7,CTAACTGTAACTGTGACTGCGGCAACACTCCTG,1
pos,Cxt,24,7,CTAACAGTAACTGTGACTGCAGCAACACTCCTG,1
pos,Cxt,24,7,CTGACTGTAACTGTGACTGCAGCAACACTCCTG,1
pos,Cxt,24,8,CTCACCGTTACTGTCACTGCAGCAACCCTACTT,4935
pos,Cxt,24,8,CTAACCGTCACAGTAACCGCAGCTACCCTGCTG,8
pos,Cxt,24,8,CTCACCGTCACTGTCACTGCAGCAACCCTACTT,1
pos,Cxt,24,8,CTAACTGTAACTGTGACTGCAGCAACACTCCTG,1
pos,Cxt,24,8,CTGACCGTTACAGTCACAGCAGCAACCCTACTT,1
pos,Cxt,24,8,CTCACCGTTACCGTCACTGCAGCAACCCTACTT,1
pos,Cxt,24,8,CTCACCGTTACTGTCACTGCAGCGACCCTACTT,1
pos,Cxt,24,9,CTAACTGTAACTGTGACTGCAGCAACACTCCTG,3293
pos,Cxt,24,9,CTAACCGTCACAGTAACCGCAGCTACCCTGCTG,3
pos,Cxt,24,9,CTAACTGTAACCGTGACTGCAGCAACACTCCTG,3
pos,Cxt,24,9,CTAACTGTAACTGTGACCGCAGCAACACTCCTG,2
pos,Cxt,24,9,CTAACTGTAACGGTGACTGCAGCAACACTCCTG,1
pos,Cxt,24,9,CTGACTGTAACTGTGACTGCAGCAACACTCCTG,1
pos,Cxt,24,9,CTAACTGTAACTGTGACGGCAGCAACACTCCTG,1
pos,Cxt,24,9,CTAACTGTTACTGTGACTGCAGCAACCCTCCTC,1
neg,Cxt,24,1,CTCACAGTCACCGTGACCGCTGCGACCCTACTT,3
neg,Cxt,24,1,CTTACGGTGACCGTAACGGCAGCTACTCTACTC,2
neg,Cxt,24,1,CTTACCGTTACTGTGACTGCGGCGACACTCCTT,2
neg,Cxt,24,2,CTAACCGTCACAGTAACCGCAGCTACCCTGCTG,3
neg,Cxt,24,2,CTAACTGTAACTGTGACTGCAGCAACACTCCTG,1
neg,Cxt,24,3,CTCACCGTTACTGTCACTGCAGCAACCCTACTT,5
neg,Cxt,24,3,CTAACCGTCACAGTAACCGCAGCTACCCTGCTG,2
neg,Cxt,24,3,CTAACTGTAACTGTGACTGCAGCAACACTCCTG,2
pos,Cxt,25,10,CTTACTGTTACGGTAACCGCAGCCACGCTCCTT,6451
pos,Cxt,25,10,CTAACCGTCACAGTAACCGCAGCTACCCTGCTG,5
pos,Cxt,25,10,CTCACAGTCACCGTGACCGCTGCGACCCTACTT,2
pos,Cxt,25,10,CTGACTGTTACGGTAACCGCAGCCACGCTCCTT,1
pos,Cxt,25,10,CTAACTGTTACGGTAACAGCTGCGACGCTTCTC,1
pos,Cxt,25,10,CTTACTGTTACGGTAACCGCAGCCACGCTCCTC,1
pos,Cxt,25,10,CTTACTGTTACGGTGACCGCAGCCACGCTCCTT,1
pos,Cxt,25,10,CTAACCGTAACTGTGACGGCTGCAACGCTTCTG,1
pos,Cxt,25,10,CTTACCGTTACGGTAACCGCAGCCACGCTCCTT,1
pos,Cxt,25,10,CTTACTGTCACGGTAACCGCAGCCACGCTCCTT,1
pos,Cxt,25,10,CTTACTGTTACAGTAACCGCAGCCACGCTCCTT,1
pos,Cxt,25,11,CTTACAGTTACGGTCACTGCAGCCACGCTTCTC,23145
pos,Cxt,25,11,CTTACAGTTACGGTCACTGCAGCCACGCTTCTT,9
pos,Cxt,25,11,CTCACAGTTACGGTCACTGCAGCCACGCTTCTC,7
pos,Cxt,25,11,CTTACAGTTACGGTCACTGCAGCCACGCTCCTC,5
pos,Cxt,25,11,CTAACCGTCACAGTAACCGCAGCTACCCTGCTG,5
pos,Cxt,25,11,CTTACAGTTACAGTCACTGCAGCCACGCTTCTC,3
pos,Cxt,25,11,CTTACAGTTACCGTCACTGCAGCCACGCTTCTC,3
pos,Cxt,25,11,CTTACAGTTACGGTCACTGCAGCCACTCTTCTC,2
pos,Cxt,25,11,CTTACAGTTACGGTCACCGCAGCCACGCTTCTC,1
pos,Cxt,25,11,CTTACAGTTACTGTCACTGCAGCCACGCTTCTC,1
pos,Cxt,25,11,CTTACAGTTACGGTCACGGCAGCCACGCTTCTC,1
pos,Cxt,25,11,CTTACAGTTACGGTCACTGCAGCCACCCTTCTC,1
pos,Cxt,25,11,CTTACCGTTACGGTCACTGCAGCCACGCTTCTC,1
pos,Cxt,25,11,CTTACAGTTACGGTCACTGCGGCCACGCTTCTC,1
pos,Cxt,25,11,CTTACAGTTACGGTCACTGCAGCCACACTTCTC,1
pos,Cxt,25,11,CTTACAGTTACGGTCACTGCAGCGACGCTTCTC,1
pos,Cxt,25,11,CTTACGGTTACGGTCACTGCAGCCACGCTTCTC,1
pos,Cxt,25,12,CTTACTGTTACGGTAACCGCAGCCACGCTCCTT,10174
pos,Cxt,25,12,CTTACTGTTACGGTAACCGCAGCCACGCTTCTT,2
pos,Cxt,25,12,CTTACTGTCACGGTAACCGCAGCCACGCTCCTT,2
pos,Cxt,25,12,CTTACAGTTACGGTCACTGCAGCCACGCTTCTC,2
pos,Cxt,25,12,CTCACTGTTACGGTAACCGCAGCCACGCTCCTT,2
pos,Cxt,25,12,CTTACCGTTACGGTAACCGCAGCCACGCTCCTT,1
pos,Cxt,25,12,CTTACTGTTACTGTAACCGCAGCCACGCTCCTT,1
pos,Cxt,25,12,CTAACTGTTACGGTAACCGCAGCCACGCTCCTT,1
pos,Cxt,25,12,CTTACTGTTACGGTAACCGCTGCCACGCTCCTT,1
pos,Cxt,25,12,CTTACTGTTACGGTAACCGCAGCCACGCTCCTG,1
pos,Cxt,25,12,CTTACTGTTACGGTGACCGCAGCCACGCTCCTT,1
pos,Cxt,25,12,CTTACGGTGACCGTAACGGCAGCTACTCTACTC,1
pos,Cxt,25,12,CTCACAGTCACCGTGACCGCTGCGACCCTACTT,1
pos,Cxt,25,12,CTTACTGTTACGGTAACCGCAGCCACACTCCTT,1
pos,Cxt,25,12,CTTACTGTTACGGTAACCGCCGCCACGCTCCTT,1
pos,Cxt,25,12,CTTACTGTTACGGTAACCGCAGCCACGCTCCTC,1
pos,Cxt,25,13,CTTACTGTTACGGTAACCGCAGCCACGCTCCTT,5105
pos,Cxt,25,13,CTTACAGTTACGGTCACTGCAGCCACGCTTCTC,2
pos,Cxt,25,13,CTGACAGTTACTGTCACTGCTGCTACCCTCCTA,1
pos,Cxt,25,13,CTTACTGTTACGGTAACCGCAGCCACGCTCCTC,1
pos,Cxt,25,13,CTAACCGTCACAGTAACCGCAGCTACCCTGCTG,1
pos,Cxt,25,13,CTTACTGTTACGGTAACCGCAGCCACCCTCCTT,1
pos,Cxt,25,14,CTTACAGTTACGGTCACTGCAGCCACGCTTCTC,8191
pos,Cxt,25,14,CTTACAGTTACGGTCACTGCAGCCACGCTTCTT,8
pos,Cxt,25,14,CTAACCGTCACAGTAACCGCAGCTACCCTGCTG,4
pos,Cxt,25,14,CTCACAGTTACGGTCACTGCAGCCACGCTTCTC,2
pos,Cxt,25,14,CTTACAGTTACGGTCACCGCAGCCACGCTTCTC,2
pos,Cxt,25,14,CTTACAGTTACGGTCACTGCAGCCACTCTTCTC,1
pos,Cxt,25,14,CTTACGGTTACGGTCACTGCAGCCACGCTTCTC,1
pos,Cxt,25,14,CTTACAGTTACGGTCACTGCAGCCACGCTCCTC,1
pos,Cxt,25,14,CTTACAGTCACGGTCACTGCAGCCACGCTTCTC,1
pos,Cxt,25,14,CTTACAGTTACTGTCACTGCAGCCACGCTTCTC,1
pos,Cxt,25,14,CTTACAGTTACGGTCACTGCTGCCACGCTTCTC,1
pos,Cxt,25,14,CTCACAGTCACAGTAACTGCTGCTACGCTCCTG,1
pos,Cxt,25,14,CTTACCGTTACTGTGACTGCGGCGACACTCCTT,1
pos,Cxt,25,14,CTTACAGTTACGGTCACTGCGGCCACGCTTCTC,1
pos,Cxt,25,14,CTCACAGTCACCGTGACCGCTGCGACCCTACTT,1
pos,Cxt,25,15,CTTACAGTTACGGTCACTGCAGCCACGCTTCTC,32362
pos,Cxt,25,15,CTTACAGTTACGGTCACTGCAGCCACGCTTCTT,10
pos,Cxt,25,15,CTAACCGTCACAGTAACCGCAGCTACCCTGCTG,6
pos,Cxt,25,15,CTTACAGTCACGGTCACTGCAGCCACGCTTCTC,3
pos,Cxt,25,15,CTTACCGTAACGGTAACTGCCGCCACGCTGCTT,2
pos,Cxt,25,15,CTTACAGTTACGGTAACTGCAGCCACGCTTCTC,2
pos,Cxt,25,15,CTTACCGTTACGGTAACTGCAGCCACGCTTCTC,2
pos,Cxt,25,15,CTTACAGTTACGGTCACTGCAGCCACGCTCCTC,2
pos,Cxt,25,15,CTTACAGTTACAGTCACTGCAGCCACGCTTCTC,2
pos,Cxt,25,15,CTTACCGTAACGGTAACTGCAGCCACGCTGCTT,2
pos,Cxt,25,15,CTTACCGTTACGGTAACTGCAGCCACGCTGCTT,1
pos,Cxt,25,15,CTAACTGTTACGGTAACTGCAGCCACGCTTCTC,1
pos,Cxt,25,15,CTGACCGTAACCGTGACTGCCGCAACCCTTCTC,1
pos,Cxt,25,15,CTTACAGTTACCGTCACTGCAGCCACGCTTCTC,1
pos,Cxt,25,15,CTTACAGTTACGGTCACTGCAGCTACGCTTCTC,1
pos,Cxt,25,15,CTAACCGTCACGGTAACCGCAGCTACCCTGCTG,1
pos,Cxt,25,15,CTTACAGTTACGGTTACTGCAGCCACGCTTCTC,1
pos,Cxt,25,15,CTGACAGTTACTGTCACTGCTGCTACCCTCCTA,1
pos,Cxt,25,15,CTTACAGTTACGGTCACTGCGGCCACGCTTCTC,1
pos,Cxt,25,15,CTCACAGTTACGGTCACTGCAGCCACGCTTCTC,1
pos,Cxt,25,15,CTTACAGTTACGGTCACGGCAGCCACGCTTCTC,1
pos,Cxt,25,15,CTTACAGTTACGGTCACTGCAGCCACGCTGCTC,1
pos,Cxt,25,15,CTAACCGTTACGGTAACCGCAGCTACCCTGCTG,1
pos,Cxt,25,16,CTTACAGTTACGGTCACTGCAGCCACGCTTCTC,9127
pos,Cxt,25,16,CTAACTGTTACGGTAACAGCTGCGACGCTTCTC,19
pos,Cxt,25,16,CTAACCGTCACAGTAACCGCAGCTACCCTGCTG,14
pos,Cxt,25,16,CTTACCGTAACGGTAACTGCCGCCACGCTGCTT,9
pos,Cxt,25,16,CTTACAGTTACGGTCACTGCAGCCACGCTTCTT,5
pos,Cxt,25,16,CTCACCGTTACTGTCACTGCAGCAACCCTACTT,2
pos,Cxt,25,16,CTTACAGTTACGGTCACTGCAGCCACGCTCCTC,2
pos,Cxt,25,16,CTTACCGTTACGGTAACTGCAGCCACGCTGCTT,2
pos,Cxt,25,16,CTGACCGTAACCGTAACTGCCGCAACCCTTCTC,1
pos,Cxt,25,16,CTCACAGTTACGGTCACTGCAGCCACGCTTCTC,1
pos,Cxt,25,16,CTTACCGTTACGGTCACTGCAGCCACGCTTCTC,1
pos,Cxt,25,16,CTAACCGTTACGGTAACTGCAGCGACGCTTCTC,1
pos,Cxt,25,16,CTTACAGTCACGGTCACTGCAGCCACGCTTCTC,1
pos,Cxt,25,16,CTTACGGTGACCGTAACGGCAGCTACTCTACTC,1
pos,Cxt,25,16,CTAACCGTTACGGTAACTGCAGCTACCCTGCTG,1
pos,Cxt,25,16,CTTACAGTTACGGTCACCGCAGCCACGCTTCTC,1
pos,Cxt,25,16,CTTACCGTTACGGTCACTGCAGCCACGCTTCTT,1
pos,Cxt,25,16,CTTACAGTTACGGTCACTGCAGCTACGCTTCTC,1
pos,Cxt,25,16,CTGACAGTTACTGTCACTGCTGCTACCCTCCTA,1
pos,Cxt,25,16,CTGACCGTAACCGTGACTGCCGCAACCCTTCTC,1
pos,Cxt,25,16,CTTACAGTTACGGTCACTGCAGCCACACTTCTC,1
pos,Cxt,25,16,CTTACAGTTACAGTCACTGCAGCCACGCTTCTC,1
pos,Cxt,25,17,CTTACAGTTACGGTCACTGCAGCCACGCTTCTC,9925
pos,Cxt,25,17,CTAACCGTCACAGTAACCGCAGCTACCCTGCTG,17
pos,Cxt,25,17,CTAACTGTTACGGTAACAGCTGCGACGCTTCTC,10
pos,Cxt,25,17,CTTACAGTTACGGTCACTGCAGCCACGCTTCTT,10
pos,Cxt,25,17,CTTACAGTCACGGTCACTGCAGCCACGCTTCTC,4
pos,Cxt,25,17,CTTACCGTAACGGTAACTGCAGCCACGCTGCTT,3
pos,Cxt,25,17,CTTACAGTTACAGTCACTGCAGCCACGCTTCTC,3
pos,Cxt,25,17,CTAACTGTTACGGTAACAGCAGCGACGCTTCTC,3
pos,Cxt,25,17,CTTACTGTAACGGTAACTGCAGCCACGCTGCTT,2
pos,Cxt,25,17,CTAACTGTTACGGTAACTGCAGCCACGCTTCTC,2
pos,Cxt,25,17,CTCACAGTTACGGTCACTGCAGCCACGCTTCTC,2
pos,Cxt,25,17,CTTACAGTTACGGTCACGGCAGCCACGCTTCTC,2
pos,Cxt,25,17,CTTACAGTTACGGTCACTGCAGCCACGCTCCTC,2
pos,Cxt,25,17,CTGACCGTAACCGTGACTGCCGCAACCCTTCTC,2
pos,Cxt,25,17,CTTACAGTTACGGTTACTGCAGCCACGCTTCTC,2
pos,Cxt,25,17,CTTACTGTTACGGTCACTGCAGCCACGCTTCTC,2
pos,Cxt,25,17,CTAACAGTTACGGTAACTGCAGCCACGCTTCTC,1
pos,Cxt,25,17,CTAACCGTCACAGTAACCGCAGCTACCCTTCTG,1
pos,Cxt,25,17,CTCACAGTCACCGTGACCGCTGCGACCCTACTT,1
pos,Cxt,25,17,CTTACCGTTACGGTAACTGCAGCCACGCTGCTT,1
pos,Cxt,25,17,CTTACAGTTACGGTCACTGCAGCCACCCTTCTC,1
pos,Cxt,25,17,CTAACCGTTACGGTAACTGCAGCCACGCTTCTC,1
pos,Cxt,25,17,CTTACCGTAACGGTAACTGCCGCCACGCTGCTT,1
pos,Cxt,25,17,CTAACCGTAACGGTAACTGCAGCCACGCTGCTC,1
pos,Cxt,25,17,CTTACTGTTACGGTAACTGCAGCCACGCTGCTT,1
pos,Cxt,25,17,CTGACAGTTACTGTCACTGCTGCTACCCTCCTA,1
pos,Cxt,25,18,CTTACCGTTACGGTAACCGCTGCGACACTCCTG,31339
pos,Cxt,25,18,CTAACCGTCACAGTAACCGCAGCTACCCTGCTG,7
pos,Cxt,25,18,CTTACCGTTACGGTAACCGCTGCGACACTCCTT,5
pos,Cxt,25,18,CTTACCGTAACGGTAACTGCCGCCACGCTGCTT,3
pos,Cxt,25,18,CTAACTGTTACGGTAACAGCTGCGACGCTTCTC,3
pos,Cxt,25,18,CTTACCGTTACAGTAACCGCTGCGACACTCCTG,2
pos,Cxt,25,18,CTTACCGTTACGGTAACCGCAGCCACGCTCCTT,2
pos,Cxt,25,18,CTTACCGTTACGGTAACCGCCGCGACACTCCTG,2
pos,Cxt,25,18,CTTACCGTTACGGTAACCGCGGCGACACTCCTG,1
pos,Cxt,25,18,CTAACTGTTACGGTAACAGCAGCGACGCTTCTC,1
pos,Cxt,25,18,CTTACCGTTACTGTAACCGCTGCGACACTCCTG,1
pos,Cxt,25,18,CTCACAGTCACCGTGACCGCTGCGACCCTACTT,1
pos,Cxt,25,18,CTTACCGTTACGGTAACCGCAGCCACGCTCCTG,1
pos,Cxt,25,18,CTTACCGTTACCGTAACCGCTGCGACACTCCTG,1
pos,Cxt,25,18,CTAACTGTTACGGTAACCGCTGCGACGCTTCTC,1
pos,Cxt,25,18,CTTACCGTTACGGTAACCGCTGCAACCCTCCTG,1
pos,Cxt,25,18,CTTACCGTAACGGTAACCGCAGCCACGCTGCTG,1
pos,Cxt,25,18,CTTACCGTTACGGTAACCGCTGCGACGCTCCTG,1
pos,Cxt,25,18,CTTACCGTTACGGTAACCGCAGCGACACTCCTG,1
pos,Cxt,25,18,CTAACCGTTACGGTAACCGCAGCTACACTCCTG,1
pos,Cxt,25,18,CTTACCGTAACGGTAACCGCCGCCACGCTGCTT,1
pos,Cxt,25,18,CTGACAGTTACTGTCACTGCTGCTACCCTCCTA,1
pos,Cxt,25,18,CTTACCGTTACGGTGACCGCTGCGACACTCCTG,1
pos,Cxt,25,18,CTTACCGTAACGGTAACCGCAGCCACGCTGCTT,1
pos,Cxt,25,18,CTTACCGTAACGGTAACCGCTGCGACACTCCTG,1
pos,Cxt,25,1,CTTACTGTTACGGTAACCGCAGCCACGCTCCTT,4402
pos,Cxt,25,1,CTAACCGTCACAGTAACCGCAGCTACCCTGCTG,22
pos,Cxt,25,1,CTAACTGTTACGGTAACAGCTGCGACGCTTCTC,12
pos,Cxt,25,1,CTCACCGTTACTGTCACTGCAGCAACCCTACTT,3
pos,Cxt,25,1,CTAACTGTAACTGTGACTGCAGCAACACTCCTG,3
pos,Cxt,25,1,CTAACTGTTACGGTAACAGCAGCGACGCTTCTC,2
pos,Cxt,25,1,CTAACCGTTACTGTCACTGCAGCAACCCTACTT,1
pos,Cxt,25,1,CTGACGGTAACAGTGACAGCAGCAACCCTACTT,1
pos,Cxt,25,1,CTAACTGTCACGGTAACCGCAGCTACCCTCCTG,1
pos,Cxt,25,1,CTAACTGTTACGGTAACTGCAGCCACGCTTCTC,1
pos,Cxt,25,1,CTAACTGTTACGGTAACTGCAGCGACGCTTCTC,1
pos,Cxt,25,1,CTGACAGTTACTGTCACTGCTGCTACCCTCCTA,1
pos,Cxt,25,1,CTCACAGTCACCGTGACCGCTGCGACCCTACTT,1
pos,Cxt,25,1,CTAACTGTTACGGTAACCGCAGCGACGCTTCTC,1
pos,Cxt,25,1,CTTACTGTTACGGTAACCGCGGCCACGCTCCTT,1
pos,Cxt,25,1,CTTACTGTTACGGTAACAGCAGCCACGCTCCTT,1
pos,Cxt,25,2,CTTACTGTTACGGTAACCGCAGCCACGCTCCTT,5240
pos,Cxt,25,2,CTAACCGTCACAGTAACCGCAGCTACCCTGCTG,9
pos,Cxt,25,2,CTAACTGTTACGGTAACAGCTGCGACGCTTCTC,7
pos,Cxt,25,2,CTCACCGTTACTGTCACTGCAGCAACCCTACTT,4
pos,Cxt,25,2,CTAACTGTTACGGTAACCGCTGCGACGCTTCTC,4
pos,Cxt,25,2,CTCACAGTCACCGTGACCGCTGCGACCCTACTT,2
pos,Cxt,25,2,CTAACTGTAACTGTGACTGCAGCAACACTCCTG,2
pos,Cxt,25,2,CTAACCGTCACAGTAACCGCAGCTACCCTCCTG,1
pos,Cxt,25,2,CTTACTGTTACGGTAACCGCAGCCACACTCCTT,1
pos,Cxt,25,2,CTAACCGTTACGGTAACCGCAGCTACCCTGCTG,1
pos,Cxt,25,2,CTTACTGTTACGGTAACCGCAGCTACGCTCCTT,1
pos,Cxt,25,2,CTGACGGTAACAGTGACAGCAGCAACCCTACTT,1
pos,Cxt,25,2,CTTACTGTTACTGTAACCGCAGCCACGCTCCTT,1
pos,Cxt,25,2,CTTACTGTTACGGTGACCGCAGCCACGCTCCTT,1
pos,Cxt,25,2,CTCACTGTTACGGTAACCGCAGCCACGCTCCTT,1
pos,Cxt,25,2,CTTACTGTTACGGTAACCGCGGCCACGCTCCTT,1
pos,Cxt,25,3,CTTACAGTTACGGTCACTGCAGCCACGCTTCTC,5302
pos,Cxt,25,3,CTAACCGTCACAGTAACCGCAGCTACCCTGCTG,29
pos,Cxt,25,3,CTAACTGTTACGGTAACAGCTGCGACGCTTCTC,10
pos,Cxt,25,3,CTAACTGTTACGGTAACAGCAGCGACGCTTCTC,5
pos,Cxt,25,3,CTTACAGTTACGGTCACTGCAGCCACGCTTCTT,5
pos,Cxt,25,3,CTCACCGTTACTGTCACTGCAGCAACCCTACTT,3
pos,Cxt,25,3,CTAACTGTAACCGTCACTGCGGCAACTCTGCTC,2
pos,Cxt,25,3,CTAACTGTAACTGTAACTGCAGCAACACTCCTG,2
pos,Cxt,25,3,CTTACAGTCACGGTCACTGCAGCCACGCTTCTC,2
pos,Cxt,25,3,CTCACCGTTACGGTCACTGCAGCAACCCTACTT,1
pos,Cxt,25,3,CTTACAGTTACGGTCACCGCAGCCACGCTTCTC,1
pos,Cxt,25,3,CTCACAGTCACCGTGACCGCTGCGACCCTACTT,1
pos,Cxt,25,3,CTTACCGTTACGGTCACTGCAGCCACCCTTCTC,1
pos,Cxt,25,3,CTAACTGTAACTGTAACTGCAGCAACCCTCCTG,1
pos,Cxt,25,3,CTGACGGTAACAGTGACAGCAGCAACCCTACTT,1
pos,Cxt,25,3,CTGACAGTTACTGTCACTGCTGCTACCCTCCTA,1
pos,Cxt,25,3,CTAACGGTAACGGTAACGGCAGCAACCCTCCTT,1
pos,Cxt,25,3,CTTACTGTTACGGTAACCGCAGCCACGCTCCTT,1
pos,Cxt,25,3,CTCACAGTTACGGTCACTGCAGCCACGCTTCTC,1
pos,Cxt,25,4,CTTACAGTTACGGTCACTGCAGCCACGCTTCTC,6397
pos,Cxt,25,4,CTAACTGTTACGGTAACAGCTGCGACGCTTCTC,30
pos,Cxt,25,4,CTAACCGTCACAGTAACCGCAGCTACCCTGCTG,28
pos,Cxt,25,4,CTTACAGTTACGGTCACTGCAGCCACGCTTCTT,5
pos,Cxt,25,4,CTCACAGTCACCGTGACCGCTGCGACCCTACTT,3
pos,Cxt,25,4,CTCACCGTTACTGTCACTGCAGCAACCCTACTT,2
pos,Cxt,25,4,CTAACTGTAACTGTGACTGCAGCAACACTCCTG,2
pos,Cxt,25,4,CTAACTGTTACGGTAACAGCAGCGACGCTTCTC,2
pos,Cxt,25,4,CTCACCGTTACGGTCACTGCAGCAACGCTACTT,1
pos,Cxt,25,4,CTAACAGTTACTGTCACTGCTGCTACCCTCCTA,1
pos,Cxt,25,4,CTAACTGTTACGGTAACTGCAGCGACGCTTCTC,1
pos,Cxt,25,4,CTAACTGTTACGGTAACTGCAGCCACGCTTCTC,1
pos,Cxt,25,4,CTTACAGTTACGGTCACTGCAGCCACCCTTCTC,1
pos,Cxt,25,4,CTAACTGTTACGGTAACCGCTGCGACGCTTCTC,1
pos,Cxt,25,4,CTAACTGTTACGGTGACTGCAGCCACGCTTCTG,1
pos,Cxt,25,4,CTTACAGTCACGGTCACTGCAGCCACGCTTCTC,1
pos,Cxt,25,4,CTAACCGTTACTGTCACTGCAGCAACCCTACTT,1
pos,Cxt,25,5,CTTACAGTTACGGTCACTGCAGCCACGCTTCTC,3083
pos,Cxt,25,5,CTAACCGTCACAGTAACCGCAGCTACCCTGCTG,14
pos,Cxt,25,5,CTAACTGTTACGGTAACAGCTGCGACGCTTCTC,10
pos,Cxt,25,5,CTCACCGTTACTGTCACTGCAGCAACCCTACTT,4
pos,Cxt,25,5,CTAACTGTTACGGTAACAGCAGCGACGCTTCTC,3
pos,Cxt,25,5,CTAACTGTAACTGTGACTGCAGCAACACTCCTG,3
pos,Cxt,25,5,CTGACAGTTACTGTCACTGCTGCTACCCTCCTA,2
pos,Cxt,25,5,CTTACAGTTACGGTCACTGCAGCCACGCTTCTT,2
pos,Cxt,25,5,CTAACTGTTACGGTAACTGCAGCGACGCTTCTC,1
pos,Cxt,25,5,CTTACAGTTACGGTCACTGCCGCCACGCTTCTC,1
pos,Cxt,25,5,CTTACAGTTACGGTCACTGCAGCCACTCTTCTC,1
pos,Cxt,25,5,CTCACAGTCACCGTGACCGCTGCGACCCTACTT,1
pos,Cxt,25,5,CTTACAGTCACGGTCACTGCAGCCACGCTTCTC,1
pos,Cxt,25,5,CTGACGGTAACAGTGACAGCAGCAACCCTACTT,1
pos,Cxt,25,6,CTTACTGTTACGGTAACCGCAGCCACGCTCCTT,2453
pos,Cxt,25,6,CTAACCGTCACAGTAACCGCAGCTACCCTGCTG,10
pos,Cxt,25,6,CTCACCGTTACTGTCACTGCAGCAACCCTACTT,3
pos,Cxt,25,6,CTAACTGTAACTGTGACTGCAGCAACACTCCTG,2
pos,Cxt,25,6,CTCACAGTCACCGTGACCGCTGCGACCCTACTT,1
pos,Cxt,25,6,CTAACTGTTACGGTAACAGCTGCGACGCTTCTC,1
pos,Cxt,25,6,CTTACTGTTACGGTAACTGCAGCCACGCTCCTT,1
pos,Cxt,25,6,CTGACTGTGACCGTGACTGCTGCCACTCTACTA,1
pos,Cxt,25,7,CTTACTGTTACGGTAACCGCAGCCACGCTCCTT,1716
pos,Cxt,25,7,CTTACTGTCACGGTAACCGCAGCCACGCTCCTT,1
pos,Cxt,25,7,CTAACCGTCACAGTAACCGCAGCTACCCTGCTG,1
pos,Cxt,25,7,CTTACTGTTACTGTAACCGCAGCCACGCTCCTT,1
pos,Cxt,25,8,CTTACCGTTACGGTAACCGCTGCGACACTCCTG,3385
pos,Cxt,25,8,CTAACCGTCACAGTAACCGCAGCTACCCTGCTG,3
pos,Cxt,25,8,CTCACCGTTACTGTCACTGCAGCAACCCTACTT,2
pos,Cxt,25,8,CTTACCGTTACGGTAACCGCTGCTACACTCCTG,2
pos,Cxt,25,8,CTTACCGTCACGGTAACCGCTGCGACACTCCTG,2
pos,Cxt,25,8,CTTACCGTTACTGTAACCGCTGCGACACTCCTG,1
pos,Cxt,25,8,CTTACAGTTACGGTCACTGCAGCCACGCTTCTC,1
pos,Cxt,25,9,CTTACAGTTACGGTCACTGCAGCCACGCTTCTC,31296
pos,Cxt,25,9,CTTACAGTTACGGTCACTGCAGCCACGCTTCTT,17
pos,Cxt,25,9,CTAACCGTCACAGTAACCGCAGCTACCCTGCTG,3
pos,Cxt,25,9,CTCACAGTTACGGTCACTGCAGCCACGCTTCTC,2
pos,Cxt,25,9,CTTACAGTTACAGTCACTGCAGCCACGCTTCTC,2
pos,Cxt,25,9,CTTACAGTTACGGTCACTGCAGCCACCCTTCTC,2
pos,Cxt,25,9,CTTACAGTTACGGTCACTGCAGCCACGCTCCTC,2
pos,Cxt,25,9,CTTACAGTTACCGTCACTGCAGCCACGCTTCTC,2
pos,Cxt,25,9,CTCACAGTCACCGTGACCGCTGCGACCCTACTT,1
pos,Cxt,25,9,CTTACAGTTACTGTCACTGCAGCCACGCTTCTC,1
pos,Cxt,25,9,CTTACAGTTACGGTCACCGCAGCCACGCTTCTC,1
pos,Cxt,25,9,CTTACAGTTACGGTCACTGCAGCCACTCTTCTC,1
pos,Cxt,25,9,CTGACAGTTACGGTCACTGCAGCCACGCTTCTC,1
pos,Cxt,25,9,CTTACTGTTACGGTCACTGCAGCCACGCTTCTC,1
pos,Cxt,25,9,CTTACAGTTACGGTCACGGCAGCCACGCTTCTC,1
neg,Cxt,25,1,CTAACCGTCACAGTAACCGCAGCTACCCTGCTG,2
neg,Cxt,25,2,CTTACAGTTACGGTCACTGCAGCCACGCTTCTC,5
neg,Cxt,25,2,CTAACCGTCACAGTAACCGCAGCTACCCTGCTG,1
neg,Cxt,25,3,CTGACAGTTACTGTCACTGCTGCTACCCTCCTA,2
neg,Cxt,25,3,CTAACCGTCACAGTAACCGCAGCTACCCTGCTG,1
pos,Cxt,30,10,CTAACCGTCACAGTAACCGCAGCTACCCTGCTG,15106
pos,Cxt,30,10,CTAACCGTCACAGTAACCGCAGCTACCCTGCTT,6
pos,Cxt,30,10,CTAACCGTCACAGTAACCGCAGCCACCCTGCTG,4
pos,Cxt,30,10,CTAACTGTCACAGTAACCGCAGCTACCCTGCTG,2
pos,Cxt,30,10,CTAACCGTCACAGTAACCGCAGCTACCCTACTG,2
pos,Cxt,30,10,CTGACCGTCACAGTAACCGCAGCTACCCTGCTG,2
pos,Cxt,30,10,CTAACCGTTACAGTAACCGCAGCTACCCTGCTG,1
pos,Cxt,30,10,CTTACCGTTACGGTAACTGCAGCCACGCTGCTT,1
pos,Cxt,30,10,CTAACCGTCACAGTAACCGCAGCTACCCTGCTA,1
pos,Cxt,30,10,CTAACCGTCACGGTAACCGCAGCTACCCTGCTG,1
pos,Cxt,30,10,CTAACGGTCACAGTAACCGCAGCTACCCTGCTG,1
pos,Cxt,30,10,CTAACCGTAACAGTAACCGCAGCTACCCTGCTG,1
pos,Cxt,30,11,CTAACCGTCACAGTAACCGCAGCTACCCTGCTG,1722
pos,Cxt,30,11,CTAACCGTCACAGTAACCGCAGCCACCCTGCTG,2
pos,Cxt,30,11,CTCACCGTTACTGTCACTGCAGCAACCCTACTT,2
pos,Cxt,30,11,CTAACCGTCACGGTAACCGCAGCTACCCTGCTG,1
pos,Cxt,30,11,CTTACGGTGACCGTAACGGCAGCTACTCTACTC,1
pos,Cxt,30,11,CTAACCGTCACAGTAACCGCAGCTACCCTTCTG,1
pos,Cxt,30,12,CTAACCGTCACAGTAACCGCAGCTACCCTGCTG,3846
pos,Cxt,30,12,CTAACCGTCACAGTAACCGCAGCCACCCTGCTG,4
pos,Cxt,30,12,CTCACAGTCACCGTGACCGCTGCGACCCTACTT,2
pos,Cxt,30,12,CTTACGGTGACCGTAACGGCAGCTACTCTACTC,2
pos,Cxt,30,12,CTAACTGTCACAGTAACCGCAGCTACCCTGCTG,1
pos,Cxt,30,13,CTAACCGTCACAGTAACCGCAGCTACCCTGCTG,27641
pos,Cxt,30,13,CTAACCGTCACAGTAACCGCAGCTACCCTGCTT,2
pos,Cxt,30,13,CTAACCGTCACAGTGACCGCAGCTACCCTGCTG,1
pos,Cxt,30,13,CTCACAGTCACCGTGACCGCTGCGACCCTACTT,1
pos,Cxt,30,13,CTAACCGTCACAGTAACCGCAGCCACCCTGCTG,1
pos,Cxt,30,14,CTAACCGTCACAGTAACCGCAGCTACCCTGCTG,36060
pos,Cxt,30,14,CTAACCGTCACAGTAACCGCAGCTACCCTGCTT,1
pos,Cxt,30,14,CTAACCGTCACAGTAACCGCCGCTACCCTGCTG,1
pos,Cxt,30,14,CTAACTGTCACAGTAACCGCAGCTACCCTGCTG,1
pos,Cxt,30,15,CTAACCGTCACAGTAACCGCAGCTACCCTGCTG,19936
pos,Cxt,30,15,CTAACCGTCACAGTAACCGCAGCTACCCTGCTT,3
pos,Cxt,30,15,CTGACCGTCACAGTAACCGCAGCTACCCTGCTG,1
pos,Cxt,30,15,CTAACCGTCACAGTAACCGCAGCCACCCTGCTG,1
pos,Cxt,30,15,CTTACCGTCACAGTAACCGCAGCTACCCTGCTG,1
pos,Cxt,30,15,CTAACCGTCACGGTAACCGCAGCTACCCTGCTG,1
pos,Cxt,30,15,CTAACCGTCACAGTAACCGCAGCGACCCTGCTG,1
pos,Cxt,30,15,CTAACCGTCACAGTAACCGCAGCTACTCTGCTG,1
pos,Cxt,30,16,CTAACCGTCACAGTAACCGCAGCTACCCTGCTG,8030
pos,Cxt,30,16,CTAACCGTCACAGTAACCGCAGCTACCCTGCTT,6
pos,Cxt,30,16,CTAACCGTCACAGTAACCGCAGCTACCCTACTG,2
pos,Cxt,30,16,CTGACAGTTACTGTCACTGCTGCTACCCTCCTA,1
pos,Cxt,30,16,CTAACCGTCACGGTAACCGCAGCTACCCTGCTG,1
pos,Cxt,30,16,CTCACAGTCACCGTGACCGCTGCGACCCTACTT,1
pos,Cxt,30,17,CTAACCGTCACAGTAACCGCAGCTACCCTGCTG,630
pos,Cxt,30,17,CTTACCGTAACGGTAACTGCCGCCACGCTGCTT,49
pos,Cxt,30,17,CTTACAGTTACCGTTACAGCAGCCACACTCCTG,30
pos,Cxt,30,17,CTTACAGTTACGGTCACTGCAGCCACGCTTCTC,29
pos,Cxt,30,17,CTTACTGTTACGGTAACCGCAGCCACGCTCCTT,13
pos,Cxt,30,17,CTAACTGTAACTGTGACTGCAGCAACACTCCTG,6
pos,Cxt,30,17,CTGACTGTTACTGTCACGGCTGCCACTCTCCTT,4
pos,Cxt,30,17,CTAACTGTTACGGTAACAGCTGCGACGCTTCTC,4
pos,Cxt,30,17,CTCACAGTCACCGTGACCGCTGCGACCCTACTT,3
pos,Cxt,30,17,CTTACCGTTACGGTAACTGCAGCCACGCTGCTT,3
pos,Cxt,30,17,CTAACTGTTACGGTAACCGCAGCCACGCTCCTG,2
pos,Cxt,30,17,CTAACCGTCACAGTAACCGCAGCCACCCTGCTG,2
pos,Cxt,30,17,CTTACCGTCACGGTAACCGCAGCCACGCTGCTG,2
pos,Cxt,30,17,CTTACCGTTACGGTAACTGCCGCCACGCTGCTT,2
pos,Cxt,30,17,CTAACCGTCACGGTAACCGCAGCTACGCTGCTG,2
pos,Cxt,30,17,CTAACCGTCACGGTAACCGCAGCTACCCTGCTG,2
pos,Cxt,30,17,CTCACCGTTACTGTCACTGCAGCAACCCTACTT,2
pos,Cxt,30,17,CTTACCGTAACGGTAACTGCAGCCACGCTGCTT,2
pos,Cxt,30,17,CTTACGGTGACCGTAACGGCAGCTACTCTACTC,2
pos,Cxt,30,17,CTAACCGTTACAGTAACCGCAGCTACCCTGCTG,2
pos,Cxt,30,17,CTAACTGTTACGGTAACCGCAGCTACCCTGCTG,1
pos,Cxt,30,17,CTAACCGTCACAGTAACTGCAGCTACCCTGCTG,1
pos,Cxt,30,17,CTTACCGTTACGGTAACCGCAGCTACCCTGCTG,1
pos,Cxt,30,17,CTTACAGTTACGGTAACTGCAGCCACGCTGCTG,1
pos,Cxt,30,17,CTTACTGTTACGGTCACTGCAGCCACGCTCCTT,1
pos,Cxt,30,17,CTTACCGTTACGGTAACTGCAGCCACCCTGCTT,1
pos,Cxt,30,17,CTAACCGTAACAGTAACTGCAGCCACCCTGCTG,1
pos,Cxt,30,17,CTAACCGTTACGGTAACCGCAGCCACGCTGCTC,1
pos,Cxt,30,17,CTTACCGTTACGGTAACCGCAGCCACGCTGCTT,1
pos,Cxt,30,17,CTTACCGTTACCGTAACAGCAGCCACACTGCTG,1
pos,Cxt,30,17,CTTACCGTAACGGTAACCGCAGCCACGCTGCTT,1
pos,Cxt,30,17,CTAACCGTCACAGTAACCGCAGCTACCCTTCTG,1
pos,Cxt,30,17,CTAACCGTTACGGTAACCGCAGCCACGCTGCTG,1
pos,Cxt,30,17,CTAACTGTTACTGTAACCGCAGCCACACTCCTG,1
pos,Cxt,30,17,CTAACCGTCACAGTAACCGCCGCCACCCTGCTG,1
pos,Cxt,30,17,CTAACTGTTACGGTAACAGCAGCCACGCTCCTG,1
pos,Cxt,30,17,CTTACAGTTACGGTAACTGCAGCCACGCTTCTC,1
pos,Cxt,30,17,CTTACTGTTACGGTAACCGCAGCTACCCTGCTG,1
pos,Cxt,30,17,CTTACAGTTACGGTAACCGCAGCCACGCTCCTG,1
pos,Cxt,30,17,CTAACCGTCACGGTAACTGCAGCCACGCTGCTT,1
pos,Cxt,30,17,CTTACAGTTACGGTCACTGCAGCCACGCTGCTG,1
pos,Cxt,30,17,CTTACCGTTACTGTGACTGCGGCGACACTCCTT,1
pos,Cxt,30,17,CTTACAGTTACGGTAACAGCAGCCACGCTCCTG,1
pos,Cxt,30,17,CTTACCGTCACGGTAACTGCAGCCACGCTGCTT,1
pos,Cxt,30,17,CTTACCGTTACGGTAACTGCAGCCACGCTTCTC,1
pos,Cxt,30,17,CTAACCGTCACGGTAACTGCCGCCACGCTGCTT,1
pos,Cxt,30,17,CTTACCGTTACGGTAACTGCAGCCACGCTGCTG,1
pos,Cxt,30,17,CTTACTGTTACGGTAACAGCAGCCACGCTCCTT,1
pos,Cxt,30,17,CTTACCGTTACAGTAACCGCAGCCACCCTCCTG,1
pos,Cxt,30,17,CTAACCGTTACTGTAACCGCAGCAACCCTCCTG,1
pos,Cxt,30,17,CTTACCGTCACGGTAACTGCCGCCACGCTGCTT,1
pos,Cxt,30,17,CTTACAGTTACGGTCACTGCAGCCACGCTTCTG,1
pos,Cxt,30,17,CTTACCGTTACGGTCACTGCAGCCACGCTTCTC,1
pos,Cxt,30,17,CTTACAGTTACCGTAACAGCAGCCACACTCCTG,1
pos,Cxt,30,17,CTTACCGTTACTGTAACTGCAGCGACACTCCTT,1
pos,Cxt,30,17,CTTACTGTTACGGTAACCGCAGCCACACTCCTT,1
pos,Cxt,30,18,CTAACCGTCACAGTAACCGCAGCTACCCTGCTG,11358
pos,Cxt,30,18,CTAACTGTTACGGTAACAGCTGCGACGCTTCTC,23
pos,Cxt,30,18,CTAACCGTCACAGTAACCGCAGCCACCCTGCTG,3
pos,Cxt,30,18,CTAACTGTTACGGTAACAGCAGCGACGCTTCTC,3
pos,Cxt,30,18,CTAACCGTCACGGTAACCGCAGCTACCCTGCTG,2
pos,Cxt,30,18,CTAACCGTCACAGTGACCGCAGCTACCCTGCTG,1
pos,Cxt,30,18,CTAACTGTAACTGTGACTGCAGCAACACTCCTG,1
pos,Cxt,30,18,CTAACCGTCACAGTAACCGCAGCTACACTGCTG,1
pos,Cxt,30,18,CTTACGGTGACCGTAACGGCAGCTACTCTACTC,1
pos,Cxt,30,18,CTAACCGTCACAGTAACCGCAGCTACCCTGCTT,1
pos,Cxt,30,18,CTCACAGTCACCGTGACCGCTGCGACCCTACTT,1
pos,Cxt,30,18,CTAACCGTCACAGTTACCGCAGCTACCCTGCTG,1
pos,Cxt,30,18,CTAACTGTTACGGTAACAGCTGCAACGCTTCTC,1
pos,Cxt,30,18,CTAACCGTCACAGTAACTGCAGCTACCCTGCTG,1
pos,Cxt,30,1,CTAACCGTCACAGTAACCGCAGCTACCCTGCTG,6340
pos,Cxt,30,1,CTTACCGTAACGGTAACTGCAGCCACGCTGCTT,7
pos,Cxt,30,1,CTAACTGTTACGGTAACAGCTGCGACGCTTCTC,6
pos,Cxt,30,1,CTAACTGTTACGGTAACAGCAGCGACGCTTCTC,3
pos,Cxt,30,1,CTAACCGTCACAGTAACCGCAGCTACCCTGCTT,2
pos,Cxt,30,1,CTGACCGTAACCGTGACTGCCGCAACCCTTCTC,2
pos,Cxt,30,1,CTTACAGTTACGGTCACTGCAGCCACGCTTCTC,2
pos,Cxt,30,1,CTAACCGTCACAGTAACCGCAGCTACCCTGCTA,1
pos,Cxt,30,1,CTTACCGTTACGGTAACTGCAGCCACGCTTCTC,1
pos,Cxt,30,1,CTAACTGTCACAGTAACCGCAGCTACCCTGCTG,1
pos,Cxt,30,1,CTAACCGTCACAGTAACCGCAGCTACCCTACTG,1
pos,Cxt,30,1,CTGACAGTTACTGTCACTGCTGCTACCCTCCTA,1
pos,Cxt,30,1,CTTACCGTAACGGTAACTGCCGCCACGCTGCTT,1
pos,Cxt,30,1,CTAACCGTTACGGTAACCGCAGCTACCCTGCTG,1
pos,Cxt,30,1,CTAACCGTCACAGTAACCGCAGCTACTCTGCTG,1
pos,Cxt,30,1,CTAACCGTCACGGTAACCGCAGCTACCCTGCTG,1
pos,Cxt,30,1,CTTACCGTTACGGTAACTGCAGCCACGCTGCTT,1
pos,Cxt,30,1,CTGACCGTCACAGTAACCGCAGCTACCCTGCTG,1
pos,Cxt,30,2,CTAACCGTCACAGTAACCGCAGCTACCCTGCTG,1844
pos,Cxt,30,2,CTTACCGTAACGGTAACTGCAGCCACGCTGCTT,12
pos,Cxt,30,2,CTTACCGTTACGGTAACTGCAGCCACGCTGCTT,7
pos,Cxt,30,2,CTAACCGTCACGGTAACCGCAGCTACGCTGCTG,3
pos,Cxt,30,2,CTAACCGTTACGGTAACTGCAGCCACGCTGCTT,2
pos,Cxt,30,2,CTAACCGTAACGGTAACTGCAGCCACGCTGCTT,2
pos,Cxt,30,2,CTAACCGTCACGGTAACTGCAGCCACGCTGCTG,1
pos,Cxt,30,2,CTAACCGTAACGGTAACTGCAGCCACGCTGCTG,1
pos,Cxt,30,2,CTAACCGTCACAGTAACCGCAGCCACCCTGCTG,1
pos,Cxt,30,2,CTAACCGTCACAGTAACCGCAGCTACCCTGCTT,1
pos,Cxt,30,2,CTAACTGTAACTGTGACTGCAGCAACACTCCTG,1
pos,Cxt,30,2,CTTACCGTTACGGTAACCGCAGCCACGCTGCTT,1
pos,Cxt,30,2,CTTACCGTAACGGTAACTGCCGCCACGCTGCTT,1
pos,Cxt,30,2,CTAACCGTTACGGTAACCGCAGCTACGCTGCTG,1
pos,Cxt,30,3,CTAACCGTCACAGTAACCGCAGCTACCCTGCTG,6398
pos,Cxt,30,3,CTTACCGTAACGGTAACTGCCGCCACGCTGCTT,18
pos,Cxt,30,3,CTTACCGTAACGGTAACTGCAGCCACGCTGCTT,13
pos,Cxt,30,3,CTTACCGTTACGGTAACTGCAGCCACGCTGCTT,12
pos,Cxt,30,3,CTTACCGTCACGGTAACTGCAGCCACGCTGCTT,4
pos,Cxt,30,3,CTAACCGTCACGGTAACCGCAGCTACCCTGCTG,3
pos,Cxt,30,3,CTCACCGTTACTGTCACTGCAGCAACCCTACTT,2
pos,Cxt,30,3,CTTACCGTTACGGTAACTGCCGCCACGCTGCTT,2
pos,Cxt,30,3,CTTACCGTTACGGTAACCGCTGCGACACTCCTG,1
pos,Cxt,30,3,CTAACCGTCACAGTAACCGCAGCTACCCTGCTT,1
pos,Cxt,30,3,CTTACCGTCACGGTAACTGCAGCCACCCTGCTT,1
pos,Cxt,30,3,CTTACGGTGACCGTAACGGCAGCTACTCTACTC,1
pos,Cxt,30,3,CTTACCGTTACGGTAACCGCCGCCACCCTGCTT,1
pos,Cxt,30,3,CTAACCGTTACGGTAACTGCAGCCACGCTGCTT,1
pos,Cxt,30,3,CTAACCGTCACGGTAACCGCAGCCACGCTGCTG,1
pos,Cxt,30,3,CTAACCGTCACGGTAACCGCAGCTACCCTGCTT,1
pos,Cxt,30,3,CTTACCGTTACGGTAACTGCAGCCACCCTGCTT,1
pos,Cxt,30,3,CTAACCGTCACGGTAACTGCAGCCACGCTGCTT,1
pos,Cxt,30,3,CTAACCGTCACAGTAACCGCAGCTACTCTGCTG,1
pos,Cxt,30,4,CTAACCGTCACAGTAACCGCAGCTACCCTGCTG,8809
pos,Cxt,30,4,CTAACCGTCACAGTAACCGCAGCTACTCTGCTG,103
pos,Cxt,30,4,CTTACCGTAACGGTAACTGCAGCCACGCTGCTT,28
pos,Cxt,30,4,CTAACCGTAACGGTAACTGCAGCCACGCTGCTG,11
pos,Cxt,30,4,CTTACCGTAACGGTAACTGCCGCCACGCTGCTT,8
pos,Cxt,30,4,CTTACCGTAACGGTAACTGCAGCCACGCTGCTG,7
pos,Cxt,30,4,CTTACCGTTACGGTAACTGCAGCCACGCTGCTT,6
pos,Cxt,30,4,CTAACCGTCACGGTAACTGCAGCCACGCTGCTG,4
pos,Cxt,30,4,CTTACCGTCACGGTAACTGCAGCCACGCTGCTG,2
pos,Cxt,30,4,CTTACCGTTACGGTAACTGCAGCCACGCTTCTC,2
pos,Cxt,30,4,CTTACCGTAACGGTAACTGCAGCCACGCTTCTC,2
pos,Cxt,30,4,CTAACCGTTACGGTAACTGCAGCCACGCTGCTG,1
pos,Cxt,30,4,CTAACCGTCACAGTAACCGCAGCCACCCTGCTG,1
pos,Cxt,30,4,CTAACCGTCACAGTAACCGCAGCTACCCTCCTG,1
pos,Cxt,30,4,CTAACCGTCACGGTAACCGCAGCCACGCTGCTT,1
pos,Cxt,30,4,CTTACCGTTACGGTAACTGCAGCCACGCTGCTG,1
pos,Cxt,30,4,CTAACCGTAACGGTAACTGCAGCCACGCTGCTT,1
pos,Cxt,30,4,CTAACCGTCACTGTAACCGCCGCCACTCTTCTT,1
pos,Cxt,30,4,CTCACAGTCACCGTGACCGCTGCGACCCTACTT,1
pos,Cxt,30,4,CTAACCGTCACAGTAACCGCAGCTACCCTGCTT,1
pos,Cxt,30,4,CTAACTGTAACGGTAACTGCAGCCACGCTGCTG,1
pos,Cxt,30,4,CTAACCGTCACGGTAACCGCAGCCACGCTGCTG,1
pos,Cxt,30,4,CTAACCGTTACAGTCACCGCAGCCACCCTGCTG,1
pos,Cxt,30,4,CTTACCGTTACGGTAACTGCAGCCACGCTGCTC,1
pos,Cxt,30,4,CTAACTGTCACAGTAACCGCAGCTACCCTGCTG,1
pos,Cxt,30,4,CTTACTGTTACGGTAACTGCAGCCACGCTGCTT,1
pos,Cxt,30,4,CTAACCGTAACGGTAACCGCAGCTACCCTGCTG,1
pos,Cxt,30,5,CTAACCGTCACAGTAACCGCAGCTACCCTGCTG,8756
pos,Cxt,30,5,CTTACCGTTACGGTAACCGCAGCCACGCTGCTT,7
pos,Cxt,30,5,CTTACCGTAACGGTAACTGCAGCCACGCTGCTT,7
pos,Cxt,30,5,CTAACCGTCACAGTAACCGCAGCTACCCTGCTT,3
pos,Cxt,30,5,CTAACCGTCACAGTAACCGCAGCCACCCTGCTG,3
pos,Cxt,30,5,CTTACCGTAACGGTAACCGCAGCCACGCTGCTT,2
pos,Cxt,30,5,CTTACCGTTACGGTAACCGCAGCCACGCTCCTT,2
pos,Cxt,30,5,CTCACAGTCACCGTGACCGCTGCGACCCTACTT,2
pos,Cxt,30,5,CTAACCGTTACAGTAACCGCAGCTACCCTGCTG,1
pos,Cxt,30,5,CTAACCGTCACAGTAACCGCAGCTACTCTGCTG,1
pos,Cxt,30,5,CTAACCGTCACAGTAACCGCAGCTACCCTGCTA,1
pos,Cxt,30,5,CTAACCGTCACAGTAACCGCGGCTACCCTGCTG,1
pos,Cxt,30,5,CTTACCGTCACGGTAACCGCAGCCACGCTGCTT,1
pos,Cxt,30,5,CTTACCGTAACGGTAACTGCCGCCACGCTGCTT,1
pos,Cxt,30,5,CTAACCGTCACAGTGACCGCAGCTACCCTGCTG,1
pos,Cxt,30,5,CTTACCGTAACGGTAACCGCAGCCACGCTGCTG,1
pos,Cxt,30,5,CTAACTGTCACAGTAACCGCAGCTACCCTGCTG,1
pos,Cxt,30,5,CTAACCGTCACAGTAACTGCAGCTACCCTGCTG,1
pos,Cxt,30,5,CTGACCGTCACAGTAACCGCAGCTACCCTGCTG,1
pos,Cxt,30,6,CTAACCGTCACAGTAACCGCAGCTACCCTGCTG,12480
pos,Cxt,30,6,CTTACCGTCACGGTAACTGCAGCCACGCTGCTT,4
pos,Cxt,30,6,CTAACCGTCACAGTAACCGCAGCTACCCTGCTT,4
pos,Cxt,30,6,CTAACCGTCACAGTAACTGCAGCTACCCTGCTG,3
pos,Cxt,30,6,CTAACCGTCACGGTAACTGCAGCCACCCTGCTT,2
pos,Cxt,30,6,CTTACCGTTACGGTAACTGCAGCCACGCTGCTT,2
pos,Cxt,30,6,CTAACCGTCACAGTAACCGCGGCTACCCTGCTG,1
pos,Cxt,30,6,CTAACCGTCACGGTAACTGCAGCCACCCTGCTG,1
pos,Cxt,30,6,CTTACCGTAACGGTAACTGCAGCCACGCTGCTT,1
pos,Cxt,30,6,CTAACTGTCACAGTAACCGCAGCTACCCTGCTG,1
pos,Cxt,30,6,CTAACCGTCACAGTGACCGCAGCTACCCTGCTG,1
pos,Cxt,30,6,CTAACCGTCACGGTAACTGCAGCCACGCTGCTT,1
pos,Cxt,30,6,CTAACCGTTACAGTAACCGCAGCTACCCTGCTG,1
pos,Cxt,30,6,CTAACCGTCACGGTAACTGCAGCCACGCTGCTG,1
pos,Cxt,30,6,CTAACCGTCACCGTAACCGCAGCTACCCTGCTG,1
pos,Cxt,30,6,CTAACCGTCACGGTAACTGCAGCTACGCTGCTG,1
pos,Cxt,30,6,CTTACCGTTACGGTAACTGCAGCCACGCTGCTC,1
pos,Cxt,30,6,CTAACCGTCACTGTAACCGCAGCTACCCTGCTG,1
pos,Cxt,30,6,CTAACCGTAACGGTAACTGCAGCCACGCTGCTT,1
pos,Cxt,30,6,CTTACCGTAACGGTAACTGCCGCCACGCTGCTT,1
pos,Cxt,30,6,CTAACAGTCACAGTAACCGCAGCTACCCTGCTG,1
pos,Cxt,30,7,CTAACCGTCACAGTAACCGCAGCTACCCTGCTG,25413
pos,Cxt,30,7,CTTACCGTAACGGTAACTGCCGCCACGCTGCTT,21
pos,Cxt,30,7,CTAACCGTAACGGTAACTGCAGCCACGCTGCTG,17
pos,Cxt,30,7,CTAACCGTCACAGTAACCGCAGCTACCCTGCTT,8
pos,Cxt,30,7,CTTACCGTAACGGTAACTGCAGCCACGCTGCTT,8
pos,Cxt,30,7,CTAACCGTAACGGTAACTGCCGCCACGCTGCTT,7
pos,Cxt,30,7,CTAACCGTAACGGTAACTGCAGCCACGCTGCTT,5
pos,Cxt,30,7,CTAACCGTCACGGTAACCGCAGCTACGCTGCTG,3
pos,Cxt,30,7,CTAACCGTAACGGTAACTGCAGCTACGCTGCTG,2
pos,Cxt,30,7,CTCACCGTTACGGTAACAGCGGCAACACTCCTT,2
pos,Cxt,30,7,CTAACCGTAACGGTAACCGCAGCCACGCTGCTG,2
pos,Cxt,30,7,CTAACCGTCACAGTGACCGCAGCTACCCTGCTG,2
pos,Cxt,30,7,CTAACCGTTACGGTAACCGCAGCCACGCTGCTT,2
pos,Cxt,30,7,CTAACTGTAACGGTAACTGCAGCCACGCTGCTT,2
pos,Cxt,30,7,CTAACCGTTACAGTAACCGCAGCTACCCTGCTG,2
pos,Cxt,30,7,CTAACCGTCACGGTAACTGCAGCCACGCTGCTG,2
pos,Cxt,30,7,CTCACCGTCACAGTAACCGCAGCTACCCTGCTG,1
pos,Cxt,30,7,CTTACCGTTACGGTAACTGCAGCCACGCTGCTT,1
pos,Cxt,30,7,CTAACCGTCACAGTAACCGCAGCAACCCTGCTG,1
pos,Cxt,30,7,CTAACCGTTACGGTAACTGCAGCCACGCTGCTT,1
pos,Cxt,30,7,CTTACCGTAACTGTAACTGCAGCCACGCTGCTT,1
pos,Cxt,30,7,CTAACCGTAACGGTAACCGCAGCTACGCTGCTG,1
pos,Cxt,30,7,CTAACCGTCACGGTAACCGCAGCTACCCTGCTG,1
pos,Cxt,30,7,CTTACAGTTACGGTCACTGCAGCCACGCTTCTC,1
pos,Cxt,30,7,CTTACTGTTACGGTAACTGCAGCCACGCTGCTT,1
pos,Cxt,30,7,CTAACTGTCACAGTAACCGCAGCTACCCTGCTG,1
pos,Cxt,30,7,CTAACCGTCACAGTAACCGCAGCCACCCTGCTG,1
pos,Cxt,30,7,CTAACCGTCACAGTAACTGCAGCTACCCTGCTG,1
pos,Cxt,30,7,CTTACTGTAACGGTAACTGCAGCCACGCTGCTT,1
pos,Cxt,30,7,CTTACCGTTACGGTAACCGCAGCCACGCTGCTT,1
pos,Cxt,30,7,CTTACCGTAACGGTAACCGCAGCCACGCTGCTT,1
pos,Cxt,30,7,CTAACTGTAACGGTAACTGCAGCCACGCTGCTG,1
pos,Cxt,30,7,CTAACTGTTACTGTAACTGCAGCAACACTCCTG,1
pos,Cxt,30,8,CTAACCGTCACAGTAACCGCAGCTACCCTGCTG,5679
pos,Cxt,30,8,CTTACCGTAACGGTAACTGCAGCCACGCTGCTT,11
pos,Cxt,30,8,CTAACCGTCACAGTAACCGCAGCTACCCTACTG,4
pos,Cxt,30,8,CTAACCGTTACGGTAACTGCAGCCACGCTGCTT,4
pos,Cxt,30,8,CTTACCGTTACGGTAACTGCAGCCACGCTGCTT,4
pos,Cxt,30,8,CTAACCGTCACTGTAACCGCAGCTACCCTGCTG,2
pos,Cxt,30,8,CTAACCGTCACAGTAACCGCAGCTACCCTGCTT,2
pos,Cxt,30,8,CTAACCGTCACGGTAACTGCAGCCACCCTGCTT,2
pos,Cxt,30,8,CTAACCGTAACGGTAACTGCAGCCACGCTGCTT,1
pos,Cxt,30,8,CTAACCGTTACGGTAACTGCAGCCACCCTGCTT,1
pos,Cxt,30,8,CTAACCGTTACGGTAACCGCAGCCACGCTGCTT,1
pos,Cxt,30,8,CTAACCGTCACGGTAACCGCAGCCACGCTGCTT,1
pos,Cxt,30,8,CTGACAGTTACTGTCACTGCTGCTACCCTCCTA,1
pos,Cxt,30,8,CTTACCGTTACGGTAACTGCAGCCACCCTGCTT,1
pos,Cxt,30,8,CTAACCGTCACGGTAACCGCAGCTACCCTGCTG,1
pos,Cxt,30,9,CTAACCGTCACAGTAACCGCAGCTACCCTGCTG,5493
pos,Cxt,30,9,CTAACCGTCACAGTAACCGCAGCTACCCTGCTT,4
pos,Cxt,30,9,CTAACCGTCACAGTAACTGCAGCTACCCTGCTG,1
pos,Cxt,30,9,CTTACCGTTACGGTAACTGCAGCCACGCTGCTT,1
pos,Cxt,30,9,CTTACGGTGACCGTAACGGCAGCTACTCTACTC,1
pos,Cxt,30,9,CTAACCGTCACGGTAACCGCAGCCACGCTGCTG,1
pos,Cxt,30,9,CTCACAGTCACCGTGACCGCTGCGACCCTACTT,1
pos,Cxt,30,9,CTAACCGTCACGGTAACCGCAGCTACCCTGCTG,1
pos,Cxt,30,9,CTTACCGTCACGGTAACCGCAGCCACGCTGCTT,1
pos,Cxt,30,9,CTTACCGTCACGGTAACTGCAGCCACGCTGCTT,1
neg,Cxt,30,1,CTTACGGTGACCGTAACGGCAGCTACTCTACTC,2
neg,Cxt,30,1,CTAACCGTCACAGTAACCGCAGCTACCCTGCTG,1
neg,Cxt,30,2,CTAACCGTCACAGTAACCGCAGCTACCCTGCTG,3
neg,Cxt,30,2,CTCACAGTCACCGTGACCGCTGCGACCCTACTT,1
neg,Cxt,30,3,CTAACCGTCACAGTAACCGCAGCTACCCTGCTG,3
neg,Cxt,30,3,CTCACAGTCACCGTGACCGCTGCGACCCTACTT,1
pos,Cxt,8,10,CTGACAGTTACCGTTACAGCAGCCACGCTTCTG,4912
pos,Cxt,8,10,CTAACCGTCACAGTAACCGCAGCTACCCTGCTG,5
pos,Cxt,8,10,CTGACAGTTACCGTTACAGCAGCCACACTTCTG,1
pos,Cxt,8,10,CTGACAGTTACCGTTACAGCAGCCACGCTCCTG,1
pos,Cxt,8,10,CTGACAGTTACCGTTACAGCGGCCACGCTTCTG,1
pos,Cxt,8,10,CTGACGGTTACCGTTACAGCAGCCACGCTTCTG,1
pos,Cxt,8,10,CTGACAGTTACCGTTACAGCAGCCACGCTTCTT,1
pos,Cxt,8,10,CTGACAGTTACCGTTACAGCAGCCACGCTTCTC,1
pos,Cxt,8,11,CTGACAGTTACCGTTACAGCAGCCACGCTTCTG,31708
pos,Cxt,8,11,CTGACAGTTACCGTTACAGCAGCCACGCTCCTG,8
pos,Cxt,8,11,CTGACAGTTACCGTTACAGCAGCCACGCTTCTT,5
pos,Cxt,8,11,CTAACCGTCACAGTAACCGCAGCTACCCTGCTG,3
pos,Cxt,8,11,CTGACAGTTACCGTCACAGCAGCCACGCTTCTG,2
pos,Cxt,8,11,CTGACAGTCACCGTTACAGCAGCCACGCTTCTG,2
pos,Cxt,8,11,CTGACAGTTACCGTTACAGCAGCCACCCTTCTG,1
pos,Cxt,8,11,CTGACAGTTACCGTTACAGCAGCCACGCTTCTA,1
pos,Cxt,8,11,CTGACAGTTACCGTTACAGCAGCCACACTTCTG,1
pos,Cxt,8,11,CTTACAGTTACCGTTACAGCAGCCACGCTTCTG,1
pos,Cxt,8,11,CTGACGGTTACCGTTACAGCAGCCACGCTTCTG,1
pos,Cxt,8,12,CTGACAGTTACCGTTACAGCAGCCACGCTTCTG,22511
pos,Cxt,8,12,CTGACAGTTACCGTTACAGCAGCCACGCTTCTT,5
pos,Cxt,8,12,CTTACAGTTACCGTTACAGCAGCCACGCTTCTG,3
pos,Cxt,8,12,CTGACAGTTACCGTCACAGCAGCCACGCTTCTG,2
pos,Cxt,8,12,CTGACGGTTACCGTTACAGCAGCCACGCTTCTG,2
pos,Cxt,8,12,CTGACAGTTACCGTTACAGCGGCCACGCTTCTG,2
pos,Cxt,8,12,CTGACAGTTACCGTTACAGCAGCTACGCTTCTG,1
pos,Cxt,8,12,CTGACAGTTACAGTTACAGCAGCCACGCTTCTG,1
pos,Cxt,8,12,CTGACAGTCACCGTTACAGCAGCCACGCTTCTG,1
pos,Cxt,8,12,CTGACAGTTACTGTTACAGCAGCCACGCTTCTG,1
pos,Cxt,8,12,CTAACAGTTACCGTTACAGCAGCCACGCTTCTG,1
pos,Cxt,8,12,CTGACAGTTACCGTTACAGCAGCCACTCTTCTG,1
pos,Cxt,8,12,CTGACAGTTACCGTTACGGCAGCCACGCTTCTG,1
pos,Cxt,8,12,CTGACAGTTACCGTTACAGCAGCCACACTTCTG,1
pos,Cxt,8,12,CTGACAGTAACGGTAACGGCGGCCACCCTCCTT,1
pos,Cxt,8,12,CTGACAGTTACCGTTACAGCAGCCACGCTCCTG,1
pos,Cxt,8,12,CTGACAGTTACCGTTACAGCAGCCACCCTTCTG,1
pos,Cxt,8,13,CTGACAGTTACCGTTACAGCAGCCACGCTTCTG,19097
pos,Cxt,8,13,CTGACAGTTACCGTTACAGCAGCCACGCTTCTT,3
pos,Cxt,8,13,CTGACAGTTACCGTTACAGCAGCCACTCTTCTG,2
pos,Cxt,8,13,CTTACAGTTACCGTTACAGCAGCCACGCTTCTG,2
pos,Cxt,8,13,CTCACAGTCACCGTGACCGCTGCGACCCTACTT,2
pos,Cxt,8,13,CTGACAGTCACCGTTACAGCAGCCACGCTTCTG,2
pos,Cxt,8,13,CTAACCGTCACAGTAACCGCAGCTACCCTGCTG,2
pos,Cxt,8,13,CTGACAGTTACCGTTACAGCAGCCACACTTCTG,2
pos,Cxt,8,13,CTGACAGTTACCGTTACAGCAGCCACGCTCCTG,1
pos,Cxt,8,13,CTGACAGTTACAGTTACAGCAGCCACGCTTCTG,1
pos,Cxt,8,13,CTGACAGTTACCGTCACAGCAGCCACGCTTCTG,1
pos,Cxt,8,13,CTGACAGTTACCGTGACAGCAGCCACGCTTCTG,1
pos,Cxt,8,13,CTGACAGTTACCGTTACAGCAGCAACGCTTCTG,1
pos,Cxt,8,13,CTGACAGTTACCGTTACAGCAGCCACCCTTCTG,1
pos,Cxt,8,14,CTGACAGTTACCGTTACAGCAGCCACGCTTCTG,32127
pos,Cxt,8,14,CTGACAGTTACCGTTACAGCAGCCACGCTTCTT,9
pos,Cxt,8,14,CTGACAGTTACCGTTACAGCAGCCACGCTCCTG,4
pos,Cxt,8,14,CTGACAGTTACCGTTACAGCAGCCACGCTTCTC,2
pos,Cxt,8,14,CTGACAGTCACCGTTACAGCAGCCACGCTTCTG,2
pos,Cxt,8,14,CTGACAGTTACCGTAACAGCAGCCACGCTTCTG,1
pos,Cxt,8,14,CTTACAGTTACCGTTACAGCAGCCACGCTTCTG,1
pos,Cxt,8,14,CTGACAGTTACCGTTACAGCAGCCACTCTTCTG,1
pos,Cxt,8,14,CTGACAGTTACCGTTACAGCAGCCACCCTTCTG,1
pos,Cxt,8,14,CTGACAGTTACCGTTACTGCAGCCACGCTTCTG,1
pos,Cxt,8,14,CTGACAGTTACCGTGACAGCAGCCACGCTTCTG,1
pos,Cxt,8,14,CTGACAGTTACGGTAACAGCAGCCACGCTTCTG,1
pos,Cxt,8,14,CTGACAGTTACCGTCACAGCAGCCACGCTTCTG,1
pos,Cxt,8,14,CTGACAGTTACGGTAACAGCAGCCACGCTTCTT,1
pos,Cxt,8,14,CTGACAGTTACCGTTACAGCAGCTACGCTTCTG,1
pos,Cxt,8,14,CTGACAGTTACCGTTACAGCGGCCACGCTTCTG,1
pos,Cxt,8,14,CTGACAGTTACTGTTACAGCAGCCACGCTTCTG,1
pos,Cxt,8,14,CTAACTGTTACGGTAACAGCTGCCACGCTTCTC,1
pos,Cxt,8,14,CTAACCGTCACAGTAACCGCAGCTACCCTGCTG,1
pos,Cxt,8,15,CTGACAGTTACCGTTACAGCAGCCACGCTTCTG,28025
pos,Cxt,8,15,CTGACAGTTACCGTTACAGCAGCCACGCTTCTT,4
pos,Cxt,8,15,CTGACAGTCACCGTTACAGCAGCCACGCTTCTG,2
pos,Cxt,8,15,CTGACAGTTACCGTTACAGCAGCCACGCTCCTG,2
pos,Cxt,8,15,CTGACAGTTACCGTTACAGCAGCCACACTTCTG,2
pos,Cxt,8,15,CTGACAGTTACCGTCACAGCAGCCACGCTTCTG,2
pos,Cxt,8,15,CTGACAGTTACCGTTACAGCGGCCACGCTTCTG,1
pos,Cxt,8,15,CTAACCGTCACAGTAACCGCAGCTACCCTGCTG,1
pos,Cxt,8,15,CTTACAGTTACCGTTACAGCAGCCACGCTTCTG,1
pos,Cxt,8,16,CTGACAGTTACCGTTACAGCAGCCACGCTTCTG,22401
pos,Cxt,8,16,CTTACCGTAACGGTAACTGCCGCCACGCTGCTT,29
pos,Cxt,8,16,CTGACAGTTACCGTAACAGCAGCCACGCTTCTG,7
pos,Cxt,8,16,CTGACAGTTACCGTTACAGCAGCCACGCTTCTT,6
pos,Cxt,8,16,CTAACTGTTACGGTAACAGCTGCGACGCTTCTC,5
pos,Cxt,8,16,CTGACAGTTACCGTTACAGCAGCCACTCTTCTG,4
pos,Cxt,8,16,CTGACAGTTACCGTCACAGCAGCCACGCTTCTG,3
pos,Cxt,8,16,CTAACAGTTACCGTTACAGCAGCCACGCTTCTG,3
pos,Cxt,8,16,CTAACTGTTACGGTAACAGCTGCCACGCTTCTC,2
pos,Cxt,8,16,CTGACAGTTACCGTTACAGCAGCCACGCTCCTG,2
pos,Cxt,8,16,CTGACTGTTACCGTAACAGCTGCCACGCTTCTC,2
pos,Cxt,8,16,CTGACAGTTACCGTTACAGCAGCCACCCTTCTG,2
pos,Cxt,8,16,CTAACCGTCACAGTAACCGCAGCTACCCTGCTG,2
pos,Cxt,8,16,CTGACTGTTACGGTAACAGCTGCCACGCTTCTC,2
pos,Cxt,8,16,CTGACAGTAACCGTAACAGCAGCCACGCTTCTT,1
pos,Cxt,8,16,CTGACCGTTACAGTAACCGCAGCCACCCTGCTG,1
pos,Cxt,8,16,CTGACTGTTACCGTGACAGCTGCCACGCTTCTC,1
pos,Cxt,8,16,CTGACAGTCACCGTTACAGCAGCCACGCTTCTG,1
pos,Cxt,8,16,CTGACAGTTACCGTTACAGCCGCCACGCTTCTT,1
pos,Cxt,8,16,CTGACCGTAACCGTGACTGCCGCAACCCTTCTC,1
pos,Cxt,8,16,CTTACTGTTACGGTAACAGCTGCCACGCTTCTC,1
pos,Cxt,8,16,CTGACCGTAACGGTAACTGCCGCCACGCTGCTT,1
pos,Cxt,8,16,CTTACCGTTACGGTAACAGCCGCCACGCTTCTT,1
pos,Cxt,8,16,CTTACCGTAACGGTAACAGCCGCCACGCTTCTT,1
pos,Cxt,8,16,CTGACCGTTACCGTTACAGCCGCCACGCTTCTG,1
pos,Cxt,8,16,CTGACTGTTACCGTAACAGCTGCCACGCTTCTG,1
pos,Cxt,8,16,CTGACAGTTACGGTTACAGCAGCCACGCTTCTG,1
pos,Cxt,8,16,CTGACAGTTACGGTAACAGCAGCCACGCTTCTG,1
pos,Cxt,8,16,CTTACCGTAACTGTAACTGCCGCCACGCTGCTT,1
pos,Cxt,8,16,CTGACAGTTACCGTTACAGCAGCCACGCTTCTA,1
pos,Cxt,8,16,CTTACAGTTACCGTTACAGCAGCCACGCTTCTG,1
pos,Cxt,8,16,CTGACTGTTACGGTAACAGCTGCGACGCTTCTA,1
pos,Cxt,8,16,CTGACAGTTACCGTAACAGCAGCCACGCTTCTT,1
pos,Cxt,8,16,CTGACGGTTACCGTTACAGCAGCCACGCTTCTG,1
pos,Cxt,8,16,CTGACTGTTACGGTAACTGCTGCCACGCTTCTC,1
pos,Cxt,8,17,CTGACAGTTACCGTTACAGCAGCCACGCTTCTG,26828
pos,Cxt,8,17,CTAACTGTTACGGTAACAGCTGCGACGCTTCTC,7
pos,Cxt,8,17,CTGACCGTCACAGTAACCGCAGCCACCCTGCTG,6
pos,Cxt,8,17,CTGACAGTTACCGTCACAGCAGCCACGCTTCTG,5
pos,Cxt,8,17,CTAACCGTCACAGTAACCGCAGCTACCCTGCTG,4
pos,Cxt,8,17,CTAACCGTCACAGTAACCGCAGCCACCCTGCTG,3
pos,Cxt,8,17,CTCACAGTCACCGTGACCGCTGCGACCCTACTT,2
pos,Cxt,8,17,CTGACAGTTACCGTTACAGCAGCCACACTTCTG,2
pos,Cxt,8,17,CTGACAGTCACCGTTACAGCAGCCACGCTTCTG,2
pos,Cxt,8,17,CTGACAGTTACCGTTACAGCAGCCACGCTTCTT,2
pos,Cxt,8,17,CTGACAGTTACCGTTACAGCGGCCACGCTTCTG,1
pos,Cxt,8,17,CTCACAGTCACCGTGACCGCTGCCACCCTACTT,1
pos,Cxt,8,17,CTGACGGTTACCGTTACAGCAGCCACGCTTCTG,1
pos,Cxt,8,17,CTGACTGTTACGGTAACAGCTGCCACGCTTCTC,1
pos,Cxt,8,17,CTAACTGTTACGGTAACAGCTGCCACGCTTCTC,1
pos,Cxt,8,17,CTGACAGTTACCGTTACAGCAGCTACGCTTCTG,1
pos,Cxt,8,17,CTGACAGTTACCGTTACAGCTGCCACGCTTCTC,1
pos,Cxt,8,17,CTGACCGTCACAGTAACCGCAGCCACGCTGCTG,1
pos,Cxt,8,17,CTGACAGTCACAGTTACAGCAGCCACCCTGCTG,1
pos,Cxt,8,18,CTGACAGTTACCGTTACAGCAGCCACGCTTCTG,1254
pos,Cxt,8,18,CTAACCGTCACAGTAACCGCAGCTACCCTGCTG,20
pos,Cxt,8,18,CTAACTGTTACGGTAACAGCTGCGACGCTTCTC,18
pos,Cxt,8,18,CTGACCGTCACAGTAACCGCAGCCACCCTGCTG,7
pos,Cxt,8,18,CTGACCGTCACAGTAACCGCAGCTACCCTGCTG,6
pos,Cxt,8,18,CTGACTGTTACGGTAACAGCTGCCACGCTTCTC,5
pos,Cxt,8,18,CTGACTGTTACGGTAACAGCTGCGACGCTTCTC,5
pos,Cxt,8,18,CTGACGGTAACAGTGACAGCAGCAACCCTACTT,3
pos,Cxt,8,18,CTGACAGTTACCGTTACAGCAGCCACGCTTCTT,3
pos,Cxt,8,18,CTGACAGTCACCGTGACCGCTGCGACCCTACTT,2
pos,Cxt,8,18,CTAACTGTTACGGTAACAGCTGCCACGCTTCTT,1
pos,Cxt,8,18,CTGACTGTTACGGTAACAGCTGCGACTCTCCTT,1
pos,Cxt,8,18,CTAACCGTCACAGTAACCGCAGCCACCCTGCTG,1
pos,Cxt,8,18,CTGACGGTTACAGTGACAGCAGCAACCCTACTT,1
pos,Cxt,8,18,CTGACTGTTACGGTAACAGCTGCGACGCTTCTT,1
pos,Cxt,8,18,CTAACTGTAACTGTGACTGCAGCAACACTCCTG,1
pos,Cxt,8,18,CTGACAGTTACCGTTACAGCAGCAACCCTTCTG,1
pos,Cxt,8,18,CTAACTGTTACGGTAACAGCAGCCACGCTTCTC,1
pos,Cxt,8,18,CTGACTGTTACGGTAACAGCTGCCACGCTTCTG,1
pos,Cxt,8,18,CTGACTGTTACGGTAACAGCTGCCACGCTTCTT,1
pos,Cxt,8,18,CTCACCGTTACTGTCACTGCAGCAACCCTACTT,1
pos,Cxt,8,18,CTGACGGTTACAGTGACAGCAGCCACCCTACTT,1
pos,Cxt,8,1,CTGACAGTTACCGTTACAGCAGCCACGCTTCTG,541
pos,Cxt,8,1,CTGACTGTTACGGTAACAGCTGCCACGCTTCTC,1
pos,Cxt,8,1,CTGACGGTAACAGTGACAGCAGCAACCCTACTT,1
pos,Cxt,8,1,CTCACAGTCACCGTGACCGCTGCGACCCTACTT,1
pos,Cxt,8,1,CTGACAGTTACCGTTACAGCAGCCACGCTTCTT,1
pos,Cxt,8,1,CTGACAGTTACCGTTACAGCAGCCACGCTTCTA,1
pos,Cxt,8,2,CTGACAGTTACCGTTACAGCAGCCACGCTTCTG,1289
pos,Cxt,8,2,CTAACCGTCACAGTAACCGCAGCTACCCTGCTG,3
pos,Cxt,8,2,CTGACAGTCACCGTGACCGCTGCGACCCTACTT,2
pos,Cxt,8,2,CTAACTGTTACGGTAACAGCTGCGACGCTTCTC,2
pos,Cxt,8,3,CTGACAGTTACCGTTACAGCAGCCACGCTTCTG,1527
pos,Cxt,8,3,CTAACTGTTACGGTAACAGCTGCGACGCTTCTC,2
pos,Cxt,8,3,CTCACAGTCACCGTGACCGCTGCGACCCTACTT,2
pos,Cxt,8,3,CTGACAGTTACCGTTACAGCAGCCACGCTTCTT,1
pos,Cxt,8,3,CTGACAGTTACCGTTACAGCAGCCACGCTGCTG,1
pos,Cxt,8,4,CTGACAGTTACCGTTACAGCAGCCACGCTTCTG,712
pos,Cxt,8,4,CTGACAGTTACCGTTACAGCAGCCACGCTTCTT,1
pos,Cxt,8,5,CTGACAGTTACCGTTACAGCAGCCACGCTTCTG,15821
pos,Cxt,8,5,CTGACAGTTACCGTTACAGCAGCCACTCTTCTG,4
pos,Cxt,8,5,CTGACAGTTACCGTCACAGCAGCCACGCTTCTG,3
pos,Cxt,8,5,CTGACAGTTACCGTTACAGCAGCCACGCTTCTT,2
pos,Cxt,8,5,CTGACAGTTACCGTTACAGCAGCCACGCTCCTG,2
pos,Cxt,8,5,CTAACTGTTACGGTAACAGCTGCGACGCTTCTC,2
pos,Cxt,8,5,CTGACAGTTACCGTTACAGCAGCCACACTTCTG,2
pos,Cxt,8,5,CTGACAGTTACCGTTACAGCAGCTACGCTTCTG,1
pos,Cxt,8,5,CTGACAGTGACCGTTACAGCAGCCACGCTTCTG,1
pos,Cxt,8,5,CTGACAGTCACCGTGACCGCTGCCACCCTACTT,1
pos,Cxt,8,5,CTCACAGTCACCGTGACCGCTGCGACCCTACTT,1
pos,Cxt,8,5,CTGACAGTTACCGTTACAGCAGCCACGCTTCTA,1
pos,Cxt,8,5,CTGACAGTTACTGTTACAGCAGCCACGCTTCTG,1
pos,Cxt,8,5,CTTACAGTTACCGTTACAGCAGCCACGCTTCTG,1
pos,Cxt,8,5,CTGACAGTTACCGTTACTGCAGCCACGCTTCTG,1
pos,Cxt,8,5,CTGACGGTTACCGTTACAGCAGCCACGCTTCTG,1
pos,Cxt,8,6,CTGACAGTTACCGTTACAGCAGCCACGCTTCTG,2221
pos,Cxt,8,6,CTAACTGTTACGGTAACAGCTGCGACGCTTCTC,2
pos,Cxt,8,6,CTAACTGTTACGGTAACAGCTGCCACGCTTCTC,2
pos,Cxt,8,6,CTGACAGTAACCGTTACAGCAGCCACGCTTCTG,1
pos,Cxt,8,6,CTGACAGTCACCGTTACAGCAGCCACGCTTCTG,1
pos,Cxt,8,6,CTGACAGTAACCGTTACTGCCGCCACGCTTCTT,1
pos,Cxt,8,6,CTGACAGTTACCGTTACTGCAGCCACGCTTCTG,1
pos,Cxt,8,6,CTAACCGTCACAGTAACCGCAGCTACCCTGCTG,1
pos,Cxt,8,6,CTTACCGTAACAGTAACTGCAGCCACGCTGCTT,1
pos,Cxt,8,6,CTGACAGTTACCGTTACAGCAGCCACACTTCTG,1
pos,Cxt,8,6,CTGACAGTTACCGTTACAGCAGCCACGCTTCTT,1
pos,Cxt,8,6,CTCACAGTCACCGTGACCGCTGCGACCCTACTT,1
pos,Cxt,8,6,CTGACAGTTACCGTTACAGCAGCCACCCTTCTG,1
pos,Cxt,8,7,CTGACAGTTACCGTTACAGCAGCCACGCTTCTG,1559
pos,Cxt,8,7,CTAACTGTTACGGTAACAGCTGCGACGCTTCTC,2
pos,Cxt,8,7,CTCACAGTCACCGTGACCGCTGCGACCCTACTT,2
pos,Cxt,8,7,CTGACAGTCACCGTTACAGCAGCCACGCTTCTG,1
pos,Cxt,8,7,CTGACGGTTACCGTTACAGCAGCCACGCTTCTG,1
pos,Cxt,8,7,CTGACAGTTACCGTTACAGCAGCCACGCTTCTC,1
pos,Cxt,8,7,CTGACTGTTACGGTAACAGCTGCGACGCTTCTC,1
pos,Cxt,8,8,CTGACAGTTACCGTTACAGCAGCCACGCTTCTG,3491
pos,Cxt,8,8,CTAACCGTCACAGTAACCGCAGCTACCCTGCTG,4
pos,Cxt,8,8,CTCACAGTCACCGTGACCGCTGCGACCCTACTT,3
pos,Cxt,8,8,CTTACCGTAACGGTAACTGCCGCCACGCTGCTT,2
pos,Cxt,8,8,CTGACAGTTACCGTTACAGCAGCCACCCTTCTG,2
pos,Cxt,8,8,CTGACAGTTACCGTTACTGCAGCCACGCTTCTG,2
pos,Cxt,8,8,CTGACCGTAACCGTAACTGCAGCCACGCTGCTT,1
pos,Cxt,8,8,CTGACCGTAACCGTAACTGCCGCCACGCTGCTT,1
pos,Cxt,8,8,CTAACTGTTACGGTAACAGCTGCCACGCTTCTC,1
pos,Cxt,8,8,CTGACAGTTACCGTCACAGCAGCCACGCTTCTG,1
pos,Cxt,8,8,CTAACTGTTACGGTAACAGCTGCGACGCTTCTC,1
pos,Cxt,8,8,CTTACGGTGACCGTAACGGCAGCTACTCTACTC,1
pos,Cxt,8,8,CTGACTGTTACGGTAACAGCTGCCACGCTTCTC,1
pos,Cxt,8,9,CTGACAGTTACCGTTACAGCAGCCACGCTTCTG,13808
pos,Cxt,8,9,CTGACAGTTACCGTTACAGCAGCCACGCTTCTT,3
pos,Cxt,8,9,CTGACAGTCACCGTTACAGCAGCCACGCTTCTG,2
pos,Cxt,8,9,CTGACAGTTACCGTTACAGCAGCCACTCTTCTG,1
pos,Cxt,8,9,CTGACAGTTACCGTTACAGCAGCCACCCTTCTG,1
pos,Cxt,8,9,CTAACAGTTACCGTTACAGCAGCCACGCTTCTG,1
pos,Cxt,8,9,CTGACAGTTACCGTTACAGCAGCCACGCTTCTC,1
pos,Cxt,8,9,CTGACAGTTACCGTTACAGCAGCCACGCTTCTA,1
pos,Cxt,8,9,CTGACAGTTACCGTTACGGCAGCCACGCTTCTG,1
pos,Cxt,8,9,CTGACGGTTACCGTTACAGCAGCCACGCTTCTG,1
pos,Cxt,8,9,CTAACCGTCACAGTAACCGCAGCTACCCTGCTG,1
pos,Cxt,8,9,CTGACAGTTACTGTTACAGCAGCCACGCTTCTG,1
pos,Cxt,8,9,CTCACAGTCACCGTGACCGCTGCGACCCTACTT,1
neg,Cxt,8,1,CTAACCGTCACAGTAACCGCAGCTACCCTGCTG,3
neg,Cxt,8,2,CTAACTGTTACGGTAACAGCTGCGACGCTTCTC,19
neg,Cxt,8,2,CTAACCGTCACAGTAACCGCAGCTACCCTGCTG,15
neg,Cxt,8,2,CTAACCGTCACAGTAACCGCAGCCACCCTGCTG,12
neg,Cxt,8,2,CTGACTGTTACGGTAACAGCTGCCACGCTTCTC,7
neg,Cxt,8,2,CTAACTGTTACGGTAACAGCTGCCACGCTTCTC,5
neg,Cxt,8,2,CTGACCGTCACAGTAACCGCAGCCACCCTGCTG,3
neg,Cxt,8,2,CTGACTGTGACCGTGACTGCTGCCACTCTACTA,3
neg,Cxt,8,2,CTGACTGTTACGGTAACAGCTGCGACGCTTCTC,2
neg,Cxt,8,2,CTGACAGTTACCGTTACAGCAGCCACGCTTCTG,1
neg,Cxt,8,2,CTGACTGTTACAGTGACTGCAGCCACCCTACTT,1
neg,Cxt,8,2,CTGACTGTTACGGTAACAGCTGCCACTCTCCTT,1
neg,Cxt,8,2,CTGACCGTCACAGTTACCGCAGCCACCCTGCTG,1
neg,Cxt,8,2,CTAACTGTTACGGTAACAGCTGCCACCCTCCTT,1
neg,Cxt,8,2,CTGACAGTTACAGTTACCGCAGCCACCCTACTG,1
neg,Cxt,8,2,CTGACGGTAACAGTGACAGCAGCAACCCTACTT,1
neg,Cxt,8,2,CTAACTGTAACTGTGACTGCAGCAACACTCCTG,1
neg,Cxt,8,2,CTGACTGTTACCGTTACAGCTGCCACGCTTCTC,1
neg,Cxt,8,2,CTCACCGTTACTGTCACTGCAGCAACCCTACTT,1
neg,Cxt,8,2,CTGACGGTAACCGTGACAGCAGCAACCCTACTT,1
neg,Cxt,8,2,CTGACTGTTACCGTGACTGCTGCCACTCTACTA,1
neg,Cxt,8,2,CTCACAGTCACCGTGACCGCTGCGACCCTACTT,1
neg,Cxt,8,2,CTAACTGTTACGGTAACAGCTGCGACGCTTCTT,1
neg,Cxt,8,2,CTGACTGTTACCGTGACAGCTGCCACTCTACTA,1
neg,Cxt,8,2,CTGACAGTCACCGTGACCGCTGCCACCCTACTT,1
neg,Cxt,8,2,CTGACTGTTACCGTAACAGCTGCCACGCTTCTA,1
neg,Cxt,8,2,CTGACTGTTACCGTGACTGCAGCCACCCTACTT,1
neg,Cxt,8,3,CTCACAGTCACCGTGACCGCTGCGACCCTACTT,4
neg,Cxt,8,3,CTAACCGTCACAGTAACCGCAGCTACCCTGCTG,1
