temperature,mosquito,type,plaque,sequence,counts
22C,6,pos,1,CTAACCGTCACTGTTACTGCTGCGACCCTACTA,603
22C,6,pos,1,CTAACCGTCACAGTAACCGCAGCTACCCTGCTG,33
22C,6,pos,1,CTAACCGTCACTGTTACTGCTGCGACCCTTCTA,1
22C,6,pos,2,CTAACCGTCACTGTTACTGCTGCGACCCTACTA,559
22C,6,pos,2,CTAACCGTCACAGTAACCGCAGCTACCCTGCTG,24
22C,6,pos,2,CTGACTGTTACAGTAACTGCTGCTACACTACTG,2
22C,6,pos,2,CTAACCGTCACAGTTACCGCAGCTACCCTGCTG,2
22C,6,pos,2,CTAACCGTCACCGTTACTGCTGCGACCCTACTA,1
22C,6,pos,2,CTCACCGTTACTGTCACTGCAGCAACCCTACTT,1
22C,6,pos,2,CTGACAGTTACCGTTACAGCAGCCACGCTTCTG,1
22C,6,pos,2,CTGACTGTTACTGTCACGGCTGCCACTCTCCTT,1
22C,6,pos,3,CTAACCGTCACTGTTACTGCTGCGACCCTACTA,946
22C,6,pos,3,CTAACCGTCACAGTAACCGCAGCTACCCTGCTG,19
22C,6,pos,3,CTAACCGTCACTGTCACTGCTGCGACCCTACTA,1
22C,6,pos,3,CTAACCGTCACTGTTACTGCTGCGACCCTACTT,1
22C,6,pos,3,CTGACTGTTACGGTTACAGCAGCAACCCTACTC,1
22C,6,pos,3,CTCACCGTTACTGTCACTGCAGCAACCCTACTT,1
22C,6,pos,4,CTAACCGTCACTGTTACTGCTGCGACCCTACTA,2600
22C,6,pos,4,CTAACCGTCACAGTAACCGCAGCTACCCTGCTG,64
22C,6,pos,4,CTAACCGTCACTGTTACTGCTGCAACCCTACTA,5
22C,6,pos,4,CTAACCGTCACTGTTACTGCTGCTACCCTACTA,5
22C,6,pos,4,CTAACCGTCACTGTTACTGCTGCAACCCTACTC,4
22C,6,pos,4,CTAACCGTCACTGTTACTGCAGCAACCCTACTC,3
22C,6,pos,4,CTAACTGTCACTGTTACTGCTGCAACCCTACTC,3
22C,6,pos,4,CTAACCGTCACAGTTACCGCAGCTACCCTGCTG,2
22C,6,pos,4,CTAACCGTCACTGTTACTGCAGCGACCCTACTA,2
22C,6,pos,4,CTGACTGTTACGGTTACAGCAGCAACCCTACTC,1
22C,6,pos,4,CTAACCGTCACTGTTACTGCTGCGACCCTACTT,1
22C,6,pos,4,CTAACCGTTACCGTTACAGCAGCAACCCTACTC,1
22C,6,pos,4,CTCACCGTTACCGTTACAGCAGCCACTCTACTC,1
22C,6,pos,4,CTAACTGTCACGGTTACTGCAGCAACCCTACTC,1
22C,6,pos,4,CTCACCGTTACTGTCACTGCAGCAACCCTACTT,1
22C,6,pos,4,CTGACAGTTACCGTTACAGCAGCCACGCTTCTG,1
22C,6,pos,4,CTAACCGTCACTGTTACTGCTGCGACCCTTCTA,1
22C,6,pos,4,CTAACCGTTACTGTCACTGCAGCAACCCTACTC,1
22C,6,pos,4,CTAACTGTTACGGTTACTGCAGCAACCCTACTC,1
22C,6,pos,4,CTAACCGTCACTGTTACCGCTGCGACCCTACTA,1
22C,6,pos,4,CTGACTGTTACTGTCACGGCTGCCACTCTCCTT,1
22C,6,pos,5,CTAACCGTCACTGTTACTGCTGCGACCCTACTA,710
22C,6,pos,5,CTAACCGTCACAGTAACCGCAGCTACCCTGCTG,30
22C,6,pos,5,CTAACCGTCACTGTTACTGCTGCTACCCTACTA,3
22C,6,pos,5,CTCACCGTTACCGTTACAGCAGCCACTCTACTC,1
22C,6,pos,5,CTAACCGTCACAGTTACCGCAGCTACCCTGCTG,1
22C,6,pos,5,CTAACTGTCACTGTTACTGCTGCGACCCTACTA,1
22C,6,pos,6,CTAACCGTCACTGTTACTGCTGCGACCCTACTA,6125
22C,6,pos,6,CTAACTGTAACCGTCACTGCGGCAACTCTGCTC,164
22C,6,pos,6,CTAACCGTCACAGTAACCGCAGCTACCCTGCTG,83
22C,6,pos,6,CTAACCGTCACAGTAACTGCAGCTACCCTGCTG,21
22C,6,pos,6,CTAACCGTCACTGTTACTGCTGCAACCCTACTA,16
22C,6,pos,6,CTAACTGTCACTGTTACTGCTGCAACCCTACTC,15
22C,6,pos,6,CTAACCGTTACTGTTACTGCTGCGACCCTACTA,15
22C,6,pos,6,CTAACTGTCACTGTTACTGCTGCGACCCTACTA,12
22C,6,pos,6,CTAACTGTAACCGTTACTGCGGCAACTCTGCTC,9
22C,6,pos,6,CTAACTGTCACCGTTACTGCTGCAACCCTACTC,8
22C,6,pos,6,CTAACTGTAACCGTTACTGCGGCAACCCTACTC,7
22C,6,pos,6,CTAACCGTCACTGTTACTGCTGCGACCCTGCTA,7
22C,6,pos,6,CTAACTGTCACTGTTACTGCTGCAACCCTACTA,6
22C,6,pos,6,CTAACTGTAACCGTCACTGCAGCAACCCTGCTC,6
22C,6,pos,6,CTAACCGTCACTGTTACTGCTGCAACCCTACTC,5
22C,6,pos,6,CTAACTGTCACCGTTACTGCTGCAACTCTGCTC,5
22C,6,pos,6,CTAACTGTAACCGTCACTGCGGCAACCCTGCTC,4
22C,6,pos,6,CTAACTGTAACCGTTACTGCTGCAACCCTACTC,4
22C,6,pos,6,CTAACCGTCACTGTTACTGCTGCTACCCTACTA,4
22C,6,pos,6,CTAACCGTCACAGTAACTGCAGCAACCCTGCTC,3
22C,6,pos,6,CTAACTGTCACCGTCACTGCAGCAACCCTGCTC,3
22C,6,pos,6,CTCACCGTTACTGTCACTGCAGCAACCCTACTT,3
22C,6,pos,6,CTAACCGTCACTGTTACTGCTGCCACCCTACTA,3
22C,6,pos,6,CTAACCGTCACTGTTACTGCCGCGACCCTACTA,2
22C,6,pos,6,CTAACTGTCACAGTAACCGCAGCTACCCTGCTG,2
22C,6,pos,6,CTAACCGTCACCGTCACTGCGGCAACCCTGCTC,2
22C,6,pos,6,CTAACGGTAACGGTAACTGCGGCAACCCTCCTT,2
22C,6,pos,6,CTAACCGTCACCGTTACTGCAGCAACCCTGCTC,2
22C,6,pos,6,CTAACCGTAACTGTTACTGCGGCAACCCTACTA,2
22C,6,pos,6,CTAACCGTCACCGTCACTGCAGCAACCCTGCTC,2
22C,6,pos,6,CTAACTGTCACTGTCACTGCCGCCACTCTTCTT,2
22C,6,pos,6,CTAACCGTCACTGTTACTGCTGCGACTCTACTA,2
22C,6,pos,6,CTAACCGTCACCGTAACTGCAGCAACCCTGCTC,2
22C,6,pos,6,CTAACCGTCACTGTTACTGCTGCGACCCTACTT,2
22C,6,pos,6,CTAACCGTCACCGTTACTGCTGCGACCCTACTA,2
22C,6,pos,6,CTAACTGTAACCGTCACTGCGGCAACTCTGCTA,1
22C,6,pos,6,CTAACTGTCACTGTCACTGCTGCAACCCTACTA,1
22C,6,pos,6,CTAACCGTCACCGTTACTGCGGCAACCCTGCTC,1
22C,6,pos,6,CTAACTGTCACCGTTACTGCTGCAACTCTACTC,1
22C,6,pos,6,CTAACCGTAACTGTTACTGCGGCAACCCTCCTA,1
22C,6,pos,6,CTAACTGTAACCGTTACTGCTGCAACTCTACTC,1
22C,6,pos,6,CTAACTGTAACCGTTACTGCTGCAACCCTACTA,1
22C,6,pos,6,CTAACCGTCACTGTTACTGCTGCGACCCTTCTA,1
22C,6,pos,6,CTTACCGTTACTGTGACTGCGGCGACACTCCTT,1
22C,6,pos,6,CTAACTGTAACCGTCACTGCGGCAACCCTACTC,1
22C,6,pos,6,CTAACTGTAACCGTCACTGCAGCAACTCTACTC,1
22C,6,pos,6,CTAACTGTCACTGTTACTGCTGCGACCCTACTC,1
22C,6,pos,6,CTAACTGTTACCGTTACTGCAGCAACTCTACTC,1
22C,6,pos,6,CTAACTGTCACCGTTACTGCTGCAACCCTACTA,1
22C,6,pos,6,CTAACCGTCACAGTAACCGCTGCTACCCTGCTG,1
22C,6,pos,6,CTAACCGTCACTGTTACTGCGGCGACCCTACTA,1
22C,6,pos,6,CTAACCGTTACTGTCACTGCAGCAACCCTACTT,1
22C,6,pos,6,CTAACCGTCACCGTTACTGCTGCGACCCTACTC,1
22C,6,pos,6,CTAACCGTCACCGTAACTGCAGCTACCCTGCTG,1
22C,6,pos,6,CTAACTGTCACCGTAACCGCAGCTACCCTGCTG,1
22C,6,pos,6,CTAACTGTCACCGTCACTGCGGCAACCCTGCTC,1
22C,6,pos,6,CTAACCGTAACCGTTACTGCTGCAACCCTACTA,1
22C,6,pos,6,CTAACTGTAACCGTTACTGCAGCAACTCTACTA,1
22C,6,pos,6,CTAACCGTCACTGTTACTGCAGCGACCCTGCTA,1
22C,6,pos,6,CTAACTGTCACCGTTACTGCTGCAACCCTGCTA,1
22C,6,pos,6,CTAACTGTTACTGTCACTGCTGCAACCCTACTC,1
22C,6,pos,6,CTAACCGTCACTGTCACTGCTGCAACCCTACTA,1
22C,6,pos,6,CTAACTGTAACTGTTACTGCTGCAACCCTACTC,1
22C,6,pos,6,CTAACTGTCACCGTTACTGCGGCAACTCTGCTC,1
22C,6,pos,6,CTAACCGTCACTGTTACTGCAGCTACCCTGCTG,1
22C,6,pos,6,CTAACCGTCACTGTTACTGCTGCAACTCTACTA,1
22C,6,pos,6,CTAACTGTAACCGTTACTGCTGCAACTCTGCTC,1
22C,6,pos,6,CTAACTGTCACGGTTACTGCTGCAACTCTGCTC,1
22C,6,pos,6,CTAACCGTCACTGTTACTGCTGCCACCCTACTT,1
22C,6,pos,6,CTGACTGTAACAGTGACAGCAGCAACCCTACTT,1
22C,6,pos,6,CTAACCGTAACGGTTACTGCGGCAACCCTACTT,1
22C,6,pos,6,CTAACCGTCACCGTTACTGCTGCAACTCTACTA,1
22C,6,pos,6,CTAACCGTCACGGTTACTGCTGCGACCCTACTA,1
22C,6,pos,6,CTAACTGTCACCGTTACTGCTGCAACCCTGCTC,1
22C,6,pos,6,CTAACTGTCACTGTTACTGCGGCAACCCTACTC,1
22C,6,pos,6,CTAACTGTAACCGTCACTGCTGCAACCCTGCTC,1
22C,6,pos,6,CTAACTGTAACGGTAACTGCGGCAACCCTGCTC,1
22C,6,pos,6,CTAACCGTCACAGTAACCGCAGCTACCCTGCTA,1
22C,6,pos,6,CTAACTGTAACCGTTACTGCTGCAACTCTACTA,1
22C,6,pos,6,CTAACTGTAACCGTTACTGCGGCAACCCTGCTC,1
22C,6,pos,6,CTAACTGTCACAGTCACCGCAGCTACCCTGCTG,1
22C,6,pos,6,CTAACTGTAACTGTTACTGCTGCAACCCTACTA,1
22C,6,pos,6,CTAACCGTCACTGTAACTGCGGCAACCCTCCTT,1
22C,6,pos,6,CTAACCGTCACCGTTACTGCTGCAACCCTGCTC,1
22C,6,pos,6,CTAACCGTCACTGTTACTGCTGCGACACTACTA,1
22C,6,pos,6,CTAACCGTAACCGTTACTGCTGCAACTCTACTA,1
22C,6,pos,6,CTAACCGTAACTGTCACTGCGGCAACCCTACTC,1
22C,6,pos,6,CTAACCGTCACTGTTACGGCTGCGACCCTACTA,1
22C,6,pos,6,CTAACTGTAACCGTCACTGCTGCAACTCTGCTC,1
22C,6,pos,6,CTAACGGTAACGGTTACTGCGGCAACCCTCCTT,1
22C,6,pos,6,CTAACTGTAACCGTCACTGCAGCAACTCTGCTA,1
22C,6,pos,7,CTAACCGTCACTGTTACTGCTGCGACCCTACTA,19763
22C,6,pos,7,CTAACCGTCACAGTAACCGCAGCTACCCTGCTG,46
22C,6,pos,7,CTAACTGTAACCGTCACTGCGGCAACTCTGCTC,19
22C,6,pos,7,CTAACTGTAACCGTTACTGCGGCAACTCTACTC,10
22C,6,pos,7,CTAACTGTAACCGTTACTGCGGCAACTCTGCTC,10
22C,6,pos,7,CTAACCGTCACTGTTACTGCTGCGACCCTGCTA,7
22C,6,pos,7,CTAACTGTAACCGTTACTGCGGCAACCCTACTC,6
22C,6,pos,7,CTAACCGTCACTGTTACTGCTGCTACCCTACTA,6
22C,6,pos,7,CTAACTGTAACCGTTACTGCTGCAACCCTACTC,5
22C,6,pos,7,CTAACCGTCACTGTTACTGCTGCGACCCTACTC,4
22C,6,pos,7,CTAACCGTCACAGTAACTGCAGCTACCCTGCTG,4
22C,6,pos,7,CTAACCGTCACTGTTACTGCCGCGACCCTACTA,4
22C,6,pos,7,CTAACCGTCACTGTTACTGCTGCCACCCTACTA,4
22C,6,pos,7,CTAACTGTCACCGTTACTGCTGCAACCCTACTC,3
22C,6,pos,7,CTAACTGTCACTGTTACTGCTGCGACCCTACTA,3
22C,6,pos,7,CTAACCGTCACTGTTACTGCTGCAACCCTACTA,3
22C,6,pos,7,CTAACCGTCACAGTTACTGCAGCTACCCTGCTG,3
22C,6,pos,7,CTAACCGTCACCGTTACTGCAGCAACCCTGCTC,3
22C,6,pos,7,CTAACTGTCACCGTTACTGCTGCAACTCTGCTC,2
22C,6,pos,7,CTAACTGTCACTGTTACTGCTGCGACCCTACTC,2
22C,6,pos,7,CTAACTGTCACCGTTACTGCTGCAACTCTACTC,2
22C,6,pos,7,CTAACTGTAACCGTCACTGCAGCAACCCTGCTC,2
22C,6,pos,7,CTAACCGTCACTGTCACTGCTGCGACCCTACTA,2
22C,6,pos,7,CTGACCGTCACTGTTACTGCTGCGACCCTACTA,2
22C,6,pos,7,CTAACCGTAACCGTTACTGCGGCAACTCTACTC,2
22C,6,pos,7,CTAACTGTAACCGTTACTGCTGCAACTCTACTC,1
22C,6,pos,7,CTAACCGTCACTGTTACTGCAGCGACCCTGCTA,1
22C,6,pos,7,CTAACCGTTACTGTTACTGCTGCGACCCTACTA,1
22C,6,pos,7,CTGACGGTAACAGTGACAGCAGCAACCCTACTT,1
22C,6,pos,7,CTAACCGTCACTGTTACTGCTGCGACCCTTCTA,1
22C,6,pos,7,CTAACCGTAACTGTTACTGCGGCAACCCTACTA,1
22C,6,pos,7,CTAACCGTAACCGTTACTGCTGCAACTCTACTA,1
22C,6,pos,7,CTAACCGTCACGGTTACTGCTGCGACCCTACTA,1
22C,6,pos,7,CTTACGGTTACTGTTACAGCTGCGACTCTGCTG,1
22C,6,pos,7,CTAACCGTCACCGTTACTGCAGCGACCCTGCTA,1
22C,6,pos,7,CTAACCGTCACGGTTACTGCTGCAACCCTACTA,1
22C,6,pos,7,CTAACCGTCACCGTAACCGCAGCTACCCTGCTC,1
22C,6,pos,7,CTAACTGTCACCGTCACTGCGGCAACCCTGCTC,1
22C,6,pos,7,CTAACCGTCACCGTAACCGCAGCTACCCTGCTG,1
22C,6,pos,7,CTAACTGTCACCGTTACTGCGGCAACCCTGCTC,1
22C,6,pos,7,CTAACTGTAACTGTCACTGCTGCAACCCTGCTC,1
22C,6,pos,7,CTAACTGTAACTGTCACTGCGGCAACCCTCCTA,1
22C,6,pos,7,CTAACCGTTACTGTCACTGCAGCAACCCTACTT,1
22C,6,pos,7,CTAACTGTCACCGTTACTGCTGCAACTCTCCTC,1
22C,6,pos,7,CTAACCGTAACCGTCACTGCGGCAACTCTGCTC,1
22C,6,pos,7,CTAACTGTCACTGTTACTGCTGCAACCCTACTC,1
22C,6,pos,7,CTAACCGTCACTGTTACCGCTGCGACCCTACTA,1
22C,6,pos,7,CTAACCGTCACTGTTACGGCTGCGACCCTACTA,1
22C,6,pos,7,CTTACCGTTACCGTTACCGCCGCCACCCTTCTT,1
22C,6,pos,7,CTAACCGTCACTGTCACTGCTGCAACCCTACTC,1
22C,6,pos,7,CTAACCGTAACTGTTACTGCTGCAACCCTACTA,1
22C,6,pos,7,CTAACCGTCACCGTTACTGCTGCGACTCTACTC,1
22C,6,pos,7,CTAACCGTCACTGTTACTGCTGCGACTCTACTG,1
22C,6,pos,7,CTAACCGTCACTGTTACTGCTGCGACCCTACTT,1
22C,6,pos,7,CTAACCGTAACCGTTACTGCGGCAACCCTACTC,1
22C,6,pos,7,CTAACCGTAACTGTGACGGCTGCAACGCTTCTG,1
22C,6,pos,7,CTAACCGTCACCGTTACTGCTGCGACCCTACTA,1
22C,6,pos,7,CTAACTGTCACGGTTACTGCTGCAACTCTCCTT,1
22C,6,pos,7,CTAACTGTAACCGTTACTGCAGCAACCCTACTC,1
22C,6,pos,7,CTAACCGTCACTGTTACTGCTGCGACTCTACTA,1
22C,6,pos,7,CTAACCGTAACTGTTACTGCGGCAACCCTCCTT,1
22C,6,pos,7,CTAACCGTCACTGTTACTGCTGCAACCCTCCTA,1
22C,6,pos,7,CTAACCGTCACCGTTACTGCTGCAACCCTACTC,1
22C,6,pos,7,CTAACTGTCACCGTAACCGCAGCTACCCTGCTC,1
22C,6,pos,7,CTAACGGTAACGGTAACTGCGGCAACCCTCCTT,1
22C,6,pos,7,CTCACCGTTACTGTCACTGCAGCAACCCTACTT,1
22C,6,pos,7,CTGACAGTTACTGTCACTGCTGCTACCCTCCTA,1
22C,6,pos,7,CTCACTGTTACCGTCACTGCAGCTACCCTGCTC,1
22C,6,pos,7,CTAACTGTAACCGTCACTGCAGCAACTCTGCTC,1
22C,6,pos,8,CTAACCGTCACTGTTACTGCTGCGACCCTACTA,1289
22C,6,pos,8,CTAACCGTCACAGTAACCGCAGCTACCCTGCTG,54
22C,6,pos,8,CTAACCGTCACTGTTACTGCTGCTACCCTACTA,8
22C,6,pos,8,CTAACCGTCACTGTTACTGCTGCTACCCTGCTA,2
22C,6,pos,8,CTAACCGTCACTGTTACCGCTGCTACCCTACTA,2
22C,6,pos,8,CTTACAGTTACCGTGACCGCTGCTACGCTACTT,2
22C,6,pos,8,CTAACCGTCACTGTTACCGCTGCTACCCTGCTA,2
22C,6,pos,8,CTAACCGTCACTGTAACTGCTGCGACCCTACTA,1
22C,6,pos,8,CTTACGGTGACGGTCACAGCTGCTACCCTTCTC,1
22C,6,pos,8,CTAACCGTCACAGTTACCGCAGCTACCCTGCTG,1
22C,6,pos,8,CTGACTGTTACAGTAACTGCTGCTACACTACTG,1
22C,6,pos,8,CTGACTGTTACGGTTACAGCAGCAACCCTACTC,1
22C,6,pos,8,CTAACCGTCACTGTTACCGCAGCTACCCTGCTA,1
22C,6,pos,8,CTAACCGTCACTGTTACCGCAGCTACCCTACTA,1
22C,6,pos,8,CTGACCGTAACGGTCACCGCGGCAACTCTACTG,1
22C,6,pos,10,CTAACCGTCACTGTTACTGCTGCGACCCTACTA,1509
22C,6,pos,10,CTAACCGTCACAGTAACCGCAGCTACCCTGCTG,21
22C,6,pos,10,CTAACCGTCACTGTTACTGCTGCTACCCTACTA,2
22C,6,pos,10,CTAACCGTCACTGTTACCGCTGCGACCCTACTA,1
22C,6,pos,10,CTAACCGTCACTGTTACTGCTGCGACCCTGCTA,1
22C,6,pos,10,CTAACCGTCACTGTTACTGCTGCGACCCTACTT,1
22C,6,pos,10,CTTACGGTTACTGTTACAGCTGCGACTCTGCTG,1
22C,6,pos,10,CTAACCGTCACAGTTACCGCAGCTACCCTGCTG,1
22C,6,pos,10,CTCACCGTTACTGTCACTGCAGCAACCCTACTT,1
22C,6,pos,11,CTAACCGTCACTGTTACTGCTGCGACCCTACTA,7057
22C,6,pos,11,CTAACCGTCACAGTAACCGCAGCTACCCTGCTG,43
22C,6,pos,11,CTAACCGTCACTGTTACTGCTGCTACCCTACTA,6
22C,6,pos,11,CTAACCGTCACTGTTACTGCAGCAACCCTACTT,4
22C,6,pos,11,CTAACCGTCACTGTTACTGCTGCAACCCTACTA,3
22C,6,pos,11,CTAACCGTCACCGTTACTGCTGCGACCCTACTA,3
22C,6,pos,11,CTAACCGTCACTGTTACTGCTGCGACCCTACTT,2
22C,6,pos,11,CTAACTGTCACTGTTACTGCTGCGACCCTACTA,2
22C,6,pos,11,CTAACCGTCACTGTTACTGCTGCAACCCTACTT,1
22C,6,pos,11,CTAACCGTCACTGTTACTGCTGCTACCCTGCTG,1
22C,6,pos,11,CTAACCGTCACTGTTACTGCTGCCACCCTACTA,1
22C,6,pos,11,CTAACCGTTACTGTTACTGCAGCAACCCTACTT,1
22C,6,pos,11,CTAACCGTTACTGTCACTGCAGCAACCCTACTT,1
22C,6,pos,11,CTCACCGTTACTGTCACTGCAGCAACCCTACTT,1
22C,6,pos,11,CTAACCGTTACTGTTACTGCTGCGACCCTACTA,1
22C,6,pos,11,CTAACCGTCACTGTTACCGCAGCTACCCTGCTG,1
22C,6,pos,12,CTAACCGTCACTGTTACTGCTGCGACCCTACTA,1130
22C,6,pos,12,CTAACCGTCACAGTAACCGCAGCTACCCTGCTG,36
22C,6,pos,12,CTAACCGTCACTGTTACTGCAGCAACCCTACTC,7
22C,6,pos,12,CTAACTGTCACTGTTACTGCTGCAACCCTACTC,7
22C,6,pos,12,CTAACCGTCACTGTTACTGCTGCAACCCTACTC,6
22C,6,pos,12,CTAACTGTCACTGTTACTGCAGCAACCCTACTC,6
22C,6,pos,12,CTAACTGTCACGGTTACTGCAGCAACCCTACTC,2
22C,6,pos,12,CTAACCGTTACTGTTACTGCAGCAACCCTACTT,1
22C,6,pos,12,CTCACCGTTACTGTCACTGCAGCAACCCTACTT,1
22C,6,pos,12,CTAACCGTCACTGTCACTGCTGCGACCCTACTA,1
22C,6,pos,12,CTAACTGTCACCGTTACTGCAGCAACCCTACTC,1
22C,6,pos,12,CTAACCGTCACTGTTACTGCAGCAACCCTACTA,1
22C,6,pos,12,CTAACTGTTACGGTTACTGCAGCAACCCTACTC,1
22C,6,pos,13,CTAACCGTCACTGTTACTGCTGCGACCCTACTA,577
22C,6,pos,13,CTAACCGTCACAGTAACCGCAGCTACCCTGCTG,21
22C,6,pos,13,CTAACCGTCACTGTTACTGCTGCTACCCTACTA,1
22C,6,pos,13,CTCACCGTTACCGTTACAGCAGCCACTCTACTC,1
22C,6,pos,14,CTAACCGTCACTGTTACTGCTGCGACCCTACTA,7813
22C,6,pos,14,CTAACTGTAACCGTCACTGCGGCAACTCTGCTC,212
22C,6,pos,14,CTAACCGTCACAGTAACCGCAGCTACCCTGCTG,42
22C,6,pos,14,CTAACCGTCACTGTTACTGCTGCAACCCTACTA,20
22C,6,pos,14,CTAACCGTCACTGTCACTGCTGCAACCCTACTA,20
22C,6,pos,14,CTCACCGTTACTGTCACTGCAGCAACCCTACTT,18
22C,6,pos,14,CTAACTGTAACCGTCACTGCGGCAACCCTGCTC,16
22C,6,pos,14,CTAACCGTCACAGTAACTGCAGCTACCCTGCTG,9
22C,6,pos,14,CTAACTGTAACCGTCACTGCGGCAACCCTACTC,8
22C,6,pos,14,CTAACTGTAACCGTCACTGCGGCAACTCTACTC,8
22C,6,pos,14,CTAACCGTTACTGTCACTGCAGCAACCCTACTT,7
22C,6,pos,14,CTAACCGTCACTGTCACTGCTGCGACCCTACTA,7
22C,6,pos,14,CTAACTGTCACTGTTACTGCTGCAACCCTACTC,7
22C,6,pos,14,CTAACCGTCACTGTTACTGCTGCTACCCTACTA,6
22C,6,pos,14,CTAACCGTCACTGTTACTGCTGCGACCCTGCTA,5
22C,6,pos,14,CTAACTGTCACTGTTACTGCTGCAACCCTACTA,4
22C,6,pos,14,CTAACTGTAACTGTCACTGCTGCAACCCTGCTA,3
22C,6,pos,14,CTAACTGTCACTGTCACTGCTGCAACCCTACTA,3
22C,6,pos,14,CTAACCGTCACTGTCACTGCGGCAACCCTACTC,3
22C,6,pos,14,CTAACGGTAACGGTAACTGCGGCAACCCTCCTT,3
22C,6,pos,14,CTAACTGTCACTGTCACTGCTGCAACCCTACTC,3
22C,6,pos,14,CTAACTGTCACTGTTACTGCTGCGACCCTACTA,3
22C,6,pos,14,CTAACTGTAACTGTCACTGCTGCAACCCTGCTC,3
22C,6,pos,14,CTAACCGTCACTGTTACTGCTGCGACCCTACTT,3
22C,6,pos,14,CTAACCGTCACTGTTACTGCTGCCACCCTACTA,3
22C,6,pos,14,CTAACCGTAACTGTCACTGCGGCAACCCTACTC,3
22C,6,pos,14,CTAACCGTAACTGTTACTGCGGCAACCCTACTA,2
22C,6,pos,14,CTAACTGTTACTGTCACTGCTGCAACCCTACTA,2
22C,6,pos,14,CTAACTGTCACCGTCACTGCTGCAACTCTGCTC,2
22C,6,pos,14,CTAACCGTCACTGTTACTGCTGCGACCCTACTC,2
22C,6,pos,14,CTGACTGTTACTGTCACGGCTGCCACTCTCCTT,2
22C,6,pos,14,CTAACCGTTACTGTCACTGCTGCAACCCTACTA,2
22C,6,pos,14,CTAACCGTCACCGTTACTGCTGCAACCCTACTC,2
22C,6,pos,14,CTAACCGTCACTGTTACTGCTGCAACCCTACTC,2
22C,6,pos,14,CTAACCGTCACTGTCACTGCTGCAACCCTACTC,2
22C,6,pos,14,CTAACTGTTACTGTCACTGCAGCAACCCTACTC,2
22C,6,pos,14,CTAACTGTAACTGTCACTGCGGCAACCCTACTC,2
22C,6,pos,14,CTAACTGTAACCGTTACTGCGGCAACCCTACTC,2
22C,6,pos,14,CTAACCGTAACTGTCACTGCAGCAACCCTACTC,2
22C,6,pos,14,CTAACTGTAACCGTCACTGCTGCAACTCTGCTC,2
22C,6,pos,14,CTAACTGTCACAGTAACCGCAGCTACCCTGCTG,1
22C,6,pos,14,CTAACCGTAACTGTCACTGCTGCAACCCTGCTA,1
22C,6,pos,14,CTAACTGTCACCGTCACTGCGGCAACCCTGCTC,1
22C,6,pos,14,CTAACCGTCACCGTTACTGCTGCAACTCTACTC,1
22C,6,pos,14,CTAACTGTCACAGTAACCGCAGCAACCCTGCTC,1
22C,6,pos,14,CTAACCGTTACTGTTACTGCTGCGACCCTACTA,1
22C,6,pos,14,CTAACCGTTACTGTCACTGCAGCAACCCTACTC,1
22C,6,pos,14,CTAACCGTCACTGTCACTGCTGCAACTCTACTA,1
22C,6,pos,14,CTAACCGTCACAGTAACTGCAGCAACCCTGCTG,1
22C,6,pos,14,CTAACTGTAACCGTCACTGCAGCAACCCTGCTC,1
22C,6,pos,14,CTAACCGTAACTGTCACTGCTGCAACCCTACTA,1
22C,6,pos,14,CTCACCGTTACCGTTACAGCAGCCACTCTACTC,1
22C,6,pos,14,CTAACTGTAACTGTCACTGCGGCAACCCTGCTC,1
22C,6,pos,14,CTAACTGTCACTGTCACTGCCGCAACTCTTCTC,1
22C,6,pos,14,CTAACTGTAACGGTTACTGCGGCAACCCTACTC,1
22C,6,pos,14,CTAACCGTCACTGTTACTGCGGCGACCCTACTA,1
22C,6,pos,14,CTAACTGTAACTGTTACTGCTGCAACCCTACTC,1
22C,6,pos,14,CTAACTGTAACTGTCACTGCTGCAACCCTACTC,1
22C,6,pos,14,CTAACCGTCACTGTCACTGCAGCAACCCTGCTA,1
22C,6,pos,14,CTAACTGTAACCGTCACTGCAGCAACCCTACTC,1
22C,6,pos,14,CTAACTGTCACTGTTACTGCTGCGACCCTACTC,1
22C,6,pos,14,CTAACTGTTACTGTCACTGCAGCAACCCTACTT,1
22C,6,pos,14,CTAACCGTCACCGTAACCGCAGCTACCCTGCTG,1
22C,6,pos,14,CTAACCGTCACCGTCACTGCTGCAACCCTACTA,1
22C,6,pos,14,CTAACCGTCACCGTCACTGCGGCAACCCTGCTC,1
22C,6,pos,14,CTAACCGTTACCGTTACTGCCGCCACCCTTCTT,1
22C,6,pos,14,CTAACGGTAACTGTTACTGCGGCAACCCTCCTA,1
22C,6,pos,14,CTAACTGTCACTGTTACTGCGGCAACCCTACTC,1
22C,6,pos,14,CTAACTGTAACCGTCACTGCTGCAACCCTACTC,1
22C,6,pos,14,CTAACTGTAACCGTTACTGCTGCAACCCTACTC,1
22C,6,pos,14,CTAACCGTAACTGTCACTGCTGCAACCCTACTC,1
22C,6,pos,14,CTAACTGTAACCGTCACTGCGGCAACTCTGCTT,1
22C,6,pos,14,CTAACCGTCACCGTCACTGCTGCAACCCTACTC,1
22C,6,pos,14,CTAACTGTCACCGTAACCGCAGCTACCCTGCTG,1
22C,6,pos,14,CTAACTGTCACCGTCACTGCAGCAACCCTGCTC,1
22C,6,pos,14,CTAACCGTTACTGTGACTGCGGCGACACTCCTT,1
22C,6,pos,14,CTAACTGTTACGGTAACAGCTGCGACGCTTCTC,1
22C,6,pos,14,CTAACCGTCACCGTCACTGCAGCAACCCTGCTC,1
22C,6,pos,14,CTAACTGTTACCGTCACTGCAGCAACCCTACTC,1
22C,6,pos,14,CTAACTGTCACCGTCACTGCTGCAACTCTACTC,1
22C,6,pos,14,CTAACCGTAACTGTCACTGCGGCAACCCTACTT,1
22C,6,pos,14,CTAACCGTCACAGTCACTGCAGCAACCCTGCTG,1
22C,6,pos,14,CTAACTGTAACCGTTACTGCGGCAACTCTACTC,1
22C,6,pos,14,CTAACTGTTACTGTCACTGCTGCAACCCTCCTA,1
22C,6,pos,15,CTAACCGTCACTGTTACTGCTGCGACCCTACTA,6529
22C,6,pos,15,CTAACCGTCACAGTAACCGCAGCTACCCTGCTG,48
22C,6,pos,15,CTAACTGTAACCGTCACTGCGGCAACTCTGCTC,39
22C,6,pos,15,CTAACTGTAACCGTTACTGCGGCAACTCTACTC,23
22C,6,pos,15,CTAACTGTAACCGTTACTGCGGCAACTCTGCTC,21
22C,6,pos,15,CTAACCGTCACTGTTACTGCTGCAACCCTACTA,10
22C,6,pos,15,CTAACTGTAACCGTTACTGCTGCAACCCTACTC,8
22C,6,pos,15,CTAACTGTCACTGTTACTGCTGCAACCCTACTC,7
22C,6,pos,15,CTAACTGTAACCGTTACTGCGGCAACCCTACTC,7
22C,6,pos,15,CTCACCGTTACTGTCACTGCAGCAACCCTACTT,7
22C,6,pos,15,CTAACCGTTACTGTCACTGCAGCAACCCTACTT,6
22C,6,pos,15,CTAACCGTCACTGTTACTGCTGCTACCCTACTA,5
22C,6,pos,15,CTAACCGTCACTGTTACTGCTGCAACCCTACTC,4
22C,6,pos,15,CTAACCGTCACTGTTACTGCTGCGACCCTACTC,4
22C,6,pos,15,CTAACCGTTACTGTCACTGCAGCAACCCTACTC,4
22C,6,pos,15,CTAACTGTTACCGTCACTGCAGCAACCCTACTC,3
22C,6,pos,15,CTAACTGTAACCGTCACTGCGGCAACCCTACTC,3
22C,6,pos,15,CTAACTGTCACCGTTACTGCTGCAACCCTACTC,3
22C,6,pos,15,CTAACTGTAACCGTCACTGCGGCAACTCTACTC,3
22C,6,pos,15,CTAACCGTCACTGTCACTGCTGCAACCCTACTC,2
22C,6,pos,15,CTAACCGTTACTGTTACTGCTGCGACCCTACTA,2
22C,6,pos,15,CTAACCGTCACTGTTACTGCCGCGACCCTACTA,2
22C,6,pos,15,CTAACCGTTACTGTCACTGCTGCAACCCTACTA,2
22C,6,pos,15,CTAACCGTCACAGTAACTGCAGCTACCCTGCTG,2
22C,6,pos,15,CTAACCGTCACTGTTACTGCTGCCACCCTACTA,2
22C,6,pos,15,CTAACCGTAACTGTTACTGCGGCAACCCTACTA,1
22C,6,pos,15,CTGACTGTTACGGTTACAGCAGCAACCCTACTC,1
22C,6,pos,15,CTAACCGTCACTGTTACTGCTGCGACCCTACTT,1
22C,6,pos,15,CTAACCGTAACCGTCACTGCAGCAACCCTGCTC,1
22C,6,pos,15,CTAACCGTCACCGTTACTGCTGCGACCCTACTA,1
22C,6,pos,15,CTAACCGTCACCGTTACTGCTGCGACCCTACTC,1
22C,6,pos,15,CTAACCGTCACTGTCACTGCTGCGACCCTACTA,1
22C,6,pos,15,CTAACCGTCACCGTTACTGCTGCAACCCTACTC,1
22C,6,pos,15,CTAACTGTCACTGTTACTGCTGCGACCCTACTA,1
22C,6,pos,15,CTAACTGTTACTGTCACTGCAGCAACCCTACTC,1
22C,6,pos,15,CTAACCGTCACTGTTACTGCTGCTACCCTGCTA,1
22C,6,pos,15,CTAACCGTCACCGTTACTGCAGCTACCCTGCTC,1
22C,6,pos,15,CTAACTGTTACTGTCACTGCTGCAACCCTGCTA,1
22C,6,pos,15,CTAACCGTCACTGTTACTGCTGCGACCCTACTG,1
22C,6,pos,15,CTAACTGTTACTGTCACTGCGGCAACCCTACTC,1
22C,6,pos,15,CTAACTGTCACCGTCACTGCGGCAACCCTGCTC,1
22C,6,pos,15,CTAACGGTAACGGTAACTGCGGCAACCCTCCTT,1
22C,6,pos,15,CTAACTGTAACCGTCACTGCGGCTACTCTGCTC,1
22C,6,pos,15,CTAACCGTCACCGTAACTGCAGCAACCCTGCTC,1
22C,6,pos,15,CTAACTGTAACTGTTACTGCTGCAACCCTACTC,1
22C,6,pos,15,CTCACCGTTACCGTTACAGCAGCAACTCTACTC,1
22C,6,pos,15,CTAACTGTCACTGTCACTGCTGCAACCCTACTA,1
22C,6,pos,15,CTAACTGTTACCGTCACTGCAGCAACTCTGCTC,1
22C,6,pos,15,CTAACTGTAACCGTCACTGCAGCAACTCTACTC,1
22C,6,pos,15,CTAACTGTTACTGTCACTGCTGCAACCCTCCTA,1
22C,6,pos,15,CTAACCGTCACTGTTACTGCTGCGACCCTGCTA,1
22C,6,pos,15,CTAACCGTAACTGTCACTGCAGCAACCCTACTA,1
22C,6,pos,15,CTAACTGTTACTGTCACTGCAGCAACCCTACTT,1
22C,6,pos,15,CTAACTGTTACCGTTACTGCAGCAACCCTACTC,1
22C,6,pos,15,CTAACCGTCACCGTAACTGCAGCTACCCTGCTG,1
22C,6,pos,15,CTAACCGTTACTGTCACTGCTGCTACCCTACTA,1
22C,6,pos,15,CTAACCGTCACAGTAACTGCAGCTACCCTGCTC,1
22C,6,pos,15,CTAACTGTTACTGTTACTGCAGCAACCCTACTC,1
22C,6,pos,15,CTAACCGTAACCGTTACTGCGGCAACCCTACTA,1
22C,6,pos,15,CTAACTGTAACCGTCACTGCGGCAACTCTGCTA,1
22C,6,pos,15,CTAACCGTCACCGTCACTGCAGCAACCCTGCTC,1
22C,6,pos,15,CTAACTGTAACTGTCACTGCGGCAACCCTGCTC,1
22C,6,pos,15,CTAACCGTCACAGTAACCGCAGCTACCCTGCTC,1
22C,6,pos,15,CTCACCGTAACCGTCACAGCTGCTACGCTGCTT,1
22C,6,pos,15,CTAACCGTAACCGTCACTGCGGCAACCCTACTC,1
22C,6,pos,15,CTAACCGTCACCGTAACCGCAGCTACCCTGCTC,1
22C,6,pos,15,CTAACTGTAACCGTCACTGCAGCAACCCTGCTC,1
22C,6,pos,15,CTAACCGTCACTGTTACTGCGGCAACCCTACTA,1
22C,6,pos,15,CTAACTGTAACTGTCACTGCTGCAACCCTACTC,1
22C,6,pos,15,CTTACCGTTACTGTGACTGCGGCGACACTCCTT,1
22C,6,pos,15,CTAACCGTAACGGTAACGGCGGCAACCCTGCTT,1
22C,6,pos,15,CTGACAGTTACCGTTACAGCAGCCACGCTTCTG,1
22C,6,pos,17,CTAACCGTCACTGTTACTGCTGCGACCCTACTA,2488
22C,6,pos,17,CTAACCGTCACAGTAACCGCAGCTACCCTGCTG,90
22C,6,pos,17,CTAACTGTTACCGTTACTGCAGCAACCCTACTC,34
22C,6,pos,17,CTAACTGTAACCGTTACTGCAGCAACCCTACTC,34
22C,6,pos,17,CTAACTGTAACCGTTACTGCGGCAACCCTACTC,21
22C,6,pos,17,CTAACTGTTACGGTTACTGCAGCAACCCTACTC,20
22C,6,pos,17,CTGACTGTTACGGTTACAGCAGCAACCCTACTC,15
22C,6,pos,17,CTAACCGTCACAGTTACCGCAGCTACCCTGCTG,13
22C,6,pos,17,CTAACCGTCACTGTTACTGCTGCAACCCTACTA,9
22C,6,pos,17,CTAACCGTCACTGTTACTGCTGCAACCCTACTC,9
22C,6,pos,17,CTAACCGTCACAGTTACCGCAGCTACCCTACTG,9
22C,6,pos,17,CTAACTGTAACCGTCACTGCGGCAACTCTGCTC,8
22C,6,pos,17,CTAACTGTTACTGTTACTGCAGCAACCCTACTC,8
22C,6,pos,17,CTGACTGTTACTGTTACTGCTGCAACCCTACTA,5
22C,6,pos,17,CTAACTGTCACTGTTACTGCTGCAACCCTACTC,5
22C,6,pos,17,CTGACCGTTACTGTTACTGCTGCAACCCTACTA,5
22C,6,pos,17,CTAACTGTCACTGTTACTGCAGCAACCCTACTC,5
22C,6,pos,17,CTAACCGTTACTGTTACTGCAGCAACCCTACTC,5
22C,6,pos,17,CTGACCGTTACTGTTACTGCTGCTACCCTACTA,4
22C,6,pos,17,CTAACTGTTACTGTTACTGCTGCAACCCTACTC,4
22C,6,pos,17,CTGACCGTTACTGTTACTGCAGCAACCCTACTC,4
22C,6,pos,17,CTAACCGTTACTGTTACTGCTGCGACCCTACTA,4
22C,6,pos,17,CTAACTGTTACGGTTACAGCAGCAACCCTACTC,3
22C,6,pos,17,CTAACTGTCACCGTTACTGCTGCAACCCTACTC,3
22C,6,pos,17,CTAACTGTAACCGTTACTGCGGCAACCCTGCTC,3
22C,6,pos,17,CTGACTGTTACTGTTACTGCAGCAACCCTACTC,3
22C,6,pos,17,CTAACTGTAACCGTTACTGCGGCAACTCTGCTC,3
22C,6,pos,17,CTAACCGTTACTGTTACTGCTGCAACCCTACTA,3
22C,6,pos,17,CTGACTGTTACGGTTACTGCAGCAACCCTACTC,3
22C,6,pos,17,CTGACCGTTACTGTTACTGCAGCAACCCTACTT,2
22C,6,pos,17,CTAACCGTCACTGTTACTGCAGCGACCCTACTA,2
22C,6,pos,17,CTGACAGTTACTGTTACTGCTGCTACCCTACTA,2
22C,6,pos,17,CTAACCGTCACGGTTACAGCAGCAACCCTACTC,2
22C,6,pos,17,CTCACCGTTACTGTCACTGCAGCAACCCTACTT,2
22C,6,pos,17,CTAACTGTAACCGTTACTGCTGCAACCCTACTC,2
22C,6,pos,17,CTAACCGTCACAGTAACCGCAGCCACCCTGCTG,2
22C,6,pos,17,CTAACCGTTACTGTTACTGCAGCAACCCTACTA,1
22C,6,pos,17,CTAACCGTCACTGTTACTGCTGCGACCCTACTT,1
22C,6,pos,17,CTAACCGTCACTGTTACTGCGGCAACCCTACTT,1
22C,6,pos,17,CTAACGGTGACAGTTACCGCAGCTACCCTACTG,1
22C,6,pos,17,CTAACCGTCACGGTTACTGCAGCAACCCTACTC,1
22C,6,pos,17,CTAACCGTCACTGTCACTGCTGCGACCCTACTA,1
22C,6,pos,17,CTAACTGTTACTGTTACTGCTGCAACCCTACTA,1
22C,6,pos,17,CTGACAGTTACCGTTACAGCAGCCACCCTACTG,1
22C,6,pos,17,CTAACCGTCACTGTTACTGCCGCGACCCTACTA,1
22C,6,pos,17,CTGACCGTTACCGTTACAGCAGCAACCCTACTC,1
22C,6,pos,17,CTGACCGTTACTGTTACTGCTGCGACCCTACTA,1
22C,6,pos,17,CTAACTGTAACCGTCACTGCGGCAACCCTACTC,1
22C,6,pos,17,CTAACCGTCACTGTTACTGCTGCAACCCTCCTT,1
22C,6,pos,17,CTAACCGTCACTGTTACTGCAGCTACCCTACTA,1
22C,6,pos,17,CTAACCGTTACCGTTACAGCAGCCACCCTACTC,1
22C,6,pos,17,CTGACCGTCACTGTTACTGCTGCAACCCTACTA,1
22C,6,pos,17,CTAACCGTCACTGTTACTGCAGCTACCCTACTG,1
22C,6,pos,17,CTAACTGTCACCGTTACTGCAGCAACCCTACTC,1
22C,6,pos,17,CTCACGGTAACCGTTACAGCAGCAACTCTCCTA,1
22C,6,pos,17,CTGACCGTCACTGTCACTGCCGCCACGCTTCTA,1
22C,6,pos,17,CTAACCGTCACTGTCACCGCCGCCACTCTTCTT,1
22C,6,pos,17,CTAACCGTTACTGTTACAGCAGCGACCCTACTC,1
22C,6,pos,17,CTGACCGTTACTGTTACTGCAGCAACCCTACTA,1
22C,6,pos,17,CTAACTGTTACTGTTACTGCGGCAACCCTACTC,1
22C,6,pos,17,CTCACCGTTACTGTTACAGCAGCAACCCTACTC,1
22C,6,pos,17,CTAACTGTAACCGTCACTGCGGCAACCCTGCTC,1
22C,6,pos,17,CTAACCGTCACTGTTACAGCAGCCACCCTACTC,1
22C,6,pos,17,CTGACCGTTACTGTCACTGCTGCAACCCTACTA,1
22C,6,pos,17,CTAACCGTCACTGTTACTGCAGCAACCCTGCTC,1
22C,6,pos,17,CTAACCGTCACTGTTACCGCAGCCACCCTACTG,1
22C,6,pos,17,CTGACTGTTACTGTCACGGCTGCCACTCTCCTT,1
22C,6,pos,17,CTAACCGTTACTGTTACTGCAGCTACCCTACTA,1
22C,6,pos,17,CTGACTGTTACCGTTACTGCAGCAACCCTACTC,1
22C,6,pos,17,CTAACTGTAACTGTTACTGCTGCAACCCTACTC,1
22C,6,pos,17,CTGACAGTTACCGTTACAGCAGCCACGCTTCTG,1
22C,6,pos,17,CTAACTGTCACGGTTACTGCAGCAACCCTACTC,1
22C,6,pos,17,CTAACCGTCACTGTTACTGCAGCAACCCTACTC,1
22C,6,pos,17,CTCACCGTTACCGTTACAGCAGCCACCCTACTC,1
22C,6,pos,17,CTAACCGTCACAGTTACAGCAGCTACCCTACTG,1
22C,6,pos,17,CTGACCGTTACTGTTACAGCAGCAACCCTACTC,1
22C,6,pos,17,CTGACTGTTACTGTTACTGCTGCAACCCTACTC,1
22C,6,pos,18,CTAACCGTCACTGTTACTGCTGCGACCCTACTA,1611
22C,6,pos,18,CTAACCGTCACAGTAACCGCAGCTACCCTGCTG,22
22C,6,pos,18,CTAACCGTCACAGTTACCGCAGCTACCCTGCTG,1
22C,6,pos,18,CTAACCGTCACTGTTACTGCTGCGACTCTACTA,1
22C,6,pos,18,CTAACCGTCACTGTTACTGCTGCTACCCTACTA,1
22C,6,pos,18,CTAACCGTCACTGTTACTGCTGCGACCCTACTT,1
22C,6,neg,1,CTAACCGTCACAGTAACCGCAGCTACCCTGCTG,20
22C,6,neg,1,CTAACCGTCACTGTTACTGCTGCGACCCTACTA,1
22C,6,neg,2,CTAACCGTCACAGTAACCGCAGCTACCCTGCTG,21
22C,6,neg,3,CTAACCGTCACTGTTACTGCTGCGACCCTACTA,50
22C,6,neg,3,CTAACCGTCACAGTAACCGCAGCTACCCTGCTG,34
22C,6,neg,3,CTAACCGTCACTGTTACTGCTGCGACCCTGCTA,2
22C,6,neg,3,CTAACCGTCACTGTTACTGCTGCGACCCTGCTC,1
22C,6,neg,3,CTGACTGTTACAGTAACTGCTGCTACACTACTG,1
22C,6,neg,3,CTAACCGTTACAGTAACCGCAGCTACCCTGCTG,1
22C,6,neg,3,CTAACCGTCACAGTAACCGCAGCTACCCTACTG,1
22C,6,neg,3,CTCACCGTTACTGTCACTGCAGCAACCCTACTT,1
22C,7,pos,1,CTAACTGTAACCGTCACTGCGGCAACTCTGCTC,3147
22C,7,pos,1,CTAACCGTCACAGTAACCGCAGCTACCCTGCTG,15
22C,7,pos,1,CTAACTGTAACCGTCACTGCGGCAACTCTGCTT,4
22C,7,pos,1,CTAACTGTAACCGTCACTGCGGCAACTCTTCTC,3
22C,7,pos,1,CTAACTGTAACCGTCACTGCTGCAACTCTGCTC,3
22C,7,pos,1,CTAACTGTAACCGTCACTGCGGCAACGCTGCTC,1
22C,7,pos,1,CTAACTGTAACCGTCACTGCGGCAACCCTGCTC,1
22C,7,pos,1,CTAACCGTAACCGTCACTGCGGCAACTCTGCTC,1
22C,7,pos,1,CTGACAGTTACTGTCACTGCTGCTACCCTCCTA,1
22C,7,pos,1,CTAACTGTAACCGTCACTGCGGCAACTCTACTC,1
22C,7,pos,1,CTAACTGTAACTGTCACTGCGGCAACTCTGCTC,1
22C,7,pos,1,CTAACTGTAACCGTCACCGCGGCAACTCTGCTC,1
22C,7,pos,1,CTAACTGTAACCGTCACTGCGGCTACTCTGCTC,1
22C,7,pos,1,CTCACGGTGACAGTCACCGCAGCTACACTACTG,1
22C,7,pos,1,CTTACAGTTACCGTTACAGCAGCCACACTCCTG,1
22C,7,pos,2,CTCACCGTTACCGTTACAGCAGCCACTCTACTC,3049
22C,7,pos,2,CTAACTGTAACCGTCACTGCGGCAACTCTGCTC,115
22C,7,pos,2,CTAACCGTCACAGTAACCGCAGCTACCCTGCTG,64
22C,7,pos,2,CTAACCGTCACCGTAACCGCAGCTACCCTGCTC,5
22C,7,pos,2,CTAACTGTAACCGTTACTGCGGCAACTCTGCTC,4
22C,7,pos,2,CTCACCGTTACCGTTACAGCAGCCACTCTTCTC,3
22C,7,pos,2,CTAACTGTAACCGTCACTGCAGCAACTCTGCTC,3
22C,7,pos,2,CTTACGGTGACGGTCACAGCTGCTACCCTTCTC,3
22C,7,pos,2,CTAACCGTCACCGTAACCGCAGCTACCCTGCTG,3
22C,7,pos,2,CTGACCGTAACGGTCACCGCGGCAACTCTACTG,2
22C,7,pos,2,CTAACCGTCACAGTAACCGCAGCTACCCTGCTC,2
22C,7,pos,2,CTCACCGTTACCGTTACAGCAGCCACTCTACTT,2
22C,7,pos,2,CTCACCGTTACTGTCACTGCAGCAACCCTACTT,2
22C,7,pos,2,CTGACCGTCACTGTCACTGCCGCCACGCTTCTA,1
22C,7,pos,2,CTAACCGTAACCGTTACTGCAGCAACTCTGCTC,1
22C,7,pos,2,CTAACTGTAACCGTTACAGCAGCAACTCTGCTC,1
22C,7,pos,2,CTCACTGTCACGGTCACCGCAGCCACACTGCTC,1
22C,7,pos,2,CTAACCGTCACCGTAACTGCAGCTACCCTGCTC,1
22C,7,pos,2,CTAACCGTCACCGTCACTGCAGCTACCCTGCTC,1
22C,7,pos,2,CTAACCGTTACCGTAACCGCAGCTACCCTGCTC,1
22C,7,pos,2,CTAACTGTTACCGTCACTGCGGCAACTCTACTC,1
22C,7,pos,2,CTAACTGTCACCGTCACCGCAGCTACCCTGCTC,1
22C,7,pos,2,CTAACTGTTACCGTTACAGCAGCAACTCTACTC,1
22C,7,pos,2,CTAACCGTCACCGTAACCGCAGCTACTCTGCTC,1
22C,7,pos,2,CTAACTGTAACCGTTACAGCGGCAACTCTACTC,1
22C,7,pos,2,CTAACTGTCACAGTAACCGCAGCTACCCTGCTG,1
22C,7,pos,2,CTAACCGTTACCGTTACAGCAGCCACTCTGCTC,1
22C,7,pos,2,CTGACTGTAACCGTCACTGCCGCTACACTTCTC,1
22C,7,pos,2,CTAACCGTCACTGTTACTGCTGCAACCCTACTC,1
22C,7,pos,2,CTAACTGTAACCGTTACTGCAGCAACTCTACTC,1
22C,7,pos,2,CTAACTGTTACCGTCACTGCAGCAACTCTGCTC,1
22C,7,pos,2,CTAACTGTAACCGTCACTGCAGCAACCCTGCTC,1
22C,7,pos,2,CTTACCGTTACTGTGACTGCGGCGACACTCCTT,1
22C,7,pos,2,CTAACCGTAACCGTTACTGCGGCAACTCTACTC,1
22C,7,pos,2,CTAACTGTCACCGTCACTGCAGCAACCCTGCTC,1
22C,7,pos,2,CTCACTGTTACCGTTACAGCAGCCACTCTACTC,1
22C,7,pos,2,CTAACCGTCACCGTTACAGCAGCTACTCTGCTC,1
22C,7,pos,4,CTCACCGTTACCGTTACAGCAGCCACTCTACTC,2599
22C,7,pos,4,CTAACCGTCACAGTAACCGCAGCTACCCTGCTG,53
22C,7,pos,4,CTAACTGTTACCGTTACTGCAGCAACCCTACTC,38
22C,7,pos,4,CTAACTGTAACCGTTACTGCAGCAACCCTACTC,36
22C,7,pos,4,CTAACCGTCACAGTTACCGCAGCTACCCTGCTG,12
22C,7,pos,4,CTAACTGTAACCGTTACTGCGGCAACCCTACTC,10
22C,7,pos,4,CTAACCGTCACAGTTACCGCAGCTACCCTACTG,8
22C,7,pos,4,CTAACTGTTACGGTTACTGCAGCAACCCTACTC,6
22C,7,pos,4,CTAACCGTCACTGTTACTGCTGCGACCCTACTA,6
22C,7,pos,4,CTAACTGTTACCGTTACAGCAGCAACTCTACTC,5
22C,7,pos,4,CTAACTGTTACCGTTACAGCAGCAACCCTACTC,5
22C,7,pos,4,CTAACCGTTACCGTTACAGCAGCAACTCTACTC,4
22C,7,pos,4,CTAACTGTTACCGTTACTGCAGCAACTCTACTC,3
22C,7,pos,4,CTCACCGTTACCGTTACAGCAGCCACTCTACTT,3
22C,7,pos,4,CTAACCGTTACAGTTACAGCAGCTACCCTACTC,3
22C,7,pos,4,CTAACTGTAACCGTTACTGCAGCAACTCTGCTC,2
22C,7,pos,4,CTGACAGTTACTGTTACTGCTGCTACCCTACTA,2
22C,7,pos,4,CTGACTGTTACCGTTACAGCAGCAACCCTACTC,2
22C,7,pos,4,CTGACCGTTACCGTTACAGCAGCCACCCTACTC,1
22C,7,pos,4,CTAACTGTAACCGTTACTGCGGCAACCCTGCTC,1
22C,7,pos,4,CTCACCGTTACCGTTACAGCAGCAACCCTACTC,1
22C,7,pos,4,CTGACAGTTACTGTCACTGCTGCTACCCTCCTA,1
22C,7,pos,4,CTAACTGTCACGGTTACTGCAGCAACCCTACTC,1
22C,7,pos,4,CTAACCGTCACCGTTACAGCAGCAACCCTACTC,1
22C,7,pos,4,CTAACCGTCACCGTTACTGCTGCAACCCTACTC,1
22C,7,pos,4,CTAACTGTAACCGTTACTGCGGCAACTCTGCTC,1
22C,7,pos,4,CTAACTGTCACCGTTACTGCAGCAACCCTACTC,1
22C,7,pos,4,CTAACTGTCACCGTTACTGCAGCAACCCTGCTC,1
22C,7,pos,4,CTAACTGTAACCGTTACTGCGGCAACTCTACTC,1
22C,7,pos,4,CTAACCGTCACTGTTACAGCAGCTACCCTACTC,1
22C,7,pos,4,CTAACCGTCACAGTTACAGCAGCAACCCTACTC,1
22C,7,pos,4,CTTACGGTGACGGTCACAGCTGCTACCCTTCTC,1
22C,7,pos,4,CTAACCGTCACCGTTACTGCAGCAACCCTACTC,1
22C,7,pos,4,CTCACCGTAACGGTTACGGCGGCAACCCTACTC,1
22C,7,pos,4,CTCACCGTTACCGTTACAGCAGCAACTCTACTC,1
22C,7,pos,4,CTAACCGTCACAGTTACAGCAGCTACCCTACTC,1
22C,7,pos,4,CTGACAGTTACCGTTACAGCAGCCACCCTACTG,1
22C,7,pos,4,CTAACCGTTACCGTTACAGCAGCAACCCTACTC,1
22C,7,pos,4,CTGACAGTTACCGTTACAGCAGCCACGCTTCTG,1
22C,7,pos,4,CTAACTGTTACGGTTACAGCAGCAACCCTACTC,1
22C,7,pos,4,CTAACCGTCACGGTTACAGCAGCTACCCTACTC,1
22C,7,pos,4,CTCACCGTTACTGTTACAGCAGCCACTCTACTC,1
22C,7,pos,4,CTCACCGTCACCGTTACAGCAGCCACTCTACTC,1
22C,7,pos,4,CTAACTGTAACGGTTACAGCAGCAACCCTACTC,1
22C,7,pos,5,CTTACGGTTACTGTGACGGCAGCTACCCTCCTC,2487
22C,7,pos,5,CTAACCGTCACAGTAACCGCAGCTACCCTGCTG,41
22C,7,pos,5,CTAACTGTAACCGTCACTGCGGCAACTCTGCTC,20
22C,7,pos,5,CTAACTGTAACCGTTACTGCGGCAACCCTGCTC,5
22C,7,pos,5,CTAACTGTAACCGTTACTGCGGCAACTCTGCTC,3
22C,7,pos,5,CTTACTGTTACTGTGACGGCAGCTACCCTCCTC,3
22C,7,pos,5,CTTACGGTTACTGTGACGGCAGCTACCCTCCTT,2
22C,7,pos,5,CTAACTGTAACCGTCACTGCGGCAACCCTGCTC,2
22C,7,pos,5,CTTACGGTTACTGTGACTGCAGCTACCCTCCTC,2
22C,7,pos,5,CTAACTGTTACTGTCACTGCAGCTACCCTGCTC,1
22C,7,pos,5,CTTACGGTTACTGTGACGGCGGCTACCCTCCTC,1
22C,7,pos,5,CTAACCGTTACTGTTACTGCAGCTACCCTGCTC,1
22C,7,pos,5,CTAACCGTAACCGTTACTGCGGCAACCCTGCTC,1
22C,7,pos,5,CTAACTGTAACCGTTACTGCGGCTACTCTGCTC,1
22C,7,pos,5,CTAACTGTAACCGTTACTGCAGCTACCCTGCTC,1
22C,7,pos,5,CTAACGGTAACGGTAACGGCGGCAACCCTCCTT,1
22C,7,pos,5,CTAACTGTAACCGTTACTGCAGCAACCCTGCTC,1
22C,7,pos,5,CTTACGGTTACAGTGACGGCAGCTACCCTCCTC,1
22C,7,pos,5,CTAACTGTAACCGTCACTGCAGCAACCCTGCTC,1
22C,7,pos,5,CTAACTGTTACTGTTACTGCAGCAACCCTGCTC,1
22C,7,pos,5,CTAACCGTCACTGTTACCGCAGCTACCCTGCTC,1
22C,7,pos,5,CTAACTGTAACTGTTACTGCAGCTACCCTCCTC,1
22C,7,pos,5,CTAACCGTAACCGTTACTGCGGCTACCCTGCTC,1
22C,7,pos,5,CTAACCGTTACAGTAACCGCAGCTACCCTGCTC,1
22C,7,pos,6,CTAACTGTAACCGTCACTGCGGCAACTCTGCTC,3792
22C,7,pos,6,CTAACCGTCACAGTAACCGCAGCTACCCTGCTG,47
22C,7,pos,6,CTAACCGTCACTGTTACTGCTGCGACCCTACTA,30
22C,7,pos,6,CTAACTGTAACCGTTACTGCGGCAACTCTGCTC,13
22C,7,pos,6,CTAACTGTAACCGTTACTGCGGCAACCCTGCTC,8
22C,7,pos,6,CTAACCGTCACCGTTACTGCTGCAACCCTGCTC,6
22C,7,pos,6,CTAACCGTCACAGTAACTGCAGCTACCCTGCTG,4
22C,7,pos,6,CTAACCGTCACTGTTACTGCTGCAACCCTACTC,3
22C,7,pos,6,CTAACCGTCACTGTTACTGCAGCTACCCTGCTA,2
22C,7,pos,6,CTAACCGTAACCGTTACTGCGGCAACCCTGCTC,2
22C,7,pos,6,CTAACCGTCACTGTTACTGCTGCGACCCTACTC,2
22C,7,pos,6,CTGACAGTTACTGTCACTGCTGCTACCCTCCTA,2
22C,7,pos,6,CTAACCGTAACCGTCACTGCGGCAACTCTGCTC,2
22C,7,pos,6,CTAACCGTCACCGTTACTGCGGCAACCCTGCTC,2
22C,7,pos,6,CTAACCGTCACTGTTACTGCTGCAACCCTACTA,2
22C,7,pos,6,CTAACTGTAACCGTCACTGCGGCAACTCTGCTT,2
22C,7,pos,6,CTAACCGTCACTGTTACTGCAGCTACCCTACTA,2
22C,7,pos,6,CTAACCGTCACAGTTACCGCAGCTACCCTGCTG,2
22C,7,pos,6,CTAACCGTAACCGTTACTGCTGCAACCCTGCTC,1
22C,7,pos,6,CTAACTGTAACCGTCACTGCTGCAACTCTGCTC,1
22C,7,pos,6,CTAACCGTCACCGTTACTGCAGCTACCCTGCTC,1
22C,7,pos,6,CTAACCGTCACCGTTACTGCTGCGACCCTGCTC,1
22C,7,pos,6,CTGACTGTTACAGTAACTGCTGCTACACTACTG,1
22C,7,pos,6,CTAACTGTAACCGTTACTGCGGCAACTCTACTC,1
22C,7,pos,6,CTAACTGTAACCGTCACTGCCGCAACTCTGCTC,1
22C,7,pos,6,CTAACCGTCACCGTTACTGCTGCAACTCTACTC,1
22C,7,pos,6,CTAACTGTAACCGTTACTGCGGCGACCCTACTC,1
22C,7,pos,6,CTAACCGTCACTGTTACTGCAGCTACCCTGCTG,1
22C,7,pos,6,CTAACCGTAACCGTTACTGCGGCAACTCTGCTC,1
22C,7,pos,6,CTTACTGTAACCGTCACTGCGGCAACTCTGCTC,1
22C,7,pos,6,CTAACCGTAACCGTTACTGCTGCAACTCTGCTC,1
22C,7,pos,6,CTAACCGTCACTGTTACTGCTGCGACCCTGCTA,1
22C,7,pos,6,CTAACCGTTACTGTTACTGCGGCGACACTCCTT,1
22C,7,pos,6,CTCACCGTTACTGTCACTGCAGCAACCCTACTT,1
22C,7,pos,6,CTAACCGTCACCGTTACTGCTGCGACCCTACTC,1
22C,7,pos,6,CTAACTGTCACCGTTACTGCTGCAACCCTGCTC,1
22C,7,pos,6,CTAACCGTCACCGTCACTGCGGCAACCCTGCTC,1
22C,7,pos,6,CTAACCGTCACTGTAACTGCAGCTACCCTGCTG,1
22C,7,pos,6,CTAACCGTCACTGTTACTGCTGCAACCCTGCTC,1
22C,7,pos,10,CTAACTGTAACCGTCACTGCGGCAACTCTGCTC,3743
22C,7,pos,10,CTAACCGTCACAGTAACCGCAGCTACCCTGCTG,42
22C,7,pos,10,CTAACTGTAACCGTCACTGCAGCAACTCTGCTC,4
22C,7,pos,10,CTAACCGTCACCGTAACCGCAGCTACCCTGCTG,3
22C,7,pos,10,CTAACTGTAACCGTCACCGCGGCAACTCTGCTC,2
22C,7,pos,10,CTAACTGTAACCGTCACTGCTGCAACTCTGCTC,2
22C,7,pos,10,CTAACTGTAACCGTCACTGCGGCAACTCTGCTT,2
22C,7,pos,10,CTAACTGTAACCGTCACTGCGGCAACTCTACTC,1
22C,7,pos,10,CTCACCGTTACTGTCACTGCAGCAACCCTACTT,1
22C,7,pos,10,CTAACTGTTACTGTCACTGCTGCAACCCTCCTC,1
22C,7,pos,10,CTGACAGTTACCGTTACAGCAGCCACGCTTCTG,1
22C,7,pos,10,CTTACGGTGACGGTCACAGCTGCTACCCTTCTC,1
22C,7,pos,10,CTAACCGTAACAGTAACCGCAGCTACCCTGCTG,1
22C,7,pos,10,CTAACTGTCACCGTCACCGCAGCAACCCTGCTC,1
22C,7,pos,10,CTGACAGTTACTGTCACTGCTGCTACCCTCCTA,1
22C,7,pos,10,CTAACTGTAACCGTCACTGCGGCAACTCTCCTC,1
22C,7,pos,11,CTAACCGTCACAGTAACCGCAGCTACCCTGCTG,18
22C,7,pos,11,CTGACAGTTACTGTCACTGCTGCTACCCTCCTA,2
22C,7,pos,11,CTGACAGTTACCGTTACAGCAGCCACGCTTCTG,1
22C,7,pos,12,CTAACTGTAACCGTCACTGCGGCAACTCTGCTC,633
22C,7,pos,12,CTAACCGTCACAGTAACCGCAGCTACCCTGCTG,61
22C,7,pos,12,CTGACAGTTACTGTCACTGCTGCTACCCTCCTA,7
22C,7,pos,12,CTTACAGTTACCGTTACAGCAGCCACACTCCTG,6
22C,7,pos,12,CTCACTGTAACAGTTACTGCTGCTACTCTACTT,6
22C,7,pos,12,CTAACCGTCACAGTTACCGCAGCTACCCTGCTG,5
22C,7,pos,12,CTCACTGTCACGGTCACCGCAGCCACACTGCTC,4
22C,7,pos,12,CTGACAGTTACCGTTACAGCAGCCACGCTTCTG,4
22C,7,pos,12,CTTACGGTTACTGTTACAGCTGCGACTCTGCTG,4
22C,7,pos,12,CTTACCGTTACTGTGACTGCGGCGACACTCCTT,3
22C,7,pos,12,CTAACCGTCACTGTTACTGCTGCGACCCTACTA,3
22C,7,pos,12,CTCACCGTTACTGTCACTGCAGCAACCCTACTT,3
22C,7,pos,12,CTAACTGTAACCGTTACTGCAGCAACCCTGCTC,3
22C,7,pos,12,CTCACCGTAACCGTCACAGCTGCTACGCTGCTT,3
22C,7,pos,12,CTGACTGTTACTGTCACGGCTGCCACTCTCCTT,3
22C,7,pos,12,CTTACTGTCACCGTTACCGCAGCAACACTACTT,2
22C,7,pos,12,CTTACCGTTACTGTAACGGCCGCAACGCTGCTT,2
22C,7,pos,12,CTTACGGTGACGGTCACAGCTGCTACCCTTCTC,2
22C,7,pos,12,CTGACTGTTACGGTTACAGCAGCAACCCTACTC,2
22C,7,pos,12,CTAACTGTCACCGTTACTGCAGCAACCCTGCTC,2
22C,7,pos,12,CTAACTGTAACCGTTACTGCGGCAACCCTACTC,2
22C,7,pos,12,CTAACTGTAACCGTCACTGCGGCAACCCTGCTC,2
22C,7,pos,12,CTAACTGTTACCGTTACTGCAGCAACCCTACTC,2
22C,7,pos,12,CTAACCGTCACGGTTACAGCAGCTACCCTACTC,2
22C,7,pos,12,CTCACTGTAACCGTTACAGCTGCTACACTTCTC,2
22C,7,pos,12,CTGACAGTCACAGTGACTGCCGCGACTCTTCTT,1
22C,7,pos,12,CTAACTGTGACCGTCACTGCGGCAACTCTGCTC,1
22C,7,pos,12,CTAACCGTCACGGTTACAGCAGCAACCCTACTC,1
22C,7,pos,12,CTAACTGTAACCGTCACTGCGGCGACTCTGCTC,1
22C,7,pos,12,CTAACTGTTACGGTTACTGCAGCAACCCTACTC,1
22C,7,pos,12,CTAACTGTAACCGTCACTGCTGCAACTCTGCTC,1
22C,7,pos,12,CTGACTGTTACAGTAACTGCTGCTACACTACTG,1
22C,7,pos,12,CTAACCGTAACGGTAACGGCGGCAACCCTCCTT,1
22C,7,pos,12,CTAACTGTAACCGTCACTGCCGCAACTCTGCTC,1
22C,7,pos,12,CTAACTGTAACCGTCACTGCAGCAACCCTGCTC,1
22C,7,pos,12,CTGACTGTTACCGTTACAGCAGCAACCCTACTC,1
22C,7,pos,12,CTAACTGTTACCGTTACAGCAGCAACCCTGCTC,1
22C,7,pos,12,CTAACCGTCACAGTTACAGCAGCTACCCTACTG,1
22C,7,pos,12,CTTACAGTGACAGTTACGGCAGCTACACTTCTC,1
22C,7,pos,12,CTAACCGTCACTGTTACTGCAGCAACCCTACTC,1
22C,7,pos,12,CTAACTGTAACCGTTACTGCGGCAACTCTGCTC,1
22C,7,pos,12,CTAACTGTTACCGTTACTGCAGCAACCCTGCTC,1
22C,7,pos,13,CTAACTGTAACCGTCACTGCGGCAACTCTGCTC,15647
22C,7,pos,13,CTAACCGTCACAGTAACCGCAGCTACCCTGCTG,36
22C,7,pos,13,CTAACTGTAACCGTCACTGCTGCAACTCTGCTC,9
22C,7,pos,13,CTAACTGTAACCGTCACTGCCGCAACTCTGCTC,5
22C,7,pos,13,CTAACTGTAACCGTCACTGCGGCAACTCTGCTT,4
22C,7,pos,13,CTAACTGTAACCGTCACTGCGGCAACTCTTCTC,3
22C,7,pos,13,CTAACTGTAACTGTCACTGCGGCAACTCTGCTC,2
22C,7,pos,13,CTAACCGTCACAGTAACTGCAGCTACCCTGCTG,2
22C,7,pos,13,CTAACGGTAACCGTCACTGCGGCAACTCTGCTC,1
22C,7,pos,13,CTAACAGTCACCGTTACTGCAGCTACCCTGCTT,1
22C,7,pos,13,CTGACAGTTACCGTTACAGCAGCCACGCTTCTG,1
22C,7,pos,13,CTAACTGTAACCGTCACAGCGGCAACTCTGCTC,1
22C,7,pos,13,CTAACTGTAACCGTCACTGCAGCAACCCTGCTC,1
22C,7,pos,13,CTAACCGTAACCGTCACTGCGGCAACTCTGCTC,1
22C,7,pos,13,CTCACCGTTACTGTCACTGCAGCAACCCTACTT,1
22C,7,pos,13,CTAACTGTAACCGTCACTGCGGCTACTCTGCTC,1
22C,7,pos,13,CTAACTGTAACCGTTACTGCGGCAACTCTGCTC,1
22C,7,pos,13,CTAACCGTCACTGTTACTGCTGCGACCCTACTA,1
22C,7,pos,13,CTAACGGTAACCGTAACGGCGGCAACCCTCCTT,1
22C,7,pos,13,CTAACCGTCACCGTTACTGCAGCTACCCTGCTC,1
22C,7,pos,13,CTAACTGTAACCGTCACTGCAGCAACTCTGCTC,1
22C,7,pos,13,CTAACTGTAACCGTCACTGCGGCAACCCTGCTC,1
22C,7,pos,13,CTAACTGTAACCGTCACGGCGGCAACTCTGCTC,1
22C,7,pos,13,CTTACCGTTACTGTGACTGCGGCGACACTCCTT,1
22C,7,pos,14,CTAACTGTAACCGTCACTGCGGCAACTCTGCTC,5020
22C,7,pos,14,CTAACCGTCACAGTAACCGCAGCTACCCTGCTG,43
22C,7,pos,14,CTAACTGTAACCGTCACTGCGGCAACTCTGCTT,6
22C,7,pos,14,CTAACCGTCACTGTTACTGCTGCGACCCTACTA,5
22C,7,pos,14,CTAACCGTCACTGTTACTGCAGCTACCCTGCTG,2
22C,7,pos,14,CTCACCGTTACTGTCACTGCAGCAACCCTACTT,2
22C,7,pos,14,CTAACTGTAACCGTCACTGCTGCAACTCTGCTC,2
22C,7,pos,14,CTAACTGTAACCGTCACTGCGGCAACCCTGCTC,1
22C,7,pos,14,CTAACCGTTACTGTCACTGCCGCAACGCTGCTT,1
22C,7,pos,14,CTAACCGTCACCGTCACTGCGGCAACCCTGCTC,1
22C,7,pos,14,CTAACCGTCACAGTAACTGCAGCTACCCTGCTG,1
22C,7,pos,14,CTAACGGTAACGGTAACTGCGGCAACCCTCCTT,1
22C,7,pos,14,CTCACTGTAACCGTTACAGCTGCTACACTTCTC,1
22C,7,pos,14,CTGACTGTTACTGTCACGGCTGCCACTCTCCTT,1
22C,7,pos,14,CTAACTGTAACCGTCACTGCGGCAACTCTCCTC,1
22C,7,pos,14,CTAACTGTAACTGTCACTGCGGCAACTCTGCTC,1
22C,7,pos,14,CTTACAGTTACCGTTACAGCAGCCACACTCCTG,1
22C,7,pos,14,CTAACCGTCACAGTTACCGCAGCTACCCTGCTG,1
22C,7,pos,14,CTTACAGTTACGGTCACTGCAGCCACGCTTCTC,1
22C,7,pos,14,CTAACTGTGACTGTAACTGCAGCCACGCTCCTT,1
22C,7,pos,14,CTAACCGTTACTGTCACTGCAGCAACCCTACTT,1
22C,7,pos,14,CTAACTGTGACCGTCACTGCGGCAACTCTGCTC,1
22C,7,pos,14,CTAACTGTAACCGTCACTGCAGCAACCCTGCTC,1
22C,7,pos,14,CTAACCGTCACTGTTACTGCAGCGACCCTACTA,1
22C,7,pos,14,CTAACTGTTACCGTCACTGCGGCAACTCTGCTC,1
22C,7,pos,14,CTAACCGTAACCGTCACTGCGGCAACTCTGCTC,1
22C,7,pos,15,CTAACTGTAACCGTCACTGCGGCAACTCTGCTC,16436
22C,7,pos,15,CTAACCGTCACAGTAACCGCAGCTACCCTGCTG,60
22C,7,pos,15,CTGACAGTTACTGTCACTGCTGCTACCCTCCTA,12
22C,7,pos,15,CTCACCGTTACTGTCACTGCAGCAACCCTACTT,9
22C,7,pos,15,CTGACTGTTACGGTTACAGCAGCAACCCTACTC,9
22C,7,pos,15,CTAACTGTAACCGTCACTGCGGCAACTCTGCTT,8
22C,7,pos,15,CTTACGGTGACGGTCACAGCTGCTACCCTTCTC,8
22C,7,pos,15,CTCACTGTCACGGTCACCGCAGCCACACTGCTC,7
22C,7,pos,15,CTCACTGTAACCGTTACAGCTGCTACACTTCTC,5
22C,7,pos,15,CTGACTGTTACTGTCACGGCTGCCACTCTCCTT,5
22C,7,pos,15,CTGACCGTAACGGTCACCGCGGCAACTCTACTG,4
22C,7,pos,15,CTAACTGTAACCGTCACTGCAGCAACTCTGCTC,4
22C,7,pos,15,CTAACTGTAACCGTCACTGCTGCAACTCTGCTC,4
22C,7,pos,15,CTTACCGTTACTGTGACTGCGGCGACACTCCTT,3
22C,7,pos,15,CTAACTGTAACGGTAACGGCGGCAACCCTCCTC,3
22C,7,pos,15,CTAACTGTAACCGTCACTGCGGCAACCCTGCTC,3
22C,7,pos,15,CTTACAGTGACAGTTACGGCAGCTACACTTCTC,3
22C,7,pos,15,CTGACAGTTACCGTTACAGCAGCCACGCTTCTG,2
22C,7,pos,15,CTAACCGTCACAGTAACCGCAGCTACCCTACTG,2
22C,7,pos,15,CTAACTGTAACCGTCACTGCGGCAACTCTCCTC,2
22C,7,pos,15,CTTACCGTTACTGTAACGGCCGCAACGCTGCTT,2
22C,7,pos,15,CTAACTGTAACCGTGACAGCAGCTACACTGCTT,2
22C,7,pos,15,CTGACGGTAACAGTGACAGCAGCAACCCTACTT,2
22C,7,pos,15,CTAACTGTAACCGTCACTGCAGCAACCCTGCTC,2
22C,7,pos,15,CTTACGGTTACTGTTACAGCTGCGACTCTGCTG,2
22C,7,pos,15,CTGACAGTCACAGTGACTGCCGCGACTCTTCTT,2
22C,7,pos,15,CTAACTGTAACGGTCACTGCGGCAACTCTGCTC,1
22C,7,pos,15,CTAACTGTTACCGTTACAGCAGCAACCCTGCTC,1
22C,7,pos,15,CTAACTGTTACGGTAACAGCTGCGACGCTTCTC,1
22C,7,pos,15,CTAACTGTCACAGTAACCGCAGCAACCCTGCTC,1
22C,7,pos,15,CTCACGGTGACAGTCACCGCAGCTACACTACTG,1
22C,7,pos,15,CTGACTGTAACCGTCACTGCGGCAACTCTGCTC,1
22C,7,pos,15,CTAACTGTCACAGTAACCGCAGCTACCCTGCTG,1
22C,7,pos,15,CTTACTGTTACGGTAACCGCAGCCACGCTCCTT,1
22C,7,pos,15,CTAACTGTAACCGTCACTGCGGCAACTCTTCTC,1
22C,7,pos,15,CTTACTGTCACCGTTACCGCAGCAACACTACTT,1
22C,7,pos,15,CTAACTGTAACCGTCACTGCGGCTACCCTGCTC,1
22C,7,pos,15,CTAACTGTAACCGTCACCGCGGCAACTCTGCTC,1
22C,7,pos,15,CTCACCGTAACCGTCACAGCTGCTACGCTGCTT,1
22C,7,pos,15,CTGACTGTTACAGTAACTGCTGCTACACTACTG,1
22C,7,pos,15,CTTACAGTTACCGTGACCGCTGCTACGCTACTT,1
22C,7,pos,15,CTAACTGTAACCGTCACTGCGGCAACCCTCCTT,1
22C,7,pos,15,CTAACTGTAACCGTCACTGCAGCAACGCTTCTG,1
22C,7,pos,15,CTAACTGTAACCGTCACTGCCGCAACTCTGCTC,1
22C,7,pos,15,CTAACTGTAACGGTCACTGCGGCAACCCTGCTC,1
22C,7,pos,15,CTAACTGTAACTGTCACTGCGGCAACTCTGCTC,1
22C,7,pos,16,CTAACTGTAACCGTCACTGCGGCAACTCTGCTC,4614
22C,7,pos,16,CTAACCGTCACAGTAACCGCAGCTACCCTGCTG,82
22C,7,pos,16,CTAACCGTCACTGTTACTGCTGCGACCCTACTA,21
22C,7,pos,16,CTAACCGTCACCGTCACTGCGGCAACCCTGCTC,3
22C,7,pos,16,CTAACCGTCACAGTAACTGCAGCTACCCTGCTG,3
22C,7,pos,16,CTAACTGTAACCGTCACTGCTGCAACTCTGCTC,3
22C,7,pos,16,CTAACTGTAACCGTCACTGCGGCAACCCTGCTC,2
22C,7,pos,16,CTCACCGTTACTGTCACTGCAGCAACCCTACTT,1
22C,7,pos,16,CTAACTGTAACCGTCACTGCAGCAACTCTGCTC,1
22C,7,pos,16,CTAACGGTAACGGTAACTGCGGCAACCCTCCTT,1
22C,7,pos,16,CTAACCGTCACCGTCACTGCAGCTACCCTGCTC,1
22C,7,pos,16,CTAACTGTAACCGTTACTGCGGCAACTCTGCTC,1
22C,7,pos,16,CTAACCGTCACCGTTACTGCTGCGACCCTGCTA,1
22C,7,pos,16,CTAACCGTAACCGTCACTGCGGCAACTCTGCTC,1
22C,7,pos,16,CTAACCGTCACAGTTACTGCAGCTACCCTGCTG,1
22C,7,pos,16,CTAACTGTAACCGTCACTGCGGCAACTCTGCTT,1
22C,7,pos,16,CTAACCGTCACTGTTACTGCAGCTACCCTACTA,1
22C,7,pos,16,CTAACTGTAACCGTCACTGCCGCAACTCTGCTC,1
22C,7,pos,16,CTAACCGTAACTGTCACTGCAGCAACCCTACTT,1
22C,7,pos,16,CTGACAGTTACCGTTACAGCAGCCACGCTTCTG,1
22C,7,pos,16,CTAACCGTTACTGTAACTGCCGCAACGCTGCTT,1
22C,7,pos,16,CTAACTGTAACCGTCACTGCGGCAACTCTCCTC,1
22C,7,pos,16,CTAACCGTCACTGTTACTGCTGCTACCCTGCTA,1
22C,7,pos,16,CTAACCGTCACAGTTACTGCAGCTACCCTGCTA,1
22C,7,pos,16,CTCACGGTAACCGTGACAGCAGCAACTCTCCTA,1
22C,7,pos,16,CTAACCGTCACAGTTACTGCTGCTACCCTGCTA,1
22C,7,pos,16,CTGACTGTTACAGTAACTGCTGCTACACTACTG,1
22C,7,pos,17,CTAACTGTAACCGTCACTGCGGCAACTCTGCTC,4059
22C,7,pos,17,CTAACCGTCACAGTAACCGCAGCTACCCTGCTG,32
22C,7,pos,17,CTAACTGTAACCGTCACTGCAGCAACCCTGCTC,6
22C,7,pos,17,CTAACTGTAACCGTCACTGCGGCAACTCTGCTT,3
22C,7,pos,17,CTAACTGTCACAGTAACCGCAGCTACCCTGCTG,2
22C,7,pos,17,CTAACTGTAACCGTCACCGCAGCAACCCTGCTC,2
22C,7,pos,17,CTAACTGTCACCGTAACCGCAGCTACCCTGCTG,2
22C,7,pos,17,CTCACCGTTACTGTCACTGCAGCAACCCTACTT,2
22C,7,pos,17,CTAACTGTAACCGTCACTGCTGCAACTCTGCTC,2
22C,7,pos,17,CTAACTGTAACTGTCACTGCGGCAACTCTGCTC,2
22C,7,pos,17,CTAACCGTCACCGTCACCGCAGCTACCCTGCTG,1
22C,7,pos,17,CTAACTGTAACCGTCACTGCCGCAACTCTGCTC,1
22C,7,pos,17,CTAACTGTCACCGTAACCGCAGCAACCCTGCTG,1
22C,7,pos,17,CTAACTGTAACCGTCACTGCGGCAACCCTGCTC,1
22C,7,pos,17,CTAACTGTCACAGTAACCGCAGCTACCCTGCTC,1
22C,7,pos,17,CTAACTGTAACCGTCACTGCGGCAACTCTCCTC,1
22C,7,pos,17,CTGACCGTAACGGTCACCGCGGCAACTCTACTG,1
22C,7,pos,17,CTGACAGTTACCGTTACAGCAGCCACGCTTCTG,1
22C,7,pos,17,CTAACCGTAACCGTCACTGCGGCAACTCTGCTC,1
22C,7,pos,17,CTAACGGTAACCGTCACTGCGGCAACTCTGCTC,1
22C,7,pos,17,CTAACTGTAACCGTCACTGCGGCAACTCTTCTC,1
22C,7,pos,17,CTAACTGTCACCGTAACCGCAGCTACCCTGCTC,1
22C,7,pos,17,CTAACTGTAACCGTAACCGCAGCTACCCTGCTC,1
22C,7,pos,17,CTAACTGTCACCGTCACTGCAGCAACCCTGCTC,1
22C,7,pos,17,CTAACTGTAACCGTCACCGCGGCAACTCTACTC,1
22C,7,pos,17,CTAACTGTAACCGTAACTGCAGCAACCCTGCTG,1
22C,7,pos,17,CTAACTGTAACCGTCACTGCAGCAACTCTGCTC,1
22C,7,pos,17,CTAACCGTCACCGTCACTGCAGCTACCCTGCTG,1
22C,7,pos,17,CTTACTGTTACTGTAACGGCCGCAACGCTGCTT,1
22C,7,pos,18,CTAACTGTAACCGTCACTGCGGCAACTCTGCTC,26747
22C,7,pos,18,CTAACCGTCACAGTAACCGCAGCTACCCTGCTG,11
22C,7,pos,18,CTAACTGTAACCGTCACTGCGGCAACTCTGCTT,7
22C,7,pos,18,CTAACTGTAACCGTCACTGCTGCAACTCTGCTC,6
22C,7,pos,18,CTAACTGTAACCGTCACTGCGGCAACCCTGCTC,4
22C,7,pos,18,CTAACTGTAACCGTCACTGCGGCAACTCTACTC,3
22C,7,pos,18,CTAACTGTAACCGTCACTGCCGCAACTCTGCTC,3
22C,7,pos,18,CTAACCGTAACCGTCACTGCGGCAACTCTGCTC,3
22C,7,pos,18,CTAACTGTAACCGTCACTGCGGCAACTCTTCTC,2
22C,7,pos,18,CTAACTGTGACCGTCACTGCGGCAACTCTGCTC,2
22C,7,pos,18,CTCACCGTTACTGTCACTGCAGCAACCCTACTT,1
22C,7,pos,18,CTAACTGTAACCGTCACTGCAGCAACTCTGCTC,1
22C,7,pos,18,CTAACTGTAACCGTCACTGCGGCTACTCTGCTC,1
22C,7,pos,18,CTGACTGTAACCGTCACTGCGGCAACTCTGCTC,1
22C,7,pos,18,CTAACTGTAACCGTCACTGCGGCAACGCTACTC,1
22C,7,pos,18,CTCACCGTAACCGTCACAGCTGCTACGCTGCTT,1
22C,7,pos,18,CTAACTGTAACCGTCACGGCGGCAACTCTGCTC,1
22C,7,pos,18,CTAACTGTAACCGTCACTGCGGCGACTCTGCTC,1
22C,7,neg,1,CTAACCGTCACAGTAACCGCAGCTACCCTGCTG,35
22C,7,neg,1,CTAACTGTAACCGTCACTGCGGCAACTCTGCTC,5
22C,7,neg,1,CTGACTGTTACTGTCACGGCTGCCACTCTCCTT,2
22C,7,neg,1,CTGACAGTTACCGTTACAGCAGCCACGCTTCTG,1
22C,7,neg,1,CTTACCGTTACTGTAACGGCCGCAACGCTGCTT,1
22C,7,neg,1,CTGACCGTAACGGTCACCGCGGCAACTCTACTG,1
22C,7,neg,1,CTCACTGTCACGGTCACCGCAGCCACACTGCTC,1
22C,7,neg,2,CTAACCGTCACAGTAACCGCAGCTACCCTGCTG,40
22C,7,neg,2,CTTACGGTTACTGTTACAGCTGCGACTCTGCTG,3
22C,7,neg,2,CTAACCGTCACGGTTACAGCAGCTACCCTACTC,2
22C,7,neg,2,CTCACGGTGACAGTCACCGCAGCTACACTACTG,2
22C,7,neg,2,CTAACCGTCACAGTTACCGCAGCTACCCTACTG,2
22C,7,neg,2,CTTACGGTGACGGTCACAGCTGCTACCCTTCTC,1
22C,7,neg,2,CTTACCGTTACTGTGACTGCGGCGACACTCCTT,1
22C,7,neg,2,CTGACTGTTACTGTCACGGCTGCCACTCTCCTT,1
22C,7,neg,2,CTGACAGTTACCGTTACAGCAGCCACGCTTCTG,1
22C,7,neg,2,CTCACCGTAACCGTCACAGCTGCTACGCTGCTT,1
22C,7,neg,3,CTAACCGTCACAGTAACCGCAGCTACCCTGCTG,27
22C,7,neg,3,CTCACCGTTACCGTTACAGCAGCCACTCTACTC,7
22C,7,neg,3,CTGACAGTTACCGTTACAGCAGCCACGCTTCTG,2
22C,7,neg,3,CTTACCGTTACTGTGACTGCGGCGACACTCCTT,2
22C,7,neg,3,CTAACCGTCACAGTAACAGCAGCTACCCTGCTG,1
22C,7,pos,7,CTAACTGTAACCGTCACTGCGGCAACTCTGCTC,10289
22C,7,pos,7,CTAACCGTCACAGTAACCGCAGCTACCCTGCTG,44
22C,7,pos,7,CTAACTGTAACCGTCACTGCAGCAACCCTGCTC,5
22C,7,pos,7,CTAACTGTAACCGTCACTGCGGCAACTCTGCTT,5
22C,7,pos,7,CTAACTGTAACCGTCACTGCGGCAACTCTCCTC,4
22C,7,pos,7,CTAACTGTAACCGTCACTGCTGCAACTCTGCTC,4
22C,7,pos,7,CTAACTGTAACCGTCACTGCCGCAACTCTGCTC,2
22C,7,pos,7,CTAACTGTGACCGTCACTGCGGCAACTCTGCTC,1
22C,7,pos,7,CTAACTGTCACAGTAACCGCAGCTACCCTGCTG,1
22C,7,pos,7,CTAACTGTAACCGTCACTGCGGCAACTCTACTC,1
22C,7,pos,7,CTAACTGTTACCGTTACAGCAGCAACTCTGCTC,1
22C,7,pos,7,CTAACTGTTACCGTTACTGCAGCAACCCTGCTC,1
22C,7,pos,7,CTAACTGTAACCGTCACTGCGGCAACTCTGCTA,1
22C,7,pos,7,CTAACTGTAACCGTCACTGCGGCAACCCTGCTC,1
22C,7,pos,7,CTAACTGTCACAGTAACCGCAGCAACCCTGCTC,1
22C,7,pos,7,CTGACTGTTACGGTCACTGCAGCTACCCTCCTC,1
22C,7,pos,7,CTAACCGTCACAGTAACCGCAGCTACCCTGCTC,1
22C,7,pos,7,CTAACCGTAACCGTCACTGCGGCAACTCTGCTC,1
22C,7,pos,7,CTAACTGTCACAGTTACCGCAGCAACCCTGCTC,1
22C,7,pos,7,CTAACTGTAACCGTCACTGCGGCTACTCTGCTC,1
22C,7,pos,7,CTAACTGTAACCGTCACCGCTGCAACTCTGCTC,1
22C,7,pos,7,CTAACTGTAACTGTCACTGCGGCAACTCTGCTC,1
22C,7,pos,8,CTAACTGTAACCGTCACTGCGGCAACTCTGCTC,7123
22C,7,pos,8,CTAACCGTCACAGTAACCGCAGCTACCCTGCTG,105
22C,7,pos,8,CTAACCGTCACTGTTACTGCTGCGACCCTACTA,94
22C,7,pos,8,CTAACCGTCACTGTTACTGCTGCGACCCTGCTA,22
22C,7,pos,8,CTAACCGTCACCGTTACTGCTGCAACCCTGCTC,9
22C,7,pos,8,CTAACCGTCACCGTCACTGCGGCAACCCTGCTC,7
22C,7,pos,8,CTAACCGTCACTGTTACTGCTGCAACCCTGCTC,7
22C,7,pos,8,CTAACCGTCACCGTTACTGCGGCAACCCTGCTC,6
22C,7,pos,8,CTAACCGTCACTGTTACTGCTGCGACCCTGCTC,5
22C,7,pos,8,CTAACCGTCACAGTAACTGCAGCTACCCTGCTG,5
22C,7,pos,8,CTAACTGTAACCGTCACTGCGGCAACTCTGCTT,5
22C,7,pos,8,CTAACTGTAACCGTCACTGCTGCAACTCTGCTC,4
22C,7,pos,8,CTAACCGTCACTGTTACTGCTGCAACCCTACTC,3
22C,7,pos,8,CTAACTGTAACCGTTACTGCGGCAACTCTGCTC,3
22C,7,pos,8,CTAACCGTCACTGTTACTGCTGCAACCCTGCTA,3
22C,7,pos,8,CTAACTGTAACCGTCACTGCGGCAACCCTGCTC,3
22C,7,pos,8,CTAACCGTAACCGTCACTGCGGCAACCCTGCTC,2
22C,7,pos,8,CTAACCGTCACAGTTACTGCAGCTACCCTGCTG,2
22C,7,pos,8,CTAACCGTCACTGTTACTGCTGCGACCCTACTC,2
22C,7,pos,8,CTCACCGTTACTGTCACTGCAGCAACCCTACTT,2
22C,7,pos,8,CTAACAGTTACTGTCACTGCTGCTACCCTCCTA,2
22C,7,pos,8,CTAACCGTAACCGTCACTGCGGCAACTCTGCTC,2
22C,7,pos,8,CTAACTGTAACCGTCACTGCGGCAACCCTGCTT,2
22C,7,pos,8,CTAACCGTCACAGTCACTGCAGCTACCCTGCTG,1
22C,7,pos,8,CTAACCGTCACCGTTACTGCAGCTACCCTGCTG,1
22C,7,pos,8,CTAACTGTCACTGTCACTGCCGCCACTCTTCTT,1
22C,7,pos,8,CTGACAGTTACTGTCACTGCTGCTACCCTCCTA,1
22C,7,pos,8,CTAACCGTCACCGTTACAGCAGCCACCCTACTC,1
22C,7,pos,8,CTTACGGTGACGGTCACAGCTGCTACCCTTCTC,1
22C,7,pos,8,CTAACTGTAACCGTCACTGCAGCAACTCTGCTC,1
22C,7,pos,8,CTAACCGTCACCGTCACTGCAGCTACCCTGCTG,1
22C,7,pos,8,CTAACCGTCACCGTTACTGCTGCGACCCTACTA,1
22C,7,pos,8,CTAACCGTTACTGTCACTGCTGCTACCCTACTA,1
22C,7,pos,8,CTAACCGTCACCGTTACTGCAGCAACCCTGCTG,1
22C,7,pos,8,CTAACCGTCACAGTAACCGCAGCTACCCTGCTC,1
22C,7,pos,8,CTAACTGTAACCGTCACTGCCGCAACTCTGCTC,1
22C,7,pos,8,CTAACCGTCACCGTTACTGCTGCTACCCTACTT,1
22C,7,pos,8,CTAACAGTAACCGTCACTGCTGCTACTCTACTT,1
22C,7,pos,8,CTAACTGTAACCGTCACCGCGGCAACTCTGCTC,1
22C,7,pos,8,CTAACCGTCACCGTCACTGCAGCTACCCTGCTC,1
22C,7,pos,8,CTAACCGTCACTGTTACTGCTGCTACCCTACTA,1
22C,7,pos,8,CTAACCGTAACAGTAACCGCGGCAACCCTGCTG,1
22C,7,pos,8,CTAACGGTAACCGTCACTGCGGCAACTCTGCTC,1
22C,7,pos,8,CTAACCGTCACCGTTACTGCTGCGACCCTGCTA,1
22C,7,pos,8,CTAACCGTCACTGTCACTGCGGCAACCCTACTC,1
22C,7,pos,8,CTGACTGTTACTGTCACGGCTGCCACTCTCCTT,1
22C,7,pos,8,CTAACTGTAACCGTCACTGCGGCGACTCTGCTC,1
22C,7,pos,8,CTGACAGTTACCGTTACAGCAGCCACGCTTCTG,1
22C,7,pos,8,CTAACTGTCACTGTTACTGCTGCAACCCTACTC,1
22C,7,pos,8,CTAACCGTCACAGTAACTGCAGCAACCCTGCTC,1
22C,7,pos,8,CTAACCGTCACCGTTACTGCAGCGACCCTACTG,1
22C,7,pos,8,CTAACCGTCACTGTTACTGCTGCTACCCTGCTA,1
22C,7,pos,8,CTAACTGTAACCGTTACTGCGGCAACCCTGCTC,1
22C,7,pos,8,CTAACCGTCACTGTTACTGCAGCTACCCTGCTA,1
22C,7,pos,8,CTAACTGTAACTGTCACTGCTGCAACCCTGCTA,1
22C,7,pos,8,CTAACCGTCACCGTCACTGCGGCAACCCTGCTA,1
22C,7,pos,8,CTAACCGTCACTGTTACTGCTGCAACCCTACTA,1
22C,7,pos,8,CTAACTGTAACCGTCACTGCGGCAACTCTACTC,1
22C,7,pos,8,CTAACCGTCACCGTTACTGCAGCGACCCTGCTG,1
22C,7,pos,9,CTAACTGTAACCGTCACTGCGGCAACTCTGCTC,5360
22C,7,pos,9,CTAACCGTCACAGTAACCGCAGCTACCCTGCTG,19
22C,7,pos,9,CTAACTGTAACCGTCACTGCGGCAACTCTACTC,2
22C,7,pos,9,CTTACGGTTACTGTTACAGCTGCGACTCTGCTG,2
22C,7,pos,9,CTAACTGTGACCGTCACTGCGGCAACTCTGCTC,2
22C,7,pos,9,CTAACTGTAACCGTCACTGCGGCAACTCTGCTT,2
22C,7,pos,9,CTAACTGTAACCGTCACTGCTGCAACTCTGCTC,1
22C,7,pos,9,CTTACTGTAACCGTCACTGCGGCAACTCTGCTC,1
22C,7,pos,9,CTAACTGTAACCGTCACTGCGGCAACTCTTCTC,1
22C,7,pos,9,CTAACTGTAACCGTCACTGCAGCAACTCTGCTC,1
22C,7,pos,9,CTAACCGTCACAGTAACCGCGGCTACCCTGCTG,1
22C,7,pos,9,CTCACGGTTACTGTGACCGCGGCGACCCTACTT,1
22C,10,pos,1,CTGACTGTTACGGTTACAGCAGCAACCCTACTC,2609
22C,10,pos,1,CTAACCGTCACAGTAACCGCAGCTACCCTGCTG,68
22C,10,pos,1,CTAACCGTCACTGTTACTGCTGCGACCCTACTA,7
22C,10,pos,1,CTAACCGTCACAGTTACCGCAGCTACCCTGCTG,6
22C,10,pos,1,CTAACCGTCACAGTTACCGCAGCTACCCTACTG,5
22C,10,pos,1,CTAACCGTCACTGTTACTGCAGCTACCCTACTA,3
22C,10,pos,1,CTAACCGTCACTGTTACTGCAGCGACCCTACTG,1
22C,10,pos,1,CTAACGGTAACGGTAACGGCGGCAACCCTCCTT,1
22C,10,pos,1,CTGACAGTTACTGTCACTGCTGCTACCCTCCTA,1
22C,10,pos,1,CTTACCGTTACTGTGACTGCGGCGACACTCCTT,1
22C,10,pos,1,CTCACCGTTACTGTCACTGCAGCAACCCTACTT,1
22C,10,pos,1,CTGACTGTCACGGTTACAGCAGCAACCCTACTC,1
22C,10,pos,1,CTAACCGTCACAGTTACAGCAGCTACCCTACTG,1
22C,10,pos,1,CTCACCGTTACCGTTACAGCAGCCACCCTACTC,1
22C,10,pos,1,CTAACCGTCACAGTAACCGCGGCAACCCTCCTT,1
22C,10,pos,1,CTAACCGTCACAGTAACAGCAGCTACCCTGCTG,1
22C,10,pos,1,CTAACCGTTACCGTTACAGCAGCCACCCTACTG,1
22C,10,pos,1,CTAACTGTTACGGTTACAGCAGCAACCCTACTC,1
22C,10,pos,1,CTGACTGTTACTGTTACAGCAGCAACCCTACTC,1
22C,10,pos,1,CTGACTGTTACGGTTACGGCAGCAACCCTACTC,1
22C,10,pos,1,CTAACCGTCACTGTTACTGCAGCTACCCTACTG,1
22C,10,pos,1,CTGACTGTTACTGTCACGGCTGCCACTCTCCTT,1
22C,10,pos,1,CTCACCGTAACCGTCACAGCTGCTACGCTGCTT,1
22C,10,pos,1,CTAACCGTCACTGTTACTGCAGCTACCCTGCTA,1
22C,10,pos,2,CTGACTGTTACGGTTACAGCAGCAACCCTACTC,4040
22C,10,pos,2,CTAACCGTCACAGTAACCGCAGCTACCCTGCTG,45
22C,10,pos,2,CTGACCGTTACGGTTACAGCAGCAACCCTACTC,2
22C,10,pos,2,CTGACGGTAACAGTGACAGCAGCAACCCTACTT,2
22C,10,pos,2,CTTACTGTTACGGTTACAGCAGCAACCCTACTC,2
22C,10,pos,2,CTAACTGTCACAGTAACCGCAGCAACCCTGCTC,2
22C,10,pos,2,CTAACCGTCACAGTAACAGCAGCTACCCTGCTG,1
22C,10,pos,2,CTTACCGTTACTGTGACTGCGGCGACACTCCTT,1
22C,10,pos,2,CTCACTGTTACGGTTACAGCAGCAACCCTACTC,1
22C,10,pos,2,CTGACTGTTACAGTAACTGCTGCTACACTACTG,1
22C,10,pos,2,CTAACCGTCACAGTAACCGCGGCAACCCTCCTT,1
22C,10,pos,2,CTCACCGTTACTGTCACTGCAGCAACCCTACTT,1
22C,10,pos,2,CTGACTGTTACGGTTACAGCAGCAACCCTTCTC,1
22C,10,pos,3,CTGACTGTTACGGTTACAGCAGCAACCCTACTC,3241
22C,10,pos,3,CTAACCGTCACAGTAACCGCAGCTACCCTGCTG,106
22C,10,pos,3,CTAACCGTCACTGTTACTGCTGCGACCCTACTA,11
22C,10,pos,3,CTAACCGTCACAGTTACCGCAGCTACCCTACTG,7
22C,10,pos,3,CTAACCGTCACAGTTACCGCAGCTACCCTGCTG,5
22C,10,pos,3,CTCACCGTTACCGTTACAGCAGCCACTCTACTC,2
22C,10,pos,3,CTAACCGTCACGGTTACAGCAGCAACCCTACTC,2
22C,10,pos,3,CTTACTGTTACGGTTACAGCAGCAACCCTACTC,2
22C,10,pos,3,CTGACTGTTACGGTTACAGCAGCAACCCTACTT,2
22C,10,pos,3,CTGACTGTTACCGTTACAGCAGCAACCCTACTC,2
22C,10,pos,3,CTCACCGTTACTGTCACTGCAGCAACCCTACTT,1
22C,10,pos,3,CTAACCGTCACTGTTACTGCTGCTACCCTACTA,1
22C,10,pos,3,CTAACCGTCACTGTTACTGCAGCTACCCTACTA,1
22C,10,pos,3,CTGACTGTTACGGTTACAGCGGCAACCCTACTC,1
22C,10,pos,3,CTAACGGTAACGGTTACAGCAGCAACCCTACTT,1
22C,10,pos,3,CTGACTGTCACGGTTACAGCAGCAACCCTACTC,1
22C,10,pos,3,CTTACCGTTACTGTGACTGCGGCGACACTCCTT,1
22C,10,pos,3,CTAACCGTCACAGTTACTGCAGCTACCCTGCTG,1
22C,10,pos,3,CTTACAGTTACCGTTACAGCAGCCACCCTCCTG,1
22C,10,pos,3,CTGACAGTTACCGTTACAGCAGCCACGCTTCTG,1
22C,10,pos,3,CTTACAGTTACCGTTACAGCAGCCACACTCCTG,1
22C,10,pos,3,CTAACCGTAACTGTGACGGCTGCAACGCTTCTG,1
22C,10,pos,3,CTAACCGTTACCGTTACAGCAGCCACCCTACTC,1
22C,10,pos,3,CTAACCGTTACTGTTACTGCAGCAACCCTACTT,1
22C,10,pos,3,CTAACCGTCACAGTTACTGCAGCTACCCTACTG,1
22C,10,pos,3,CTAACTGTAACAGTTACTGCTGCTACTCTACTT,1
22C,10,pos,3,CTAACCGTTACTGTTACTGCGGCGACCCTACTT,1
22C,10,pos,3,CTAACCGTCACAGTAACAGCAGCTACCCTGCTG,1
22C,10,pos,4,CTGACTGTTACGGTTACAGCAGCAACCCTACTC,5821
22C,10,pos,4,CTAACCGTCACAGTAACCGCAGCTACCCTGCTG,86
22C,10,pos,4,CTAACTGTAACCGTCACTGCGGCAACTCTGCTC,43
22C,10,pos,4,CTGACTGTTACCGTTACAGCAGCAACCCTACTC,23
22C,10,pos,4,CTAACTGTAACCGTCACTGCAGCAACCCTGCTC,12
22C,10,pos,4,CTAACTGTCACAGTAACCGCAGCAACCCTGCTC,8
22C,10,pos,4,CTAACTGTCACAGTAACCGCAGCTACCCTGCTG,7
22C,10,pos,4,CTAACTGTTACGGTTACAGCAGCAACCCTGCTC,5
22C,10,pos,4,CTGACTGTTACCGTTACAGCAGCAACGCTTCTC,4
22C,10,pos,4,CTGACAGTTACCGTTACAGCAGCCACGCTTCTG,3
22C,10,pos,4,CTAACTGTAACCGTCACTGCAGCAACTCTGCTC,3
22C,10,pos,4,CTGACTGTTACCGTTACAGCAGCAACTCTGCTC,3
22C,10,pos,4,CTGACTGTTACGGTTACAGCAGCAACCCTACTT,3
22C,10,pos,4,CTGACTGTAACCGTTACAGCAGCAACCCTACTC,3
22C,10,pos,4,CTGACTGTTACTGTTACAGCAGCAACCCTACTC,3
22C,10,pos,4,CTAACTGTCACCGTAACCGCAGCAACCCTGCTC,2
22C,10,pos,4,CTAACTGTAACCGTAACCGCAGCAACCCTGCTC,2
22C,10,pos,4,CTTACCGTTACTGTGACTGCGGCGACACTCCTT,2
22C,10,pos,4,CTCACTGTTACGGTTACAGCAGCAACCCTACTC,2
22C,10,pos,4,CTAACTGTCACAGTAACCGCAGCTACCCTGCTC,2
22C,10,pos,4,CTAACTGTTACCGTTACAGCAGCAACTCTGCTC,1
22C,10,pos,4,CTCACCGTTACTGTCACTGCAGCAACCCTACTT,1
22C,10,pos,4,CTGACTGTTACGGTCACAGCAGCAACCCTACTC,1
22C,10,pos,4,CTAACTGTCACAGTAACCGCGGCAACCCTCCTC,1
22C,10,pos,4,CTAACTGTAACCGTCACTGCGGCAACCCTGCTC,1
22C,10,pos,4,CTGACTGTCACGGTTACAGCAGCAACCCTACTC,1
22C,10,pos,4,CTAACTGTAACCGTAACCGCAGCTACCCTGCTG,1
22C,10,pos,4,CTAACTGTAACCGTCACTGCGGCAACTCTACTC,1
22C,10,pos,4,CTAACTGTAACCGTTACTGCTGCAACTCTACTT,1
22C,10,pos,4,CTAACTGTAACCGTCACAGCAGCAACCCTACTC,1
22C,10,pos,4,CTGACTGTTACAGTAACTGCTGCTACACTACTG,1
22C,10,pos,4,CTTACTGTTACGGTTACAGCAGCAACCCTACTC,1
22C,10,pos,4,CTAACTGTTACCGTTACAGCAGCCACTCTACTC,1
22C,10,pos,4,CTGACTGTTACGGTTACAGCAGCAACTCTACTC,1
22C,10,pos,4,CTAACTGTAACCGTCACCGCAGCAACCCTGCTC,1
22C,10,pos,4,CTGACTGTAACCGTTACAGCAGCAACTCTGCTC,1
22C,10,pos,4,CTGACTGTAACCGTTACAGCAGCAACCCTGCTC,1
22C,10,pos,4,CTCACTGTTACTGTCACTGCAGCAACCCTACTT,1
22C,10,pos,4,CTAACTGTCACCGTAACCGCAGCAACCCTGCTG,1
22C,10,pos,4,CTAACTGTCACAGTAACCGCAGCAACCCTGCTG,1
22C,10,pos,4,CTGACTGTTACGGTCACAGCAGCAACTCTACTC,1
22C,10,pos,4,CTAACTGTCACCGTCACCGCAGCAACCCTGCTC,1
22C,10,pos,4,CTGACTGTTACTGTCACGGCTGCCACTCTCCTT,1
22C,10,pos,4,CTCACGGTAACCGTGACAGCAGCAACTCTCCTA,1
22C,10,pos,4,CTAACTGTAACCGTCACTGCTGCAACTCTGCTC,1
22C,10,pos,4,CTAACTGTAACCGTTACAGCAGCAACTCTGCTC,1
22C,10,pos,4,CTAACCGTCACAGTAACAGCAGCTACCCTGCTG,1
22C,10,pos,4,CTCACTGTAACAGTTACTGCTGCTACTCTACTT,1
22C,10,pos,4,CTGACTGTAACCGTCACAGCAGCAACTCTGCTC,1
22C,10,pos,4,CTGACTGTTACGGTCACTGCAGCAACCCTACTC,1
22C,10,pos,4,CTAACTGTAACCGTTACAGCGGCAACCCTGCTC,1
22C,10,pos,4,CTCACTGTAACCGTCACAGCTGCTACGCTGCTT,1
22C,10,pos,4,CTGACTGTAACGGTTACAGCAGCAACCCTACTC,1
22C,10,pos,4,CTAACGGTAACGGTAACGGCGGCAACCCTCCTT,1
22C,10,pos,4,CTTACTGTTACCGTCACGGCCGCAACGCTGCTT,1
22C,10,pos,4,CTGACTGTAACCGTCACAGCAGCAACCCTACTC,1
22C,10,pos,4,CTAACTGTAACAGTAACCGCAGCAACCCTGCTC,1
22C,10,pos,4,CTCACCGTTACCGTTACAGCAGCCACTCTACTC,1
22C,10,pos,4,CTGACTGTTACGGTTACAGCAGCAACCCTGCTC,1
22C,10,pos,4,CTAACTGTAACCGTCACTGCGGCAACCCTACTC,1
22C,10,pos,4,CTTACTGTTACCGTTACAGCAGCAACACTCCTC,1
22C,10,pos,5,CTGACTGTTACGGTTACAGCAGCAACCCTACTC,3739
22C,10,pos,5,CTAACCGTCACAGTAACCGCAGCTACCCTGCTG,82
22C,10,pos,5,CTAACTGTAACCGTCACTGCAGCAACCCTGCTC,7
22C,10,pos,5,CTAACTGTCACAGTAACCGCAGCAACCCTGCTC,5
22C,10,pos,5,CTAACTGTTACGGTTACAGCAGCAACCCTGCTC,4
22C,10,pos,5,CTGACAGTTACCGTTACAGCAGCCACGCTTCTG,4
22C,10,pos,5,CTGACTGTTACCGTTACAGCAGCAACCCTACTC,3
22C,10,pos,5,CTAACTGTAACCGTCACTGCGGCAACTCTGCTC,3
22C,10,pos,5,CTAACCGTCACCGTAACCGCAGCTACCCTGCTG,2
22C,10,pos,5,CTGACTGTTACGGTTACAGCAGCAACCCTACTT,2
22C,10,pos,5,CTGACTGTTACCGTTACAGCAGCAACTCTGCTC,2
22C,10,pos,5,CTAACTGTCACAGTAACCGCAGCTACCCTGCTC,2
22C,10,pos,5,CTGACTGTTACCGTTACAGCAGCAACGCTTCTC,2
22C,10,pos,5,CTGACTGTTACAGTTACAGCAGCAACCCTACTC,1
22C,10,pos,5,CTAACCGTCACAGTAACAGCAGCTACCCTGCTG,1
22C,10,pos,5,CTTACCGTTACTGTGACTGCGGCGACACTCCTT,1
22C,10,pos,5,CTAACTGTCACCGTTACCGCAGCAACCCTGCTC,1
22C,10,pos,5,CTGACTGTCACGGTTACAGCAGCAACCCTACTC,1
22C,10,pos,5,CTCACCGTTACCGTTACAGCAGCCACTCTACTC,1
22C,10,pos,5,CTTACTGTTACGGTTACAGCAGCAACCCTACTC,1
22C,10,pos,5,CTAACTGTCACCGTAACTGCAGCAACCCTGCTC,1
22C,10,pos,5,CTAACTGTTACCGTTACAGCAGCAACTCTACTC,1
22C,10,pos,5,CTAACTGTCACCGTAACCGCAGCTACCCTGCTG,1
22C,10,pos,5,CTAACTGTAACCGTCACAGCTGCAACTCTGCTC,1
22C,10,pos,5,CTGACTGTTACCGTTACAGCAGCAACTCTACTC,1
22C,10,pos,5,CTAACTGTCACCGTAACCGCAGCAACCCTGCTC,1
22C,10,pos,5,CTAACTGTTACGGTTACAGCAGCAACCCTACTC,1
22C,10,pos,5,CTGACTGTTACTGTTACAGCAGCAACCCTACTC,1
22C,10,pos,5,CTTACTGTTACCGTTACAGCAGCAACACTCCTC,1
22C,10,pos,5,CTCACCGTTACTGTCACTGCAGCAACCCTACTT,1
22C,10,pos,5,CTCACTGTAACAGTTACTGCTGCTACTCTACTT,1
22C,10,pos,5,CTAACCGTAACCGTAACCGCAGCTACCCTGCTG,1
22C,10,pos,5,CTAACTGTAACCGTCACAGCGGCAACTCTGCTC,1
22C,10,pos,5,CTGACTGTTACAGTAACTGCTGCTACACTACTG,1
22C,10,pos,5,CTGACTGTTACCGTTACAGCAGCCACGCTTCTG,1
22C,10,pos,5,CTGACTGTAACGGTTACTGCAGCAACCCTACTC,1
22C,10,pos,5,CTAACTGTCACAGTAACCGCAGCTACCCTGCTG,1
22C,10,pos,5,CTGACTGTTACGGTCACAGCAGCAACCCTACTC,1
22C,10,pos,5,CTAACGGTAACGGTAACGGCGGCAACCCTCCTT,1
22C,10,pos,5,CTAACCGTCACAGTAACCGCAGCTACCCTGCTC,1
22C,10,pos,7,CTGACTGTTACGGTTACAGCAGCAACCCTACTC,8196
22C,10,pos,7,CTAACCGTCACAGTAACCGCAGCTACCCTGCTG,31
22C,10,pos,7,CTGACTGTTACTGTTACAGCAGCAACCCTACTC,3
22C,10,pos,7,CTGACTGTTACGGTTACAGCAGCAACCCTACTT,2
22C,10,pos,7,CTTACTGTTACGGTTACAGCAGCAACCCTACTC,2
22C,10,pos,7,CTAACCGTCACAGTTACCGCAGCTACCCTACTG,1
22C,10,pos,7,CTGACCGTTACAGTTACCGCAGCAACTCTGCTT,1
22C,10,pos,7,CTGACTGTTACAGTAACTGCTGCTACACTACTG,1
22C,10,pos,7,CTGACAGTTACCGTTACAGCAGCCACGCTTCTG,1
22C,10,pos,7,CTGACTGTTACGGTTACAGCAGCGACCCTACTC,1
22C,10,pos,7,CTGACTGTTACGGTTACTGCAGCAACCCTACTC,1
22C,10,pos,7,CTAACCGTCACAGTTACCGCAGCTACCCTGCTG,1
22C,10,pos,8,CTGACTGTTACGGTTACAGCAGCAACCCTACTC,1694
22C,10,pos,8,CTAACCGTCACAGTAACCGCAGCTACCCTGCTG,41
22C,10,pos,8,CTAACTGTTACGGTAACAGCTGCGACGCTTCTC,2
22C,10,pos,8,CTGACTGTTACCGTTACAGCAGCAACCCTACTC,1
22C,10,pos,8,CTGACTGTTACAGTAACTGCTGCTACACTACTG,1
22C,10,pos,8,CTGACCGTAACGGTCACCGCGGCAACTCTACTG,1
22C,10,pos,8,CTAACCGTCACAGTTACCGCAGCTACCCTGCTG,1
22C,10,pos,8,CTTACCGTTACTGTGACTGCGGCGACACTCCTT,1
22C,10,pos,8,CTGACTGTTACGGTTACAGCAGCAACCCTACTT,1
22C,10,pos,9,CTGACTGTTACGGTTACAGCAGCAACCCTACTC,1650
22C,10,pos,9,CTAACCGTCACAGTAACCGCAGCTACCCTGCTG,38
22C,10,pos,9,CTAACCGTCACTGTTACTGCTGCGACCCTACTA,12
22C,10,pos,9,CTAACCGTCACTGTTACTGCAGCAACCCTACTC,5
22C,10,pos,9,CTAACCGTCACTGTTACAGCAGCAACCCTACTC,3
22C,10,pos,9,CTAACCGTCACTGTTACTGCAGCGACCCTACTA,3
22C,10,pos,9,CTAACTGTTACGGTTACAGCAGCAACCCTACTC,2
22C,10,pos,9,CTAACTGTCACGGTTACAGCAGCAACCCTACTA,1
22C,10,pos,9,CTGACCGTAACGGTCACCGCGGCAACTCTACTG,1
22C,10,pos,9,CTGACGGTAACAGTGACAGCAGCAACCCTACTT,1
22C,10,pos,9,CTGACCGTCACTGTTACAGCAGCAACCCTACTC,1
22C,10,pos,9,CTTACTGTTACGGTTACAGCAGCAACCCTACTC,1
22C,10,pos,9,CTAACTGTCACGGTTACAGCAGCAACCCTACTC,1
22C,10,pos,9,CTAACCGTCACGGTTACAGCAGCAACCCTACTC,1
22C,10,pos,9,CTGACTGTTACAGTAACTGCTGCTACACTACTG,1
22C,10,pos,9,CTGACTGTTACGGTTACAGCAGCAACCCTACTT,1
22C,10,pos,10,CTGACTGTTACGGTTACAGCAGCAACCCTACTC,10645
22C,10,pos,10,CTAACCGTCACAGTAACCGCAGCTACCCTGCTG,42
22C,10,pos,10,CTGACTGTTACGGTTACAGCAGCAACCCTACTT,7
22C,10,pos,10,CTTACTGTTACGGTTACAGCAGCAACCCTACTC,3
22C,10,pos,10,CTTACCGTTACTGTGACTGCGGCGACACTCCTT,2
22C,10,pos,10,CTGACTGTTACGGTTACAGCGGCAACCCTACTC,2
22C,10,pos,10,CTGACTGTTACTGTTACAGCAGCAACCCTACTC,2
22C,10,pos,10,CTGACCGTTACGGTTACAGCAGCAACCCTACTC,2
22C,10,pos,10,CTGACTGTTACGGTCACAGCAGCAACCCTACTC,1
22C,10,pos,10,CTGACCGTAACGGTCACCGCGGCAACTCTACTG,1
22C,10,pos,10,CTGACTGTTACAGTAACTGCTGCTACACTACTG,1
22C,10,pos,10,CTAACTGTCACGGTTACCGCAGCAACCCTGCTC,1
22C,10,pos,10,CTCACTGTTACGGTTACAGCAGCAACCCTACTC,1
22C,10,pos,10,CTGACTGTTACGGTTACAGCAGCGACCCTACTC,1
22C,10,pos,10,CTGACTGTTACAGTTACAGCAGCAACCCTACTC,1
22C,10,pos,10,CTGACTGTTACGGTTACGGCAGCAACCCTACTC,1
22C,10,pos,10,CTGACTGTCACGGTTACAGCAGCAACCCTACTC,1
22C,10,pos,10,CTGACTGTTACGGTTACAGCAGCTACCCTACTC,1
22C,10,pos,11,CTGACTGTTACGGTTACAGCAGCAACCCTACTC,4145
22C,10,pos,11,CTAACCGTCACTGTTACTGCTGCGACCCTACTA,81
22C,10,pos,11,CTAACCGTCACAGTAACCGCAGCTACCCTGCTG,60
22C,10,pos,11,CTAACCGTCACTGTTACTGCAGCAACCCTACTC,17
22C,10,pos,11,CTAACCGTCACTGTTACTGCAGCGACCCTACTA,12
22C,10,pos,11,CTAACCGTCACGGTTACAGCAGCAACCCTACTC,9
22C,10,pos,11,CTAACTGTTACGGTTACAGCAGCAACCCTACTC,5
22C,10,pos,11,CTAACCGTCACTGTTACTGCAGCAACCCTACTA,3
22C,10,pos,11,CTGACCGTAACGGTCACCGCGGCAACTCTACTG,3
22C,10,pos,11,CTAACTGTCACGGTTACAGCAGCAACCCTACTC,2
22C,10,pos,11,CTGACGGTAACAGTGACAGCAGCAACCCTACTT,2
22C,10,pos,11,CTAACCGTCACTGTTACAGCAGCAACCCTACTA,2
22C,10,pos,11,CTGACTGTTACGGTTACAGCAGCAACCCTACTT,2
22C,10,pos,11,CTAACCGTCACTGTTACAGCAGCAACCCTACTC,2
22C,10,pos,11,CTGACTGTCACGGTTACAGCAGCAACCCTACTC,2
22C,10,pos,11,CTAACCGTCACTGTTACTGCTGCAACCCTACTC,2
22C,10,pos,11,CTAACCGTTACGGTTACAGCAGCAACCCTACTC,2
22C,10,pos,11,CTAACTGTAACGGTTACAGCAGCAACCCTACTC,1
22C,10,pos,11,CTAACCGTCACTGTTACTGCTGCGACCCTACTC,1
22C,10,pos,11,CTAACCGTCACTGTTACTGCTGCAACCCTACTA,1
22C,10,pos,11,CTGACTGTTACAGTAACTGCTGCTACACTACTG,1
22C,10,pos,11,CTGACAGTTACCGTTACAGCAGCCACGCTTCTG,1
22C,10,pos,11,CTAACCGTCACAGTTACCGCAGCTACCCTACTG,1
22C,10,pos,11,CTAACCGTCACTGTTACTGCAGCGACCCTACTC,1
22C,10,pos,12,CTGACTGTTACGGTTACAGCAGCAACCCTACTC,9472
22C,10,pos,12,CTAACTGTAACCGTCACTGCGGCAACTCTGCTC,44
22C,10,pos,12,CTAACCGTCACAGTAACCGCAGCTACCCTGCTG,32
22C,10,pos,12,CTAACTGTTACGGTTACAGCAGCAACCCTACTC,7
22C,10,pos,12,CTGACTGTTACGGTTACAGCAGCAACCCTACTT,7
22C,10,pos,12,CTGACTGTCACGGTTACAGCAGCAACCCTACTC,5
22C,10,pos,12,CTAACTGTCACAGTAACCGCAGCTACCCTGCTG,3
22C,10,pos,12,CTTACTGTTACGGTTACAGCAGCAACCCTACTC,3
22C,10,pos,12,CTAACTGTAACCGTCACTGCAGCAACCCTGCTC,3
22C,10,pos,12,CTGACTGTTACTGTTACAGCAGCAACCCTACTC,2
22C,10,pos,12,CTAACTGTAACGGTTACAGCAGCAACCCTACTC,2
22C,10,pos,12,CTGACTGTTACGGTTACTGCAGCAACCCTACTC,2
22C,10,pos,12,CTGACTGTTACAGTTACAGCAGCAACCCTACTC,1
22C,10,pos,12,CTAACTGTAACCGTCACTGCAGCAACTCTGCTC,1
22C,10,pos,12,CTAACTGTCACAGTAACCGCAGCAACCCTGCTC,1
22C,10,pos,12,CTAACTGTAACCGTTACTGCGGCAACCCTACTC,1
22C,10,pos,12,CTAACTGTTACGGTTACTGCGGCAACCCTACTC,1
22C,10,pos,12,CTGACAGTTACCGTTACAGCAGCCACGCTTCTG,1
22C,10,pos,12,CTGACCGTAACGGTCACCGCGGCAACTCTACTG,1
22C,10,pos,12,CTGACTGTAACGGTTACAGCAGCAACCCTACTC,1
22C,10,pos,12,CTCACTGTCACTGTCACCGCCGCAACTCTTCTC,1
22C,10,pos,12,CTAACTGTAACCGTTACAGCAGCAACCCTGCTC,1
22C,10,pos,12,CTAACTGTTACGGTTACTGCAGCAACCCTACTC,1
22C,10,pos,12,CTAACTGTAACCGTAACCGCAGCAACCCTGCTC,1
22C,10,pos,12,CTAACTGTAACGGTTACAGCGGCAACCCTACTC,1
22C,10,pos,12,CTGACTGTTACGGTTACAGCAGCAACCCTACTA,1
22C,10,pos,12,CTGACCGTTACGGTTACAGCAGCAACCCTACTC,1
22C,10,pos,12,CTGACTGTTACGGTTACAGCGGCAACCCTACTC,1
22C,10,pos,12,CTAACTGTTACCGTTACTGCAGCAACCCTACTC,1
22C,10,pos,12,CTGACTGTTACGGTTACGGCAGCAACCCTACTC,1
22C,10,pos,12,CTAACTGTAACGGTAACAGCGGCAACCCTCCTC,1
22C,10,pos,12,CTAACTGTCACGGTAACCGCAGCAACCCTGCTC,1
22C,10,pos,12,CTAACTGTAACCGTCACTGCGGCAACCCTACTC,1
22C,10,pos,12,CTGACTGTTACGGTCACAGCAGCAACCCTACTC,1
22C,10,pos,12,CTGACTGTTACGGTTACAGCAGCAACCCTGCTC,1
22C,10,pos,12,CTAACCGTCACAGTAACCGCGGCTACCCTGCTG,1
22C,10,pos,13,CTGACTGTTACGGTTACAGCAGCAACCCTACTC,2887
22C,10,pos,13,CTAACCGTCACAGTAACCGCAGCTACCCTGCTG,37
22C,10,pos,13,CTGACTGTTACGGTCACAGCAGCAACCCTACTC,3
22C,10,pos,13,CTAACTGTTACCGTTACAGCAGCAACCCTACTC,3
22C,10,pos,13,CTAACTGTAACCGTTACTGCGGCAACTCTGCTC,2
22C,10,pos,13,CTGACTGTTACTGTCACGGCTGCCACTCTCCTT,2
22C,10,pos,13,CTAACTGTCACAGTAACCGCAGCAACCCTGCTC,2
22C,10,pos,13,CTGACTGTCACGGTTACAGCAGCAACCCTACTC,1
22C,10,pos,13,CTGACCGTTACAGTTACCGCAGCAACTCTGCTT,1
22C,10,pos,13,CTAACTGTAACCGTCACTGCGGCAACTCTGCTC,1
22C,10,pos,13,CTCACTGTAACCGTTACAGCTGCTACACTTCTC,1
22C,10,pos,13,CTTACAGTGACAGTTACGGCAGCTACACTTCTC,1
22C,10,pos,13,CTAACTGTCACCGTAACCGCAGCAACCCTGCTC,1
22C,10,pos,13,CTGACAGTTACCGTTACAGCAGCCACGCTTCTG,1
22C,10,pos,13,CTGACTGTTACGGTGACAGCAGCAACCCTACTC,1
22C,10,pos,13,CTAACTGTTACGGTTACAGCAGCAACCCTACTC,1
22C,10,pos,13,CTGACTGTTACGGTTACAGCAGCAACCCTACTT,1
22C,10,pos,13,CTAACTGTTACCGTTACTGCAGCAACTCTACTC,1
22C,10,pos,13,CTAACTGTAACCGTCACTGCAGCAACCCTGCTC,1
22C,10,pos,13,CTAACTGTAACCGTTACAGCAGCAACTCTACTC,1
22C,10,pos,13,CTGACTGTTACTGTTACAGCAGCAACCCTACTC,1
22C,10,pos,13,CTAACTGTAACCGTTACAGCAGCAACTCTGCTC,1
22C,10,pos,13,CTGACCGTAACGGTCACCGCGGCAACTCTACTG,1
22C,10,pos,13,CTCACGGTAACCGTGACAGCAGCAACTCTCCTA,1
22C,10,pos,13,CTGACTGTTACAGTAACTGCTGCTACACTACTG,1
22C,10,pos,13,CTGACTGTAACGGTCACCGCGGCAACTCTACTC,1
22C,10,pos,14,CTAACCGTCACAGTAACCGCAGCTACCCTGCTG,14
22C,10,pos,14,CTGACTGTTACAGTAACTGCTGCTACACTACTG,1
22C,10,pos,14,CTGACCGTAACGGTCACCGCGGCAACTCTACTG,1
22C,10,pos,14,CTGACTGTTACGGTTACAGCAGCAACCCTACTC,1
22C,10,pos,15,CTGACTGTTACGGTTACAGCAGCAACCCTACTC,4007
22C,10,pos,15,CTAACCGTCACAGTAACCGCAGCTACCCTGCTG,80
22C,10,pos,15,CTAACCGTCACTGTTACTGCTGCGACCCTACTA,7
22C,10,pos,15,CTAACCGTCACAGTTACCGCAGCTACCCTGCTG,5
22C,10,pos,15,CTGACCGTTACGGTTACAGCAGCAACCCTACTC,4
22C,10,pos,15,CTAACCGTCACGGTTACAGCAGCAACCCTACTC,4
22C,10,pos,15,CTAACCGTCACAGTTACCGCAGCTACCCTACTG,3
22C,10,pos,15,CTCACCGTTACTGTCACTGCAGCAACCCTACTT,2
22C,10,pos,15,CTTACTGTTACGGTTACAGCAGCAACCCTACTC,2
22C,10,pos,15,CTGACGGTAACAGTGACAGCAGCAACCCTACTT,2
22C,10,pos,15,CTAACCGTCACGGTTACAGCAGCTACCCTACTC,1
22C,10,pos,15,CTCACTGTCACTGTTACCGCCGCCACCCTTCTT,1
22C,10,pos,15,CTAACCGTCACGGTAACCGCAGCTACCCTGCTG,1
22C,10,pos,15,CTAACCGTCACAGTTACAGCAGCTACCCTACTC,1
22C,10,pos,15,CTGACTGTTACAGTTACAGCAGCAACCCTACTC,1
22C,10,pos,15,CTAACCGTAACTGTTACAGCTGCAACCCTACTG,1
22C,10,pos,15,CTAACCGTCACAGTAACAGCAGCTACCCTACTG,1
22C,10,pos,15,CTTACGGTGACGGTCACAGCTGCTACCCTTCTC,1
22C,10,pos,15,CTAACTGTTACGGTTACAGCAGCAACCCTACTC,1
22C,10,pos,15,CTAACGGTAACGGTAACGGCGGCAACCCTCCTT,1
22C,10,pos,15,CTAACCGTCACGGTTACAGCAGCAACCCTACTG,1
22C,10,pos,15,CTGACTGTTACTGTTACAGCAGCAACCCTACTC,1
22C,10,pos,15,CTAACCGTCACAGTTACAGCAGCTACCCTACTG,1
22C,10,pos,15,CTGACCGTTACTGTTACAGCAGCAACCCTACTT,1
22C,10,pos,15,CTAACCGTCACAGTTACAGCAGCTACCCTGCTG,1
22C,10,pos,15,CTGACTGTTACGGTTACGGCAGCAACCCTACTC,1
22C,10,pos,16,CTGACTGTTACGGTTACAGCAGCAACCCTACTC,13720
22C,10,pos,16,CTAACCGTCACAGTAACCGCAGCTACCCTGCTG,55
22C,10,pos,16,CTGACTGTTACTGTTACAGCAGCAACCCTACTC,3
22C,10,pos,16,CTGACTGTTACGGTTACAGCAGCAACCCTACTT,3
22C,10,pos,16,CTAACCGTCACAGTTACCGCAGCTACCCTGCTG,3
22C,10,pos,16,CTCACTGTTACGGTTACAGCAGCAACCCTACTC,2
22C,10,pos,16,CTGACTGTTACGGTTACTGCAGCAACCCTACTC,1
22C,10,pos,16,CTGACTGTTACAGTAACTGCTGCTACACTACTG,1
22C,10,pos,16,CTAACTGTCACAGTTACCGCAGCTACCCTGCTC,1
22C,10,pos,16,CTGACTGTTACGGTTACAGCAGCAACCCTCCTC,1
22C,10,pos,16,CTTACTGTTACGGTTACAGCAGCAACCCTACTC,1
22C,10,pos,16,CTGACGGTAACAGTGACAGCAGCAACCCTACTT,1
22C,10,pos,16,CTTACCGTTACTGTGACTGCGGCGACACTCCTT,1
22C,10,pos,16,CTGACTGTTACGGTTACAGCAGCAACCCTTCTC,1
22C,10,pos,16,CTGACTGTCACGGTTACAGCAGCAACCCTACTC,1
22C,10,pos,16,CTCACCGTTACTGTCACTGCAGCAACCCTACTT,1
22C,10,pos,16,CTGACTGTTACCGTTACAGCAGCAACCCTACTC,1
22C,10,pos,17,CTGACTGTTACGGTTACAGCAGCAACCCTACTC,1848
22C,10,pos,17,CTAACCGTCACAGTAACCGCAGCTACCCTGCTG,51
22C,10,pos,17,CTAACCGTCACTGTTACTGCTGCGACCCTACTA,3
22C,10,pos,17,CTGACTGTTACGGTTACAGCAGCAACCCTTCTC,1
22C,10,pos,17,CTGACGGTAACAGTGACAGCAGCAACCCTACTT,1
22C,10,pos,17,CTAACCGTCACTGTTACTGCAGCTACCCTACTA,1
22C,10,pos,17,CTAACCGTCACAGTTACCGCAGCTACCCTGCTG,1
22C,10,pos,17,CTCACCGTTACTGTCACTGCAGCAACCCTACTT,1
22C,10,pos,17,CTGACTGTTACCGTTACAGCAGCAACCCTACTC,1
22C,10,pos,18,CTGACTGTTACGGTTACAGCAGCAACCCTACTC,5773
22C,10,pos,18,CTAACCGTCACAGTAACCGCAGCTACCCTGCTG,58
22C,10,pos,18,CTGACTGTTACTGTTACAGCAGCAACCCTACTC,2
22C,10,pos,18,CTAACCGTCACAGTAACCGCAGCTACCCTACTG,1
22C,10,pos,18,CTGACTGTTACGGTTACAGCGGCAACCCTACTC,1
22C,10,pos,18,CTAACTGTCACAGTAACCGCAGCTACCCTGCTC,1
22C,10,pos,18,CTAACTGTCACAGTAACCGCAGCAACCCTGCTC,1
22C,10,pos,18,CTGACTGTTACGGTTACAGCAGCAACCCTACTT,1
22C,10,pos,18,CTAACTGTTACGGTTACAGCAGCAACCCTACTC,1
22C,10,pos,18,CTAACTGTCACTGTCACCGCAGCCACTCTGCTT,1
22C,10,pos,18,CTGACCGTTACGGTTACAGCAGCAACCCTACTC,1
22C,10,neg,1,CTAACCGTCACAGTAACCGCAGCTACCCTGCTG,35
22C,10,neg,1,CTGACGGTAACAGTGACAGCAGCAACCCTACTT,1
22C,10,neg,2,CTAACCGTCACAGTAACCGCAGCTACCCTGCTG,27
22C,10,neg,2,CTAACTGTAACCGTCACTGCGGCAACTCTGCTC,4
22C,10,neg,2,CTAACCGTAACTGTGACGGCTGCAACGCTTCTG,1
22C,10,neg,2,CTAACTGTCACCGTAACCGCAGCTACCCTGCTC,1
22C,10,neg,3,CTAACCGTCACAGTAACCGCAGCTACCCTGCTG,77
22C,10,neg,3,CTAACTGTAACCGTCACTGCGGCAACTCTGCTC,10
22C,10,neg,3,CTAACTGTAACCGTGACAGCAGCTACACTGCTT,4
22C,10,neg,3,CTTACAGTTACCGTGACCGCTGCTACGCTACTT,3
22C,10,neg,3,CTCACTGTAACCGTTACAGCTGCTACACTTCTC,3
22C,10,neg,3,CTTACGGTGACGGTCACAGCTGCTACCCTTCTC,3
22C,10,neg,3,CTGACGGTAACAGTGACAGCAGCAACCCTACTT,2
22C,10,neg,3,CTAACCGTCACAGTAACCGCAGCTACCCTGCTC,2
22C,10,neg,3,CTTACAGTTACCGTTACAGCAGCCACACTCCTG,2
22C,10,neg,3,CTGACTGTAACCGTGACAGCAGCAACCCTACTT,2
22C,10,neg,3,CTGACAGTTACCGTTACAGCAGCCACGCTTCTG,1
22C,10,neg,3,CTCACCGTTACCGTTACAGCAGCCACTCTACTC,1
22C,10,neg,3,CTGACCGTAACGGTCACCGCGGCAACTCTACTG,1
22C,10,neg,3,CTAACTGTAACCGTCACTGCAGCAACCCTGCTC,1
22C,10,neg,3,CTGACTGTTACCGTTACAGCAGCAACTCTACTC,1
22C,10,neg,3,CTCACTGTCACGGTCACCGCAGCCACACTGCTC,1
22C,10,neg,3,CTTACCGTTACTGTGACTGCGGCGACACTCCTT,1
22C,10,neg,3,CTAACTGTAACCGTAACTGCAGCAACCCTGCTC,1
22C,10,neg,3,CTAACTGTAACCGTAACTGCGGCAACTCTGCTT,1
22C,10,neg,3,CTAACCGTCACGGTAACCGCAGCTACCCTGCTG,1
22C,10,neg,3,CTAACTGTAACCGTCACTGCAGCAACTCTGCTC,1
22C,10,neg,3,CTAACCGTCACAGTAACCGCAGCAACCCTGCTC,1
22C,10,neg,3,CTAACTGTCACCGTCACCGCCGCAACTCTGCTC,1
22C,10,neg,3,CTAACTGTAACCGTAACTGCAGCAACTCTGCTC,1
22C,10,neg,3,CTAACTGTCACAGTAACCGCAGCTACCCTGCTG,1
22C,10,neg,3,CTGACAGTTACTGTCACTGCTGCTACCCTCCTA,1
22C,10,neg,3,CTCACCGTTACTGTCACTGCAGCAACCCTACTT,1
22C,11,pos,1,CTAACCGTCACAGTAACCGCAGCTACCCTGCTG,24
22C,11,pos,1,CTCACCGTTACTGTCACTGCAGCAACCCTACTT,1
22C,11,pos,1,CTTACGGTGACGGTCACAGCTGCTACCCTTCTC,1
22C,11,pos,1,CTGACAGTTACCGTTACAGCAGCCACGCTTCTG,1
22C,11,pos,2,CTGACAGTAACCGTTACAGCCGCTACTCTGCTT,626
22C,11,pos,2,CTAACCGTCACAGTAACCGCAGCTACCCTGCTG,93
22C,11,pos,2,CTAACCGTCACAGTTACCGCAGCTACCCTGCTG,16
22C,11,pos,2,CTAACCGTCACTGTTACTGCTGCGACCCTACTA,5
22C,11,pos,2,CTGACTGTCACGGTTACAGCAGCAACCCTACTC,2
22C,11,pos,2,CTAACCGTCACAGTTACAGCAGCTACCCTGCTG,2
22C,11,pos,2,CTAACCGTCACAGTAACCGCAGCCACCCTGCTG,2
22C,11,pos,2,CTGACAGTAACCGTTACAGCCGCTACCCTGCTT,2
22C,11,pos,2,CTTACTGTTACGGTTACCGCAGCCACCCTACTT,1
22C,11,pos,2,CTAACCGTCACAGTTACAGCAGCTACCCTGCTC,1
22C,11,pos,2,CTGACCGTCACAGTTACAGCAGCTACCCTGCTG,1
22C,11,pos,2,CTAACCGTTACTGTTACAGCAGCAACCCTACTA,1
22C,11,pos,2,CTAACCGTAACTGTAACAGCGGCCACGCTCCTA,1
22C,11,pos,2,CTAACGGTAACGGTTACGGCGGCAACCCTACTT,1
22C,11,pos,2,CTTACTGTTACGGTAACCGCAGCCACGCTCCTT,1
22C,11,pos,2,CTGACCGTAACGGTTACAGCAGCTACCCTGCTT,1
22C,11,pos,2,CTAACCGTCACAGTTACCGCAGCTACCCTACTG,1
22C,11,pos,2,CTGACCGTCACCGTTACAGCAGCTACCCTGCTT,1
22C,11,pos,2,CTAACCGTCACCGTTACAGCAGCTACCCTGCTC,1
22C,11,pos,2,CTAACCGTCACAGTTACAGCAGCTACCCTACTG,1
22C,11,pos,2,CTGACAGTAACCGTTACAGCAGCTACCCTACTT,1
22C,11,pos,2,CTGACCGTCACGGTTACAGCAGCTACCCTGCTC,1
22C,11,pos,2,CTGACTGTTACGGTTACAGCAGCTACTCTGCTT,1
22C,11,pos,2,CTGACCGTAACCGTTACAGCAGCTACCCTGCTT,1
22C,11,pos,2,CTCACCGTTACTGTCACTGCAGCAACCCTACTT,1
22C,11,pos,2,CTAACCGTAACTGTTACAGCAGCAACCCTACTA,1
22C,11,pos,2,CTGACTGTTACGGTTACAGCAGCAACCCTACTC,1
22C,11,pos,2,CTCACCGTTACTGTTACTGCAGCAACCCTACTT,1
22C,11,pos,2,CTCACCGTTACCGTTACAGCAGCCACTCTACTC,1
22C,11,pos,2,CTGACTGTAACCGTTACAGCCGCTACTCTGCTT,1
22C,11,pos,2,CTGACTGTTACGGTTACAGCAGCCACGCTCCTT,1
22C,11,pos,2,CTGACAGTTACCGTTACAGCAGCCACGCTTCTG,1
22C,11,pos,2,CTGACTGTCACGGTTACAGCAGCCACCCTGCTC,1
22C,11,pos,3,CTGACAGTAACCGTTACAGCCGCTACTCTGCTT,2279
22C,11,pos,3,CTAACCGTCACAGTAACCGCAGCTACCCTGCTG,24
22C,11,pos,3,CTCACCGTTACTGTCACTGCAGCAACCCTACTT,2
22C,11,pos,3,CTTACTGTTACGGTAACCGCAGCTACGCTCCTT,1
22C,11,pos,3,CTTACAGTAACCGTGACCGCTGCTACGCTACTT,1
22C,11,pos,3,CTTACAGTAACCGTTACAGCCGCTACTCTGCTT,1
22C,11,pos,3,CTGACAGTTACCGTTACAGCAGCCACGCTTCTG,1
22C,11,pos,3,CTGACAGTAACCGTTACAGCCGCTACTCTCCTT,1
22C,11,pos,4,CTGACAGTAACCGTTACAGCCGCTACTCTGCTT,1735
22C,11,pos,4,CTAACCGTCACAGTAACCGCAGCTACCCTGCTG,23
22C,11,pos,4,CTTACAGTAACCGTTACAGCCGCTACTCTGCTT,3
22C,11,pos,4,CTGACAGTAACCGTTACAGCCGCCACTCTGCTT,3
22C,11,pos,4,CTAACCGTCACTGTTACTGCTGCGACCCTACTA,1
22C,11,pos,4,CTAACCGTAACTGTTACAGCGGCCACCCTACTA,1
22C,11,pos,4,CTAACTGTCACAGTAACCGCAGCTACCCTGCTG,1
22C,11,pos,4,CTAACCGTCACTGTTACTGCTGCGACCCTACTT,1
22C,11,pos,4,CTGACAGTAACCGTTACAGCCGCTACTCTCCTT,1
22C,11,pos,4,CTAACCGTCACTGTTACTGCAGCTACCCTACTA,1
22C,11,pos,4,CTAACCGTCACCGTTACCGCCGCTACCCTGCTT,1
22C,11,pos,4,CTAACCGTCACTGTTACTGCAGCGACCCTACTA,1
22C,11,pos,4,CTTACTGTTACGGTAACCGCAGCCACGCTCCTT,1
22C,11,pos,4,CTGACAGTTACCGTTACAGCAGCCACGCTTCTG,1
22C,11,pos,5,CTGACAGTAACCGTTACAGCCGCTACTCTGCTT,7155
22C,11,pos,5,CTAACCGTCACAGTAACCGCAGCTACCCTGCTG,50
22C,11,pos,5,CTGACAGTAACCGTTACAGCAGCTACTCTGCTT,3
22C,11,pos,5,CTGACAGTAACCGTTACAGCCGCTACCCTGCTT,2
22C,11,pos,5,CTGACAGTAACCGTTACAGCCGCTACTCTGCTC,2
22C,11,pos,5,CTTACAGTAACCGTTACAGCCGCTACTCTGCTT,2
22C,11,pos,5,CTCACAGTAACCGTTACAGCCGCTACTCTGCTT,2
22C,11,pos,5,CTGACCGTAACCGTTACAGCAGCTACCCTGCTG,1
22C,11,pos,5,CTGACAGTAACCGTTACAGCAGCTACCCTGCTT,1
22C,11,pos,5,CTAACCGTCACAGTAACCGCAGCCACCCTGCTG,1
22C,11,pos,5,CTGACTGTAACCGTTACAGCAGCTACTCTGCTT,1
22C,11,pos,5,CTGACCGTCACAGTTACAGCAGCTACCCTGCTG,1
22C,11,pos,5,CTGACAGTGACCGTTACAGCCGCTACTCTGCTT,1
22C,11,pos,5,CTGACTGTTACGGTAACCGCAGCAACCCTCCTC,1
22C,11,pos,5,CTAACTGTCACAGTAACCGCAGCTACCCTGCTG,1
22C,11,pos,5,CTAACTGTAACGGTAACAGCAGCAACCCTCCTC,1
22C,11,pos,5,CTAACGGTAACGGTTACGGCGGCAACCCTCCTT,1
22C,11,pos,5,CTAACCGTAACCGTTACAGCAGCTACCCTGCTG,1
22C,11,pos,5,CTGACCGTTACCGTTACAGCAGCTACTCTACTC,1
22C,11,pos,5,CTGACTGTTACGGTAACCGCAGCCACGCTCCTT,1
22C,11,pos,5,CTGACAGTCACCGTTACAGCCGCTACTCTGCTT,1
22C,11,pos,5,CTGACAGTTACCGTTACAGCAGCCACGCTTCTG,1
22C,11,pos,5,CTGACAGTAACCGTTACAGCCGCTACTCTTCTT,1
22C,11,pos,5,CTCACCGTTACTGTCACTGCAGCAACCCTACTT,1
22C,11,pos,6,CTCACTGTAACAGTTACTGCTGCTACTCTACTT,4264
22C,11,pos,6,CTAACCGTCACAGTAACCGCAGCTACCCTGCTG,88
22C,11,pos,6,CTAACCGTCACTGTTACTGCTGCGACCCTACTA,18
22C,11,pos,6,CTAACCGTCACAGTTACTGCTGCTACCCTACTG,8
22C,11,pos,6,CTAACCGTCACAGTTACTGCTGCTACCCTACTT,5
22C,11,pos,6,CTAACTGTAACAGTTACTGCTGCTACTCTACTT,4
22C,11,pos,6,CTCACTGTAACAGTCACTGCTGCTACTCTACTT,2
22C,11,pos,6,CTAACCGTCACAGTTACCGCAGCTACCCTGCTG,2
22C,11,pos,6,CTCACTGTAACTGTTACTGCTGCTACTCTACTT,2
22C,11,pos,6,CTAACTGTAACAGTTACTGCTGCTACCCTACTT,2
22C,11,pos,6,CTGACAGTTACCGTTACAGCAGCCACGCTTCTG,2
22C,11,pos,6,CTAACCGTAACTGTTACTGCTGCTACTCTACTT,1
22C,11,pos,6,CTAACCGTTACTGTCACTGCAGCAACCCTACTT,1
22C,11,pos,6,CTAACCGTCACAGTTACTGCTGCTACCCTACTA,1
22C,11,pos,6,CTAACTGTAACGGTAACTGCGGCAACCCTCCTT,1
22C,11,pos,6,CTCACTGTAACGGTAACGGCGGCAACCCTCCTT,1
22C,11,pos,6,CTAACCGTCACTGTAACTGCTGCCACCCTCCTA,1
22C,11,pos,6,CTTACTGTTACGGTAACCGCAGCCACGCTCCTT,1
22C,11,pos,6,CTAACCGTCACTGTTACTGCTGCTACCCTACTA,1
22C,11,pos,6,CTAACCGTAACTGTGACGGCTGCAACGCTTCTG,1
22C,11,pos,6,CTGACCGTAACGGTCACCGCGGCAACTCTACTG,1
22C,11,pos,6,CTCACTGTAACAGTTACTGCTGCCACTCTACTT,1
22C,11,pos,6,CTCACTGTAACAGTTACCGCTGCTACTCTACTT,1
22C,11,pos,6,CTAACCGTAACAGTTACTGCTGCTACTCTACTT,1
22C,11,pos,6,CTGACGGTAACAGTGACAGCAGCAACCCTACTT,1
22C,11,pos,6,CTTACCGTTACTGTGACTGCGGCGACACTCCTT,1
22C,11,pos,6,CTAACCGTCACAGTTACTGCTGCTACCCTGCTG,1
22C,11,pos,6,CTAACCGTCACAGTAACTGCAGCTACCCTGCTG,1
22C,11,pos,7,CTGACAGTAACCGTTACAGCCGCTACTCTGCTT,15009
22C,11,pos,7,CTAACTGTAACCGTCACTGCGGCAACTCTGCTC,95
22C,11,pos,7,CTAACCGTCACAGTAACCGCAGCTACCCTGCTG,56
22C,11,pos,7,CTGACTGTAACCGTTACAGCCGCTACTCTGCTT,36
22C,11,pos,7,CTAACTGTAACCGTCACAGCGGCAACTCTGCTC,11
22C,11,pos,7,CTCACAGTAACCGTTACAGCCGCTACTCTGCTT,8
22C,11,pos,7,CTAACAGTAACCGTTACAGCCGCTACTCTGCTT,8
22C,11,pos,7,CTAACCGTAACTGTAACAGCGGCCACGCTCCTA,8
22C,11,pos,7,CTCACTGTAACAGTTACTGCTGCTACTCTACTT,8
22C,11,pos,7,CTAACTGTAACCGTCACTGCAGCAACTCTGCTC,7
22C,11,pos,7,CTAACTGTAACCGTTACAGCGGCAACTCTGCTC,5
22C,11,pos,7,CTAACAGTAACCGTTACAGCGGCTACTCTGCTT,5
22C,11,pos,7,CTGACTGTAACCGTTACTGCCGCTACTCTGCTT,5
22C,11,pos,7,CTAACCGTAACCGTAACCGCAGCTACTCTGCTG,5
22C,11,pos,7,CTTACTGTTACGGTAACCGCAGCCACGCTCCTT,4
22C,11,pos,7,CTAACCGTAACCGTAACCGCAGCTACCCTGCTG,4
22C,11,pos,7,CTAACTGTAACCGTAACAGCGGCAACTCTGCTC,3
22C,11,pos,7,CTAACTGTAACCGTAACCGCAGCTACCCTGCTG,3
22C,11,pos,7,CTAACTGTAACCGTTACAGCCGCTACTCTGCTC,3
22C,11,pos,7,CTAACTGTAACCGTTACTGCGGCAACTCTGCTC,3
22C,11,pos,7,CTCACCGTTACTGTCACTGCAGCAACCCTACTT,3
22C,11,pos,7,CTGACTGTAACCGTCACAGCCGCTACTCTGCTC,3
22C,11,pos,7,CTGACTGTAACCGTTACAGCGGCAACTCTGCTC,3
22C,11,pos,7,CTAACTGTCACAGTAACCGCAGCTACCCTGCTG,2
22C,11,pos,7,CTGACGGTAACCGTTACAGCCGCTACTCTGCTT,2
22C,11,pos,7,CTAACTGTAACCGTAACCGCAGCTACTCTGCTC,2
22C,11,pos,7,CTAACTGTAACCGTCACTGCGGCAACTCTGCTT,2
22C,11,pos,7,CTAACTGTAACTGTAACAGCGGCCACGCTCCTA,2
22C,11,pos,7,CTAACTGTAACCGTTACAGCGGCTACTCTGCTT,2
22C,11,pos,7,CTAACGGTAACCGTAACGGCGGCAACTCTGCTT,2
22C,11,pos,7,CTAACAGTAACCGTTACAGCGGCAACTCTGCTT,2
22C,11,pos,7,CTGACAGTAACCGTTACGGCCGCTACTCTGCTT,2
22C,11,pos,7,CTGACAGTAACCGTCACAGCCGCTACTCTGCTT,2
22C,11,pos,7,CTAACTGTAACCGTCACTGCGGCTACTCTGCTC,2
22C,11,pos,7,CTGACAGTAACCGTTACAGCCGCTACTCTCCTT,2
22C,11,pos,7,CTAACTGTAACCGTTACAGCCGCTACTCTGCTT,2
22C,11,pos,7,CTAACTGTCACCGTAACCGCAGCTACCCTGCTC,2
22C,11,pos,7,CTAACCGTAACAGTAACCGCAGCTACCCTGCTG,2
22C,11,pos,7,CTAACTGTAACCGTCACCGCAGCTACTCTGCTC,2
22C,11,pos,7,CTGACTGTAACCGTTACAGCCGCAACTCTGCTT,2
22C,11,pos,7,CTGACAGTAACCGTTACAGCCGCTACTCTGCTC,2
22C,11,pos,7,CTGACTGTAACCGTAACTGCAGCTACTCTGCTT,1
22C,11,pos,7,CTTACTGTTACGGTAACCGCAGCAACGCTCCTC,1
22C,11,pos,7,CTGACTGTAACCGTTACAGCCGCAACTCTGCTC,1
22C,11,pos,7,CTGACTGTAACCGTAACAGCCGCTACTCTGCTT,1
22C,11,pos,7,CTAACTGTAACCGTAACCGCAGCAACCCTGCTC,1
22C,11,pos,7,CTAACAGTAACCGTTACAGCAGCTACTCTGCTT,1
22C,11,pos,7,CTAACTGTCACCGTAACCGCAGCTACTCTGCTG,1
22C,11,pos,7,CTGACTGTAACCGTAACTGCGGCTACTCTGCTT,1
22C,11,pos,7,CTAACTGTAACCGTCACCGCAGCAACCCTGCTC,1
22C,11,pos,7,CTAACTGTAACAGTAACCGCAGCTACCCTGCTC,1
22C,11,pos,7,CTGACTGTAACCGTTACAGCCGCTACTCTGCTC,1
22C,11,pos,7,CTAACTGTAACAGTAACCGCAGCTACCCTGCTG,1
22C,11,pos,7,CTGACAGTAACCGTTACAGCGGCAACTCTGCTT,1
22C,11,pos,7,CTCACTGTAACGGTCACCGCAGCAACTCTGCTC,1
22C,11,pos,7,CTTACCGTTACTGTGACTGCGGCGACACTCCTT,1
22C,11,pos,7,CTCACTGTCACGGTCACCGCAGCCACACTGCTC,1
22C,11,pos,7,CTTACTGTAACCGTAACCGCAGCCACTCTGCTT,1
22C,11,pos,7,CTGACTGTAACCGTAACCGCAGCCACTCTGCTT,1
22C,11,pos,7,CTGACAGTTACCGTTACAGCAGCCACGCTTCTG,1
22C,11,pos,7,CTAACTGTAACCGTAACAGCGGCCACTCTGCTA,1
22C,11,pos,7,CTAACAGTAACCGTAACCGCAGCTACCCTGCTT,1
22C,11,pos,7,CTAACTGTAACCGTCACTGCAGCAACCCTGCTC,1
22C,11,pos,7,CTAACGGTAACGGTAACGGCGGCAACCCTGCTT,1
22C,11,pos,7,CTAACAGTAACCGTAACAGCCGCTACTCTGCTT,1
22C,11,pos,7,CTTACTGTTACCGTAACGGCCGCAACTCTGCTT,1
22C,11,pos,7,CTGACAGTAACCGTTACAGCCGCTACACTGCTT,1
22C,11,pos,7,CTTACAGTAACCGTTACAGCCGCTACTCTGCTT,1
22C,11,pos,7,CTAACTGTAACCGTCACAGCGGCTACTCTGCTC,1
22C,11,pos,7,CTAACTGTAACCGTCACAGCCGCAACTCTGCTC,1
22C,11,pos,7,CTGACAGTAACCGTTACAGCCGCAACCCTCCTT,1
22C,11,pos,7,CTAACGGTAACGGTAACGGCGGCAACCCTCCTT,1
22C,11,pos,7,CTAACTGTAACCGTAACCGCAGCTACTCTGCTG,1
22C,11,pos,7,CTAACTGTAACCGTTACAGCAGCTACTCTGCTT,1
22C,11,pos,7,CTAACTGTAACCGTAACCGCGGCTACCCTGCTT,1
22C,11,pos,7,CTGACCGTAACGGTCACCGCGGCAACTCTACTG,1
22C,11,pos,7,CTAACTGTAACCGTAACCGCAGCTACTCTGCTT,1
22C,11,pos,7,CTAACTGTAACCGTTACAGCGGCAACTCTGCTT,1
22C,11,pos,7,CTAACTGTAACCGTCACTGCAGCTACTCTGCTC,1
22C,11,pos,7,CTAACTGTAACCGTAACAGCGGCCACTCTCCTC,1
22C,11,pos,7,CTAACTGTAACCGTAACAGCGGCTACTCTGCTT,1
22C,11,pos,7,CTAACTGTCACAGTAACCGCAGCTACCCTGCTC,1
22C,11,pos,7,CTAACTGTAACCGTAACAGCAGCTACTCTGCTC,1
22C,11,pos,7,CTAACTGTAACCGTCACAGCCGCTACTCTGCTT,1
22C,11,pos,7,CTAACTGTAACCGTAACTGCGGCTACTCTGCTC,1
22C,11,pos,7,CTGACAGTAACCGTTACAGCCGCTACTCTTCTT,1
22C,11,pos,7,CTAACCGTCACGGTAACCGCAGCTACCCTGCTG,1
22C,11,pos,7,CTAACTGTAACGGTCACTGCAGCAACTCTGCTC,1
22C,11,pos,7,CTAACTGTAACCGTCACTGCTGCAACTCTGCTC,1
22C,11,pos,7,CTAACTGTAACCGTCACTGCAGCTACTCTGCTT,1
22C,11,pos,7,CTAACTGTAACGGTCACTGCGGCAACTCTGCTC,1
22C,11,pos,8,CTAACTGTAACCGTCACTGCGGCAACTCTGCTC,340
22C,11,pos,8,CTAACCGTCACAGTAACCGCAGCTACCCTGCTG,78
22C,11,pos,8,CTAACCGTAACTGTAACAGCGGCCACGCTCCTA,34
22C,11,pos,8,CTGACAGTAACCGTTACAGCCGCTACTCTGCTT,15
22C,11,pos,8,CTAACTGTTACGGTAACAGCTGCGACGCTTCTC,15
22C,11,pos,8,CTAACTGTAACCGTAACTGCGGCAACTCTGCTC,11
22C,11,pos,8,CTAACTGTAACCGTCACAGCGGCAACTCTGCTC,10
22C,11,pos,8,CTAACTGTAACCGTTACTGCGGCAACTCTGCTC,9
22C,11,pos,8,CTAACTGTAACCGTCACTGCAGCAACTCTGCTC,8
22C,11,pos,8,CTGACTGTAACAGTAACTGCAGCTACACTTCTT,6
22C,11,pos,8,CTCACTGTCACGGTCACCGCAGCCACACTGCTC,5
22C,11,pos,8,CTGACTGTTACGGTTACAGCAGCAACCCTACTC,5
22C,11,pos,8,CTTACTGTTACGGTAACCGCAGCCACGCTCCTT,4
22C,11,pos,8,CTAACTGTAACCGTAACAGCGGCAACTCTGCTC,3
22C,11,pos,8,CTGACTGTAACCGTTACAGCCGCTACTCTGCTT,3
22C,11,pos,8,CTAACTGTAACCGTAACTGCAGCAACTCTGCTC,3
22C,11,pos,8,CTAACTGTAACCGTTACAGCGGCAACTCTGCTC,3
22C,11,pos,8,CTAACTGTAACTGTAACAGCGGCCACGCTCCTC,2
22C,11,pos,8,CTAACCGTCACCGTAACCGCAGCTACCCTGCTC,2
22C,11,pos,8,CTAACTGTAACGGTAACAGCTGCGACGCTTCTC,2
22C,11,pos,8,CTCACTGTAACAGTTACTGCTGCTACTCTACTT,2
22C,11,pos,8,CTAACCGTCACAGTAACCGCAGCTACCCTGCTC,2
22C,11,pos,8,CTAACCGTCACCGTAACCGCAGCTACCCTGCTG,2
22C,11,pos,8,CTAACTGTCACAGTAACCGCAGCTACCCTGCTC,2
22C,11,pos,8,CTAACTGTAACTGTAACAGCGGCCACGCTCCTA,2
22C,11,pos,8,CTGACTGTAACCGTTACAGCCGCAACTCTGCTC,2
22C,11,pos,8,CTAACTGTAACAGTTACTGCTGCTACTCTACTT,2
22C,11,pos,8,CTAACCGTCACCGTCACTGCGGCAACTCTGCTC,1
22C,11,pos,8,CTGACTGTAACCGTTACTGCGGCAACTCTGCTC,1
22C,11,pos,8,CTAACTGTAACCGTAACTGCAGCAACTCTTCTC,1
22C,11,pos,8,CTGACTGTAACCGTAACTGCAGCAACTCTGCTC,1
22C,11,pos,8,CTAACTGTAACCGTAACAGCGGCAACGCTCCTC,1
22C,11,pos,8,CTAACTGTAACGGTAACAGCGGCCACGCTCCTC,1
22C,11,pos,8,CTGACTGTAACCGTCACTGCAGCAACTCTGCTC,1
22C,11,pos,8,CTAACTGTAACCGTAACAGCGGCAACGCTGCTC,1
22C,11,pos,8,CTAACCGTAACTGTAACTGCGGCCACGCTCCTA,1
22C,11,pos,8,CTAACTGTAACCGTAACAGCGGCTACTCTGCTT,1
22C,11,pos,8,CTGACTGTAACCGTAACTGCAGCTACTCTGCTT,1
22C,11,pos,8,CTCACTGTTACTGTCACTGCAGCAACCCTACTC,1
22C,11,pos,8,CTAACTGTCACAGTAACCGCAGCAACCCTGCTC,1
22C,11,pos,8,CTAACTGTCACAGTAACCGCAGCTACCCTGCTG,1
22C,11,pos,8,CTAACTGTCACAGTCACCGCAGCAACCCTGCTC,1
22C,11,pos,8,CTAACTGTAACCGTAACTGCGGCTACTCTGCTC,1
22C,11,pos,8,CTAACTGTTACGGTAACAGCAGCAACGCTTCTC,1
22C,11,pos,8,CTAACTGTAACCGTCACTGCGGCAACTCTACTC,1
22C,11,pos,8,CTAACTGTCACCGTAACCGCAGCTACCCTGCTC,1
22C,11,pos,8,CTAACTGTAACCGTAACTGCAGCTACTCTGCTC,1
22C,11,pos,8,CTAACTGTAACTGTAACAGCGGCAACGCTCCTC,1
22C,11,pos,8,CTGACTGTAACCGTTACAGCGGCAACTCTGCTC,1
22C,11,pos,8,CTAACTGTAACCGTCACTGCGGCAACTCTGCTT,1
22C,11,pos,8,CTAACTGTAACCGTAACAGCGGCCACTCTGCTC,1
22C,11,pos,8,CTGACTGTTACTGTCACGGCTGCCACTCTCCTT,1
22C,11,pos,8,CTCACTGTCACGGTCACTGCAGCAACACTGCTC,1
22C,11,pos,8,CTGACGGTAACAGTGACAGCAGCAACCCTACTT,1
22C,11,pos,8,CTAACTGTAACCGTTACTGCTGCTACTCTGCTC,1
22C,11,pos,8,CTAACTGTTACGGTAACTGCTGCGACGCTTCTC,1
22C,11,pos,8,CTAACTGTAACCGTTACTGCGGCAACTCTGCTT,1
22C,11,pos,8,CTAACTGTAACCGTAACAGCAGCAACCCTGCTC,1
22C,11,pos,8,CTAACCGTAACCGTCACAGCGGCCACTCTCCTC,1
22C,11,pos,8,CTCACCGTTACCGTTACAGCAGCCACTCTACTC,1
22C,11,pos,8,CTGACTGTAACCGTTACAGCAGCAACTCTGCTC,1
22C,11,pos,8,CTAACTGTAACCGTCACTGCGGCAACTCTGCTA,1
22C,11,pos,8,CTTACCGTTACTGTGACTGCGGCGACACTCCTT,1
22C,11,pos,8,CTAACTGTAACCGTCACCGCAGCAACCCTGCTC,1
22C,11,pos,8,CTAACTGTAACCGTAACAGCGGCCACGCTGCTC,1
22C,11,pos,8,CTAACTGTAACCGTCACTGCGGCAACGCTGCTC,1
22C,11,pos,8,CTAACTGTAACCGTCACAGCAGCAACCCTGCTC,1
22C,11,pos,8,CTGACTGTAACCGTTACTGCAGCTACTCTGCTT,1
22C,11,pos,8,CTAACTGTAACCGTTACTGCAGCAACTCTGCTC,1
22C,11,pos,8,CTAACTGTAACCGTCACTGCAGCAACCCTGCTC,1
22C,11,pos,8,CTGACTGTAACCGTCACAGCCGCAACTCTGCTC,1
22C,11,pos,8,CTAACTGTTACCGTAACAGCAGCAACTCTGCTC,1
22C,11,pos,8,CTCACTGTAACCGTTACTGCAGCAACTCTACTC,1
22C,11,pos,8,CTAACTGTAACGGTCACTGCAGCAACTCTGCTC,1
22C,11,pos,8,CTCACCGTTACTGTCACTGCAGCAACCCTACTT,1
22C,11,pos,8,CTGACTGTAACCGTTACAGCAGCTACTCTGCTT,1
22C,11,pos,8,CTGACTGTAACAGTAACTGCAGCTACACTTCTC,1
22C,11,pos,8,CTAACTGTAACGGTAACTGCAGCAACTCTTCTC,1
22C,11,pos,8,CTGACAGTTACCGTTACAGCAGCCACGCTTCTG,1
22C,11,pos,8,CTAACCGTAACTGTCACAGCGGCCACGCTCCTA,1
22C,11,pos,8,CTAACCGTCACCGTAACCGCAGCTACTCTGCTG,1
22C,11,pos,8,CTAACTGTCACAGTAACTGCAGCAACCCTGCTC,1
22C,11,pos,8,CTAACAGTAACCGTTACAGCCGCTACTCTGCTT,1
22C,11,pos,8,CTAACTGTAACCGTCACTGCAGCCACACTGCTC,1
22C,11,pos,8,CTAACTGTTACCGTCACAGCGGCAACTCTGCTC,1
22C,11,pos,8,CTAACTGTAACCGTCACTGCAGCCACTCTGCTC,1
22C,11,pos,8,CTAACTGTAACGGTAACAGCGGCAACGCTTCTC,1
22C,11,pos,8,CTGACTGTTACCGTTACAGCAGCAACTCTACTC,1
22C,11,pos,8,CTAACCGTCACAGTAACCGCAGCCACCCTGCTG,1
22C,11,pos,8,CTAACTGTCACCGTAACCGCAGCTACCCTGCTG,1
22C,11,pos,8,CTAACTGTAACTGTAACTGCGGCAACCCTGCTC,1
22C,11,pos,8,CTAACTGTAACGGTCACTGCGGCAACTCTGCTC,1
22C,11,pos,8,CTAACTGTAACCGTTACAGCCGCTACTCTGCTC,1
22C,11,pos,8,CTAACCGTAACCGTTACAGCGGCCACTCTACTC,1
22C,11,pos,8,CTGACTGTAACAGTAACTGCAGCAACTCTTCTC,1
22C,11,pos,8,CTAACTGTAACCGTAACTGCAGCAACCCTGCTC,1
22C,11,pos,8,CTAACTGTAACGGTAACAGCGGCAACGCTGCTC,1
22C,11,pos,8,CTAACTGTCACCGTCACTGCAGCAACTCTGCTC,1
22C,11,pos,8,CTAACTGTTACGGTTACAGCAGCAACCCTACTC,1
22C,11,pos,8,CTAACCGTTACCGTCACTGCAGCAACCCTACTT,1
22C,11,pos,8,CTAACTGTAACCGTCACAGCGGCCACTCTGCTC,1
22C,11,pos,8,CTAACTGTAACCGTTACTGCTGCTACTCTACTC,1
22C,11,pos,10,CTGACAGTAACCGTTACAGCCGCTACTCTGCTT,1698
22C,11,pos,10,CTAACCGTCACAGTAACCGCAGCTACCCTGCTG,59
22C,11,pos,10,CTGACAGTAACCGTTACAGCCGCTACCCTACTT,4
22C,11,pos,10,CTAACCGTCACAGTTACCGCAGCTACCCTGCTG,4
22C,11,pos,10,CTAACCGTCACTGTTACTGCTGCGACCCTACTA,3
22C,11,pos,10,CTAACTGTTACGGTTACAGCTGCGACCCTACTC,3
22C,11,pos,10,CTGACAGTAACCGTTACAGCCGCTACCCTGCTT,3
22C,11,pos,10,CTGACAGTTACCGTTACAGCAGCCACGCTTCTG,2
22C,11,pos,10,CTGACTGTTACGGTTACAGCAGCAACCCTACTC,2
22C,11,pos,10,CTGACCGTAACGGTCACCGCGGCAACTCTACTG,2
22C,11,pos,10,CTGACCGTAACCGTTACAGCAGCTACCCTGCTT,1
22C,11,pos,10,CTAACCGTCACGGTTACAGCAGCTACCCTACTC,1
22C,11,pos,10,CTGACTGTAACAGTAACTGCAGCTACACTTCTT,1
22C,11,pos,10,CTGACTGTTACGGTTACAGCAGCGACCCTACTC,1
22C,11,pos,10,CTGACAGTAACCGTTACAGCAGCTACCCTACTT,1
22C,11,pos,10,CTGACTGTAACCGTTACAGCCGCTACTCTGCTT,1
22C,11,pos,10,CTAACTGTTACGGTAACAGCTGCGACGCTTCTC,1
22C,11,pos,10,CTAACCGTCACAGTTACAGCAGCTACCCTGCTG,1
22C,11,pos,10,CTGACTGTAACAGTTACTGCAGCTACACTTCTT,1
22C,11,pos,10,CTTACAGTTACCGTGACCGCTGCTACGCTACTT,1
22C,11,pos,10,CTGACCGTCACCGTTACAGCAGCTACCCTGCTG,1
22C,11,pos,11,CTGACAGTAACCGTTACAGCCGCTACTCTGCTT,1903
22C,11,pos,11,CTAACCGTCACAGTAACCGCAGCTACCCTGCTG,22
22C,11,pos,11,CTGACAGTAACCGTTACAGCCGCCACTCTGCTT,1
22C,11,pos,11,CTAACCGTCACAGTTACCGCAGCTACCCTGCTG,1
22C,11,pos,11,CTGACAGTAACCGTCACAGCCGCTACTCTGCTT,1
22C,11,pos,12,CTGACAGTAACCGTTACAGCCGCTACTCTGCTT,5218
22C,11,pos,12,CTAACCGTCACAGTAACCGCAGCTACCCTGCTG,34
22C,11,pos,12,CTAACCGTCACTGTTACTGCTGCGACCCTACTA,12
22C,11,pos,12,CTGACAGTAACCGTTACAGCCGCTACTCTCCTT,2
22C,11,pos,12,CTTACAGTAACCGTTACAGCCGCTACTCTGCTT,2
22C,11,pos,12,CTGACCGTCACCGTTACAGCCGCTACCCTGCTT,1
22C,11,pos,12,CTAACCGTCACTGTTACTGCTGCGACCCTACTT,1
22C,11,pos,12,CTGACTGTAACAGTAACTGCAGCTACACTTCTT,1
22C,11,pos,12,CTAACCGTCACAGTTACCGCAGCTACCCTGCTG,1
22C,11,pos,12,CTGACAGTAACCGTTACAGCCGCTACCCTGCTT,1
22C,11,pos,12,CTGACAGTAACCGTTACAGCCGCTACTCTGCTC,1
22C,11,pos,12,CTAACCGTCACCGTTACAGCCGCTACCCTGCTT,1
22C,11,pos,12,CTAACAGTAACCGTTACAGCCGCTACCCTGCTT,1
22C,11,pos,12,CTGACAGTAACCGTTACTGCCGCTACTCTGCTT,1
22C,11,pos,12,CTGACAGTAACCGTTACAGCCGCCACTCTGCTT,1
22C,11,pos,12,CTAACAGTAACGGTTACAGCCGCTACCCTGCTT,1
22C,11,pos,13,CTAACCGTCACAGTAACCGCAGCTACCCTGCTG,23
22C,11,pos,14,CTGACAGTAACCGTTACAGCCGCTACTCTGCTT,4391
22C,11,pos,14,CTAACCGTCACAGTAACCGCAGCTACCCTGCTG,41
22C,11,pos,14,CTAACCGTCACTGTTACTGCTGCGACCCTACTA,22
22C,11,pos,14,CTAACCGTCACAGTTACCGCAGCTACCCTGCTG,4
22C,11,pos,14,CTAACCGTCACCGTTACAGCCGCTACCCTGCTT,4
22C,11,pos,14,CTAACCGTCACTGTTACTGCTGCTACCCTGCTA,2
22C,11,pos,14,CTCACAGTAACCGTTACAGCCGCTACTCTGCTT,2
22C,11,pos,14,CTGACAGTAACCGTTACAGCCGCTACCCTGCTT,1
22C,11,pos,14,CTGACAGTCACCGTTACAGCCGCTACCCTGCTT,1
22C,11,pos,14,CTGACAGTAACCGTTACAGCCGCTACTCTTCTT,1
22C,11,pos,14,CTCACTGTCACTGTCACCGCCGCCACTCTTCTT,1
22C,11,pos,14,CTAACCGTCACTGTTACTGCTGCTACCCTACTA,1
22C,11,pos,14,CTAACCGTCACTGTTACTGCTGCGACCCTACTT,1
22C,11,pos,14,CTAACAGTCACCGTTACAGCCGCTACTCTGCTT,1
22C,11,pos,14,CTGACAGTAACCGTTACAGCCGCTACTCTGCTC,1
22C,11,pos,14,CTAACGGTAACGGTAACGGCGGCAACCCTCCTT,1
22C,11,pos,14,CTGACAGTAACCGTCACAGCCGCTACTCTGCTT,1
22C,11,pos,14,CTGACAGTAACCGTTACAGCTGCTACTCTGCTT,1
22C,11,pos,14,CTGACTGTAACCGTTACTGCAGCTACACTTCTT,1
22C,11,pos,15,CTGACAGTAACCGTTACAGCCGCTACTCTGCTT,6904
22C,11,pos,15,CTAACTGTAACCGTCACTGCGGCAACTCTGCTC,58
22C,11,pos,15,CTAACCGTCACAGTAACCGCAGCTACCCTGCTG,52
22C,11,pos,15,CTGACTGTAACCGTTACAGCCGCTACTCTGCTT,19
22C,11,pos,15,CTGACTGTAACCGTTACAGCCGCAACTCTGCTC,8
22C,11,pos,15,CTGACTGTAACCGTTACAGCCGCTACTCTGCTC,7
22C,11,pos,15,CTGACTGTAACAGTAACTGCAGCTACACTTCTT,5
22C,11,pos,15,CTAACTGTAACCGTCACAGCGGCAACTCTGCTC,5
22C,11,pos,15,CTAACTGTAACCGTTACAGCCGCTACTCTGCTC,5
22C,11,pos,15,CTAACTGTAACCGTTACAGCGGCAACTCTGCTC,5
22C,11,pos,15,CTAACTGTAACCGTCACTGCAGCAACCCTGCTC,4
22C,11,pos,15,CTAACAGTAACCGTTACAGCCGCTACTCTGCTT,4
22C,11,pos,15,CTAACGGTAACGGTAACGGCGGCAACCCTCCTT,3
22C,11,pos,15,CTAACTGTAACCGTTACTGCGGCAACTCTGCTC,3
22C,11,pos,15,CTGACAGTAACCGTCACAGCCGCTACTCTGCTT,2
22C,11,pos,15,CTGACCGTTACAGTTACCGCAGCAACTCTGCTT,2
22C,11,pos,15,CTGACCGTCACTGTCACTGCCGCCACGCTTCTA,2
22C,11,pos,15,CTGACTGTAACCGTTACAGCCGCAACTCTGCTT,2
22C,11,pos,15,CTAACTGTAACCGTCACTGCAGCAACTCTGCTC,2
22C,11,pos,15,CTGACAGTAACCGTTACAGCCGCTACTCTGCTC,2
22C,11,pos,15,CTGACTGTAACCGTAACTGCAGCTACTCTGCTT,2
22C,11,pos,15,CTAACCGTAACCGTAACCGCAGCTACTCTGCTG,2
22C,11,pos,15,CTGACTGTAACCGTTACAGCAGCAACTCTGCTC,2
22C,11,pos,15,CTGACAGTAACCGTTACGGCCGCTACTCTGCTT,2
22C,11,pos,15,CTGACAGTAACCGTTACAGCCGCCACTCTGCTT,2
22C,11,pos,15,CTTACAGTAACCGTTACAGCCGCTACTCTGCTT,2
22C,11,pos,15,CTAACTGTTACGGTAACAGCTGCAACTCTGCTC,1
22C,11,pos,15,CTAACTGTCACAGTAACCGCAGCTACCCTGCTC,1
22C,11,pos,15,CTGACTGTAACCGTCACTGCGGCTACTCTGCTT,1
22C,11,pos,15,CTAACCGTCACCGTAACCGCAGCTACCCTGCTG,1
22C,11,pos,15,CTAACTGTCACAGTAACCGCAGCTACCCTGCTG,1
22C,11,pos,15,CTAACTGTAACCGTAACCGCAGCTACCCTGCTC,1
22C,11,pos,15,CTGACTGTAACCGTCACTGCAGCAACTCTTCTC,1
22C,11,pos,15,CTCACAGTAACCGTTACAGCCGCTACTCTGCTT,1
22C,11,pos,15,CTAACTGTAACCGTCACTGCGGCAACCCTGCTC,1
22C,11,pos,15,CTAACTGTAACCGTTACAGCCGCTACTCTGCTT,1
22C,11,pos,15,CTGACTGTAACCGTCACTGCAGCTACTCTGCTT,1
22C,11,pos,15,CTAACCGTAACCGTAACCGCAGCTACCCTGCTG,1
22C,11,pos,15,CTGACAGTAACCGTTACAGCCGCTACTCTACTT,1
22C,11,pos,15,CTAACTGTAACCGTCACCGCAGCTACTCTGCTC,1
22C,11,pos,15,CTTACCGTTACTGTGACTGCGGCGACACTCCTT,1
22C,11,pos,15,CTAACTGTAACCGTTACAGCCGCAACTCTGCTC,1
22C,11,pos,15,CTAACTGTAACCGTAACCGCAGCTACTCTGCTG,1
22C,11,pos,15,CTAACTGTTACGGTAACAGCTGCAACGCTTCTC,1
22C,11,pos,15,CTAACTGTAACCGTTACAGCGGCAACTCTGCTT,1
22C,11,pos,15,CTGACTGTAACCGTCACTGCGGCAACTCTGCTC,1
22C,11,pos,15,CTAACTGTAACCGTAACCGCAGCTACCCTGCTG,1
22C,11,pos,15,CTAACTGTAACCGTCACTGCGGCAACTCTGCTT,1
22C,11,pos,15,CTAACTGTAACCGTAACTGCAGCTACTCTGCTG,1
22C,11,pos,15,CTGACTGTAACCGTTACAGCGGCAACTCTGCTC,1
22C,11,pos,15,CTGACTGTAACCGTTACTGCGGCAACTCTGCTC,1
22C,11,pos,15,CTAACTGTTACGGTAACAGCTGCGACGCTTCTC,1
22C,11,pos,15,CTAACTGTAACCGTCACAGCAGCTACTCTGCTC,1
22C,11,pos,16,CTGACAGTAACCGTTACAGCCGCTACTCTGCTT,7186
22C,11,pos,16,CTAACCGTCACAGTAACCGCAGCTACCCTGCTG,35
22C,11,pos,16,CTAACCGTCACCGTAACCGCAGCTACCCTGCTG,4
22C,11,pos,16,CTGACAGTAACCGTTACAGCCGCTACTCTGCTC,4
22C,11,pos,16,CTAACTGTAACCGTCACTGCGGCAACTCTGCTC,3
22C,11,pos,16,CTAACAGTAACCGTTACAGCCGCTACTCTGCTT,1
22C,11,pos,16,CTGACAGTAACCGTTACAGCCGCTACTCTCCTT,1
22C,11,pos,16,CTAACTGTCACAGTAACCGCAGCTACCCTGCTG,1
22C,11,pos,16,CTGACCGTAACGGTCACCGCGGCAACTCTACTG,1
22C,11,pos,16,CTCACCGTTACTGTCACTGCAGCAACCCTACTT,1
22C,11,pos,16,CTAACTGTAACCGTCACAGCAGCAACTCTACTC,1
22C,11,pos,16,CTAACTGTTACGGTAACAGCTGCGACGCTTCTC,1
22C,11,pos,16,CTAACTGTAACCGTTACAGCAGCTACTCTGCTC,1
22C,11,pos,16,CTTACAGTAACCGTTACAGCCGCTACTCTGCTT,1
22C,11,pos,16,CTGACTGTAACCGTTACAGCCGCTACTCTGCTC,1
22C,11,pos,16,CTAACCGTAACCGTAACCGCAGCTACTCTGCTG,1
22C,11,pos,16,CTAACCGTAACCGTTACAGCAGCTACTCTGCTT,1
22C,11,pos,16,CTAACTGTAACCGTTACTGCGGCAACTCTGCTC,1
22C,11,pos,16,CTGACTGTAACCGTTACAGCCGCTACTCTGCTT,1
22C,11,pos,16,CTAACCGTAACCGTAACCGCAGCTACCCTGCTG,1
22C,11,pos,16,CTAACGGTAACCGTAACAGCGGCAACTCTGCTT,1
22C,11,pos,16,CTTACAGTGACAGTTACGGCAGCTACACTTCTC,1
22C,11,pos,16,CTGACAGTGACCGTTACAGCCGCTACTCTGCTT,1
22C,11,pos,16,CTGACAGTAACCGTCACAGCCGCTACTCTGCTT,1
22C,11,pos,16,CTAACCGTCACAGTAACTGCAGCTACCCTGCTG,1
22C,11,pos,16,CTAACCGTAACCGTAACTGCAGCTACTCTGCTC,1
22C,11,pos,16,CTCACTGTAACCGTTACAGCTGCTACACTTCTC,1
22C,11,pos,16,CTAACTGTAACCGTTACAGCGGCAACTCTGCTC,1
22C,11,pos,16,CTGACTGTTACGGTTACAGCAGCAACCCTACTC,1
22C,11,pos,16,CTCACAGTAACCGTTACAGCCGCTACTCTGCTT,1
22C,11,pos,18,CTGACAGTAACCGTTACAGCCGCTACTCTGCTT,633
22C,11,pos,18,CTAACCGTCACAGTAACCGCAGCTACCCTGCTG,29
22C,11,pos,18,CTAACCGTCACAGTTACAGCAGCTACCCTACTG,1
22C,11,pos,18,CTCACCGTTACTGTCACTGCAGCAACCCTACTT,1
22C,11,pos,18,CTGACCGTCACCGTTACAGCAGCTACCCTGCTT,1
22C,11,pos,18,CTAACCGTCACAGTTACCGCAGCTACCCTACTG,1
22C,11,neg,1,CTAACCGTCACAGTAACCGCAGCTACCCTGCTG,16
22C,11,neg,1,CTAACCGTCACAGTAACCGCTGCTACCCTGCTG,2
22C,11,neg,1,CTGACGGTAACAGTGACAGCAGCAACCCTACTT,1
22C,11,neg,2,CTAACCGTCACAGTAACCGCAGCTACCCTGCTG,58
22C,11,neg,2,CTAACCGTCACTGTTACTGCTGCGACCCTACTA,7
22C,11,neg,2,CTGACAGTTACCGTTACAGCAGCCACGCTTCTG,3
22C,11,neg,2,CTAACCGTAACTGTGACGGCTGCAACGCTTCTG,1
22C,11,neg,2,CTAACCGTCACTGTTACTGCTGCTACCCTGCTA,1
22C,11,neg,2,CTAACCGTCACTGTTACCGCAGCTACCCTGCTG,1
22C,11,neg,2,CTAACCGTCACTGTTACTGCAGCTACCCTACTA,1
22C,11,neg,2,CTAACCGTCACAGTAACCGCAGCTACCCTACTG,1
22C,11,neg,2,CTAACCGTCACTGTTACAGCTGCGACCCTACTA,1
22C,11,neg,2,CTAACCGTCACTGTTACTGCAGCTACCCTGCTG,1
22C,11,neg,2,CTAACCGTCACAGTTACCGCAGCTACCCTGCTG,1
22C,11,neg,2,CTAACCGTCACTGTTACTGCTGCGACCCTGCTA,1
22C,11,neg,3,CTAACCGTCACAGTAACCGCAGCTACCCTGCTG,49
22C,11,neg,3,CTAACTGTCACAGTAACCGCAGCTACCCTGCTC,1
22C,11,neg,3,CTCACCGTTACTGTCACTGCAGCAACCCTACTT,1
22C,11,neg,3,CTAACCGTCACAGTAACCGCAGCCACCCTGCTG,1
22C,11,neg,3,CTGACTGTAACCGTTACAGCAGCTACTCTGCTC,1
22C,11,neg,3,CTAACCGTCACAGTTACCGCAGCTACCCTGCTC,1
22C,11,neg,3,CTGACTGTAACCGTTACAGCCGCTACTCTGCTT,1
22C,11,neg,3,CTAACCGTAACTGTGACGGCTGCAACGCTTCTG,1
22C,11,neg,3,CTAACCGTCACAGTAACCGCAGCTACCCTGCTC,1
22C,12,pos,2,CTTACTGTTACGGTAACCGCAGCCACGCTCCTT,8378
22C,12,pos,2,CTAACTGTAACCGTCACTGCGGCAACTCTGCTC,59
22C,12,pos,2,CTAACCGTCACAGTAACCGCAGCTACCCTGCTG,36
22C,12,pos,2,CTAACTGTCACAGTAACCGCAGCTACCCTGCTG,22
22C,12,pos,2,CTAACTGTTACGGTAACCGCAGCCACGCTGCTT,13
22C,12,pos,2,CTGACTGTTACGGTTACAGCAGCAACCCTACTC,10
22C,12,pos,2,CTAACTGTTACGGTCACTGCAGCAACTCTGCTC,6
22C,12,pos,2,CTAACTGTTACGGTAACCGCAGCCACGCTCCTT,6
22C,12,pos,2,CTTACTGTTACGGTAACTGCAGCCACGCTCCTT,5
22C,12,pos,2,CTTACTGTTACTGTAACCGCAGCCACGCTCCTT,5
22C,12,pos,2,CTAACTGTTACGGTAACCGCAGCAACGCTCCTC,4
22C,12,pos,2,CTAACTGTCACAGTAACCGCAGCTACCCTGCTC,4
22C,12,pos,2,CTTACTGTTACGGTAACCGCAGCCACGCTCCTC,4
22C,12,pos,2,CTAACTGTCACGGTCACCGCAGCCACACTGCTC,4
22C,12,pos,2,CTAACTGTTACGGTTACAGCAGCAACCCTACTC,4
22C,12,pos,2,CTTACTGTTACGGTAACCGCAGCAACGCTCCTC,4
22C,12,pos,2,CTAACTGTTACGGTAACCGCAGCCACGCTCCTC,4
22C,12,pos,2,CTAACTGTAACGGTCACTGCGGCAACTCTGCTC,4
22C,12,pos,2,CTGACAGTAACCGTTACAGCCGCTACTCTGCTT,4
22C,12,pos,2,CTAACTGTAACGGTCACCGCAGCCACTCTGCTC,4
22C,12,pos,2,CTAACTGTTACGGTCACCGCAGCCACGCTGCTC,4
22C,12,pos,2,CTCACTGTCACGGTCACCGCAGCCACACTGCTC,4
22C,12,pos,2,CTAACTGTTACGGTAACTGCAGCAACGCTCCTC,3
22C,12,pos,2,CTAACTGTTACGGTAACCGCAGCAACCCTGCTT,3
22C,12,pos,2,CTAACTGTAACGGTAACGGCGGCAACCCTCCTT,3
22C,12,pos,2,CTAACTGTAACGGTCACTGCGGCAACTCTCCTC,2
22C,12,pos,2,CTTACTGTTACGGTAACCGCAGCAACGCTCCTT,2
22C,12,pos,2,CTAACTGTAACGGTAACTGCGGCAACCCTCCTT,2
22C,12,pos,2,CTAACTGTTACGGTAACCGCAGCAACGCTGCTT,2
22C,12,pos,2,CTAACTGTAACCGTAACCGCAGCAACTCTGCTC,2
22C,12,pos,2,CTAACTGTAACCGTCACTGCGGCAACTCTGCTT,2
22C,12,pos,2,CTGACTGTAACCGTTACAGCCGCTACTCTGCTT,2
22C,12,pos,2,CTAACTGTAACCGTCACTGCAGCAACCCTGCTC,2
22C,12,pos,2,CTAACTGTTACGGTAACCGCAGCCACGCTGCTC,2
22C,12,pos,2,CTTACTGTTACGGTCACCGCAGCCACGCTGCTC,2
22C,12,pos,2,CTAACTGTTACGGTTACAGCAGCAACCCTGCTC,2
22C,12,pos,2,CTAACTGTAACCGTAACCGCAGCAACCCTGCTC,2
22C,12,pos,2,CTAACTGTAACGGTAACCGCGGCAACGCTCCTT,2
22C,12,pos,2,CTAACTGTTACGGTAACCGCAGCCACCCTGCTT,2
22C,12,pos,2,CTAACTGTTACGGTAACCGCGGCAACGCTCCTT,2
22C,12,pos,2,CTAACTGTTACCGTCACTGCAGCAACCCTACTT,2
22C,12,pos,2,CTTACTGTCACGGTAACCGCAGCCACGCTCCTT,2
22C,12,pos,2,CTAACTGTTACGGTAACCGCAGCAACCCTGCTC,1
22C,12,pos,2,CTAACTGTTACGGTAACTGCAGCAACCCTGCTC,1
22C,12,pos,2,CTAACCGTAACTGTGACGGCTGCAACGCTTCTG,1
22C,12,pos,2,CTAACTGTTACGGTAACCGCAGCCACCCTGCTC,1
22C,12,pos,2,CTAACTGTAACCGTCACTGCAGCAACTCTGCTT,1
22C,12,pos,2,CTAACTGTCACGGTCACCGCAGCCACTCTGCTC,1
22C,12,pos,2,CTTACTGTTACGGTAACCGCGGCAACGCTCCTT,1
22C,12,pos,2,CTTACTGTTACGGTAACCGCAGCCACACTCCTT,1
22C,12,pos,2,CTAACTGTCACGGTCACCGCAGCAACTCTGCTC,1
22C,12,pos,2,CTTACTGTTACAGTAACCGCAGCCACGCTCCTT,1
22C,12,pos,2,CTAACTGTAACGGTCACTGCAGCAACTCTGCTC,1
22C,12,pos,2,CTCACTGTAACGGTCACCGCAGCCACTCTGCTC,1
22C,12,pos,2,CTAACTGTTACGGTAACTGCTGCGACGCTCCTC,1
22C,12,pos,2,CTAACTGTAACCGTTACAGCCGCAACTCTGCTC,1
22C,12,pos,2,CTAACTGTAACCGTCACTGCAGCAACTCTGCTC,1
22C,12,pos,2,CTTACTGTAACCGTAACCGCAGCCACTCTGCTT,1
22C,12,pos,2,CTAACTGTTACGGTAACCGCAGCCACCCTCCTT,1
22C,12,pos,2,CTTACTGTTACGGTAACCGCAGCCACTCTGCTT,1
22C,12,pos,2,CTTACTGTTACGGTAACCGCAGCCACGCTACTT,1
22C,12,pos,2,CTTACTGTTACGGTGACCGCAGCCACGCTCCTT,1
22C,12,pos,2,CTAACTGTTACGGTCACTGCAGCAACCCTGCTC,1
22C,12,pos,2,CTTACTGTAACCGTTACCGCCGCCACTCTGCTT,1
22C,12,pos,2,CTAACTGTCACAGTAACCGCAGCAACCCTGCTC,1
22C,12,pos,2,CTAACTGTAACCGTAACCGCAGCTACTCTGCTC,1
22C,12,pos,2,CTAACTGTTACCGTCACTGCAGCAACTCTGCTC,1
22C,12,pos,2,CTTACTGTCACGGTTACTGCTGCTACACTCCTT,1
22C,12,pos,2,CTTACTGTTACGGTAACCGCAGCCACTCTCCTT,1
22C,12,pos,2,CTAACTGTCACGGTCACTGCAGCAACTCTGCTC,1
22C,12,pos,2,CTTACTGTAACGGTAACGGCGGCAACCCTCCTT,1
22C,12,pos,2,CTAACTGTAACCGTAACCGCAGCAACCCTACTC,1
22C,12,pos,2,CTTACTGTAACCGTCACTGCAGCAACTCTGCTT,1
22C,12,pos,2,CTAACTGTCACGGTAACCGCAGCTACCCTGCTG,1
22C,12,pos,2,CTAACCGTCACAGTAACCGCTGCTACCCTGCTG,1
22C,12,pos,2,CTAACTGTAACCGTAACTGCAGCTACTCTGCTC,1
22C,12,pos,2,CTAACTGTCACCGTAACCGCAGCTACCCTGCTC,1
22C,12,pos,2,CTAACTGTTACGGTAACAGCAGCAACGCTCCTC,1
22C,12,pos,2,CTTACTGTTACGGTCACCGCAGCCACGCTCCTC,1
22C,12,pos,2,CTGACTGTTACGGTCACTGCAGCAACCCTCCTC,1
22C,12,pos,2,CTAACTGTTACGGTCACCGCGGCAACCCTGCTC,1
22C,12,pos,2,CTAACTGTTACCGTCACTGCGGCAACTCTGCTC,1
22C,12,pos,2,CTAACTGTTACGGTCACTGCGGCAACGCTGCTC,1
22C,12,pos,2,CTAACTGTTACGGTCACGGCTGCCACTCTCCTT,1
22C,12,pos,2,CTGACTGTTACCGTTACAGCAGCCACGCTTCTG,1
22C,12,pos,2,CTAACTGTAACCGTTACTGCGGCAACTCTGCTT,1
22C,12,pos,2,CTAACTGTAACGGTCACAGCTGCAACTCTGCTC,1
22C,12,pos,2,CTTACTGTTACGGTAACCGCGGCAACCCTCCTT,1
22C,12,pos,2,CTAACTGTCACCGTAACCGCAGCAACCCTGCTC,1
22C,12,pos,2,CTTACTGTAACGGTCACTGCGGCAACTCTCCTT,1
22C,12,pos,2,CTAACTGTTACGGTCACTGCGGCAACTCTGCTC,1
22C,12,pos,2,CTAACTGTTACGGTCACTGCAGCAACCCTACTT,1
22C,12,pos,2,CTAACTGTTACGGTCACCGCAGCCACTCTGCTC,1
22C,12,pos,2,CTAACTGTTACGGTTACTGCAGCAACCCTACTC,1
22C,12,pos,2,CTAACTGTCACGGTCACCGCAGCAACACTGCTC,1
22C,12,pos,2,CTAACTGTAACCGTTACAGCCGCAACTCTGCTT,1
22C,12,pos,2,CTCACTGTAACAGTTACTGCTGCTACTCTACTT,1
22C,12,pos,2,CTAACTGTTACGGTAACTGCTGCAACGCTGCTC,1
22C,12,pos,2,CTAACTGTTACGGTAACCGCGGCAACGCTGCTC,1
22C,12,pos,2,CTAACTGTAACCGTAACCGCAGCTACCCTGCTC,1
22C,12,pos,2,CTAACCGTCACAGTAACCGCAGCTACTCTGCTG,1
22C,12,pos,2,CTTACTGTTACGGTAACGGCGGCAACCCTCCTT,1
22C,12,pos,2,CTGACTGTTACCGTTACAGCAGCAACCCTACTC,1
22C,12,pos,2,CTTACTGTTACGGTCACCGCAGCCACTCTCCTT,1
22C,12,pos,3,CTTACTGTTACGGTAACCGCAGCCACGCTCCTT,2311
22C,12,pos,3,CTAACCGTCACAGTAACCGCAGCTACCCTGCTG,40
22C,12,pos,3,CTAACTGTAACCGTCACTGCGGCAACTCTGCTC,16
22C,12,pos,3,CTTACCGTTACGGTAACCGCAGCCACGCTCCTT,12
22C,12,pos,3,CTAACTGTCACAGTAACCGCAGCTACCCTGCTG,6
22C,12,pos,3,CTTACTGTTACGGTAACCGCAGCCACGCTCCTC,4
22C,12,pos,3,CTAACTGTCACCGTAACCGCAGCTACCCTGCTC,4
22C,12,pos,3,CTAACTGTAACCGTCACTGCAGCAACTCTGCTC,4
22C,12,pos,3,CTGACAGTTACCGTTACAGCAGCCACGCTTCTG,3
22C,12,pos,3,CTGACTGTTACGGTTACAGCAGCAACCCTACTC,3
22C,12,pos,3,CTAACTGTTACGGTCACTGCAGCAACTCTGCTC,3
22C,12,pos,3,CTAACTGTTACGGTAACCGCAGCCACGCTGCTT,3
22C,12,pos,3,CTAACTGTAACGGTCACTGCAGCAACTCTGCTC,3
22C,12,pos,3,CTGACTGTTACTGTCACGGCTGCCACTCTCCTT,2
22C,12,pos,3,CTCACCGTAACCGTCACAGCTGCTACGCTGCTT,2
22C,12,pos,3,CTGACTGTAACCGTTACAGCCGCTACTCTGCTT,2
22C,12,pos,3,CTCACTGTCACGGTCACCGCAGCCACACTGCTC,2
22C,12,pos,3,CTAACTGTAACCGTTACAGCGGCAACTCTGCTC,2
22C,12,pos,3,CTTACTGTCACGGTAACCGCAGCCACGCTCCTT,1
22C,12,pos,3,CTAACTGTCACGGTCACTGCAGCAACTCTGCTC,1
22C,12,pos,3,CTAACTGTCACGGTAACCGCAGCTACCCTGCTC,1
22C,12,pos,3,CTAACCGTCACCGTAACCGCAGCTACCCTACTC,1
22C,12,pos,3,CTAACCGTCACCGTAACCGCAGCTACCCTGCTG,1
22C,12,pos,3,CTAACTGTTACGGTAACTGCAGCAACCCTGCTC,1
22C,12,pos,3,CTTACTGTTACGGTCACTGCAGCAACGCTCCTT,1
22C,12,pos,3,CTAACTGTCACAGTAACCGCAGCTACCCTGCTC,1
22C,12,pos,3,CTAACTGTTACGGTTACTGCAGCAACCCTACTC,1
22C,12,pos,3,CTTACTGTTACGGTAACAGCAGCAACGCTCCTC,1
22C,12,pos,3,CTAACTGTTACGGTAACCGCAGCCACGCTCCTC,1
22C,12,pos,3,CTAACTGTCACGGTAACCGCAGCAACCCTGCTC,1
22C,12,pos,3,CTAACTGTTACGGTCACCGCAGCAACGCTCCTC,1
22C,12,pos,3,CTAACTGTTACGGTAACTGCAGCAACTCTGCTC,1
22C,12,pos,3,CTAACTGTAACCGTCACTGCAGCAACCCTACTC,1
22C,12,pos,3,CTAACTGTTACGGTTACAGCAGCAACTCTGCTC,1
22C,12,pos,3,CTTACTGTTACGGTAACCGCAGCCACGCTGCTT,1
22C,12,pos,3,CTAACTGTCACGGTAACCGCAGCTACCCTGCTG,1
22C,12,pos,3,CTAACTGTAACCGTAACCGCAGCAACTCTGCTC,1
22C,12,pos,3,CTAACTGTCACGGTCACCGCAGCCACACTGCTC,1
22C,12,pos,3,CTAACTGTAACCGTCACCGCAGCAACCCTGCTC,1
22C,12,pos,3,CTAACCGTCACCGTAACTGCAGCAACCCTGCTC,1
22C,12,pos,3,CTTACTGTTACGGTAACTGCAGCCACGCTCCTT,1
22C,12,pos,3,CTAACTGTTACGGTCACCGCAGCAACCCTGCTC,1
22C,12,pos,3,CTTACAGTTACCGTTACAGCAGCCACACTCCTG,1
22C,12,pos,3,CTAACTGTTACGGTAACCGCAGCCACGCTCCTT,1
22C,12,pos,3,CTAACCGTCACAGTAACCGCCGCTACCCTGCTG,1
22C,12,pos,3,CTGACAGTTACTGTCACTGCTGCTACCCTCCTA,1
22C,12,pos,3,CTAACTGTTACGGTCACCGCGGCAACCCTGCTC,1
22C,12,pos,3,CTAACCGTAACCGTAACCGCAGCTACTCTGCTC,1
22C,12,pos,3,CTCACCGTTACTGTCACTGCAGCAACCCTACTT,1
22C,12,pos,3,CTAACCGTAACTGTGACGGCTGCAACGCTTCTG,1
22C,12,pos,3,CTAACTGTCACGGTCACCGCAGCAACACTGCTC,1
22C,12,pos,8,CTTACTGTTACGGTAACCGCAGCCACGCTCCTT,759
22C,12,pos,8,CTAACCGTCACAGTAACCGCAGCTACCCTGCTG,28
22C,12,pos,8,CTCACCGTTACTGTCACTGCAGCAACCCTACTT,3
22C,12,pos,8,CTCACTGTCACGGTCACCGCAGCCACACTGCTC,2
22C,12,pos,8,CTTACAGTTACCGTGACCGCTGCTACGCTACTT,2
22C,12,pos,8,CTGACCGTAACGGTCACCGCGGCAACTCTACTG,2
22C,12,pos,8,CTGACCGTTACAGTTACCGCAGCAACTCTGCTT,1
22C,12,pos,8,CTTACTGTTACGGTAACCGCAGCCACTCTCCTT,1
22C,12,pos,8,CTTACGGTGACGGTCACAGCTGCTACCCTTCTC,1
22C,12,pos,8,CTAACCGTCACAGTAACCGCAGCTACCCTACTG,1
22C,12,pos,8,CTAACCGTCACAGTAACCGCAGCTACCCTGCTC,1
22C,12,pos,8,CTTACTGTTACCGTAACCGCAGCCACGCTCCTT,1
22C,12,pos,10,CTTACTGTTACGGTAACCGCAGCCACGCTCCTT,838
22C,12,pos,10,CTAACCGTCACAGTAACCGCAGCTACCCTGCTG,52
22C,12,pos,10,CTAACTGTCACAGTAACCGCAGCTACCCTGCTG,20
22C,12,pos,10,CTAACTGTAACCGTCACTGCGGCAACTCTGCTC,14
22C,12,pos,10,CTAACTGTCACCGTAACCGCAGCAACCCTGCTC,3
22C,12,pos,10,CTAACTGTAACCGTCACTGCAGCAACCCTGCTC,2
22C,12,pos,10,CTTACCGTTACTGTGACTGCGGCGACACTCCTT,2
22C,12,pos,10,CTGACTGTAACCGTTACAGCCGCTACTCTGCTT,2
22C,12,pos,10,CTAACTGTCACAGTAACCGCAGCAACCCTGCTC,2
22C,12,pos,10,CTAACTGTCACCGTAACCGCAGCTACCCTGCTG,1
22C,12,pos,10,CTAACTGTTACGGTAACCGCAGCCACGCTCCTT,1
22C,12,pos,10,CTCACCGTTACTGTCACTGCAGCAACCCTACTT,1
22C,12,pos,10,CTTACTGTTACGGTAACCGCAGCCACTCTCCTT,1
22C,12,pos,10,CTAACTGTTACGGTAACCGCAGCCACCCTGCTT,1
22C,12,pos,10,CTCACTGTTACTGTCACTGCAGCAACCCTACTT,1
22C,12,pos,10,CTTACTGTCACGGTAACCGCAGCCACGCTCCTT,1
22C,12,pos,10,CTAACCGTCACCGTAACCGCAGCTACCCTGCTG,1
22C,12,pos,10,CTAACTGTAACCGTAACCGCAGCTACCCTGCTG,1
22C,12,pos,10,CTGACAGTTACCGTTACAGCAGCCACGCTTCTG,1
22C,12,pos,10,CTAACTGTAACCGTCACTGCAGCAACTCTGCTC,1
22C,12,pos,10,CTAACTGTTACGGTCACTGCAGCAACTCTGCTC,1
22C,12,pos,13,CTTACTGTTACGGTAACCGCAGCCACGCTCCTT,1046
22C,12,pos,13,CTAACCGTCACAGTAACCGCAGCTACCCTGCTG,31
22C,12,pos,13,CTGACTGTGACCGTGACTGCTGCCACTCTACTA,1
22C,12,pos,13,CTTACCGTTACTGTGACTGCGGCGACACTCCTT,1
22C,12,pos,14,CTTACTGTTACGGTAACCGCAGCCACGCTCCTT,2422
22C,12,pos,14,CTAACCGTCACAGTAACCGCAGCTACCCTGCTG,54
22C,12,pos,14,CTGACTGTTACTGTCACGGCTGCCACTCTCCTT,2
22C,12,pos,14,CTTACTGTTACGGTAACCGCAGCCACCCTCCTT,2
22C,12,pos,14,CTCACCGTCACAGTAACCGCAGCTACCCTGCTG,2
22C,12,pos,14,CTTACTGTCACGGTAACCGCAGCCACGCTCCTT,2
22C,12,pos,14,CTTACTGTTACGGTAACCGCAGCCACACTCCTT,1
22C,12,pos,14,CTTACTGTTACGGTAACCGCAGCCACGCTCCTC,1
22C,12,pos,14,CTAACCGTCACAGTAACCGCAGCTACCCTGCTT,1
22C,12,pos,14,CTCACCGTTACTGTCACTGCAGCAACCCTACTT,1
22C,12,pos,14,CTTACCGTTACGGTAACCGCAGCCACGCTCCTT,1
22C,12,pos,14,CTTACCGTTACTGTGACTGCGGCGACACTCCTT,1
22C,12,pos,14,CTTACCGTTACGGTAACCGCAGCCACCCTGCTT,1
22C,12,pos,14,CTTACTGTTACGGTAACTGCAGCCACGCTCCTT,1
22C,12,pos,14,CTTACTGTTACAGTAACCGCAGCCACGCTCCTT,1
22C,12,pos,14,CTTACCGTTACTGTAACGGCAGCAACCCTCCTT,1
22C,12,pos,15,CTTACTGTTACGGTAACCGCAGCCACGCTCCTT,3476
22C,12,pos,15,CTAACCGTCACAGTAACCGCAGCTACCCTGCTG,88
22C,12,pos,15,CTTACTGTTACTGTAACCGCAGCCACGCTCCTT,2
22C,12,pos,15,CTTACTGTTACGGTAACCGCAGCCACGCTCCTC,2
22C,12,pos,15,CTTACTGTTACGGTAACCGCAGCCACTCTCCTT,2
22C,12,pos,15,CTCACCGTTACTGTCACTGCAGCAACCCTACTT,1
22C,12,pos,15,CTTACTGTTACGGTAACTGCAGCCACGCTCCTT,1
22C,12,pos,15,CTTACCGTTACAGTAACCGCAGCTACCCTGCTG,1
22C,12,pos,15,CTTACCGTTACTGTGACTGCGGCGACACTCCTT,1
22C,12,pos,15,CTGACAGTAACCGTTACAGCCGCTACTCTGCTT,1
22C,12,pos,15,CTTACCGTTACTGTAACCGCAGCGACACTCCTT,1
22C,12,pos,16,CTTACTGTTACGGTAACCGCAGCCACGCTCCTT,1278
22C,12,pos,16,CTAACCGTCACAGTAACCGCAGCTACCCTGCTG,24
22C,12,pos,16,CTAACCGTTACAGTAACCGCAGCTACCCTGCTG,2
22C,12,pos,16,CTTACCGTTACAGTAACCGCAGCTACCCTGCTT,1
22C,12,pos,17,CTTACTGTTACGGTAACCGCAGCCACGCTCCTT,1664
22C,12,pos,17,CTAACCGTCACAGTAACCGCAGCTACCCTGCTG,33
22C,12,pos,17,CTTACTGTTACTGTAACCGCAGCCACGCTCCTT,3
22C,12,pos,17,CTGACTGTTACGGTTACAGCAGCAACCCTACTC,2
22C,12,pos,17,CTTACGGTTACGGTAACCGCAGCAACCCTCCTT,1
22C,12,pos,17,CTGACAGTAACCGTTACAGCCGCTACTCTGCTT,1
22C,12,pos,17,CTTACCGTTACGGTAACCGCAGCTACGCTGCTT,1
22C,12,pos,17,CTTACCGTTACTGTGACCGCAGCGACGCTCCTT,1
22C,12,pos,18,CTTACTGTTACGGTAACCGCAGCCACGCTCCTT,1027
22C,12,pos,18,CTAACCGTCACAGTAACCGCAGCTACCCTGCTG,23
22C,12,pos,18,CTAACCGTCACAGTAACCGCAGCTACCCTGCTT,1
22C,12,pos,18,CTCACTGTTACCGTCACTGCAGCTACCCTGCTC,1
22C,12,pos,18,CTTACCGTTACTGTAACCGCAGCTACCCTGCTT,1
22C,12,pos,18,CTTACTGTTACAGTAACCGCAGCCACGCTCCTT,1
22C,12,pos,18,CTGACTGTTACAGTAACTGCTGCTACACTACTG,1
22C,12,pos,18,CTGACAGTTACCGTTACAGCAGCCACGCTTCTG,1
22C,12,neg,1,CTAACCGTCACAGTAACCGCAGCTACCCTGCTG,37
22C,12,neg,1,CTGACTGTTACGGTTACAGCAGCAACCCTACTC,3
22C,12,neg,1,CTCACCGTTACTGTCACTGCAGCAACCCTACTT,2
22C,12,neg,1,CTAACCGTTACAGTAACCGCAGCTACCCTGCTT,1
22C,12,neg,1,CTTACCGTTACAGTAACCGCAGCTACCCTGCTT,1
22C,12,neg,1,CTTACGGTTACTGTTACAGCTGCGACTCTGCTG,1
22C,12,neg,1,CTGACAGTAACCGTTACAGCCGCTACTCTGCTT,1
22C,12,neg,2,CTAACCGTCACAGTAACCGCAGCTACCCTGCTG,19
22C,12,neg,2,CTCACCGTTACTGTCACTGCAGCAACCCTACTT,3
22C,12,neg,2,CTTACCGTTACTGTGACTGCGGCGACACTCCTT,2
22C,12,neg,2,CTGACAGTTACCGTTACAGCAGCCACGCTTCTG,1
22C,12,neg,3,CTAACCGTCACAGTAACCGCAGCTACCCTGCTG,23
22C,12,neg,3,CTAACCGTAACTGTGACGGCTGCAACGCTTCTG,1
22C,14,pos,2,CTCACTGTCACGGTCACCGCAGCCACACTGCTC,1160
22C,14,pos,2,CTAACCGTCACAGTAACCGCAGCTACCCTGCTG,25
22C,14,pos,2,CTCACTGTCACGGTCACCGCAGCCACACTGCTT,4
22C,14,pos,2,CTCACTGTCACGGTCACCGCAGCCACACTTCTC,1
22C,14,pos,2,CTCACTGTCACGGTCACCGCAGCCACGCTGCTC,1
22C,14,pos,2,CTCACTGTCACTGTCACCGCAGCCACACTGCTC,1
22C,14,pos,2,CTTACTGTCACGGTCACCGCAGCCACACTGCTC,1
22C,14,pos,2,CTCACTGTCACGGTCACTGCAGCCACACTGCTC,1
22C,14,pos,3,CTGACTGTTACGGTTACAGCAGCAACCCTACTC,1907
22C,14,pos,3,CTAACCGTCACAGTAACCGCAGCTACCCTGCTG,21
22C,14,pos,3,CTAACCGTTACAGTAACCGCAGCTACCCTGCTT,2
22C,14,pos,3,CTGACTGTTACGGTTACAGCAGCAACCCTACTT,1
22C,14,pos,3,CTGACTGTTACGGTTACAGCTGCAACCCTACTC,1
22C,14,pos,3,CTCACCGTTACTGTCACTGCAGCAACCCTACTT,1
22C,14,pos,4,CTCACTGTCACGGTCACCGCAGCCACACTGCTC,1199
22C,14,pos,4,CTAACCGTCACAGTAACCGCAGCTACCCTGCTG,21
22C,14,pos,4,CTAACCGTTACAGTAACCGCAGCTACCCTGCTT,2
22C,14,pos,4,CTGACAGTTACCGTTACAGCAGCCACGCTTCTG,1
22C,14,pos,4,CTCACTGTCACGGTCACCGCAGCCACACTGCTA,1
22C,14,pos,4,CTTACCGTTACAGTAACCGCAGCTACCCTGCTT,1
22C,14,pos,4,CTGACTGTTACTGTCACGGCTGCCACTCTCCTT,1
22C,14,pos,4,CTCACCGTCACGGTCACCGCAGCTACCCTGCTC,1
22C,14,pos,4,CTTACCGTTACCGTAACCGCAGCTACGCTACTT,1
22C,14,pos,5,CTCACTGTCACGGTCACCGCAGCCACACTGCTC,1172
22C,14,pos,5,CTAACCGTCACAGTAACCGCAGCTACCCTGCTG,21
22C,14,pos,5,CTCACCGTCACAGTAACCGCAGCTACCCTGCTT,2
22C,14,pos,5,CTCACTGTCACTGTCACCGCAGCCACACTGCTC,2
22C,14,pos,5,CTCACTGTCACGGTCACCGCAGCTACACTGCTC,1
22C,14,pos,5,CTAACCGTCACAGTAACCGCAGCTACCCTGCTT,1
22C,14,pos,5,CTCACTGTCACGGTCACCGCAGCCACACTTCTC,1
22C,14,pos,7,CTGACTGTTACGGTTACAGCAGCAACCCTACTC,1104
22C,14,pos,7,CTAACCGTCACAGTAACCGCAGCTACCCTGCTG,34
22C,14,pos,7,CTAACCGTTACAGTAACCGCAGCTACCCTGCTG,3
22C,14,pos,7,CTTACAGTCACAGTTACCGCCGCCACCCTACTC,3
22C,14,pos,7,CTGACTGTTACGGTTACAGCAGCAACCCTACTT,2
22C,14,pos,7,CTGACAGTTACTGTCACTGCTGCTACCCTCCTA,1
22C,14,pos,7,CTGACTGTTACAGTAACTGCTGCTACACTACTG,1
22C,14,pos,7,CTAACCGTCACAGTAACTGCAGCTACCCTGCTG,1
22C,14,pos,7,CTAACCGTTACAGTAACCGCAGCAACCCTGCTG,1
22C,14,pos,7,CTGACAGTTACCGTTACAGCAGCCACGCTTCTG,1
22C,14,pos,8,CTCACTGTCACGGTCACCGCAGCCACACTGCTC,1104
22C,14,pos,8,CTAACCGTCACAGTAACCGCAGCTACCCTGCTG,14
22C,14,pos,8,CTCACTGTCACGGTCACTGCAGCCACACTGCTC,2
22C,14,pos,8,CTCACTGTCACAGTCACCGCAGCCACACTGCTC,1
22C,14,pos,8,CTCACTGTCACGGTCACCGCAGCTACACTGCTC,1
22C,14,pos,9,CTCACTGTCACGGTCACCGCAGCCACACTGCTC,617
22C,14,pos,9,CTAACCGTCACAGTAACCGCAGCTACCCTGCTG,34
22C,14,pos,9,CTCACCGTTACAGTGACCGCAGCAACCCTACTT,1
22C,14,pos,9,CTGACAGTTACCGTTACCGCAGCCACGCTGCTG,1
22C,14,pos,9,CTCACTGTCACGGTCACCGCAGCCACTCTGCTC,1
22C,14,pos,10,CTGACTGTTACGGTTACAGCAGCAACCCTACTC,15277
22C,14,pos,10,CTAACCGTCACAGTAACCGCAGCTACCCTGCTG,48
22C,14,pos,10,CTGACTGTTACTGTTACAGCAGCAACCCTACTC,6
22C,14,pos,10,CTGACTGTTACGGTTACAGCAGCAACCCTACTT,5
22C,14,pos,10,CTGACTGTTACGGTTACAGCGGCAACCCTACTC,3
22C,14,pos,10,CTGACTGTTACCGTTACAGCAGCAACCCTACTC,3
22C,14,pos,10,CTGACTGTTACGGTTACAGCAGCTACCCTACTC,2
22C,14,pos,10,CTCACTGTTACGGTTACAGCAGCAACCCTACTC,2
22C,14,pos,10,CTCACTGTCACGGTCACCGCAGCCACACTGCTC,1
22C,14,pos,10,CTGACTGTTACGGTTACAGCAGCTACCCTGCTC,1
22C,14,pos,10,CTGACAGTAACCGTTACAGCAGCTACTCTGCTT,1
22C,14,pos,10,CTGACCGTTACGGTAACCGCAGCAACCCTGCTG,1
22C,14,pos,10,CTGACTGTCACGGTTACAGCAGCAACCCTACTC,1
22C,14,pos,10,CTGACAGTAACCGTTACAGCCGCTACTCTGCTT,1
22C,14,pos,10,CTCACGGTGACGGTCACCGCCGCAACACTCCTC,1
22C,14,pos,10,CTGACAGTTACCGTTACAGCAGCTACCCTGCTT,1
22C,14,pos,10,CTAACTGTTACGGTTACAGCAGCAACCCTACTC,1
22C,14,pos,10,CTGACTGTTACGGTCACAGCAGCAACCCTACTC,1
22C,14,pos,11,CTGACTGTTACGGTTACAGCAGCAACCCTACTC,1731
22C,14,pos,11,CTAACCGTCACAGTAACCGCAGCTACCCTGCTG,27
22C,14,pos,11,CTCACTGTCACGGTCACCGCAGCCACACTGCTC,2
22C,14,pos,11,CTGACTGTTACGGTTACAGCAGCAACCCTACTT,2
22C,14,pos,11,CTGACCGTTACAGTGACAGCAGCAACCCTACTT,1
22C,14,pos,11,CTAACCGTAACTGTGACGGCTGCAACGCTTCTG,1
22C,14,pos,11,CTGACCGTTACCGTTACAGCAGCTACCCTGCTT,1
22C,14,pos,11,CTGACTGTTACGGTTACAGCAGCAACCCTGCTC,1
22C,14,pos,11,CTCACCGTTACTGTCACTGCAGCAACCCTACTT,1
22C,14,pos,11,CTGACTGTTACGGTCACAGCAGCAACCCTACTC,1
22C,14,pos,12,CTGACTGTTACGGTTACAGCAGCAACCCTACTC,3344
22C,14,pos,12,CTAACCGTCACAGTAACCGCAGCTACCCTGCTG,23
22C,14,pos,12,CTGACTGTTACGGTTACAGCAGCAACCCTACTT,3
22C,14,pos,12,CTCACTGTTACGGTTACAGCAGCAACCCTACTC,2
22C,14,pos,12,CTGACTGTTACTGTTACAGCAGCAACCCTACTC,1
22C,14,pos,12,CTGACAGTAACCGTTACAGCCGCTACTCTGCTT,1
22C,14,pos,12,CTTACCGTTACAGTGACCGCAGCTACCCTACTT,1
22C,14,pos,12,CTCACCGTTACTGTCACTGCAGCAACCCTACTT,1
22C,14,pos,12,CTGACTGTCACGGTTACAGCAGCAACCCTACTC,1
22C,14,pos,12,CTTACCGTTACTGTGACTGCGGCGACACTCCTT,1
22C,14,pos,12,CTGACAGTTACCGTTACAGCAGCCACGCTTCTG,1
22C,14,pos,13,CTCACTGTCACGGTCACCGCAGCCACACTGCTC,3446
22C,14,pos,13,CTAACCGTCACAGTAACCGCAGCTACCCTGCTG,11
22C,14,pos,13,CTCACTGTCACGGTCACCGCAGCCACACTGCTT,5
22C,14,pos,13,CTGACAGTAACCGTTACAGCCGCTACTCTGCTT,2
22C,14,pos,13,CTCACTGTCACGGTCACCGCAGCCACACTACTC,1
22C,14,pos,13,CTAACCGTCACAGTAACCGCAGCTACCCTACTG,1
22C,14,pos,13,CTCACTGTCACTGTCACCGCAGCCACACTGCTC,1
22C,14,pos,13,CTGACCGTAACGGTCACCGCGGCAACTCTACTG,1
22C,14,pos,13,CTCACTGTCACGGTCACTGCAGCCACACTGCTC,1
22C,14,pos,13,CTCACTGTCACGGTCACCGCAGCCACACTTCTC,1
22C,14,pos,13,CTCACTGTCACAGTCACCGCAGCCACACTGCTC,1
22C,14,pos,13,CTCACTGTCACGGTCACCGCAGCCACACTCCTC,1
22C,14,pos,13,CTCACCGTCACAGTAACCGCAGCTACCCTGCTT,1
22C,14,pos,14,CTCACTGTCACGGTCACCGCAGCCACACTGCTC,11817
22C,14,pos,14,CTAACCGTCACAGTAACCGCAGCTACCCTGCTG,29
22C,14,pos,14,CTCACTGTCACGGTCACCGCAGCCACACTGCTT,11
22C,14,pos,14,CTCACTGTCACCGTCACCGCAGCCACACTGCTC,4
22C,14,pos,14,CTGACAGTAACCGTTACAGCCGCTACTCTGCTT,3
22C,14,pos,14,CTCACTGTCACTGTCACCGCAGCCACACTGCTC,3
22C,14,pos,14,CTCACTGTCACGGTCACCGCAGCCACACTCCTC,2
22C,14,pos,14,CTCACGGTTACTGTGACCGCGGCGACCCTACTT,1
22C,14,pos,14,CTCACCGTTACTGTGACAGCAGCAACCCTGCTT,1
22C,14,pos,14,CTCACTGTCACGGTCACTGCAGCCACACTGCTC,1
22C,14,pos,14,CTGACTGTTACGGTTACAGCAGCAACCCTACTC,1
22C,14,pos,14,CTGACCGTAACCGTTACAGCCGCAACTCTGCTT,1
22C,14,pos,14,CTTACCGTAACCGTTACAGCCGCTACTCTGCTT,1
22C,14,pos,14,CTCACCGTCACGGTCACCGCAGCCACACTGCTC,1
22C,14,pos,14,CTCACTGTCACGGTCACCGCAGCCACACTTCTC,1
22C,14,pos,14,CTCACTGTCACGGTCACCGCAGCCACACTACTC,1
22C,14,pos,15,CTGACTGTTACGGTTACAGCAGCAACCCTACTC,1553
22C,14,pos,15,CTAACCGTCACAGTAACCGCAGCTACCCTGCTG,33
22C,14,pos,15,CTCACCGTAACCGTCACAGCTGCTACGCTGCTT,2
22C,14,pos,15,CTCACCGTTACTGTCACTGCAGCAACCCTACTT,2
22C,14,pos,15,CTAACCGTCACAGTAACCGCAGCCACCCTGCTG,2
22C,14,pos,15,CTGACTGTTACAGTTACAGCAGCAACCCTACTC,1
22C,14,pos,15,CTGACTGTTACGGTCACAGCAGCAACCCTACTC,1
22C,14,pos,15,CTGACTGTTACGGTTACAGCAGCAACCCTACTT,1
22C,14,pos,15,CTGACAGTTACCGTTACAGCAGCCACGCTTCTG,1
22C,14,pos,15,CTTACTGTTACGGTTACAGCAGCAACCCTACTC,1
22C,14,pos,16,CTCACTGTCACGGTCACCGCAGCCACACTGCTC,622
22C,14,pos,16,CTAACCGTCACAGTAACCGCAGCTACCCTGCTG,14
22C,14,pos,16,CTCACTGTCACGGTCACCGCAGCCACACTGCTT,1
22C,14,pos,16,CTGACAGTTACTGTCACTGCTGCTACCCTCCTA,1
22C,14,pos,17,CTCACTGTCACGGTCACCGCAGCCACACTGCTC,19017
22C,14,pos,17,CTAACCGTCACAGTAACCGCAGCTACCCTGCTG,35
22C,14,pos,17,CTCACTGTCACGGTCACCGCAGCCACACTGCTT,21
22C,14,pos,17,CTCACTGTCACTGTCACCGCAGCCACACTGCTC,8
22C,14,pos,17,CTCACCGTCACAGTAACCGCAGCTACCCTGCTG,4
22C,14,pos,17,CTCACCGTCACGGTCACCGCAGCCACCCTGCTC,3
22C,14,pos,17,CTCACTGTCACGGTCACCGCAGCCACACTCCTC,3
22C,14,pos,17,CTCACTGTCACCGTCACCGCAGCCACACTGCTC,3
22C,14,pos,17,CTCACTGTCACGGTCACCGCAGCCACACTTCTC,2
22C,14,pos,17,CTCACTGTCACGGTTACCGCAGCCACACTGCTC,1
22C,14,pos,17,CTAACTGTCACGGTCACCGCAGCCACACTGCTC,1
22C,14,pos,17,CTCACCGTCACTGTCACCGCAGCTACCCTGCTT,1
22C,14,pos,17,CTCACCGTCACGGTCACCGCAGCCACACTGCTC,1
22C,14,pos,17,CTCACTGTCACGGTCACCGCAGCCACCCTGCTC,1
22C,14,pos,17,CTCACTGTTACGGTCACCGCAGCCACACTGCTT,1
22C,14,pos,17,CTAACGGTCACGGTAACCGCAGCAACCCTGCTT,1
22C,14,pos,17,CTCACCGTTACTGTCACTGCAGCAACCCTACTT,1
22C,14,pos,17,CTCACCGTAACCGTCACAGCTGCTACGCTGCTT,1
22C,14,pos,17,CTCACTGTCACGGTCACAGCAGCCACACTGCTC,1
22C,14,pos,17,CTCACTGTCACGGTCACTGCAGCCACACTGCTC,1
22C,14,pos,17,CTCACCGTCACTGTCACCGCAGCCACACTGCTC,1
22C,14,pos,17,CTAACCGTCACGGTAACCGCAGCTACCCTGCTG,1
22C,14,pos,18,CTCACTGTCACGGTCACCGCAGCCACACTGCTC,979
22C,14,pos,18,CTAACCGTCACAGTAACCGCAGCTACCCTGCTG,26
22C,14,pos,18,CTCACTGTCACGGTCACCGCAGCCACACTGCTT,4
22C,14,pos,18,CTCACCGTTACTGTCACTGCAGCAACCCTACTT,2
22C,14,pos,18,CTCACTGTCACGGTCACTGCAGCCACACTGCTC,1
22C,14,pos,18,CTGACGGTAACAGTGACAGCAGCAACCCTACTT,1
22C,14,neg,1,CTAACCGTCACAGTAACCGCAGCTACCCTGCTG,36
22C,14,neg,1,CTCACTGTCACGGTCACCGCAGCCACACTGCTC,1
22C,14,neg,1,CTGACTGTTACGGTTACAGCAGCAACCCTACTC,1
22C,14,neg,1,CTTACTGTTACGGTAACCGCAGCCACGCTCCTT,1
22C,14,neg,2,CTAACCGTCACAGTAACCGCAGCTACCCTGCTG,32
22C,14,neg,2,CTCACCGTTACCGTTACAGCAGCCACTCTACTC,3
22C,14,neg,2,CTGACTGTTACGGTTACAGCAGCAACCCTACTC,2
22C,14,neg,2,CTGACAGTTACCGTTACAGCAGCCACGCTTCTG,1
22C,14,neg,3,CTAACCGTCACAGTAACCGCAGCTACCCTGCTG,35
22C,14,neg,3,CTTACCGTTACTGTGACTGCGGCGACACTCCTT,2
22C,14,neg,3,CTCACCGTTACTGTCACTGCAGCAACCCTACTT,2
26C,1,pos,1,CTTACCGTTACTGTAACGGCCGCAACGCTGCTT,12172
26C,1,pos,1,CTAACCGTCACAGTAACCGCAGCTACCCTGCTG,32
26C,1,pos,1,CTTACCGTTACTGTAACGGCCGCAACTCTGCTT,6
26C,1,pos,1,CTTACCGTTACTGTAACTGCCGCAACGCTGCTT,3
26C,1,pos,1,CTTACCGTTACTGTAACGGCCGCAACCCTGCTT,3
26C,1,pos,1,CTTACCGTTACTGTAACGGCCGCAACGCTGCTC,3
26C,1,pos,1,CTTACCGTTACTGTAACGGCTGCAACGCTGCTT,2
26C,1,pos,1,CTCACCGTTACTGTAACGGCCGCAACGCTGCTT,2
26C,1,pos,1,CTTACCGTTACTGTAACGGCCGCAACGCTACTT,1
26C,1,pos,1,CTCACCGTTACTGTCACTGCAGCAACCCTACTT,1
26C,1,pos,1,CTAACCGTTACTGTAACCGCAGCAACCCTGCTT,1
26C,1,pos,1,CTCACGGTGACGGTCACAGCTGCTACCCTTCTC,1
26C,1,pos,1,CTTACCGTTACTGTAACGGCCGCGACGCTGCTT,1
26C,1,pos,1,CTTACCGTTACGGTAACGGCCGCAACGCTGCTT,1
26C,1,pos,1,CTTACCGTCACAGTAACCGCAGCTACCCTGCTG,1
26C,1,pos,1,CTTACAGTTACCGTGACCGCTGCTACGCTACTT,1
26C,1,pos,1,CTAACCGTCACAGTAACCGCAGCTACCCTGCTT,1
26C,1,pos,1,CTAACCGTAACGGTAACGGCGGCAACCCTGCTT,1
26C,1,pos,1,CTAACTGTTACGGTAACAGCTGCGACGCTTCTC,1
26C,1,pos,1,CTTACCGTTACCGTAACGGCCGCAACGCTGCTT,1
26C,1,pos,1,CTTACCGTTACAGTAACCGCAGCTACCCTGCTT,1
26C,1,pos,1,CTTACCGTTACTGTAACCGCAGCTACCCTGCTT,1
26C,1,pos,1,CTTACCGTTACTGTGACGGCCGCAACGCTGCTT,1
26C,1,pos,1,CTTACGGTGACGGTCACAGCTGCTACCCTTCTC,1
26C,1,pos,1,CTTACCGTCACAGTAACCGCAGCAACCCTGCTT,1
26C,1,pos,2,CTTACCGTTACTGTAACGGCCGCAACGCTGCTT,1778
26C,1,pos,2,CTAACCGTCACAGTAACCGCAGCTACCCTGCTG,25
26C,1,pos,2,CTCACCGTTACTGTCACTGCAGCAACCCTACTT,3
26C,1,pos,2,CTAACCGTTACAGTAACCGCAGCTACCCTGCTG,2
26C,1,pos,2,CTCACGGTGACAGTCACCGCAGCTACACTACTG,1
26C,1,pos,2,CTTACCGTTACCGTAACGGCCGCAACGCTGCTT,1
26C,1,pos,2,CTTACCGTTACTGTAACGGCCGCAACTCTGCTT,1
26C,1,pos,2,CTCACCGTAACCGTCACAGCTGCTACGCTGCTT,1
26C,1,pos,2,CTTACCGTTACTGTAACGGCTGCAACGCTGCTT,1
26C,1,pos,2,CTGACGGTAACAGTGACAGCAGCAACCCTACTT,1
26C,1,pos,2,CTTACTGTTACGGTAACCGCAGCCACGCTCCTT,1
26C,1,pos,3,CTTACCGTTACTGTAACGGCCGCAACGCTGCTT,13197
26C,1,pos,3,CTAACCGTCACAGTAACCGCAGCTACCCTGCTG,51
26C,1,pos,3,CTTACCGTTACTGTAACGGCCGCAACGCTACTT,3
26C,1,pos,3,CTTACCGTTACTGTAACGGCCGCAACTCTGCTT,3
26C,1,pos,3,CTTACCGTTACTGTAACTGCCGCAACGCTGCTT,3
26C,1,pos,3,CTTACCGTTACTGTAACGGCAGCAACCCTGCTT,2
26C,1,pos,3,CTTACCGTTACTGTGACGGCCGCAACGCTGCTT,2
26C,1,pos,3,CTTACCGTTACTGTAACGGCCGCAACGCTCCTT,1
26C,1,pos,3,CTAACCGTTACTGTAACCGCAGCTACCCTGCTG,1
26C,1,pos,3,CTGACAGTTACCGTTACAGCAGCCACGCTTCTG,1
26C,1,pos,3,CTAACCGTTACTGTAACCGCAGCAACCCTGCTT,1
26C,1,pos,3,CTAACCGTAACTGTGACGGCTGCAACGCTTCTG,1
26C,1,pos,3,CTCACCGTCACAGTAACCGCAGCTACCCTGCTT,1
26C,1,pos,3,CTAACCGTTACTGTAACCGCAGCTACCCTGCTT,1
26C,1,pos,3,CTCACCGTCACAGTAACCGCAGCTACCCTGCTG,1
26C,1,pos,3,CTTACCGTTACTGTAACGGCCGCTACGCTGCTT,1
26C,1,pos,3,CTTACCGTTACTGTAACGGCAGCAACCCTACTT,1
26C,1,pos,3,CTAACCGTTACAGTAACCGCAGCTACCCTGCTG,1
26C,1,pos,3,CTAACCGTCACAGTAACCGCAGCTACCCTGCTT,1
26C,1,pos,3,CTTACCGTTACTGTAACAGCCGCAACGCTGCTT,1
26C,1,pos,3,CTTACCGTTACTGTAACGGCCGCAACGCTGCTG,1
26C,1,pos,3,CTTACCGTTACTGTAACGGCCGCAACGCTGCTC,1
26C,1,pos,3,CTTACCGTTACTGTAACCGCCGCAACGCTGCTT,1
26C,1,pos,3,CTTACCGTTACTGTAACGGCTGCAACGCTGCTT,1
26C,1,pos,3,CTTACCGTCACTGTAACGGCCGCAACGCTGCTT,1
26C,1,pos,4,CTTACCGTTACTGTAACGGCCGCAACGCTGCTT,6557
26C,1,pos,4,CTAACCGTCACAGTAACCGCAGCTACCCTGCTG,51
26C,1,pos,4,CTTACCGTTACTGTAACGGCCGCAACGCTGCTC,6
26C,1,pos,4,CTTACCGTTACTGTAACGGCCGCAACTCTGCTT,5
26C,1,pos,4,CTTACCGTTACTGTAACCGCCGCAACGCTGCTT,3
26C,1,pos,4,CTTACCGTTACTGTAACTGCCGCAACGCTGCTT,3
26C,1,pos,4,CTCACCGTCACAGTAACCGCAGCTACCCTGCTG,2
26C,1,pos,4,CTTACCGTCACTGTAACGGCCGCAACGCTGCTT,2
26C,1,pos,4,CTTACCGTTACTGTAACGGCCGCAACGCTACTT,2
26C,1,pos,4,CTGACGGTAACAGTGACAGCAGCAACCCTACTT,1
26C,1,pos,4,CTTACCGTTACTGTAACCGCAGCAACGCTGCTT,1
26C,1,pos,4,CTCACCGTCACAGTAACCGCAGCTACCCTGCTT,1
26C,1,pos,4,CTTACCGTTACTGTAACGGCAGCAACCCTGCTT,1
26C,1,pos,4,CTCACCGTCACTGTAACCGCAGCAACCCTGCTT,1
26C,1,pos,4,CTTACCGTTACTGTAACGGCAGCAACGCTGCTT,1
26C,1,pos,4,CTTACCGTTACTGTAACGGCCGCAACGCTTCTT,1
26C,1,pos,5,CTTACCGTTACTGTAACGGCCGCAACGCTGCTT,3562
26C,1,pos,5,CTAACCGTCACAGTAACCGCAGCTACCCTGCTG,57
26C,1,pos,5,CTTACCGTTACTGTAACGGCCGCAACACTGCTT,3
26C,1,pos,5,CTCACCGTTACTGTAACGGCCGCAACGCTGCTT,2
26C,1,pos,5,CTTACCGTTACTGTAACCGCCGCAACGCTGCTT,2
26C,1,pos,5,CTTACCGTTACTGTAACGGCCGCAACTCTGCTT,2
26C,1,pos,5,CTTACCGTTACTGTAACTGCCGCAACGCTGCTT,1
26C,1,pos,5,CTTACCGTTACTGTAACGGCCGCAACCCTGCTT,1
26C,1,pos,5,CTTACCGTTACTGTAACGGCTGCAACGCTGCTT,1
26C,1,pos,5,CTCACCGTTACTGTCACTGCAGCAACCCTACTT,1
26C,1,pos,6,CTTACCGTTACTGTAACGGCCGCAACGCTGCTT,4872
26C,1,pos,6,CTAACCGTCACAGTAACCGCAGCTACCCTGCTG,45
26C,1,pos,6,CTAACCGTTACAGTAACCGCAGCTACCCTGCTG,3
26C,1,pos,6,CTTACCGTTACTGTAACGGCCGCAACGCTACTT,1
26C,1,pos,6,CTTACCGTTACTGTAACGGCAGCAACGCTGCTT,1
26C,1,pos,6,CTTACTGTTACTGTAACGGCCGCAACGCTGCTT,1
26C,1,pos,6,CTCACCGTTACTGTAACGGCCGCAACGCTGCTT,1
26C,1,pos,6,CTTACCGTTACTGTAACGGCCGCAACGCTTCTT,1
26C,1,pos,6,CTTACCGTTACTGTAACTGCCGCAACGCTGCTT,1
26C,1,pos,6,CTTACCGTTACTGTAACCGCAGCTACCCTGCTT,1
26C,1,pos,6,CTTACCGTTACTGTAACGGCCGCAACTCTGCTT,1
26C,1,pos,6,CTGACGGTTACAGTGACAGCAGCAACCCTACTT,1
26C,1,pos,7,CTTACCGTTACTGTAACGGCCGCAACGCTGCTT,3899
26C,1,pos,7,CTAACCGTCACAGTAACCGCAGCTACCCTGCTG,39
26C,1,pos,7,CTTACCGTTACTGTAACTGCCGCAACGCTGCTT,1
26C,1,pos,7,CTGACGGTTACAGTGACAGCAGCAACCCTACTT,1
26C,1,pos,7,CTTACCGTTACTGTAACCGCAGCTACCCTGCTT,1
26C,1,pos,7,CTTACCGTTACAGTAACCGCAGCTACCCTGCTT,1
26C,1,pos,7,CTCACCGTTACTGTAACGGCCGCAACGCTGCTT,1
26C,1,pos,7,CTAACCGTTACAGTAACCGCAGCTACCCTGCTT,1
26C,1,pos,7,CTTACCGTTACTGTAACCGCAGCAACCCTGCTT,1
26C,1,pos,7,CTTACCGTTACTGTAACGGCCGCGACGCTGCTT,1
26C,1,pos,7,CTTACCGTTACTGTAACCGCAGCTACGCTGCTT,1
26C,1,pos,7,CTCACGGTTACTGTGACCGCGGCGACCCTACTT,1
26C,1,pos,8,CTTACCGTTACTGTAACGGCCGCAACGCTGCTT,16863
26C,1,pos,8,CTAACCGTCACAGTAACCGCAGCTACCCTGCTG,37
26C,1,pos,8,CTTACCGTTACTGTAACGGCCGCAACTCTGCTT,7
26C,1,pos,8,CTTACCGTTACTGTAACGGCCGCAACCCTGCTT,5
26C,1,pos,8,CTTACCGTTACTGTAACCGCAGCAACGCTGCTT,4
26C,1,pos,8,CTTACCGTTACTGTAACGGCCGCAACGCTGCTC,3
26C,1,pos,8,CTTACCGTTACTGTAACCGCAGCAACCCTGCTT,2
26C,1,pos,8,CTTACCGTTACTGTAACGGCTGCAACGCTGCTT,2
26C,1,pos,8,CTTACCGTTACTGTAACGGCAGCAACGCTGCTT,2
26C,1,pos,8,CTTACCGTTACTGTAACGGCCGCAACGCTACTT,2
26C,1,pos,8,CTTACCGTTACTGTAACCGCAGCTACGCTGCTT,1
26C,1,pos,8,CTTACCGTTACTGTTACGGCCGCAACGCTGCTT,1
26C,1,pos,8,CTTACCGTTACTGTAACTGCCGCAACGCTGCTT,1
26C,1,pos,8,CTCACCGTTACTGTCACTGCAGCAACCCTACTT,1
26C,1,pos,8,CTCACCGTTACTGTAACGGCCGCAACGCTGCTT,1
26C,1,pos,8,CTTACCGTTACTGTAACCGCAGCTACCCTGCTT,1
26C,1,pos,8,CTTACCGTTACTGTAACGGCCGCAACGCTTCTT,1
26C,1,pos,8,CTTACCGTTACTGTAACGGCCGCAACACTGCTT,1
26C,1,pos,8,CTTACCGTTACGGTAACGGCCGCAACGCTGCTT,1
26C,1,pos,8,CTTACCGTTACTGTAACGGCCGCAACGCTGCTG,1
26C,1,pos,8,CTTACGGTTACTGTTACAGCTGCGACTCTGCTG,1
26C,1,pos,9,CTTACCGTTACTGTAACGGCCGCAACGCTGCTT,4868
26C,1,pos,9,CTAACCGTCACAGTAACCGCAGCTACCCTGCTG,47
26C,1,pos,9,CTTACCGTTACTGTAACGGCCGCAACTCTGCTT,2
26C,1,pos,9,CTTACCGTTACTGTTACAGCTGCGACTCTGCTG,1
26C,1,pos,9,CTAACCGTCACAGTAACCGCAGCTACCCTGCTT,1
26C,1,pos,9,CTTACCGTCACTGTAACGGCCGCAACGCTGCTT,1
26C,1,pos,9,CTAACCGTCACAGTAACCGCAGCAACCCTGCTG,1
26C,1,pos,9,CTGACAGTTACTGTCACTGCTGCTACCCTCCTA,1
26C,1,pos,9,CTTACCGTTACTGTAACGGCCGCAACGCTGCTG,1
26C,1,pos,9,CTCACCGTTACTGTCACTGCAGCAACCCTACTT,1
26C,1,pos,9,CTCACCGTTACTGTAACCGCAGCAACCCTGCTT,1
26C,1,pos,9,CTTACGGTTACTGTTACAGCTGCGACTCTGCTG,1
26C,1,pos,9,CTCACTGTCACTGTCACCGCCGCCACTCTTCTT,1
26C,1,pos,9,CTGACGGTAACAGTGACAGCAGCAACCCTACTT,1
26C,1,pos,10,CTTACCGTTACTGTAACGGCCGCAACGCTGCTT,1915
26C,1,pos,10,CTAACCGTCACAGTAACCGCAGCTACCCTGCTG,36
26C,1,pos,10,CTAACCGTTACAGTAACCGCAGCTACCCTGCTG,4
26C,1,pos,10,CTTACGGTGACGGTCACAGCTGCTACCCTTCTC,3
26C,1,pos,10,CTGACTGTTACTGTCACGGCTGCCACTCTCCTT,1
26C,1,pos,10,CTGACCGTTACAGTTACCGCAGCAACTCTGCTT,1
26C,1,pos,10,CTTACCGTTACTGTAACCGCCGCAACGCTGCTT,1
26C,1,pos,10,CTCACTGTCACGGTCACCGCAGCCACACTGCTC,1
26C,1,pos,10,CTTACCGTTACTGTAACAGCCGCAACGCTGCTT,1
26C,1,pos,10,CTGACCGTAACGGTCACCGCGGCAACTCTACTG,1
26C,1,pos,10,CTAACCGTTACTGTAACCGCAGCAACCCTGCTT,1
26C,1,pos,10,CTGACAGTTACTGTCACTGCTGCTACCCTCCTA,1
26C,1,pos,10,CTCACCGTTACTGTCACTGCAGCAACCCTACTT,1
26C,1,pos,10,CTGACGGTAACAGTGACAGCAGCAACCCTACTT,1
26C,1,pos,11,CTTACCGTTACTGTAACGGCCGCAACGCTGCTT,11272
26C,1,pos,11,CTAACCGTCACAGTAACCGCAGCTACCCTGCTG,61
26C,1,pos,11,CTGACTGTTACGGTTACAGCAGCAACCCTACTC,19
26C,1,pos,11,CTCACCGTTACTGTCACTGCAGCAACCCTACTT,19
26C,1,pos,11,CTTACCGTTACTGTAACGGCAGCAACCCTGCTT,10
26C,1,pos,11,CTTACCGTTACTGTAACGGCAGCAACGCTGCTT,6
26C,1,pos,11,CTTACCGTTACCGTAACGGCCGCAACGCTGCTT,5
26C,1,pos,11,CTTACCGTTACTGTAACTGCCGCAACGCTGCTT,5
26C,1,pos,11,CTTACCGTTACTGTAACGGCCGCAACTCTGCTT,5
26C,1,pos,11,CTTACCGTTACTGTAACCGCAGCAACCCTGCTT,4
26C,1,pos,11,CTTACCGTTACTGTAACCGCAGCAACCCTACTT,3
26C,1,pos,11,CTTACCGTTACTGTAACGGCCGCAACCCTGCTT,3
26C,1,pos,11,CTTACCGTTACTGTAACGGCAGCAACCCTACTT,3
26C,1,pos,11,CTTACCGTTACTGTAACCGCCGCAACGCTGCTT,2
26C,1,pos,11,CTGACCGTTACGGTTACAGCAGCAACCCTACTT,2
26C,1,pos,11,CTTACCGTTACTGTAACGGCTGCAACGCTGCTT,2
26C,1,pos,11,CTCACCGTTACTGTAACGGCCGCAACGCTGCTT,2
26C,1,pos,11,CTTACCGTTACTGTAACGGCCGCAACACTGCTT,2
26C,1,pos,11,CTAACCGTTACTGTAACCGCAGCAACCCTGCTT,1
26C,1,pos,11,CTAACCGTAACTGTGACGGCTGCAACGCTTCTG,1
26C,1,pos,11,CTGACTGTTACAGTAACTGCTGCTACACTACTG,1
26C,1,pos,11,CTGACTGTTACGGTAACAGCAGCAACCCTACTT,1
26C,1,pos,11,CTGACCGTTACGGTTACAGCAGCAACCCTACTC,1
26C,1,pos,11,CTAACCGTTACTGTAACCGCAGCAACGCTGCTT,1
26C,1,pos,11,CTCACTGTTACGGTTACAGCAGCAACCCTACTC,1
26C,1,pos,11,CTCACTGTTACGGTCACAGCAGCAACCCTACTC,1
26C,1,pos,11,CTCACCGTTACTGTAACTGCAGCAACCCTGCTT,1
26C,1,pos,11,CTTACCGTCACTGTAACGGCCGCAACGCTGCTT,1
26C,1,pos,11,CTTACCGTTACTGTCACGGCAGCAACCCTACTT,1
26C,1,pos,11,CTTACCGTTACTGTAACAGCAGCAACGCTACTT,1
26C,1,pos,11,CTCACCGTTACGGTCACAGCAGCAACCCTACTT,1
26C,1,pos,11,CTAACCGTTACAGTAACCGCAGCAACCCTGCTT,1
26C,1,pos,11,CTGACCGTTACTGTTACAGCAGCAACCCTACTT,1
26C,1,pos,11,CTCACCGTTACTGTCACAGCAGCAACCCTACTT,1
26C,1,pos,11,CTTACCGTTACTGTAACGGCCGCAACGCTGCTC,1
26C,1,pos,11,CTCACCGTTACGGTAACCGCAGCAACCCTACTC,1
26C,1,pos,11,CTTACCGTTACTGTGACTGCGGCGACACTCCTT,1
26C,1,pos,11,CTTACCGTTACGGTAACAGCAGCAACCCTACTT,1
26C,1,pos,11,CTTACCGTTACTGTAACGGCAGCAACGCTACTT,1
26C,1,pos,11,CTTACTGTTACGGTTACAGCAGCAACCCTACTT,1
26C,1,pos,11,CTTACCGTTACTGTAACCGCAGCAACGCTGCTT,1
26C,1,pos,11,CTTACCGTTACTGTCACGGCCGCAACGCTGCTT,1
26C,1,pos,11,CTTACTGTTACGGTTACAGCAGCAACCCTACTC,1
26C,1,pos,11,CTTACCGTTACTGTAACGGCCGCAACGCTACTT,1
26C,1,pos,11,CTAACCGTCACAGTAACCGCAGCCACCCTGCTG,1
26C,1,pos,11,CTTACCGTTACTGTAACGGCCGCAACGCTGCTG,1
26C,1,pos,11,CTTACCGTTACTGTAACGGCCGCAACCCTCCTT,1
26C,1,pos,11,CTCACTGTTACTGTCACCGCCGCAACCCTACTT,1
26C,1,pos,11,CTTACCGTTACTGTTACGGCCGCAACGCTGCTT,1
26C,1,pos,11,CTGACTGTTACTGTCACGGCTGCCACTCTCCTT,1
26C,1,pos,11,CTTACCGTTACTGTAACGGCCGCAACGCTTCTT,1
26C,1,pos,12,CTTACCGTTACTGTAACGGCCGCAACGCTGCTT,2787
26C,1,pos,12,CTAACCGTCACAGTAACCGCAGCTACCCTGCTG,41
26C,1,pos,12,CTGACTGTTACGGTTACAGCAGCAACCCTACTC,13
26C,1,pos,12,CTCACCGTTACTGTCACTGCAGCAACCCTACTT,5
26C,1,pos,12,CTTACCGTTACTGTAACCGCCGCAACGCTGCTT,3
26C,1,pos,12,CTTACCGTTACTGTAACGGCAGCAACCCTGCTT,3
26C,1,pos,12,CTGACTGTTACAGTAACTGCTGCTACACTACTG,2
26C,1,pos,12,CTTACCGTTACTGTAACAGCAGCAACCCTACTT,2
26C,1,pos,12,CTGACAGTTACCGTTACAGCAGCCACGCTTCTG,2
26C,1,pos,12,CTCACTGTTACGGTCACAGCAGCAACCCTACTC,2
26C,1,pos,12,CTTACCGTTACTGTAACGGCCGCAACGCTGCTC,1
26C,1,pos,12,CTTACCGTTACTGTAACGGCAGCAACGCTGCTT,1
26C,1,pos,12,CTAACCGTTACAGTAACCGCAGCTACCCTGCTG,1
26C,1,pos,12,CTGACCGTAACGGTCACCGCGGCAACTCTACTG,1
26C,1,pos,12,CTCACCGTTACTGTCACTGCAGCAACCCTACTC,1
26C,1,pos,12,CTCACCGTTACGGTCACAGCAGCAACCCTACTC,1
26C,1,pos,12,CTTACTGTTACGGTAACCGCAGCAACCCTGCTC,1
26C,1,pos,12,CTTACCGTTACTGTAACGGCCGCAACTCTGCTT,1
26C,1,pos,12,CTAACCGTTACTGTAACCGCAGCTACCCTGCTT,1
26C,1,pos,12,CTAACCGTCACAGTAACCGCAGCTACCCTGCTT,1
26C,1,pos,12,CTCACTGTTACGGTTACAGCAGCAACCCTACTC,1
26C,1,pos,12,CTTACCGTTACTGTAACCGCAGCAACGCTACTT,1
26C,1,pos,13,CTTACCGTTACTGTAACGGCCGCAACGCTGCTT,1311
26C,1,pos,13,CTAACCGTCACAGTAACCGCAGCTACCCTGCTG,43
26C,1,pos,13,CTTACTGTCACTGTTACTGCTGCTACACTACTA,2
26C,1,pos,13,CTTACCGTTACTGTAACCGCAGCAACCCTGCTT,2
26C,1,pos,13,CTTACCGTTACTGTAACGGCTGCAACGCTGCTT,2
26C,1,pos,13,CTGACTGTTACGGTTACCGCAGCAACCCTACTC,2
26C,1,pos,13,CTGACTGTTACGGTAACCGCAGCAACCCTGCTC,1
26C,1,pos,13,CTGACTGTTACAGTAACTGCTGCTACACTACTG,1
26C,1,pos,13,CTCACCGTTACGGTCACCGCAGCAACCCTACTT,1
26C,1,pos,13,CTTACCGTTACTGTAACTGCCGCAACGCTGCTT,1
26C,1,pos,13,CTGACAGTTACCGTTACAGCAGCCACGCTTCTG,1
26C,1,pos,13,CTAACCGTTACAGTAACCGCAGCAACCCTGCTC,1
26C,1,pos,13,CTGACTGTTACGGTTACAGCAGCAACCCTACTC,1
26C,1,pos,13,CTGACCGTTACGGTAACCGCAGCAACCCTACTC,1
26C,1,pos,13,CTGACCGTTACGGTAACCGCAGCAACCCTGCTC,1
26C,1,pos,13,CTGACCGTAACGGTCACCGCGGCAACTCTACTG,1
26C,1,pos,13,CTCACCGTTACTGTCACTGCAGCAACCCTACTT,1
26C,1,pos,14,CTTACCGTTACTGTAACGGCCGCAACGCTGCTT,1319
26C,1,pos,14,CTAACCGTCACAGTAACCGCAGCTACCCTGCTG,50
26C,1,pos,14,CTGACAGTTACCGTTACAGCAGCCACGCTTCTG,3
26C,1,pos,14,CTTACCGTTACTGTAACCGCAGCAACCCTACTT,2
26C,1,pos,14,CTGACTGTTACGGTTACAGCAGCAACCCTACTC,1
26C,1,pos,14,CTTACCGTTACTGTAACTGCCGCAACGCTGCTT,1
26C,1,pos,14,CTTACCGTTACTGTAACGGCAGCAACGCTACTT,1
26C,1,pos,14,CTGACTGTTACAGTAACTGCTGCTACACTACTG,1
26C,1,pos,14,CTTACCGTTACTGTAACGGCAGCAACGCTGCTT,1
26C,1,pos,14,CTAACCGTTACTGTAACCGCAGCAACCCTGCTT,1
26C,1,pos,14,CTGACCGTTACGGTAACCGCAGCAACCCTACTT,1
26C,1,pos,14,CTGACCGTAACGGTCACCGCGGCAACTCTACTG,1
26C,1,pos,14,CTTACCGTCACTGTAACGGCCGCAACGCTGCTT,1
26C,1,pos,14,CTTACCGTTACTGTAACCGCAGCAACCCTGCTT,1
26C,1,pos,15,CTTACCGTTACTGTAACGGCCGCAACGCTGCTT,2873
26C,1,pos,15,CTAACCGTCACAGTAACCGCAGCTACCCTGCTG,43
26C,1,pos,15,CTGACTGTTACGGTTACAGCAGCAACCCTACTC,3
26C,1,pos,15,CTTACCGTTACTGTGACGGCCGCAACGCTGCTT,3
26C,1,pos,15,CTTACCGTTACTGTAACGGCAGCAACGCTACTT,2
26C,1,pos,15,CTTACTGTTACGGTTACCGCAGCAACCCTACTT,2
26C,1,pos,15,CTTACTGTTACGGTTACAGCAGCAACCCTACTT,2
26C,1,pos,15,CTTACCGTTACGGTAACGGCCGCAACGCTGCTT,1
26C,1,pos,15,CTTACCGTCACTGTAACGGCCGCAACGCTGCTT,1
26C,1,pos,15,CTTACCGTTACTGTCACCGCAGCAACCCTACTT,1
26C,1,pos,15,CTTACCGTTACTGTAACAGCAGCAACCCTACTT,1
26C,1,pos,15,CTTACCGTTACTGTAACGGCAGCAACCCTACTT,1
26C,1,pos,15,CTTACCGTTACGGTAACAGCAGCAACGCTACTT,1
26C,1,pos,15,CTGACTGTTACAGTAACTGCTGCTACACTACTG,1
26C,1,pos,15,CTTACCGTTACTGTAACGGCCGCAACCCTGCTT,1
26C,1,pos,15,CTAACCGTTACAGTAACCGCAGCTACCCTGCTT,1
26C,1,pos,15,CTTACCGTTACTGTAACCGCAGCAACGCTACTT,1
26C,1,pos,15,CTTACCGTTACCGTGACCGCAGCAACGCTACTT,1
26C,1,pos,15,CTGACGGTAACAGTGACAGCAGCAACCCTACTT,1
26C,1,pos,15,CTTACCGTTACTGTAACGGCCGCAACGCTACTT,1
26C,1,pos,15,CTTACCGTTACTGTGACCGCAGCAACGCTACTT,1
26C,1,pos,15,CTTACTGTTACGGTTACAGCAGCAACGCTACTT,1
26C,1,pos,15,CTCACGGTGACAGTCACCGCAGCTACACTACTG,1
26C,1,pos,15,CTTACCGTTACGGTTACAGCAGCAACCCTACTT,1
26C,1,pos,15,CTTACCGTTACTGTAACGGCCGCAACTCTGCTT,1
26C,1,pos,15,CTTACCGTTACTGTAACCGCAGCAACGCTGCTT,1
26C,1,pos,15,CTTACCGTTACTGTTACAGCAGCAACCCTACTT,1
26C,1,pos,15,CTGACCGTTACGGTTACAGCAGCAACCCTACTT,1
26C,1,pos,15,CTTACCGTTACGGTAACCGCAGCAACGCTACTT,1
26C,1,pos,15,CTGACCGTAACGGTCACCGCGGCAACTCTACTG,1
26C,1,pos,16,CTTACCGTTACTGTAACGGCCGCAACGCTGCTT,10858
26C,1,pos,16,CTAACCGTCACAGTAACCGCAGCTACCCTGCTG,31
26C,1,pos,16,CTGACTGTTACGGTTACAGCAGCAACCCTACTC,9
26C,1,pos,16,CTTACCGTTACTGTAACGGCCGCAACTCTGCTT,4
26C,1,pos,16,CTTACCGTTACTGTGACGGCCGCAACGCTGCTT,4
26C,1,pos,16,CTTACCGTTACTGTAACGGCTGCAACGCTGCTT,3
26C,1,pos,16,CTTACTGTTACGGTTACAGCAGCAACCCTACTC,3
26C,1,pos,16,CTCACCGTTACTGTAACGGCCGCAACGCTGCTT,3
26C,1,pos,16,CTTACCGTTACTGTAACTGCCGCAACGCTGCTT,2
26C,1,pos,16,CTTACTGTTACGGTCACCGCAGCAACCCTACTT,2
26C,1,pos,16,CTTACTGTTACGGTAACCGCAGCAACCCTACTT,2
26C,1,pos,16,CTTACTGTTACGGTAACAGCAGCAACGCTACTT,1
26C,1,pos,16,CTTACCGTTACGGTAACCGCAGCAACGCTGCTT,1
26C,1,pos,16,CTCACTGTTACGGTCACCGCAGCAACCCTACTC,1
26C,1,pos,16,CTTACCGTTACTGTAACGGCCGCAACACTGCTT,1
26C,1,pos,16,CTCACCGTTACGGTCACCGCAGCAACCCTGCTC,1
26C,1,pos,16,CTTACCGTTACTGTAACAGCAGCAACCCTACTT,1
26C,1,pos,16,CTTACCGTTACTGTAACGGCAGCAACCCTACTT,1
26C,1,pos,16,CTTACTGTTACGGTAACCGCAGCAACCCTACTC,1
26C,1,pos,16,CTTACCGTTACTGTAACGGCAGCAACCCTGCTC,1
26C,1,pos,16,CTTACCGTTACGGTAACCGCAGCAACCCTACTT,1
26C,1,pos,16,CTTACCGTTACTGTAACGGCAGCAACGCTGCTT,1
26C,1,pos,16,CTTACCGTTACTGTCACAGCAGCAACCCTACTT,1
26C,1,pos,16,CTTACTGTTACGGTTACCGCAGCAACCCTACTT,1
26C,1,pos,16,CTCACTGTTACGGTCACCGCAGCAACCCTGCTC,1
26C,1,pos,16,CTTACCGTTACTGTAACCGCAGCAACGCTACTT,1
26C,1,pos,16,CTTACCGTTACCGTGACCGCAGCAACGCTACTT,1
26C,1,pos,16,CTTACCGTTACTGTAACGGCCGCAACGCTACTT,1
26C,1,pos,16,CTGACTGTTACAGTAACTGCTGCTACACTACTG,1
26C,1,pos,16,CTAACGGTTACGGTAACGGCGGCAACCCTCCTT,1
26C,1,pos,16,CTCACCGTTACGGTCACCGCAGCAACCCTACTT,1
26C,1,pos,16,CTTACCGTTACTGTAACGGCAGCAACGCTACTT,1
26C,1,pos,16,CTTACCGTCACTGTAACGGCCGCAACGCTGCTT,1
26C,1,pos,16,CTTACAGTTACTGTTACTGCAGCGACTCTGCTT,1
26C,1,pos,16,CTGACCGTTACGGTCACCGCGGCAACTCTACTG,1
26C,1,pos,16,CTGACTGTTACTGTCACGGCTGCCACTCTCCTT,1
26C,1,pos,17,CTTACCGTTACTGTAACGGCCGCAACGCTGCTT,17334
26C,1,pos,17,CTAACCGTCACAGTAACCGCAGCTACCCTGCTG,44
26C,1,pos,17,CTGACTGTTACGGTTACAGCAGCAACCCTACTC,32
26C,1,pos,17,CTTACCGTTACTGTAACGGCAGCAACGCTGCTT,9
26C,1,pos,17,CTTACCGTTACTGTAACGGCCGCAACGCTGCTC,6
26C,1,pos,17,CTTACCGTTACTGTAACCGCCGCAACGCTGCTT,4
26C,1,pos,17,CTTACCGTCACTGTAACGGCCGCAACGCTGCTT,3
26C,1,pos,17,CTTACTGTTACGGTTACAGCAGCAACCCTACTC,3
26C,1,pos,17,CTTACCGTTACTGTGACGGCCGCAACGCTGCTT,3
26C,1,pos,17,CTTACCGTTACTGTAACGGCAGCAACGCTACTT,2
26C,1,pos,17,CTTACCGTTACTGTAACGGCCGCAACTCTGCTT,2
26C,1,pos,17,CTTACCGTTACTGTAACCGCAGCAACCCTGCTT,2
26C,1,pos,17,CTTACCGTTACTGTAACAGCAGCAACCCTACTT,2
26C,1,pos,17,CTTACCGTTACTGTAACGGCCGCAACGCTACTT,2
26C,1,pos,17,CTGACTGTTACGGTTACAGCAGCAACCCTACTT,1
26C,1,pos,17,CTTACCGTTACTGTAACGGCCGCAACCCTGCTT,1
26C,1,pos,17,CTTACCGTTACTGTAACGGCAGCAACCCTACTT,1
26C,1,pos,17,CTTACCGTTACGGTAACGGCCGCAACCCTGCTT,1
26C,1,pos,17,CTTACTGTTACGGTTACAGCAGCAACCCTACTT,1
26C,1,pos,17,CTGACAGTTACTGTCACTGCTGCTACCCTCCTA,1
26C,1,pos,17,CTGACCGTAACGGTCACCGCGGCAACTCTACTG,1
26C,1,pos,17,CTTACCGTTACTGTAACAGCCGCAACGCTGCTT,1
26C,1,pos,17,CTCACTGTTACGGTGACCGCAGCAACCCTACTT,1
26C,1,pos,17,CTTACTGTTACGGTTACCGCAGCAACCCTACTT,1
26C,1,pos,17,CTTACCGTTACTGTAACTGCCGCAACGCTGCTT,1
26C,1,pos,17,CTTACCGTTACTGTCACAGCAGCAACCCTACTT,1
26C,1,pos,17,CTGACTGTTACAGTAACTGCTGCTACACTACTG,1
26C,1,pos,17,CTCACCGTTACTGTAACGGCCGCAACGCTGCTT,1
26C,1,pos,17,CTGACCGTTACTGTTACAGCAGCAACCCTACTT,1
26C,1,pos,17,CTTACCGTTACTGTAACAGCGGCAACGCTACTT,1
26C,1,pos,17,CTGACCGTTACGGTTACAGCAGCAACCCTACTT,1
26C,1,pos,17,CTTACCGTTACTGTAACAGCAGCAACCCTGCTT,1
26C,1,pos,17,CTTACTGTTACGGTTACAGCAGCAACGCTACTT,1
26C,1,pos,17,CTGACCGTTACGGTTACAGCAGCAACCCTACTC,1
26C,1,pos,17,CTTACTGTTACTGTTACAGCAGCAACCCTACTT,1
26C,1,pos,17,CTTACCGTTACTGTAACGGCCGCGACGCTGCTT,1
26C,1,pos,17,CTTACCGTTACTGTAACGGCTGCAACGCTGCTT,1
26C,1,pos,18,CTTACCGTTACTGTAACGGCCGCAACGCTGCTT,5983
26C,1,pos,18,CTAACCGTCACAGTAACCGCAGCTACCCTGCTG,39
26C,1,pos,18,CTGACTGTTACGGTTACAGCAGCAACCCTACTC,23
26C,1,pos,18,CTGACCGTTACGGTTACAGCAGCAACCCTACTC,8
26C,1,pos,18,CTTACCGTTACTGTAACGGCAGCAACCCTGCTT,3
26C,1,pos,18,CTTACCGTTACTGTAACGGCAGCAACGCTGCTT,3
26C,1,pos,18,CTTACCGTTACTGTAACGGCCGCAACTCTGCTT,3
26C,1,pos,18,CTGACAGTTACCGTTACAGCAGCCACGCTTCTG,2
26C,1,pos,18,CTGACCGTTACTGTTACAGCAGCAACCCTACTT,2
26C,1,pos,18,CTTACCGTTACTGTAACTGCCGCAACGCTGCTT,2
26C,1,pos,18,CTCACGGTGACGGTCACCGCCGCTACCCTTCTC,1
26C,1,pos,18,CTTACCGTTACTGTAACAGCAGCAACCCTACTT,1
26C,1,pos,18,CTTACCGTTACTGTAACAGCAGCAACCCTGCTT,1
26C,1,pos,18,CTTACCGTTACTGTAACGGCTGCAACGCTGCTT,1
26C,1,pos,18,CTGACCGTTACGGTAACAGCAGCAACCCTACTC,1
26C,1,pos,18,CTGACTGTTACTGTTACAGCAGCAACCCTACTT,1
26C,1,pos,18,CTCACGGTAACCGTGACAGCAGCAACTCTCCTA,1
26C,1,pos,18,CTGACCGTTACGGTTACAGCAGCAACCCTACTT,1
26C,1,pos,18,CTTACCGTTACTGTAACGGCCGCAACGCTACTT,1
26C,1,pos,18,CTTACCGTTACTGTGACTGCGGCGACACTCCTT,1
26C,1,pos,18,CTCACCGTTACTGTAACGGCCGCAACGCTGCTT,1
26C,1,pos,18,CTTACCGTTACTGTAACGGCCGCAACGCTCCTT,1
26C,1,pos,18,CTGACTGTAACCGTCACTGCCGCTACACTTCTC,1
26C,1,pos,18,CTCACCGTTACTGTCACTGCAGCAACCCTACTT,1
26C,1,pos,18,CTCACGGTGACGGTCACCGCCGCAACACTCCTC,1
26C,1,pos,18,CTGACTGTTACAGTAACTGCTGCTACACTACTG,1
26C,1,pos,18,CTTACCGTTACTGTAACGGCCGCAACGCTGCTC,1
26C,1,pos,18,CTAACTGTTACGGTAACAGCTGCGACGCTTCTC,1
26C,1,pos,18,CTTACCGTTACTGTAACGGCCGCAACACTGCTT,1
26C,1,pos,18,CTGACCGTTACGGTAACAGCAGCAACCCTGCTC,1
26C,1,pos,18,CTCACTGTTACTGTCACCGCCGCAACTCTTCTT,1
26C,1,pos,18,CTAACCGTTACAGTAACCGCAGCAACCCTGCTT,1
26C,1,neg,1,CTAACCGTCACAGTAACCGCAGCTACCCTGCTG,28
26C,1,neg,1,CTGACTGTTACAGTAACTGCTGCTACACTACTG,2
26C,1,neg,1,CTGACAGTTACCGTTACAGCAGCCACGCTTCTG,1
26C,1,neg,2,CTAACCGTCACAGTAACCGCAGCTACCCTGCTG,38
26C,1,neg,2,CTTACCGTTACTGTAACGGCCGCAACGCTGCTT,33
26C,1,neg,3,CTAACCGTCACAGTAACCGCAGCTACCCTGCTG,25
26C,1,neg,3,CTTACCGTTACTGTGACTGCGGCGACACTCCTT,3
26C,1,neg,3,CTCACGGTAACCGTGACAGCAGCAACTCTCCTA,2
26C,1,neg,3,CTCACCGTTACTGTCACTGCAGCAACCCTACTT,1
26C,6,pos,1,CTTACAGTTACCGTGACCGCTGCTACGCTACTT,2550
26C,6,pos,1,CTAACCGTCACAGTAACCGCAGCTACCCTGCTG,24
26C,6,pos,1,CTAACCGTTACAGTAACCGCAGCTACCCTGCTT,3
26C,6,pos,1,CTTACAGTTACCGTTACCGCTGCTACGCTACTT,2
26C,6,pos,1,CTTACAGTTACCGTGACCGCTGCTACCCTACTT,2
26C,6,pos,1,CTTACAGTTACCGTCACCGCTGCTACGCTACTT,2
26C,6,pos,1,CTTACAGTTACCGTTACAGCAGCCACACTCCTG,1
26C,6,pos,1,CTTACAGTTACCGTGACCGCTGCTACGCTACTC,1
26C,6,pos,1,CTTACCGTTACAGTAACCGCAGCTACCCTACTT,1
26C,6,pos,1,CTAACCGTTACAGTAACCGCAGCTACCCTACTT,1
26C,6,pos,1,CTTACTGTTACGGTAACCGCAGCCACGCTCCTT,1
26C,6,pos,1,CTTACAGTTACCGTGACCGCTGCTACACTACTT,1
26C,6,pos,1,CTGACAGTTACCGTTACAGCAGCCACGCTTCTG,1
26C,6,pos,2,CTTACAGTTACCGTGACCGCTGCTACGCTACTT,5658
26C,6,pos,2,CTAACCGTCACAGTAACCGCAGCTACCCTGCTG,55
26C,6,pos,2,CTTACAGTTACCGTTACCGCTGCTACGCTACTT,5
26C,6,pos,2,CTTACAGTTACCGTGACCGCTGCTACGCTACTC,3
26C,6,pos,2,CTTACAGTTACCGTCACCGCTGCTACGCTACTT,3
26C,6,pos,2,CTTACAGTTACCGTGACCGCTGCCACGCTACTT,2
26C,6,pos,2,CTTACAGTTACTGTGACCGCTGCTACGCTACTT,2
26C,6,pos,2,CTAACCGTTACAGTAACCGCAGCTACCCTGCTT,2
26C,6,pos,2,CTTACCGTTACAGTAACCGCAGCTACGCTGCTT,1
26C,6,pos,2,CTAACCGTTACAGTAACCGCAGCTACCCTGCTG,1
26C,6,pos,2,CTTACCGTTACAGTAACCGCAGCTACCCTACTT,1
26C,6,pos,2,CTTACCGTTACTGTGACTGCAGCAACACTCCTT,1
26C,6,pos,2,CTTACCGTTACCGTAACCGCAGCTACCCTGCTT,1
26C,6,pos,2,CTTACCGTTACAGTAACCGCAGCTACCCTGCTT,1
26C,6,pos,2,CTTACCGTTACCGTGACCGCAGCTACGCTACTT,1
26C,6,pos,2,CTTACCGTTACTGTGACTGCGGCGACACTCCTT,1
26C,6,pos,2,CTTACAGTTACCGTGACTGCTGCTACGCTACTT,1
26C,6,pos,2,CTTACAGTTACCGTGACCGCTGCTACCCTACTT,1
26C,6,pos,2,CTTACCGTTACCGTAACCGCAGCTACCCTACTT,1
26C,6,pos,2,CTAACAGTCACAGTAACCGCAGCTACCCTGCTG,1
26C,6,pos,2,CTTACAGTCACCGTGACCGCTGCTACGCTACTT,1
26C,6,pos,2,CTCACGGTAACCGTGACAGCAGCAACTCTCCTA,1
26C,6,pos,2,CTGACAGTTACCGTTACAGCAGCCACGCTTCTG,1
26C,6,pos,3,CTTACAGTTACCGTGACCGCTGCTACGCTACTT,16658
26C,6,pos,3,CTAACCGTCACAGTAACCGCAGCTACCCTGCTG,41
26C,6,pos,3,CTTACAGTTACCGTTACCGCTGCTACGCTACTT,11
26C,6,pos,3,CTTACAGTTACCGTGACCGCTGCTACTCTACTT,8
26C,6,pos,3,CTTACAGTTACCGTGACCGCTGCTACCCTACTT,3
26C,6,pos,3,CTCACAGTTACCGTGACCGCTGCTACGCTACTT,3
26C,6,pos,3,CTTACAGTTACCGTGACCGCTGCTACGCTACTC,2
26C,6,pos,3,CTTACAGTTACCGTCACCGCTGCTACGCTACTT,2
26C,6,pos,3,CTTACCGTTACCGTGACCGCAGCTACCCTACTT,1
26C,6,pos,3,CTTACAGTTACCGTGACCGCAGCTACGCTACTT,1
26C,6,pos,3,CTTACCGTTACCGTAACCGCAGCTACCCTACTT,1
26C,6,pos,3,CTCACCGTCACCGTAACCGCAGCTACCCTGCTT,1
26C,6,pos,3,CTTACAGTTACCGTGACCGCTGCCACGCTACTT,1
26C,6,pos,3,CTTACCGTTACTGTGACTGCGGCGACACTCCTT,1
26C,6,pos,3,CTTACAGTTACCGTGACCGCTGCTACACTACTT,1
26C,6,pos,3,CTTACAGTTACCGTAACCGCTGCTACGCTACTT,1
26C,6,pos,3,CTGACCGTCACTGTCACTGCCGCCACGCTTCTA,1
26C,6,pos,3,CTCACCGTCACAGTAACCGCAGCTACCCTGCTT,1
26C,6,pos,3,CTTACAGTTACCGTGACTGCTGCTACGCTACTT,1
26C,6,pos,3,CTTACAGTTACGGTGACCGCTGCTACGCTACTT,1
26C,6,pos,3,CTCACCGTTACTGTCACTGCAGCAACCCTACTT,1
26C,6,pos,3,CTTACCGTTACCGTAACCGCAGCTACCCTGCTT,1
26C,6,pos,4,CTTACAGTTACCGTGACCGCTGCTACGCTACTT,11439
26C,6,pos,4,CTAACCGTCACAGTAACCGCAGCTACCCTGCTG,55
26C,6,pos,4,CTTACAGTTACCGTTACCGCTGCTACGCTACTT,6
26C,6,pos,4,CTTACAGTTACCGTGACCGCTGCTACTCTACTT,5
26C,6,pos,4,CTTACAGTTACCGTGACCGCTGCTACCCTACTT,5
26C,6,pos,4,CTTACCGTTACCGTGACCGCAGCTACGCTACTT,3
26C,6,pos,4,CTTACCGTTACTGTGACTGCGGCGACACTCCTT,3
26C,6,pos,4,CTTACAGTTACTGTGACCGCTGCTACGCTACTT,2
26C,6,pos,4,CTGACAGTTACCGTTACAGCAGCCACGCTTCTG,2
26C,6,pos,4,CTTACAGTTACCGTCACCGCTGCTACGCTACTT,2
26C,6,pos,4,CTTACAGTTACCGTGACTGCTGCTACGCTACTT,2
26C,6,pos,4,CTCACTGTAACCGTTACAGCTGCTACACTTCTC,1
26C,6,pos,4,CTTACCGTTACAGTAACCGCAGCTACCCTGCTT,1
26C,6,pos,4,CTTACGGTTACTGTTACAGCTGCGACTCTGCTG,1
26C,6,pos,4,CTCACCGTCACAGTAACCGCAGCTACCCTGCTG,1
26C,6,pos,4,CTTACAGTTACCGTGACCGCTGCTACGCTACTA,1
26C,6,pos,4,CTTACCGTTACCGTAACCGCAGCTACCCTGCTT,1
26C,6,pos,4,CTAACCGTTACAGTAACCGCTGCTACCCTGCTT,1
26C,6,pos,4,CTCACCGTTACCGTTACAGCAGCCACTCTACTC,1
26C,6,pos,4,CTCACCGTTACTGTCACTGCAGCAACCCTACTT,1
26C,6,pos,4,CTTACAGTTACCGTGACCGCTGCTACGCTACTC,1
26C,6,pos,4,CTTACCGTTACTGTAACCGCAGCTACGCTGCTT,1
26C,6,pos,4,CTTACAGTTACCGTGACCGCTGCCACGCTACTT,1
26C,6,pos,5,CTTACAGTTACCGTGACCGCTGCTACGCTACTT,15974
26C,6,pos,5,CTAACCGTCACAGTAACCGCAGCTACCCTGCTG,45
26C,6,pos,5,CTTACAGTTACCGTGACCGCTGCTACTCTACTT,7
26C,6,pos,5,CTTACAGTTACCGTCACCGCTGCTACGCTACTT,5
26C,6,pos,5,CTAACCGTTACAGTAACCGCAGCTACCCTGCTG,5
26C,6,pos,5,CTTACAGTTACCGTTACCGCTGCTACGCTACTT,5
26C,6,pos,5,CTTACAGTTACCGTGACCGCTGCTACGCTACTC,4
26C,6,pos,5,CTTACCGTTACCGTAACCGCAGCTACGCTACTT,2
26C,6,pos,5,CTTACAGTTACCGTGACCGCTGCTACCCTACTT,2
26C,6,pos,5,CTAACGGTTACGGTAACGGCGGCAACCCTACTT,1
26C,6,pos,5,CTAACCGTCACAGTAACCGCAGCTACCCTGCTT,1
26C,6,pos,5,CTGACTGTTACGGTTACAGCAGCAACCCTACTC,1
26C,6,pos,5,CTAACCGTTACAGTAACCGCAGCTACCCTGCTT,1
26C,6,pos,5,CTTACAGTTACCGTGACAGCTGCTACGCTACTT,1
26C,6,pos,5,CTAACCGTTACCGTAACCGCAGCAACCCTACTT,1
26C,6,pos,5,CTTACCGTTACCGTAACCGCAGCTACCCTACTT,1
26C,6,pos,5,CTGACAGTTACCGTTACAGCAGCCACGCTTCTG,1
26C,6,pos,5,CTCACCGTTACTGTCACTGCAGCAACCCTACTT,1
26C,6,pos,5,CTTACAGTTACCGTGACCGCTGCTACGCTACTG,1
26C,6,pos,5,CTTACCGTTACCGTGACCGCAGCTACGCTACTT,1
26C,6,pos,5,CTCACAGTTACCGTGACCGCTGCTACGCTACTT,1
26C,6,pos,5,CTTACGGTTACCGTGACCGCTGCTACGCTACTT,1
26C,6,pos,5,CTGACTGTTACAGTAACCGCAGCTACCCTACTG,1
26C,6,pos,5,CTTACAGTCACCGTGACCGCTGCTACGCTACTT,1
26C,6,pos,5,CTTACAGTTACCGTGACCGCTGCCACGCTACTT,1
26C,6,pos,6,CTTACAGTTACCGTGACCGCTGCTACGCTACTT,2585
26C,6,pos,6,CTAACCGTCACAGTAACCGCAGCTACCCTGCTG,43
26C,6,pos,6,CTTACAGTTACTGTGACCGCTGCTACGCTACTT,2
26C,6,pos,6,CTTACGGTTACCGTGACCGCTGCTACGCTACTT,1
26C,6,pos,6,CTTACAGTTACCGTTACCGCTGCTACGCTACTT,1
26C,6,pos,6,CTTACAGTCACCGTGACCGCTGCTACGCTACTT,1
26C,6,pos,6,CTTACAGTTACCGTCACCGCTGCTACGCTACTT,1
26C,6,pos,6,CTCACAGTTACCGTGACCGCTGCTACGCTACTT,1
26C,6,pos,6,CTTACAGTTACCGTGACTGCTGCTACGCTACTT,1
26C,6,pos,6,CTCACCGTTACTGTCACTGCAGCAACCCTACTT,1
26C,6,pos,6,CTTACAGTTACCGTGACCGCTGCTACCCTACTT,1
26C,6,pos,6,CTAACCGTAACTGTGACGGCTGCAACGCTTCTG,1
26C,6,pos,7,CTTACAGTTACCGTGACCGCTGCTACGCTACTT,3388
26C,6,pos,7,CTAACCGTCACAGTAACCGCAGCTACCCTGCTG,26
26C,6,pos,7,CTTACAGTTACCGTTACCGCTGCTACGCTACTT,2
26C,6,pos,7,CTGACAGTTACCGTTACAGCAGCCACGCTTCTG,2
26C,6,pos,7,CTTACAGTTACCGTGACCGCTGCTACACTACTT,1
26C,6,pos,7,CTTACAGTTACTGTGACCGCTGCTACGCTACTT,1
26C,6,pos,7,CTCACCGTCACAGTCACCGCAGCTACCCTGCTT,1
26C,6,pos,7,CTTACAGTTACCGTGACCGCTGCCACGCTACTT,1
26C,6,pos,7,CTTACTGTTACCGTGACCGCTGCTACGCTACTT,1
26C,6,pos,7,CTTACAGTTACCGTCACCGCTGCTACGCTACTT,1
26C,6,pos,7,CTCACCGTTACTGTCACTGCAGCAACCCTACTT,1
26C,6,pos,7,CTTACAGTTACAGTGACCGCTGCTACGCTACTT,1
26C,6,pos,7,CTTACAGTTACCGTGACCGCTGCTACGCTGCTT,1
26C,6,pos,8,CTTACAGTTACCGTGACCGCTGCTACGCTACTT,21628
26C,6,pos,8,CTAACCGTCACAGTAACCGCAGCTACCCTGCTG,36
26C,6,pos,8,CTTACAGTTACCGTTACCGCTGCTACGCTACTT,10
26C,6,pos,8,CTAACTGTAACCGTCACTGCGGCAACTCTGCTC,5
26C,6,pos,8,CTTACAGTTACCGTGACCGCTGCTACTCTACTT,5
26C,6,pos,8,CTTACAGTTACCGTGACTGCTGCTACGCTACTT,4
26C,6,pos,8,CTTACAGTTACCGTGACCGCTGCTACCCTACTT,3
26C,6,pos,8,CTTACCGTTACCGTAACCGCAGCTACGCTGCTT,2
26C,6,pos,8,CTTACAGTTACCGTGACCGCTGCCACGCTACTT,2
26C,6,pos,8,CTTACAGTTACCGTGACCGCTGCTACGCTGCTT,2
26C,6,pos,8,CTTACTGTTACCGTCACCGCGGCAACGCTGCTT,2
26C,6,pos,8,CTAACTGTCACCGTCACCGCAGCTACCCTGCTC,2
26C,6,pos,8,CTTACAGTTACCGTGACCGCCGCTACGCTACTT,1
26C,6,pos,8,CTAACAGTTACCGTGACCGCTGCTACGCTACTT,1
26C,6,pos,8,CTAACTGTCACCGTCACCGCGGCTACTCTGCTC,1
26C,6,pos,8,CTGACTGTTACGGTTACAGCAGCAACCCTACTC,1
26C,6,pos,8,CTAACTGTCACCGTCACCGCAGCTACTCTGCTC,1
26C,6,pos,8,CTTACAGTTACCGTGACCGCTGCTACCCTCCTT,1
26C,6,pos,8,CTTACCGTTACAGTAACCGCAGCTACCCTGCTT,1
26C,6,pos,8,CTCACCGTTACTGTCACTGCAGCAACCCTACTT,1
26C,6,pos,8,CTTACTGTTACCGTGACCGCTGCTACGCTACTT,1
26C,6,pos,8,CTAACTGTAACCGTCACTGCAGCAACCCTGCTC,1
26C,6,pos,8,CTTACAGTTACCGTCACCGCTGCTACGCTACTT,1
26C,6,pos,8,CTTACAGTTACCGTGACCGCTGCTACGCTTCTT,1
26C,6,pos,8,CTCACAGTTACCGTGACCGCTGCTACGCTACTT,1
26C,6,pos,8,CTTACAGTTACCGTGACCGCTGCTACACTACTT,1
26C,6,pos,8,CTAACCGTCACCGTAACCGCAGCTACCCTGCTG,1
26C,6,pos,8,CTAACTGTAACCGTCACCGCGGCAACTCTGCTC,1
26C,6,pos,8,CTTACAGTTACCGTGACCGCTGCCACGCTTCTT,1
26C,6,pos,8,CTAACCGTCACAGTAACCGCAGCTACCCTGCTT,1
26C,6,pos,8,CTTACAGTTACCGTGACCGCTGCAACGCTACTT,1
26C,6,pos,9,CTTACAGTTACCGTGACCGCTGCTACGCTACTT,1466
26C,6,pos,9,CTAACCGTCACAGTAACCGCAGCTACCCTGCTG,16
26C,6,pos,9,CTCACCGTTACTGTCACTGCAGCAACCCTACTT,1
26C,6,pos,9,CTAACCGTTACAGTAACCGCAGCTACCCTACTT,1
26C,6,pos,9,CTTACAGTTACCGTGACTGCTGCTACGCTACTT,1
26C,6,pos,9,CTAACCGTTACAGTAACCGCAGCTACCCTGCTT,1
26C,6,pos,9,CTTACAGTTACCGTGACCGCTGCTACGCTACTC,1
26C,6,pos,10,CTTACAGTTACCGTGACCGCTGCTACGCTACTT,2478
26C,6,pos,10,CTAACCGTCACAGTAACCGCAGCTACCCTGCTG,24
26C,6,pos,10,CTCACCGTTACTGTCACTGCAGCAACCCTACTT,2
26C,6,pos,10,CTTACAGTTACTGTGACCGCTGCTACGCTACTT,2
26C,6,pos,10,CTTACAGTTACCGTTACCGCTGCTACGCTACTT,2
26C,6,pos,10,CTTACAGTTACCGTCACCGCTGCTACGCTACTT,1
26C,6,pos,10,CTAACCGTTACAGTAACCGCAGCTACCCTACTT,1
26C,6,pos,10,CTTACAGTTACCGTGACCGCTGCTACACTACTT,1
26C,6,pos,10,CTAACAGTTACCGTAACCGCTGCTACCCTACTT,1
26C,6,pos,10,CTGACAGTTACCGTTACAGCAGCCACGCTTCTG,1
26C,6,pos,10,CTTACAGTTACCGTGACCGCTGCTACCCTACTT,1
26C,6,pos,10,CTTACAGTTACCGTGACCGCTGCCACGCTACTT,1
26C,6,pos,11,CTTACAGTTACCGTGACCGCTGCTACGCTACTT,3151
26C,6,pos,11,CTAACCGTCACAGTAACCGCAGCTACCCTGCTG,34
26C,6,pos,11,CTTACAGTTACCGTTACCGCTGCTACGCTACTT,5
26C,6,pos,11,CTCACAGTTACCGTGACCGCTGCTACGCTACTT,1
26C,6,pos,11,CTTACGGTTACCGTGACCGCTGCTACGCTACTT,1
26C,6,pos,11,CTTACAGTCACCGTGACCGCTGCTACGCTACTT,1
26C,6,pos,11,CTTACAGTTACCGTGACCGCCGCTACGCTACTT,1
26C,6,pos,11,CTCACCGTCACAGTAACCGCAGCTACCCTGCTG,1
26C,6,pos,11,CTCACCGTTACTGTCACTGCAGCAACCCTACTT,1
26C,6,pos,11,CTGACAGTTACCGTTACAGCAGCCACGCTTCTG,1
26C,6,pos,11,CTTACAGTTACCGTTACTGCTGCTACGCTACTT,1
26C,6,pos,11,CTTACAGTTACCGTGACCGCGGCTACGCTACTT,1
26C,6,pos,11,CTTACAGTTACCGTCACCGCTGCTACGCTACTT,1
26C,6,pos,11,CTTACAGTTACCGTGACCGCTGCTACCCTACTT,1
26C,6,pos,12,CTTACAGTTACCGTGACCGCTGCTACGCTACTT,3998
26C,6,pos,12,CTAACCGTCACAGTAACCGCAGCTACCCTGCTG,22
26C,6,pos,12,CTTACAGTTACCGTTACCGCTGCTACGCTACTT,3
26C,6,pos,12,CTCACAGTTACCGTGACCGCTGCTACGCTACTT,2
26C,6,pos,12,CTTACAGTTACCGTGACCGCTGCTACCCTACTT,2
26C,6,pos,12,CTGACAGTTACCGTTACAGCAGCCACGCTTCTG,2
26C,6,pos,12,CTTACAGTTACCGTGACCGCAGCTACGCTACTT,1
26C,6,pos,12,CTTACAGTTACCGTGACCGCTGCTACTCTACTT,1
26C,6,pos,12,CTTACAGTTACTGTGACCGCTGCTACGCTACTT,1
26C,6,pos,12,CTTACAGTTACCGTCACCGCTGCTACGCTACTT,1
26C,6,pos,12,CTTACCGTTACTGTAACCGCCGCTACGCTGCTT,1
26C,6,pos,12,CTTACAGTTACCGTGACCGCTGCTACACTACTT,1
26C,6,pos,12,CTGACGGTCACAGTTACTGCTGCTACCCTGCTC,1
26C,6,pos,12,CTTACCGTTACAGTAACCGCAGCTACCCTGCTT,1
26C,6,pos,12,CTTACAGTTACCGTGACCGCTGCTACGCTACTC,1
26C,6,pos,12,CTTACAGTTACCGTGACCGCCGCTACGCTACTT,1
26C,6,pos,12,CTTACCGTTACTGTGACTGCGGCGACACTCCTT,1
26C,6,pos,12,CTTACCGTTACTGTAACCGCAGCAACCCTGCTT,1
26C,6,pos,12,CTAACTGTTACGGTAACAGCTGCGACGCTTCTC,1
26C,6,pos,12,CTGACTGTTACGGTTACAGCAGCAACCCTACTC,1
26C,6,pos,12,CTGACGGTAACAGTGACAGCAGCAACCCTACTT,1
26C,6,pos,12,CTCACCGTTACTGTCACTGCAGCAACCCTACTT,1
26C,6,pos,13,CTAACTGTAACCGTCACTGCGGCAACTCTGCTC,1051
26C,6,pos,13,CTTACAGTTACCGTGACCGCTGCTACGCTACTT,79
26C,6,pos,13,CTAACCGTCACAGTAACCGCAGCTACCCTGCTG,33
26C,6,pos,13,CTGACTGTTACGGTTACAGCAGCAACCCTACTC,2
26C,6,pos,13,CTAACTGTAACCGTCACCGCGGCAACTCTGCTC,1
26C,6,pos,13,CTAACCGTTACAGTAACCGCAGCAACCCTGCTG,1
26C,6,pos,13,CTAACCGTCACAGTAACCGCAGCAACCCTGCTG,1
26C,6,pos,13,CTCACCGTTACTGTCACTGCAGCAACCCTACTT,1
26C,6,pos,13,CTAACTGTAACCGTCACTGCCGCAACTCTGCTC,1
26C,6,pos,13,CTGACAGTTACTGTCACTGCTGCTACCCTCCTA,1
26C,6,pos,14,CTTACAGTTACCGTGACCGCTGCTACGCTACTT,612
26C,6,pos,14,CTAACCGTCACAGTAACCGCAGCTACCCTGCTG,32
26C,6,pos,14,CTTACAGTTACCGTGACCGCTGCTACACTACTT,2
26C,6,pos,14,CTCACCGTTACTGTCACTGCAGCAACCCTACTT,2
26C,6,pos,14,CTTACCGTCACCGTAACCGCAGCCACTCTACTC,1
26C,6,pos,14,CTTACAGTTACCGTGACCGCTGCTACGCTACTA,1
26C,6,pos,14,CTTACAGTTACCGTCACCGCTGCTACGCTACTT,1
26C,6,pos,15,CTTACAGTTACCGTGACCGCTGCTACGCTACTT,614
26C,6,pos,15,CTAACCGTCACAGTAACCGCAGCTACCCTGCTG,32
26C,6,pos,15,CTGACTGTTACGGTTACAGCAGCAACCCTACTC,3
26C,6,pos,15,CTCACGGTAACCGTGACAGCAGCAACTCTCCTA,2
26C,6,pos,15,CTTACGGTTACTGTTACAGCTGCGACTCTGCTG,2
26C,6,pos,15,CTCACCGTTACTGTCACTGCAGCTACCCTCCTA,1
26C,6,pos,15,CTGACAGTTACCGTTACAGCAGCCACGCTTCTG,1
26C,6,pos,15,CTTACGGTGACGGTCACAGCTGCTACCCTTCTC,1
26C,6,pos,15,CTCACCGTTACTGTCACTGCAGCAACCCTACTT,1
26C,6,pos,16,CTTACAGTTACCGTGACCGCTGCTACGCTACTT,1576
26C,6,pos,16,CTAACCGTCACAGTAACCGCAGCTACCCTGCTG,15
26C,6,pos,16,CTAACTGTCACCGTCACCGCAGCAACCCTGCTC,2
26C,6,pos,16,CTAACTGTCACCGTCACCGCAGCAACTCTGCTC,2
26C,6,pos,16,CTAACTGTTACCGTAACCGCAGCAACCCTGCTC,1
26C,6,pos,16,CTAACCGTTACCGTCACCGCAGCTACCCTGCTC,1
26C,6,pos,16,CTAACTGTAACCGTCACTGCGGCAACTCTGCTC,1
26C,6,pos,16,CTTACAGTTACCGTCACCGCTGCTACGCTACTT,1
26C,6,pos,16,CTAACCGTAACCGTAACCGCAGCAACCCTGCTC,1
26C,6,pos,16,CTCACAGTTACCGTGACCGCTGCTACGCTACTT,1
26C,6,pos,16,CTTACAGTTACCGTGACCGCCGCTACGCTACTT,1
26C,6,pos,16,CTGACTGTTACTGTCACGGCTGCCACTCTCCTT,1
26C,6,pos,16,CTAACTGTCACCGTCACTGCAGCAACTCTGCTC,1
26C,6,pos,16,CTTACAGTTACCGTGACCGCTGCTACGCTGCTT,1
26C,6,pos,16,CTTACAGTTACCGTGACCGCTGCTACGCTACTC,1
26C,6,pos,16,CTAACTGTAACCGTCACTGCAGCAACTCTGCTC,1
26C,6,pos,16,CTAACCGTCACCGTCACCGCAGCAACCCTGCTC,1
26C,6,pos,16,CTAACCGTCACCGTCACCGCAGCTACCCTGCTC,1
26C,6,pos,17,CTTACAGTTACCGTGACCGCTGCTACGCTACTT,725
26C,6,pos,17,CTAACCGTCACAGTAACCGCAGCTACCCTGCTG,18
26C,6,pos,17,CTAACTGTTACCGTCACTGCAGCAACCCTGCTC,5
26C,6,pos,17,CTTACAGTTACCGTAACCGCTGCTACGCTACTT,2
26C,6,pos,17,CTTACCGTTACAGTAACCGCAGCTACCCTGCTT,2
26C,6,pos,17,CTAACTGTTACCGTCACTGCGGCAACTCTGCTC,2
26C,6,pos,17,CTAACCGTTACAGTAACCGCAGCTACCCTGCTT,1
26C,6,pos,17,CTGACAGTTACCGTTACAGCAGCCACGCTTCTG,1
26C,6,pos,17,CTCACCGTTACTGTCACTGCAGCAACCCTACTT,1
26C,6,pos,17,CTAACTGTAACCGTCACTGCGGCAACTCTGCTC,1
26C,6,pos,17,CTTACAGTTACCGTTACCGCTGCTACGCTACTT,1
26C,6,pos,17,CTAACCGTTACAGTAACCGCAGCTACCCTGCTG,1
26C,6,pos,17,CTTACGGTTACCGTGACCGCTGCTACGCTACTT,1
26C,6,pos,17,CTAACTGTTACCGTCACTGCAGCAACTCTGCTC,1
26C,6,pos,17,CTCACAGTTACCGTGACCGCTGCTACGCTACTT,1
26C,6,pos,17,CTCACTGTAACAGTTACTGCTGCTACTCTACTT,1
26C,6,pos,18,CTTACAGTTACCGTGACCGCTGCTACGCTACTT,10958
26C,6,pos,18,CTAACCGTCACAGTAACCGCAGCTACCCTGCTG,28
26C,6,pos,18,CTTACAGTTACCGTGACCGCTGCTACGCTACTC,6
26C,6,pos,18,CTTACAGTTACCGTTACCGCTGCTACGCTACTT,6
26C,6,pos,18,CTAACTGTTACCGTCACTGCGGCAACTCTGCTT,4
26C,6,pos,18,CTTACAGTTACCGTCACCGCTGCAACGCTACTT,3
26C,6,pos,18,CTAACTGTTACCGTCACTGCGGCAACTCTGCTC,3
26C,6,pos,18,CTTACAGTTACCGTCACCGCTGCTACGCTACTT,3
26C,6,pos,18,CTTACAGTTACCGTGACCGCCGCTACGCTACTT,2
26C,6,pos,18,CTTACCGTTACCGTAACCGCAGCTACGCTACTT,2
26C,6,pos,18,CTTACAGTTACCGTGACCGCTGCTACTCTACTT,2
26C,6,pos,18,CTTACAGTTACCGTGACCGCTGCAACGCTACTT,2
26C,6,pos,18,CTTACAGTTACCGTGACCGCTGCTACCCTACTT,2
26C,6,pos,18,CTTACCGTTACAGTAACCGCAGCTACCCTGCTT,2
26C,6,pos,18,CTTACTGTTACCGTCACTGCAGCAACGCTACTT,2
26C,6,pos,18,CTAACTGTTACCGTCACTGCAGCAACTCTGCTT,1
26C,6,pos,18,CTTACAGTTACTGTCACCGCTGCTACGCTACTT,1
26C,6,pos,18,CTCACCGTTACCGTTACAGCAGCCACTCTACTC,1
26C,6,pos,18,CTAACTGTTACCGTCACTGCGGCAACGCTGCTT,1
26C,6,pos,18,CTAACTGTTACCGTCACCGCGGCAACTCTGCTC,1
26C,6,pos,18,CTTACAGTTACCGTGACCGCTGCCACGCTACTT,1
26C,6,pos,18,CTTACCGTTACCGTCACCGCTGCAACGCTACTT,1
26C,6,pos,18,CTTACTGTTACCGTCACCGCTGCAACGCTGCTT,1
26C,6,pos,18,CTTACAGTTACCGTGACCGCAGCTACGCTACTT,1
26C,6,pos,18,CTTACAGTTACTGTGACCGCTGCTACGCTACTT,1
26C,6,pos,18,CTTACCGTTACCGTGACCGCAGCTACCCTACTT,1
26C,6,pos,18,CTTACTGTTACCGTCACTGCAGCAACGCTGCTT,1
26C,6,pos,18,CTAACTGTTACCGTCACTGCAGCAACTCTGCTC,1
26C,6,pos,18,CTTACTGTTACCGTCACTGCTGCAACGCTACTT,1
26C,6,pos,18,CTTACCGTTACCGTAACCGCAGCTACCCTACTT,1
26C,6,pos,18,CTTACTGTTACCGTCACTGCGGCAACGCTACTT,1
26C,6,pos,18,CTTACAGTTACAGTGACCGCTGCTACGCTACTT,1
26C,6,pos,18,CTTACCGTTACTGTGACCGCTGCTACGCTACTT,1
26C,6,pos,18,CTAACCGTTACAGTAACCGCAGCTACCCTGCTT,1
26C,6,pos,18,CTTACTGTTACCGTCACTGCGGCAACGCTGCTT,1
26C,6,pos,18,CTGACAGTTACCGTTACAGCAGCCACGCTTCTG,1
26C,6,pos,18,CTTACTGTTACCGTCACCGCTGCAACGCTACTT,1
26C,6,pos,18,CTTACAGTTACCGTGACCGCTGCTACACTACTT,1
26C,6,pos,18,CTTACAGTTACCGTGACCGCGGCTACGCTACTT,1
26C,6,pos,18,CTTACTGTTACCGTCACCGCAGCAACGCTACTT,1
26C,6,pos,18,CTTACGGTTACCGTGACCGCTGCTACGCTACTT,1
26C,6,pos,18,CTTACCGTTACCGTCACCGCTGCAACGCTGCTT,1
26C,6,pos,18,CTTACAGTTACCGTGACTGCTGCTACGCTACTT,1
26C,6,pos,18,CTTACAGTTACCGTAACCGCTGCTACGCTACTT,1
26C,6,pos,18,CTAACTGTAACCGTCACTGCGGCAACTCTGCTC,1
26C,6,neg,1,CTTACAGTTACCGTGACCGCTGCTACGCTACTT,46
26C,6,neg,1,CTAACCGTCACAGTAACCGCAGCTACCCTGCTG,22
26C,6,neg,1,CTCACTGTCACGGTCACCGCAGCCACACTGCTC,2
26C,6,neg,1,CTCACGGTAACCGTGACAGCAGCAACTCTCCTA,1
26C,6,neg,1,CTGACTGTTACTGTCACGGCTGCCACTCTCCTT,1
26C,6,neg,2,CTAACCGTCACAGTAACCGCAGCTACCCTGCTG,27
26C,6,neg,2,CTTACGGTGACGGTCACAGCTGCTACCCTTCTC,1
26C,6,neg,3,CTAACCGTCACAGTAACCGCAGCTACCCTGCTG,38
26C,6,neg,3,CTTACAGTTACCGTTACAGCAGCCACACTCCTG,2
26C,6,neg,3,CTCACTGTAACAGTTACTGCTGCTACTCTACTT,1
26C,10,pos,1,CTCACCGTTACTGTCACTGCAGCAACCCTACTT,8361
26C,10,pos,1,CTAACCGTCACAGTAACCGCAGCTACCCTGCTG,52
26C,10,pos,1,CTCACCGTTACTGTCACTGCAGCAACCCTGCTT,8
26C,10,pos,1,CTAACCGTTACCGTCACTGCAGCAACCCTGCTT,7
26C,10,pos,1,CTAACCGTTACTGTCACTGCAGCAACCCTGCTT,4
26C,10,pos,1,CTAACTGTAACCGTCACTGCGGCAACTCTGCTC,3
26C,10,pos,1,CTCACCGTTACTGTCACTGCAGCAACCCTACTC,2
26C,10,pos,1,CTAACTGTAACCGTCACTGCAGCAACTCTGCTC,2
26C,10,pos,1,CTCACTGTTACTGTCACTGCAGCAACCCTACTT,2
26C,10,pos,1,CTCACCGTTACTGTCACCGCAGCAACCCTACTT,2
26C,10,pos,1,CTCACCGTAACTGTCACTGCAGCAACCCTACTT,2
26C,10,pos,1,CTGACCGTCACTGTCACTGCCGCCACGCTTCTA,1
26C,10,pos,1,CTTACCGTTACCGTAACGGCAGCAACCCTACTT,1
26C,10,pos,1,CTAACCGTCACCGTCACTGCAGCAACCCTGCTC,1
26C,10,pos,1,CTAACCGTTACCGTCACTGCGGCAACTCTGCTT,1
26C,10,pos,1,CTAACCGTTACCGTCACTGCGGCAACTCTGCTC,1
26C,10,pos,1,CTGACTGTTACTGTCACGGCTGCCACTCTCCTT,1
26C,10,pos,1,CTCACCGTTACTGTCACTGCGGCAACCCTACTT,1
26C,10,pos,1,CTAACCGTTACCGTCACTGCGGCAACCCTGCTT,1
26C,10,pos,1,CTCACCGTTACTGTAACCGCAGCAACCCTGCTT,1
26C,10,pos,1,CTAACCGTAACCGTCACTGCAGCAACCCTGCTC,1
26C,10,pos,1,CTCACCGTTACTGTCACCGCAGCTACCCTGCTG,1
26C,10,pos,1,CTAACTGTTACCGTCACTGCAGCAACCCTGCTT,1
26C,10,pos,1,CTAACCGTAACTGTGACGGCTGCAACGCTTCTG,1
26C,10,pos,1,CTAACCGTTACCGTCACTGCAGCAACTCTGCTC,1
26C,10,pos,1,CTAACTGTTACCGTCACTGCGGCAACTCTGCTC,1
26C,10,pos,1,CTGACCGTTACTGTCACTGCAGCTACCCTCCTA,1
26C,10,pos,1,CTCACCGTTACTGTCACGGCAGCAACCCTACTT,1
26C,10,pos,1,CTAACTGTTACCGTCACTGCGGCAACTCTGCTT,1
26C,10,pos,2,CTCACCGTTACTGTCACTGCAGCAACCCTACTT,12033
26C,10,pos,2,CTAACCGTCACAGTAACCGCAGCTACCCTGCTG,30
26C,10,pos,2,CTCACCGTTACTGTCACTGCAGCAACCCTGCTT,7
26C,10,pos,2,CTCACCGTTACTGTCACCGCAGCAACCCTACTT,4
26C,10,pos,2,CTCACCGTTACTGTCACTGCAGCAACCCTACTC,2
26C,10,pos,2,CTCACCGTTACTGTCACTGCAGCAACTCTACTT,2
26C,10,pos,2,CTCACCGTTACTGTCACGGCAGCAACCCTACTT,2
26C,10,pos,2,CTAACTGTAACCGTCACTGCGGCAACTCTGCTC,2
26C,10,pos,2,CTTACCGTTACTGTGACTGCGGCGACACTCCTT,2
26C,10,pos,2,CTCACTGTTACCGTCACTGCAGCAACTCTGCTC,1
26C,10,pos,2,CTAACTGTAACCGTCACTGCAGCAACTCTGCTC,1
26C,10,pos,2,CTCACCGTTACTGTCACTGCAGCTACCCTACTT,1
26C,10,pos,2,CTCACTGTTACCGTCACTGCAGCAACGCTACTT,1
26C,10,pos,2,CTCACCGTCACTGTAACCGCAGCTACCCTGCTT,1
26C,10,pos,2,CTAACTGTTACCGTCACTGCGGCAACTCTGCTC,1
26C,10,pos,2,CTAACTGTTACCGTCACTGCGGCAACTCTGCTT,1
26C,10,pos,2,CTCACTGTTACCGTCACTGCAGCAACCCTGCTC,1
26C,10,pos,2,CTGACCGTCACTGTCACTGCCGCCACGCTTCTA,1
26C,10,pos,2,CTCACTGTTACTGTCACTGCAGCAACCCTGCTC,1
26C,10,pos,2,CTCACCGTCACTGTCACTGCAGCAACCCTACTT,1
26C,10,pos,2,CTCACCGTTACTGTCACTGCAGCGACCCTACTT,1
26C,10,pos,2,CTCACCGTCACAGTAACCGCAGCTACCCTGCTG,1
26C,10,pos,2,CTCACTGTTACTGTCACTGCAGCAACCCTACTT,1
26C,10,pos,2,CTCACCGTTACTGTCACCGCAGCAACCCTGCTT,1
26C,10,pos,2,CTCACCGTTACTGTCACTGCAGCAACCCTCCTT,1
26C,10,pos,3,CTCACCGTTACTGTCACTGCAGCAACCCTACTT,10995
26C,10,pos,3,CTAACCGTCACAGTAACCGCAGCTACCCTGCTG,95
26C,10,pos,3,CTAACTGTCACCGTCACCGCAGCAACCCTGCTC,6
26C,10,pos,3,CTCACCGTTACTGTCACTGCAGCAACCCTGCTT,6
26C,10,pos,3,CTAACCGTCACCGTCACCGCAGCAACCCTGCTC,5
26C,10,pos,3,CTAACTGTAACCGTCACTGCAGCAACCCTGCTC,4
26C,10,pos,3,CTAACCGTTACTGTCACTGCAGCAACCCTGCTT,4
26C,10,pos,3,CTAACCGTTACCGTCACTGCAGCAACCCTGCTT,3
26C,10,pos,3,CTAACCGTCACCGTCACTGCAGCAACCCTGCTC,3
26C,10,pos,3,CTAACCGTTACCGTCACTGCAGCAACCCTGCTC,3
26C,10,pos,3,CTAACTGTTACCGTCACTGCAGCAACCCTGCTC,3
26C,10,pos,3,CTAACCGTCACCGTAACCGCAGCAACCCTGCTC,2
26C,10,pos,3,CTAACTGTCACCGTCACTGCAGCAACCCTGCTC,2
26C,10,pos,3,CTAACCGTTACCGTCACCGCAGCAACCCTGCTC,2
26C,10,pos,3,CTAACCGTTACTGTCACTGCAGCAACCCTGCTC,2
26C,10,pos,3,CTAACTGTTACCGTCACTGCAGCAACCCTGCTT,2
26C,10,pos,3,CTCACCGTTACTGTCACTGCAGCAACCCTACTC,2
26C,10,pos,3,CTCACCGTTACTGTCACCGCAGCAACCCTACTT,2
26C,10,pos,3,CTCACCGTTACCGTCACTGCAGCAACCCTACTT,2
26C,10,pos,3,CTAACCGTCACTGTCACTGCAGCGACCCTACTA,1
26C,10,pos,3,CTAACCGTCACTGTCACTGCTGCGACCCTACTT,1
26C,10,pos,3,CTTACCGTTACTGTGACTGCGGCGACACTCCTT,1
26C,10,pos,3,CTAACCGTTACTGTAACTGCAGCAACCCTGCTT,1
26C,10,pos,3,CTAACCGTCACTGTAACCGCAGCTACCCTGCTG,1
26C,10,pos,3,CTAACCGTTACCGTAACCGCAGCAACCCTGCTC,1
26C,10,pos,3,CTCACCGTTACTGTCACTGCAGCAACTCTACTT,1
26C,10,pos,3,CTAACCGTCACTGTCACCGCAGCAACCCTGCTC,1
26C,10,pos,3,CTCACCGTTACTGTCACTGCAGCAACCCTTCTT,1
26C,10,pos,3,CTAACTGTAACCGTCACTGCAGCAACTCTGCTC,1
26C,10,pos,3,CTAACCGTCACTGTTACCGCTGCTACCCTACTT,1
26C,10,pos,3,CTAACCGTCACAGTCACCGCAGCTACCCTGCTG,1
26C,10,pos,3,CTTACTGTTACGGTAACCGCAGCCACGCTCCTT,1
26C,10,pos,3,CTCACCGTTACAGTAACCGCAGCTACCCTGCTT,1
26C,10,pos,3,CTAACCGTTACCGTCACCGCAGCTACCCTGCTT,1
26C,10,pos,3,CTAACCGTCACCGTCACCGCAGCTACCCTGCTC,1
26C,10,pos,3,CTGACCGTCACTGTCACTGCCGCCACGCTTCTA,1
26C,10,pos,3,CTAACCGTCACTGTCACTGCAGCAACCCTGCTT,1
26C,10,pos,3,CTAACCGTCACTGTAACCGCAGCTACCCTGCTT,1
26C,10,pos,3,CTAACCGTCACTGTTACTGCAGCGACCCTACTA,1
26C,10,pos,3,CTAACTGTAACCGTCACTGCGGCAACTCTGCTC,1
26C,10,pos,3,CTAACCGTCACTGTTACTGCTGCGACCCTACTA,1
26C,10,pos,3,CTAACCGTCACAGTAACCGCAGCTACCCTGCTT,1
26C,10,pos,3,CTAACTGTTACCGTCACCGCAGCAACCCTGCTC,1
26C,10,pos,3,CTCACCGTTACTGTCACTGCAGCTACCCTACTT,1
26C,10,pos,3,CTAACTGTTACCGTCACTGCAGCAACTCTGCTC,1
26C,10,pos,3,CTAACCGTCACCGTCACTGCAGCAACCCTGCTT,1
26C,10,pos,3,CTAACCGTTACTGTTACTGCTGCTACCCTACTT,1
26C,10,pos,5,CTCACCGTTACTGTCACTGCAGCAACCCTACTT,15612
26C,10,pos,5,CTAACCGTCACAGTAACCGCAGCTACCCTGCTG,52
26C,10,pos,5,CTAACCGTTACTGTCACTGCAGCAACCCTGCTT,12
26C,10,pos,5,CTAACCGTTACCGTCACTGCAGCAACCCTGCTT,9
26C,10,pos,5,CTAACTGTAACCGTCACTGCGGCAACTCTGCTC,5
26C,10,pos,5,CTAACCGTTACTGTCACTGCAGCAACCCTACTT,3
26C,10,pos,5,CTAACCGTTACCGTCACTGCAGCAACCCTGCTC,3
26C,10,pos,5,CTAACTGTTACCGTCACTGCAGCAACCCTGCTC,3
26C,10,pos,5,CTAACCGTTACAGTAACCGCAGCTACCCTGCTT,2
26C,10,pos,5,CTAACCGTTACCGTCACTGCAGCAACCCTACTT,2
26C,10,pos,5,CTAACCGTTACTGTTACTGCAGCAACCCTACTT,2
26C,10,pos,5,CTAACCGTTACCGTCACTGCAGCAACTCTGCTT,2
26C,10,pos,5,CTCACCGTTACTGTCACTGCAGCAACCCTACTC,2
26C,10,pos,5,CTCACCGTTACTGTCACGGCAGCAACCCTACTT,2
26C,10,pos,5,CTCACCGTTACTGTAACTGCAGCAACCCTACTT,2
26C,10,pos,5,CTAACCGTTACCGTCACCGCAGCAACCCTGCTT,1
26C,10,pos,5,CTAACCGTTACAGTAACCGCAGCTACCCTGCTG,1
26C,10,pos,5,CTCACCGTTACTGTTACTGCAGCAACCCTACTT,1
26C,10,pos,5,CTCACCGTTACTGTAACCGCAGCTACCCTACTT,1
26C,10,pos,5,CTTACCGTTACTGTAACGGCAGCAACGCTGCTT,1
26C,10,pos,5,CTCACCGTTACTGTCACCGCAGCAACCCTACTT,1
26C,10,pos,5,CTCACCGTTACTGTAACCGCAGCAACCCTGCTT,1
26C,10,pos,5,CTCACCGTTACTGTCACTGCGGCAACCCTACTT,1
26C,10,pos,5,CTCACGGTTACCGTGACAGCAGCAACTCTCCTT,1
26C,10,pos,5,CTAACCGTTACTGTAACCGCAGCTACCCTGCTG,1
26C,10,pos,5,CTCACCGTTACTGTCACTGCAGCAACCCTCCTT,1
26C,10,pos,5,CTAACCGTCACTGTAACCGCAGCTACCCTGCTG,1
26C,10,pos,5,CTCACCGTTACCGTCACTGCAGCAACCCTACTT,1
26C,10,pos,5,CTAACCGTTACCGTAACCGCAGCAACCCTGCTT,1
26C,10,pos,5,CTAACTGTTACCGTCACTGCGGCAACTCTGCTC,1
26C,10,pos,5,CTAACGGTAACGGTAACGGCGGCAACCCTCCTT,1
26C,10,pos,5,CTAACTGTTACCGTCACTGCGGCAACTCTGCTT,1
26C,10,pos,5,CTAACCGTTACTGTAACCGCAGCAACCCTGCTT,1
26C,10,pos,5,CTTACTGTTACGGTCACTGCAGCAACCCTACTT,1
26C,10,pos,5,CTAACTGTTACCGTCACTGCAGCAACCCTGCTT,1
26C,10,pos,5,CTAACTGTTACCGTCACTGCAGCAACCCTACTT,1
26C,10,pos,5,CTTACCGTTACTGTAACCGCAGCAACCCTACTT,1
26C,10,pos,5,CTTACCGTTACCGTAACCGCAGCAACGCTACTT,1
26C,10,pos,5,CTTACCGTTACTGTCACTGCAGCAACCCTACTT,1
26C,10,pos,6,CTCACCGTTACTGTCACTGCAGCAACCCTACTT,9391
26C,10,pos,6,CTAACCGTCACAGTAACCGCAGCTACCCTGCTG,50
26C,10,pos,6,CTCACCGTTACTGTCACTGCAGCAACCCTACTC,6
26C,10,pos,6,CTCACCGTTACCGTCACTGCAGCAACCCTACTT,3
26C,10,pos,6,CTTACCGTTACTGTCACTGCAGCAACCCTACTT,2
26C,10,pos,6,CTAACCGTTACAGTAACCGCAGCTACCCTGCTG,2
26C,10,pos,6,CTAACTGTAACCGTCACTGCGGCAACTCTGCTC,2
26C,10,pos,6,CTTACCGTTACCGTCACTGCAGCAACGCTGCTT,2
26C,10,pos,6,CTCACTGTAACCGTTACAGCTGCTACACTTCTC,2
26C,10,pos,6,CTAACTGTTACCGTCACTGCGGCAACTCTGCTT,2
26C,10,pos,6,CTAACTGTTACCGTCACTGCAGCAACTCTGCTT,2
26C,10,pos,6,CTTACCGTTACCGTCACCGCTGCAACGCTACTT,2
26C,10,pos,6,CTTACCGTTACAGTAACCGCAGCTACCCTGCTT,1
26C,10,pos,6,CTCACCGTTACTGTCACTGCAGCAACCCTTCTT,1
26C,10,pos,6,CTTACAGTTACCGTTACAGCAGCCACACTCCTG,1
26C,10,pos,6,CTGACGGTAACAGTGACAGCAGCAACCCTACTT,1
26C,10,pos,6,CTAACCGTTACCGTCACTGCAGCAACCCTACTT,1
26C,10,pos,6,CTGACCGTCACTGTCACTGCCGCCACGCTTCTA,1
26C,10,pos,6,CTAACCGTTACTGTAACCGCAGCTACCCTGCTT,1
26C,10,pos,6,CTCACCGTTACTGTCACTGCAGCAACCCTGCTT,1
26C,10,pos,6,CTTACCGTTACCGTCACTGCAGCAACGCTACTT,1
26C,10,pos,6,CTTACTGTTACCGTCACCGCAGCAACGCTGCTT,1
26C,10,pos,6,CTCACCGTTACTGTAACCGCAGCTACCCTACTT,1
26C,10,pos,6,CTAACTGTTACCGTCACTGCAGCAACCCTGCTC,1
26C,10,pos,6,CTTACCGTTACCGTCACCGCAGCAACCCTACTT,1
26C,10,pos,6,CTAACTGTTACCGTCACTGCAGCAACGCTGCTC,1
26C,10,pos,6,CTAACCGTTACAGTAACCGCAGCTACCCTGCTT,1
26C,10,pos,6,CTAACCGTTACCGTCACTGCAGCAACCCTGCTT,1
26C,10,pos,6,CTCACCGTTACTGTCACCGCAGCAACCCTACTT,1
26C,10,pos,6,CTTACTGTTACCGTCACTGCAGCAACGCTGCTT,1
26C,10,pos,6,CTTACCGTTACCGTCACTGCAGCAACCCTACTT,1
26C,10,pos,6,CTTACTGTTACCGTCACTGCTGCAACGCTACTT,1
26C,10,pos,6,CTCACCGTTACAGTAACCGCAGCTACCCTGCTG,1
26C,10,pos,6,CTCACCGTAACGGTAACGGCGGCAACCCTCCTT,1
26C,10,pos,6,CTAACCGTAACTGTGACGGCTGCAACGCTTCTG,1
26C,10,pos,7,CTCACCGTTACTGTCACTGCAGCAACCCTACTT,16568
26C,10,pos,7,CTCACCGTTACTGTCACTGCAGCAACCCTACTT,2612
26C,10,pos,7,CTAACCGTCACAGTAACCGCAGCTACCCTGCTG,49
26C,10,pos,7,CTAACCGTCACAGTAACCGCAGCTACCCTGCTG,31
26C,10,pos,7,CTAACTGTAACCGTCACTGCGGCAACTCTGCTC,12
26C,10,pos,7,CTAACTGTAACCGTCACTGCGGCAACTCTGCTC,7
26C,10,pos,7,CTCACTGTTACCGTCACTGCAGCAACTCTGCTT,7
26C,10,pos,7,CTAACTGTAACCGTCACTGCAGCAACTCTGCTC,5
26C,10,pos,7,CTCACCGTTACTGTCACTGCAGCAACCCTGCTT,5
26C,10,pos,7,CTAACTGTTACCGTCACTGCAGCAACTCTGCTC,4
26C,10,pos,7,CTCACTGTAACCGTCACTGCAGCAACTCTGCTC,4
26C,10,pos,7,CTCACCGTTACTGTCACCGCAGCAACCCTACTT,3
26C,10,pos,7,CTCACCGTTACTGTCACTGCAGCAACCCTACTC,3
26C,10,pos,7,CTTACCGTTACTGTCACTGCAGCAACCCTACTT,2
26C,10,pos,7,CTTACGGTGACGGTCACAGCTGCTACCCTTCTC,2
26C,10,pos,7,CTCACCGTTACTGTAACGGCAGCAACCCTACTT,2
26C,10,pos,7,CTTACCGTTACTGTCACTGCAGCAACCCTACTT,2
26C,10,pos,7,CTCACCGTTACTGTCACTGCAGCAACCCTCCTT,2
26C,10,pos,7,CTCACCGTTACTGTCACTGCAGCAACTCTGCTT,2
26C,10,pos,7,CTCACCGTCACAGTAACCGCAGCTACCCTGCTG,2
26C,10,pos,7,CTCACCGTTACGGTCACTGCAGCAACCCTACTT,1
26C,10,pos,7,CTGACTGTTACAGTAACTGCTGCTACACTACTG,1
26C,10,pos,7,CTCACCGTTACCGTCACTGCAGCAACTCTGCTT,1
26C,10,pos,7,CTTACCGTTACTGTCACTGCAGCAACGCTGCTT,1
26C,10,pos,7,CTGACTGTTACTGTCACGGCTGCCACTCTCCTT,1
26C,10,pos,7,CTAACCGTTACTGTCACTGCAGCAACTCTGCTT,1
26C,10,pos,7,CTAACTGTTACCGTCACTGCGGCAACTCTGCTT,1
26C,10,pos,7,CTCACCGTTACCGTCACTGCAGCAACCCTGCTC,1
26C,10,pos,7,CTAACCGTTACCGTCACTGCGGCAACTCTGCTT,1
26C,10,pos,7,CTCACCGTTACCGTCACTGCAGCAACCCTGCTT,1
26C,10,pos,7,CTAACTGTTACCGTCACTGCGGCAACTCTGCTC,1
26C,10,pos,7,CTTACCGTTACCGTAACCGCAGCAACCCTGCTT,1
26C,10,pos,7,CTGACGGTAACAGTGACAGCAGCAACCCTACTT,1
26C,10,pos,7,CTCACCGTTACTGTCACTGCAGCAACGCTGCTT,1
26C,10,pos,7,CTCACTGTTACCGTCACTGCAGCAACTCTGCTC,1
26C,10,pos,7,CTCACCGTTACTGTCACTGCAGCAACCCTGCTT,1
26C,10,pos,7,CTCACTGTAACCGTTACAGCTGCTACACTTCTC,1
26C,10,pos,7,CTCACTGTTACTGTCACTGCAGCAACCCTACTT,1
26C,10,pos,7,CTTACCGTTACTGTCACTGCAGCAACTCTGCTT,1
26C,10,pos,7,CTAACTGTAACCGTCACTGCTGCAACTCTGCTC,1
26C,10,pos,7,CTGACAGTTACCGTTACAGCAGCCACGCTTCTG,1
26C,10,pos,7,CTCACCGTTACTGTCACTGCCGCAACCCTACTT,1
26C,10,pos,7,CTCACCGTTACTGTCACTGCAGCAACCCTACTC,1
26C,10,pos,7,CTCACCGTTACTGTCACTGCAGCGACCCTACTT,1
26C,10,pos,7,CTAACTGTAACCGTCACTGCAGCAACTCTGCTC,1
26C,10,pos,7,CTTACCGTTACTGTGACTGCGGCGACACTCCTT,1
26C,10,pos,7,CTGACTGTTACTGTCACGGCTGCCACTCTCCTT,1
26C,10,pos,7,CTCACGGTAACCGTGACAGCAGCAACTCTCCTA,1
26C,10,pos,7,CTAACCGTTACAGTAACCGCAGCTACCCTGCTG,1
26C,10,pos,7,CTCACCGTTACCGTCACTGCAGCAACCCTACTT,1
26C,10,pos,7,CTCACTGTTACTGTCACTGCAGCAACCCTGCTC,1
26C,10,pos,7,CTCACTGTTACCGTCACTGCAGCAACCCTGCTT,1
26C,10,pos,7,CTCACCGTTACTGTAACCGCAGCAACCCTACTT,1
26C,10,pos,7,CTCACCGTTACTGTAACTGCAGCAACCCTACTT,1
26C,10,pos,7,CTAACTGTAACCGTCACCGCAGCAACTCTGCTC,1
26C,10,pos,7,CTAACCGTAACTGTCACTGCGGCAACCCTACTT,1
26C,10,pos,7,CTCACCGTTACCGTCACTGCAGCAACTCTGCTT,1
26C,10,pos,7,CTCACCGTTACTGTAACCGCAGCTACCCTGCTT,1
26C,10,pos,7,CTAACCGTTACCGTCACTGCAGCAACCCTGCTT,1
26C,10,pos,7,CTCACCGTTACTGTCACTGCTGCAACCCTACTT,1
26C,10,pos,7,CTCACCGTCACAGTCACCGCAGCTACCCTGCTT,1
26C,10,pos,7,CTAACTGTAACCGTCACTGCGGCAACTCTGCTT,1
26C,10,pos,7,CTCACCGTTACTGTCACGGCAGCAACGCTGCTT,1
26C,10,pos,7,CTAACTGTTACCGTCACTGCAGCAACTCTGCTC,1
26C,10,pos,7,CTAACTGTTACCGTCACTGCAGCAACTCTGCTT,1
26C,10,pos,7,CTCACTGTCACCGTCACTGCAGCAACTCTGCTC,1
26C,10,pos,7,CTAACCGTTACCGTCACTGCGGCAACCCTGCTT,1
26C,10,pos,7,CTCACCGTTACTGTAACGGCGGCAACCCTCCTT,1
26C,10,pos,8,CTCACCGTTACTGTCACTGCAGCAACCCTACTT,936
26C,10,pos,8,CTAACCGTCACAGTAACCGCAGCTACCCTGCTG,23
26C,10,pos,8,CTAACTGTTACCGTCACTGCAGCAACCCTGCTC,3
26C,10,pos,8,CTAACTGTTACCGTCACTGCAGCAACTCTGCTC,2
26C,10,pos,8,CTCACCGTAACCGTCACAGCTGCTACGCTGCTT,2
26C,10,pos,8,CTAACCGTTACCGTCACTGCAGCAACTCTGCTC,2
26C,10,pos,8,CTAACCGTTACAGTAACCGCAGCTACCCTGCTG,2
26C,10,pos,8,CTAACCGTTACCGTCACTGCAGCAACCCTACTC,1
26C,10,pos,8,CTAACCGTTACTGTCACTGCAGCAACTCTGCTC,1
26C,10,pos,8,CTCACTGTTACTGTCACTGCAGCAACCCTACTT,1
26C,10,pos,8,CTAACTGTTACCGTCACTGCGGCAACTCTGCTC,1
26C,10,pos,10,CTCACCGTTACTGTCACTGCAGCAACCCTACTT,1034
26C,10,pos,10,CTAACCGTCACAGTAACCGCAGCTACCCTGCTG,29
26C,10,pos,10,CTAACCGTCACTGTTACTGCTGCGACCCTACTA,8
26C,10,pos,10,CTCACCGTCACTGTCACTGCAGCAACCCTACTT,6
26C,10,pos,10,CTAACCGTCACTGTTACTGCTGCGACCCTACTT,5
26C,10,pos,10,CTCACCGTCACTGTCACTGCTGCAACCCTACTT,4
26C,10,pos,10,CTAACCGTCACTGTCACTGCTGCAACCCTACTT,1
26C,10,pos,10,CTAACCGTTACTGTCACTGCAGCGACCCTACTT,1
26C,10,pos,10,CTCACCGTCACTGTCACTGCAGCGACCCTACTT,1
26C,10,pos,10,CTAACCGTCACTGTCACTGCTGCGACCCTACTA,1
26C,10,pos,10,CTAACCGTCACTGTTACTGCAGCGACCCTACTA,1
26C,10,pos,10,CTAACCGTCACTGTCACTGCAGCGACCCTACTT,1
26C,10,pos,10,CTCACCGTTACTGTCACTGCTGCAACCCTACTT,1
26C,10,pos,10,CTTACCGTTACTGTCACTGCAGCAACCCTACTT,1
26C,10,pos,10,CTAACCGTCACAGTAACCGCAGCCACCCTGCTG,1
26C,10,pos,10,CTAACCGTTACTGTCACTGCTGCAACCCTACTT,1
26C,10,pos,11,CTCACCGTTACTGTCACTGCAGCAACCCTACTT,1219
26C,10,pos,11,CTAACCGTCACAGTAACCGCAGCTACCCTGCTG,20
26C,10,pos,11,CTAACCGTCACTGTTACCGCAGCTACCCTACTA,8
26C,10,pos,11,CTAACCGTCACTGTAACCGCAGCTACCCTACTA,7
26C,10,pos,11,CTAACCGTCACTGTAACCGCAGCTACCCTACTG,5
26C,10,pos,11,CTAACCGTCACTGTTACTGCAGCGACCCTACTA,3
26C,10,pos,11,CTAACCGTCACTGTAACCGCAGCTACCCTGCTG,3
26C,10,pos,11,CTAACCGTCACTGTTACTGCTGCGACCCTACTA,3
26C,10,pos,11,CTAACCGTCACTGTCACTGCAGCTACCCTACTT,2
26C,10,pos,11,CTAACCGTCACTGTTACCGCTGCTACCCTACTA,2
26C,10,pos,11,CTAACCGTCACTGTTACTGCTGCTACCCTACTT,2
26C,10,pos,11,CTAACCGTCACTGTTACCGCTGCGACCCTACTA,1
26C,10,pos,11,CTAACCGTCACTGTAACCGCAGCTACCCTACTT,1
26C,10,pos,11,CTCACCGTTACCGTCACTGCAGCAACCCTACTT,1
26C,10,pos,11,CTAACCGTCACTGTAACTGCAGCTACCCTACTA,1
26C,10,pos,11,CTAACCGTCACTGTTACTGCAGCTACCCTACTA,1
26C,10,pos,12,CTCACCGTTACTGTCACTGCAGCAACCCTACTT,796
26C,10,pos,12,CTAACCGTCACAGTAACCGCAGCTACCCTGCTG,27
26C,10,pos,12,CTAACCGTTACTGTTACTGCAGCAACCCTACTT,11
26C,10,pos,12,CTAACCGTTACTGTTACTGCTGCAACCCTACTT,2
26C,10,pos,12,CTGACAGTTACCGTTACAGCAGCCACGCTTCTG,2
26C,10,pos,12,CTAACCGTCACTGTTACTGCTGCGACCCTACTT,1
26C,10,pos,12,CTAACCGTCACAGTAACCGCAGCTACCCTACTG,1
26C,10,pos,12,CTAACCGTTACTGTTACTGCAGCTACCCTACTT,1
26C,10,pos,12,CTAACCGTCACTGTTACTGCTGCAACCCTACTT,1
26C,10,pos,12,CTAACCGTTACTGTAACTGCAGCAACCCTACTT,1
26C,10,pos,12,CTCACCGTTACGGTCACTGCAGCAACCCTACTT,1
26C,10,pos,12,CTAACCGTCACAGTAACCGCGGCTACCCTGCTG,1
26C,10,pos,12,CTAACCGTCACTGTTACTGCAGCAACCCTACTT,1
26C,10,pos,12,CTCACCGTTACTGTCACCGCAGCAACCCTACTT,1
26C,10,pos,12,CTAACCGTCACTGTTACTGCTGCGACCCTACTA,1
26C,10,pos,13,CTCACCGTTACTGTCACTGCAGCAACCCTACTT,1561
26C,10,pos,13,CTAACCGTTACTGTTACTGCTGCGACCCTACTT,19
26C,10,pos,13,CTAACCGTCACAGTAACCGCAGCTACCCTGCTG,18
26C,10,pos,13,CTTACCGTTACTGTTACTGCTGCGACCCTACTT,7
26C,10,pos,13,CTGACCGTTACAGTTACCGCAGCAACTCTGCTT,4
26C,10,pos,13,CTAACCGTTACTGTTACTGCTGCAACCCTACTT,4
26C,10,pos,13,CTAACCGTCACTGTTACTGCTGCGACCCTACTT,3
26C,10,pos,13,CTAACCGTCACTGTTACTGCTGCGACCCTACTA,3
26C,10,pos,13,CTTACCGTTACTGTTACTGCTGCAACCCTACTT,2
26C,10,pos,13,CTCACCGTTACTGTCACTGCAGCAACCCTACTC,1
26C,10,pos,13,CTAACCGTTACAGTAACCGCAGCTACCCTGCTT,1
26C,10,pos,13,CTTACCGTTACTGTTACCGCTGCAACCCTACTT,1
26C,10,pos,13,CTTACCGTTACTGTTACCGCTGCTACCCTACTT,1
26C,10,pos,13,CTCACCGTTACTGTCACTGCTGCAACCCTACTT,1
26C,10,pos,14,CTCACCGTTACTGTCACTGCAGCAACCCTACTT,1337
26C,10,pos,14,CTAACCGTCACAGTAACCGCAGCTACCCTGCTG,35
26C,10,pos,14,CTAACCGTCACTGTTACTGCTGCGACCCTACTA,6
26C,10,pos,14,CTAACCGTCACTGTTACTGCTGCGACCCTACTT,5
26C,10,pos,14,CTAACCGTCACTGTTACTGCTGCAACCCTACTT,4
26C,10,pos,14,CTCACCGTCACTGTCACTGCAGCAACCCTACTT,2
26C,10,pos,14,CTCACCGTTACTGTTACTGCAGCAACCCTACTT,2
26C,10,pos,14,CTAACCGTCACTGTTACTGCTGCAACCCTACTA,1
26C,10,pos,14,CTTACCGTTACTGTTACTGCTGCGACCCTACTT,1
26C,10,pos,14,CTTACTGTCACCGTTACCGCAGCAACACTACTT,1
26C,10,pos,14,CTGACGGTAACAGTGACAGCAGCAACCCTACTT,1
26C,10,pos,14,CTAACCGTCACTGTCACTGCAGCAACCCTACTT,1
26C,10,pos,14,CTTACAGTTACCGTGACCGCTGCTACGCTACTT,1
26C,10,pos,14,CTTACCGTTACTGTTACTGCTGCAACCCTACTT,1
26C,10,pos,14,CTAACCGTTACTGTCACTGCAGCAACCCTACTT,1
26C,10,pos,14,CTTACCGTTACAGTAACCGCAGCTACCCTGCTT,1
26C,10,pos,14,CTCACCGTCACTGTTACTGCTGCAACCCTACTT,1
26C,10,pos,14,CTAACCGTCACTGTCACCGCAGCAACCCTACTT,1
26C,10,pos,14,CTTACCGTTACTGTGACTGCGGCGACACTCCTT,1
26C,10,pos,14,CTTACGGTGACGGTCACAGCTGCTACCCTTCTC,1
26C,10,pos,14,CTGACAGTTACTGTCACTGCTGCTACCCTCCTA,1
26C,10,pos,14,CTCACCGTCACTGTTACTGCAGCAACCCTACTT,1
26C,10,pos,14,CTCACCGTTACTGTTACTGCTGCAACCCTACTT,1
26C,10,pos,14,CTGACCGTCACTGTAACTGCCGCTACTCTCCTT,1
26C,10,pos,15,CTCACCGTTACTGTCACTGCAGCAACCCTACTT,1260
26C,10,pos,15,CTAACCGTCACAGTAACCGCAGCTACCCTGCTG,17
26C,10,pos,15,CTAACCGTCACTGTTACTGCTGCAACCCTACTA,9
26C,10,pos,15,CTTACCGTTACTGTTACTGCTGCAACCCTACTT,3
26C,10,pos,15,CTCACCGTTACTGTTACTGCAGCAACCCTACTT,3
26C,10,pos,15,CTAACCGTCACTGTTACTGCAGCAACCCTACTT,2
26C,10,pos,15,CTAACCGTTACTGTTACTGCAGCAACCCTACTT,2
26C,10,pos,15,CTAACCGTCACTGTTACTGCTGCGACCCTACTA,2
26C,10,pos,15,CTAACCGTCACTGTTACTGCTGCAACCCTACTT,2
26C,10,pos,15,CTAACCGTCACTGTTACTGCAGCAACCCTACTA,2
26C,10,pos,15,CTCACCGTTACTGTTACTGCTGCAACCCTACTT,1
26C,10,pos,15,CTAACCGTTACTGTTACTGCTGCAACCCTACTA,1
26C,10,pos,15,CTAACCGTTACTGTTACTGCAGCAACCCTACTA,1
26C,10,pos,15,CTCACCGTTACTGTCACTGCAGCAACCCTACTC,1
26C,10,pos,15,CTGACAGTTACCGTTACAGCAGCCACGCTTCTG,1
26C,10,pos,15,CTAACCGTTACTGTTACTGCTGCAACCCTACTT,1
26C,10,pos,15,CTCACCGTCACTGTTACTGCAGCAACCCTACTA,1
26C,10,pos,15,CTGACCGTTACAGTTACCGCAGCAACTCTGCTT,1
26C,10,pos,15,CTAACCGTTACAGTAACCGCAGCTACCCTGCTT,1
26C,10,pos,15,CTTACGGTTACTGTTACAGCTGCGACTCTGCTG,1
26C,10,pos,16,CTCACCGTTACTGTCACTGCAGCAACCCTACTT,1048
26C,10,pos,16,CTAACCGTCACAGTAACCGCAGCTACCCTGCTG,25
26C,10,pos,16,CTAACCGTTACTGTTACTGCAGCAACCCTACTT,10
26C,10,pos,16,CTAACCGTTACTGTTACTGCTGCAACCCTACTA,8
26C,10,pos,16,CTAACCGTTACTGTTACTGCAGCAACCCTACTA,6
26C,10,pos,16,CTAACCGTCACTGTTACTGCTGCGACCCTACTA,4
26C,10,pos,16,CTAACCGTCACTGTTACTGCAGCAACCCTACTA,4
26C,10,pos,16,CTAACCGTCACTGTTACTGCTGCAACCCTACTA,4
26C,10,pos,16,CTAACCGTCACTGTTACTGCAGCAACCCTACTT,1
26C,10,pos,16,CTGACAGTTACCGTTACAGCAGCCACGCTTCTG,1
26C,10,pos,16,CTAACCGTTACAGTAACCGCAGCTACCCTGCTG,1
26C,10,pos,16,CTAACTGTCACAGTAACCGCAGCTACCCTGCTG,1
26C,10,pos,16,CTAACCGTTACTGTTACTGCAGCAACCCTACTC,1
26C,10,pos,16,CTTACGGTTACTGTTACAGCTGCGACTCTGCTG,1
26C,10,pos,16,CTAACCGTTACTGTTACTGCTGCAACCCTACTT,1
26C,10,pos,16,CTGACTGTTACGGTTACAGCAGCAACCCTACTC,1
26C,10,pos,18,CTCACCGTTACTGTCACTGCAGCAACCCTACTT,555
26C,10,pos,18,CTAACCGTCACAGTAACCGCAGCTACCCTGCTG,28
26C,10,pos,18,CTCACCGTCACTGTCACTGCTGCAACCCTACTT,1
26C,10,pos,18,CTCACCGTCACAGTAACCGCAGCTACCCTGCTT,1
26C,10,pos,18,CTGACCGTAACGGTCACCGCGGCAACTCTACTG,1
26C,10,pos,18,CTAACCGTCACTGTTACTGCTGCGACCCTACTT,1
26C,10,pos,18,CTAACCGTCACAGTAACCGCAGCTACCCTGCTT,1
26C,10,pos,18,CTAACCGTCACTGTTACTGCTGCGACCCTACTA,1
26C,10,neg,1,CTAACCGTCACAGTAACCGCAGCTACCCTGCTG,29
26C,10,neg,1,CTCACCGTTACTGTCACTGCAGCAACCCTACTT,4
26C,10,neg,2,CTAACCGTCACAGTAACCGCAGCTACCCTGCTG,28
26C,10,neg,2,CTAACCGTCACAGTAACCGCAGCTACCCTGCTA,1
26C,10,neg,3,CTAACCGTCACAGTAACCGCAGCTACCCTGCTG,33
26C,10,neg,3,CTGACGGTAACAGTGACAGCAGCAACCCTACTT,4
26C,10,neg,3,CTCACCGTTACTGTCACTGCAGCAACCCTACTT,2
26C,11,pos,1,CTCACGGTAACCGTGACAGCAGCAACTCTCCTA,2005
26C,11,pos,1,CTAACCGTCACAGTAACCGCAGCTACCCTGCTG,17
26C,11,pos,1,CTAACCGTCACTGTTACTGCTGCGACCCTACTA,11
26C,11,pos,1,CTCACCGTCACTGTTACTGCTGCGACCCTACTA,4
26C,11,pos,1,CTCACCGTCACTGTTACTGCAGCAACCCTACTA,3
26C,11,pos,1,CTCACGGTAACCGTTACAGCAGCAACTCTCCTA,2
26C,11,pos,1,CTAACCGTCACAGTAACCGCAGCTACCCTGCTT,2
26C,11,pos,1,CTCACCGTCACTGTCACTGCAGCAACCCTACTT,1
26C,11,pos,1,CTGACAGTTACCGTTACAGCAGCCACGCTTCTG,1
26C,11,pos,1,CTTACTGTCACCGTTACCGCAGCAACACTACTT,1
26C,11,pos,1,CTCACGGTAACCGTCACAGCAGCAACTCTCCTA,1
26C,11,pos,1,CTCACCGTCACTGTGACTGCAGCAACCCTACTA,1
26C,11,pos,1,CTCACCGTCACAGTAACCGCAGCTACCCTGCTT,1
26C,11,pos,1,CTCACCGTTACCGTTACAGCAGCCACTCTACTC,1
26C,11,pos,1,CTAACCGTCACTGTTACTGCAGCGACCCTACTA,1
26C,11,pos,1,CTGACTGTTACTGTCACGGCTGCCACTCTCCTT,1
26C,11,pos,1,CTCACCGTCACTGTAACCGCAGCAACCCTACTA,1
26C,11,pos,2,CTCACGGTAACCGTGACAGCAGCAACTCTCCTA,1619
26C,11,pos,2,CTAACCGTCACAGTAACCGCAGCTACCCTGCTG,25
26C,11,pos,2,CTAACCGTCACTGTTACTGCTGCAACCCTACTA,11
26C,11,pos,2,CTCACGGTAACCGTTACAGCAGCAACTCTCCTA,2
26C,11,pos,2,CTAACCGTTACTGTTACTGCAGCAACCCTACTT,2
26C,11,pos,2,CTCACCGTCACTGTTACTGCAGCAACCCTACTA,2
26C,11,pos,2,CTCACGGTAACCGTCACAGCAGCAACTCTCCTA,1
26C,11,pos,2,CTAACCGTCACTGTTACTGCAGCAACCCTACTA,1
26C,11,pos,2,CTAACCGTCACTGTTACTGCTGCAACCCTACTT,1
26C,11,pos,2,CTAACTGTAACCGTCACTGCGGCAACTCTGCTC,1
26C,11,pos,2,CTCACGGTAACCGTGACAGCAGCAACCCTCCTA,1
26C,11,pos,2,CTCACTGTAACCGTGACAGCAGCAACTCTCCTA,1
26C,11,pos,2,CTGACTGTTACGGTTACAGCAGCAACCCTACTC,1
26C,11,pos,2,CTTACCGTTACTGTTACTGCTGCAACCCTACTA,1
26C,11,pos,2,CTGACAGTTACTGTCACTGCTGCTACCCTCCTA,1
26C,11,pos,2,CTCACGGTAACCGTGACAGCAGCAACTCTCCTT,1
26C,11,pos,2,CTAACCGTTACTGTTACTGCAGCAACCCTACTA,1
26C,11,pos,2,CTCACCGTTACTGTTACTGCAGCAACCCTACTT,1
26C,11,pos,2,CTTACAGTTACCGTTACAGCAGCCACACTCCTG,1
26C,11,pos,2,CTAACCGTTACTGTTACTGCTGCAACCCTACTT,1
26C,11,pos,4,CTCACGGTAACCGTGACAGCAGCAACTCTCCTA,7373
26C,11,pos,4,CTAACCGTCACAGTAACCGCAGCTACCCTGCTG,35
26C,11,pos,4,CTAACCGTCACTGTTACTGCTGCGACCCTACTA,8
26C,11,pos,4,CTAACCGTCACTGTTACTGCAGCGACCCTACTA,5
26C,11,pos,4,CTAACCGTCACTGTTACTGCAGCAACCCTACTA,4
26C,11,pos,4,CTCACGGTAACCGTCACAGCAGCAACTCTCCTA,2
26C,11,pos,4,CTAACCGTCACAGTTACTGCAGCGACCCTACTA,2
26C,11,pos,4,CTCACGGTAACCGTTACAGCAGCAACTCTCCTA,2
26C,11,pos,4,CTCACTGTAACCGTGACAGCAGCAACTCTCCTA,1
26C,11,pos,4,CTCACTGTCACTGTCACCGCCGCCACTCTTCTT,1
26C,11,pos,4,CTCACCGTAACCGTGACAGCAGCAACTCTCCTA,1
26C,11,pos,4,CTAACCGTCACAGTAACCGCAGCTACCCTGCTA,1
26C,11,pos,4,CTGACGGTAACCGTGACAGCAGCAACTCTCCTT,1
26C,11,pos,4,CTAACGGTAACCGTGACAGCAGCAACCCTCCTA,1
26C,11,pos,4,CTAACCGTCACAGTTACTGCAGCAACCCTACTA,1
26C,11,pos,4,CTCACGGTAACAGTAACAGCAGCAACCCTCCTG,1
26C,11,pos,4,CTCACGGTTACCGTGACAGCAGCAACTCTCCTA,1
26C,11,pos,4,CTAACCGTCACAGTAACCGCAGCTACCCTGCTT,1
26C,11,pos,4,CTAACGGTAACAGTAACAGCAGCAACCCTCCTT,1
26C,11,pos,4,CTAACCGTAACTGTGACTGCAGCAACCCTACTA,1
26C,11,pos,4,CTAACGGTAACCGTGACAGCAGCAACCCTACTA,1
26C,11,pos,5,CTCACCGTTACCGTTACAGCAGCCACTCTACTC,6604
26C,11,pos,5,CTAACCGTCACAGTAACCGCAGCTACCCTGCTG,46
26C,11,pos,5,CTAACCGTCACTGTTACTGCTGCGACCCTACTA,23
26C,11,pos,5,CTAACCGTCACTGTTACTGCAGCGACCCTACTA,4
26C,11,pos,5,CTCACCGTCACCGTTACAGCAGCCACTCTACTC,2
26C,11,pos,5,CTCACGGTAACCGTGACAGCAGCAACTCTCCTA,2
26C,11,pos,5,CTCACCGTTACCGTTACAGCAGCCACCCTACTC,2
26C,11,pos,5,CTAACCGTCACTGTTACTGCTGCGACCCTACTT,2
26C,11,pos,5,CTAACCGTCACAGTAACCGCAGCTACCCTGCTT,2
26C,11,pos,5,CTAACCGTCACCGTTACTGCAGCCACCCTACTC,1
26C,11,pos,5,CTCACCGTCACTGTTACAGCAGCGACCCTACTA,1
26C,11,pos,5,CTAACCGTCACAGTAACAGCAGCTACCCTACTG,1
26C,11,pos,5,CTCACCGTCACAGTTACAGCAGCTACCCTACTC,1
26C,11,pos,5,CTCACCGTTACTGTTACAGCAGCCACTCTACTC,1
26C,11,pos,5,CTCACCGTTACCGTTACTGCAGCCACCCTACTC,1
26C,11,pos,5,CTCACCGTTACTGTTACTGCAGCCACCCTACTC,1
26C,11,pos,5,CTAACCGTCACTGTTACTGCAGCGACCCTACTT,1
26C,11,pos,5,CTCACCGTCACTGTTACTGCAGCCACCCTACTC,1
26C,11,pos,5,CTCACCGTCACCGTTACTGCAGCCACCCTACTC,1
26C,11,pos,5,CTAACCGTCACAGTTACAGCAGCTACCCTACTG,1
26C,11,pos,5,CTGACCGTCACTGTCACTGCCGCCACGCTTCTA,1
26C,11,pos,5,CTCACCGTTACCGTCACAGCAGCCACTCTACTC,1
26C,11,pos,6,CTCACGGTAACCGTGACAGCAGCAACTCTCCTA,8698
26C,11,pos,6,CTAACCGTCACTGTTACTGCTGCGACCCTACTA,95
26C,11,pos,6,CTCACCGTTACCGTTACAGCAGCCACTCTACTC,88
26C,11,pos,6,CTAACCGTCACAGTAACCGCAGCTACCCTGCTG,69
26C,11,pos,6,CTAACCGTCACTGTTACTGCAGCAACCCTACTA,6
26C,11,pos,6,CTAACCGTCACAGTAACCGCAGCTACCCTGCTT,5
26C,11,pos,6,CTCACCGTTACTGTCACTGCAGCAACCCTACTT,5
26C,11,pos,6,CTCACGGTAACCGTGACAGCAGCAACCCTCCTA,3
26C,11,pos,6,CTCACCGTAACTGTGACTGCAGCAACCCTACTA,3
26C,11,pos,6,CTAACCGTCACAGTAACTGCAGCTACCCTGCTT,2
26C,11,pos,6,CTTACGGTAACCGTGACAGCAGCAACTCTCCTA,2
26C,11,pos,6,CTAACCGTCACTGTTACTGCTGCGACCCTACTT,2
26C,11,pos,6,CTCACGGTAACCGTGACTGCAGCAACCCTCCTA,2
26C,11,pos,6,CTCACCGTCACTGTTACTGCAGCAACCCTACTA,2
26C,11,pos,6,CTAACCGTCACTGTTACTGCAGCGACCCTACTA,2
26C,11,pos,6,CTTACCGTTACTGTGACTGCGGCGACACTCCTT,2
26C,11,pos,6,CTCACGGTAACCGTTACAGCAGCAACTCTCCTA,2
26C,11,pos,6,CTGACAGTTACCGTTACAGCAGCCACGCTTCTG,1
26C,11,pos,6,CTCACGGTAACCGTCACAGCAGCAACTCTCCTA,1
26C,11,pos,6,CTCACGGTAACCGTGACTGCAGCAACTCTCCTA,1
26C,11,pos,6,CTCACCGTAACCGTTACAGCAGCAACTCTACTA,1
26C,11,pos,6,CTGACGGTAACAGTGACAGCAGCAACCCTACTT,1
26C,11,pos,6,CTAACCGTCACTGTTACTGCAGCAACCCTACTT,1
26C,11,pos,6,CTCACGGTAACCGTGACAGCAGCTACCCTACTT,1
26C,11,pos,6,CTCACCGTCACCGTTACTGCAGCGACCCTACTA,1
26C,11,pos,6,CTCACCGTCACAGTAACCGCAGCTACCCTGCTG,1
26C,11,pos,6,CTAACCGTCACTGTTACTGCTGCGACCCTCCTA,1
26C,11,pos,6,CTAACGGTCACTGTTACTGCAGCAACCCTACTA,1
26C,11,pos,6,CTCACGGTAACAGTGACAGCAGCTACCCTCCTG,1
26C,11,pos,6,CTCACCGTAACTGTTACTGCAGCAACCCTACTA,1
26C,11,pos,6,CTAACGGTAACTGTGACAGCAGCAACCCTACTA,1
26C,11,pos,6,CTGACCGTCACAGTAACTGCAGCTACCCTGCTT,1
26C,11,pos,6,CTCACTGTAACAGTAACTGCAGCTACACTCCTT,1
26C,11,pos,6,CTCACCGTCACCGTTACAGCAGCTACTCTACTG,1
26C,11,pos,6,CTCACCGTCACTGTTACTGCAGCAACCCTACTT,1
26C,11,pos,6,CTCACCGTTACCGTTACAGCAGCAACTCTACTC,1
26C,11,pos,6,CTAACCGTCACTGTTACTGCTGCGACCCTTCTA,1
26C,11,pos,6,CTAACCGTCACTGTTACTGCTGCAACCCTCCTA,1
26C,11,pos,6,CTCACGGTCACTGTTACTGCTGCAACCCTACTA,1
26C,11,pos,6,CTCACGGTAACCGTGACGGCAGCAACTCTCCTA,1
26C,11,pos,6,CTAACCGTAACTGTTACTGCAGCGACCCTACTA,1
26C,11,pos,6,CTCACTGTAACCGTGACAGCAGCAACTCTCCTA,1
26C,11,pos,6,CTAACCGTAACTGTTACTGCAGCAACCCTACTT,1
26C,11,pos,6,CTGACTGTTACTGTCACTGCTGCCACTCTCCTT,1
26C,11,pos,6,CTAACCGTAACAGTAACCGCAGCTACCCTGCTG,1
26C,11,pos,6,CTCACCGTTACCGTTACAGCAGCCACTCTACTT,1
26C,11,pos,6,CTCACGGTAACTGTGACTGCAGCAACCCTACTA,1
26C,11,pos,6,CTCACGGTCACCGTGACAGCAGCAACTCTCCTA,1
26C,11,pos,6,CTGACTGTTACGGTTACAGCAGCAACCCTACTC,1
26C,11,pos,6,CTAACCGTCACGGTAACTGCAGCAACCCTCCTT,1
26C,11,pos,6,CTAACCGTCACAGTAACTGCAGCTACCCTGCTG,1
26C,11,pos,6,CTCACGGTAACCGTAACAGCAGCAACTCTCCTA,1
26C,11,pos,7,CTCACGGTAACCGTGACAGCAGCAACTCTCCTA,8105
26C,11,pos,7,CTAACCGTCACAGTAACCGCAGCTACCCTGCTG,50
26C,11,pos,7,CTAACCGTCACTGTTACTGCTGCGACCCTACTA,19
26C,11,pos,7,CTCACCGTCACTGTTACTGCAGCAACCCTACTA,7
26C,11,pos,7,CTAACCGTCACTGTTACTGCAGCGACCCTACTA,5
26C,11,pos,7,CTAACCGTCACTGTTACTGCAGCGACCCTACTT,3
26C,11,pos,7,CTCACCGTCACAGTAACCGCAGCTACCCTGCTG,3
26C,11,pos,7,CTCACGGTAACCGTCACAGCAGCAACTCTCCTA,2
26C,11,pos,7,CTCACCGTTACCGTTACAGCAGCCACTCTACTC,2
26C,11,pos,7,CTCACCGTTACTGTCACTGCAGCAACCCTACTT,2
26C,11,pos,7,CTCACGGTAACCGTGACAGCAGCAACTCTCCTT,2
26C,11,pos,7,CTCACCGTCACTGTTACTGCTGCGACCCTACTA,2
26C,11,pos,7,CTCACGGTAACCGTTACAGCAGCAACTCTCCTA,1
26C,11,pos,7,CTAACCGTCACAGTAACTGCAGCTACCCTACTT,1
26C,11,pos,7,CTCACCGTAACAGTAACAGCAGCAACCCTGCTT,1
26C,11,pos,7,CTCACGGTGACCGTGACAGCAGCAACTCTCCTA,1
26C,11,pos,7,CTCACCGTCACCGTTACTGCAGCAACCCTACTA,1
26C,11,pos,7,CTCACGGTAACCGTGACAGCAGCAACCCTACTA,1
26C,11,pos,7,CTCACGGTAACAGTGACAGCAGCAACCCTCCTA,1
26C,11,pos,7,CTAACCGTAACAGTAACAGCAGCTACCCTGCTG,1
26C,11,pos,7,CTCACCGTAACTGTGACTGCAGCAACCCTACTA,1
26C,11,pos,7,CTAACCGTCACAGTAACTGCAGCTACCCTGCTG,1
26C,11,pos,7,CTCACTGTAACCGTGACAGCAGCAACTCTCCTA,1
26C,11,pos,7,CTCACGGTAACCGTGACAGCAGCTACTCTCCTA,1
26C,11,pos,7,CTCACCGTAACAGTAACAGCAGCTACCCTCCTA,1
26C,11,pos,7,CTAACCGTCACTGTTACTGCAGCAACCCTACTT,1
26C,11,pos,7,CTGACAGTTACCGTTACAGCAGCCACGCTTCTG,1
26C,11,pos,7,CTAACCGTCACAGTAACTGCAGCTACCCTGCTT,1
26C,11,pos,7,CTAACCGTCACAGTTACTGCAGCTACCCTACTT,1
26C,11,pos,7,CTCACGGTAACCGTGACAGCAGCAACTCTCCTG,1
26C,11,pos,7,CTCACGGTAACCGTGACAGCAGCAACCCTCCTA,1
26C,11,pos,7,CTCACGGTAACGGTAACGGCGGCAACCCTCCTT,1
26C,11,pos,7,CTAACCGTCACTGTTACTGCAGCGACCCTCCTA,1
26C,11,pos,8,CTCACCGTTACCGTTACAGCAGCCACTCTACTC,28255
26C,11,pos,8,CTAACCGTCACTGTTACTGCTGCGACCCTACTA,37
26C,11,pos,8,CTAACCGTCACAGTAACCGCAGCTACCCTGCTG,35
26C,11,pos,8,CTAACCGTCACTGTTACTGCAGCGACCCTACTA,7
26C,11,pos,8,CTCACCGTCACTGTTACTGCAGCGACCCTACTA,6
26C,11,pos,8,CTCACCGTTACCGTTACAGCAGCCACTCTACTT,6
26C,11,pos,8,CTAACCGTCACTGTTACTGCAGCGACCCTACTT,5
26C,11,pos,8,CTAACCGTCACTGTTACTGCTGCGACCCTACTT,4
26C,11,pos,8,CTCACCGTCACCGTTACAGCAGCCACTCTACTC,3
26C,11,pos,8,CTCACCGTTACCGTTACAGCAGCCACCCTACTC,3
26C,11,pos,8,CTCACCGTTACCGTTACAGCAGCCACTCTCCTC,2
26C,11,pos,8,CTCACCGTCACCGTTACTGCAGCCACCCTACTC,2
26C,11,pos,8,CTCACCGTTACTGTTACAGCAGCCACTCTACTC,2
26C,11,pos,8,CTCACCGTTACAGTTACAGCAGCTACCCTACTC,2
26C,11,pos,8,CTCACCGTTACCGTTACTGCAGCCACCCTACTC,2
26C,11,pos,8,CTCACCGTTACTGTCACTGCAGCAACCCTACTT,2
26C,11,pos,8,CTCACCGTCACCGTTACTGCAGCCACCCTACTA,1
26C,11,pos,8,CTCACCGTCACAGTTACAGCAGCTACCCTACTT,1
26C,11,pos,8,CTAACCGTAACCGTTACTGCAGCCACCCTACTT,1
26C,11,pos,8,CTCACCGTCACAGTTACAGCAGCTACCCTACTG,1
26C,11,pos,8,CTCACCGTCACTGTTACTGCTGCGACCCTACTA,1
26C,11,pos,8,CTCACCGTTACCGTTACGGCAGCCACTCTACTC,1
26C,11,pos,8,CTCACCGTTACCGTTACAGCAGCCACGCTACTC,1
26C,11,pos,8,CTCACCGTCACCGTTACTGCAGCCACTCTACTT,1
26C,11,pos,8,CTCACCGTCACAGTAACAGCAGCTACCCTACTG,1
26C,11,pos,8,CTCACCGTCACCGTTACAGCAGCCACTCTACTA,1
26C,11,pos,8,CTAACCGTCACAGTAACCGCAGCTACCCTGCTT,1
26C,11,pos,8,CTTACTGTCACGGTTACTGCAGCTACACTCCTT,1
26C,11,pos,8,CTCACCGTTACCGTTACAGCAGCCACACTACTC,1
26C,11,pos,8,CTGACCGTAACAGTAACTGCAGCTACCCTACTT,1
26C,11,pos,8,CTGACGGTAACAGTGACAGCAGCAACCCTACTT,1
26C,11,pos,8,CTCACCGTCACCGTTACTGCAGCCACCCTACTT,1
26C,11,pos,8,CTCACCGTTACCGTTACTGCAGCCACCCTACTT,1
26C,11,pos,8,CTCACCGTTACAGTAACAGCAGCTACCCTACTG,1
26C,11,pos,8,CTCACCGTTACCGTTACAGCAGCAACCCTACTT,1
26C,11,pos,8,CTCACTGTTACCGTTACAGCAGCCACTCTACTT,1
26C,11,pos,8,CTAACCGTCACAGTAACAGCAGCTACCCTACTG,1
26C,11,pos,8,CTCACCGTTACAGTAACAGCAGCTACCCTACTT,1
26C,11,pos,9,CTCACGGTAACCGTGACAGCAGCAACTCTCCTA,17692
26C,11,pos,9,CTAACCGTCACAGTAACCGCAGCTACCCTGCTG,40
26C,11,pos,9,CTAACCGTCACTGTTACTGCTGCGACCCTACTA,29
26C,11,pos,9,CTCACCGTCACTGTTACTGCAGCAACCCTACTA,9
26C,11,pos,9,CTCACCGTAACTGTTACTGCAGCAACCCTACTA,7
26C,11,pos,9,CTCACGGTAACCGTTACAGCAGCAACTCTCCTA,7
26C,11,pos,9,CTAACCGTCACAGTAACCGCAGCTACCCTGCTT,4
26C,11,pos,9,CTAACCGTCACTGTTACTGCTGCGACCCTACTT,4
26C,11,pos,9,CTCACGGTAACTGTGACAGCAGCAACTCTCCTA,4
26C,11,pos,9,CTCACCGTAACCGTGACAGCAGCAACTCTCCTA,4
26C,11,pos,9,CTCACCGTCACAGTAACCGCAGCTACCCTGCTG,3
26C,11,pos,9,CTCACCGTCACTGTTACTGCAGCAACCCTACTT,3
26C,11,pos,9,CTCACGGTAACCGTGACAGCAGCAACTCTCCTG,3
26C,11,pos,9,CTCACCGTTACTGTCACTGCAGCAACCCTACTT,3
26C,11,pos,9,CTCACGGTAACCGTGACAGCAGCGACTCTCCTA,2
26C,11,pos,9,CTCACGGTAACCGTCACAGCAGCAACTCTCCTA,2
26C,11,pos,9,CTCACGGTAACAGTGACAGCAGCAACCCTCCTA,2
26C,11,pos,9,CTCACGGTAACCGTGACTGCAGCAACCCTCCTA,2
26C,11,pos,9,CTCACGGTAACCGTGACAGCAGCAACCCTCCTA,2
26C,11,pos,9,CTCACGGTGACCGTGACAGCAGCAACTCTCCTA,2
26C,11,pos,9,CTCACGGTAACCGTGACAGCAGCAACCCTACTA,2
26C,11,pos,9,CTAACCGTCACTGTTACTGCAGCAACCCTACTT,2
26C,11,pos,9,CTCACGGTAACCGTGACGGCAGCAACTCTCCTA,2
26C,11,pos,9,CTCACCGTAACTGTGACTGCAGCAACCCTACTA,2
26C,11,pos,9,CTCACGGTAACCGTGACTGCAGCAACTCTCCTA,2
26C,11,pos,9,CTAACCGTCACTGTTACTGCTGCGACCCTTCTA,1
26C,11,pos,9,CTCACCGTAACTGTTACTGCAGCAACCCTCCTA,1
26C,11,pos,9,CTCACGGTAACCGTAACGGCAGCAACCCTCCTT,1
26C,11,pos,9,CTAACCGTCACTGTTACTGCAGCAACCCTACTA,1
26C,11,pos,9,CTAACCGTCACTGTTACTGCTGCAACCCTACTA,1
26C,11,pos,9,CTCACCGTCACAGTAACTGCAGCTACCCTACTT,1
26C,11,pos,9,CTCACCGTCACTGTTACTGCTGCAACCCTACTA,1
26C,11,pos,9,CTCACTGTAACCGTGACAGCAGCAACTCTCCTA,1
26C,11,pos,9,CTCACGGTAACGGTAACTGCAGCAACCCTCCTT,1
26C,11,pos,9,CTCACCGTTACCGTTACAGCAGCCACTCTACTC,1
26C,11,pos,9,CTCACGGTAACCGTAACAGCAGCAACTCTCCTA,1
26C,11,pos,9,CTAACCGTCACAGTAACTGCAGCTACCCTGCTT,1
26C,11,pos,9,CTCACCGTAACAGTAACTGCAGCTACCCTACTT,1
26C,11,pos,9,CTGACTGTTACTGTCACAGCAGCAACTCTCCTT,1
26C,11,pos,9,CTCACGGTAACCGTGACAGCAGCAACCCTCCTT,1
26C,11,pos,9,CTCACCGTCACTGTTACTGCAGCGACCCTACTA,1
26C,11,pos,9,CTAACGGTAACCGTGACAGCAGCAACCCTCCTA,1
26C,11,pos,9,CTCACAGTAACCGTGACAGCAGCAACTCTCCTA,1
26C,11,pos,10,CTCACCGTTACCGTTACAGCAGCCACTCTACTC,26672
26C,11,pos,10,CTAACCGTCACTGTTACTGCTGCGACCCTACTA,52
26C,11,pos,10,CTAACCGTCACAGTAACCGCAGCTACCCTGCTG,49
26C,11,pos,10,CTAACCGTCACTGTTACTGCTGCGACCCTACTT,12
26C,11,pos,10,CTCACGGTAACCGTGACAGCAGCAACTCTCCTA,10
26C,11,pos,10,CTCACCGTTACCGTTACAGCAGCCACCCTACTC,10
26C,11,pos,10,CTCACCGTTACCGTTACAGCAGCCACTCTACTT,6
26C,11,pos,10,CTCACCGTTACTGTCACTGCAGCAACCCTACTT,4
26C,11,pos,10,CTAACCGTCACTGTTACTGCAGCGACCCTACTA,4
26C,11,pos,10,CTAACCGTCACAGTAACCGCAGCTACCCTACTG,3
26C,11,pos,10,CTCACCGTCACCGTTACAGCAGCCACTCTACTC,3
26C,11,pos,10,CTAACCGTCACTGTTACTGCAGCGACCCTACTT,3
26C,11,pos,10,CTCACCGTCACTGTTACTGCAGCGACCCTACTA,2
26C,11,pos,10,CTTACTGTCACGGTTACTGCTGCTACACTCCTT,2
26C,11,pos,10,CTCACCGTCACAGTAACCGCAGCTACCCTACTG,2
26C,11,pos,10,CTAACCGTCACAGTAACCGCAGCTACCCTGCTT,2
26C,11,pos,10,CTCACCGTCACCGTTACTGCAGCCACCCTACTC,2
26C,11,pos,10,CTAACCGTCACAGTTACAGCAGCTACCCTACTG,2
26C,11,pos,10,CTCACCGTTACCGTCACAGCAGCCACTCTACTC,1
26C,11,pos,10,CTCACCGTTACCGTTACAGCAGCCACCCTACTT,1
26C,11,pos,10,CTCACCGTTACTGTTACTGCAGCAACCCTACTA,1
26C,11,pos,10,CTGACTGTCACAGTTACTGCAGCTACCCTACTT,1
26C,11,pos,10,CTCACCGTTACCGTTACAGCAGCTACTCTACTC,1
26C,11,pos,10,CTCACCGTCACTGTTACTGCAGCCACCCTACTC,1
26C,11,pos,10,CTAACCGTCACTGTTACAGCAGCGACCCTACTA,1
26C,11,pos,10,CTAACCGTAACGGTAACTGCAGCAACCCTACTT,1
26C,11,pos,10,CTAACCGTCACAGTTACCGCAGCTACCCTACTG,1
26C,11,pos,10,CTCACCGTTACCGTTACAGCAGCCACTCTGCTC,1
26C,11,pos,10,CTGACTGTCACAGTTACTGCAGCTACACTACTT,1
26C,11,pos,10,CTCACCGTCACAGTAACTGCAGCTACCCTACTT,1
26C,11,pos,10,CTGACCGTCACAGTTACTGCAGCAACCCTACTT,1
26C,11,pos,10,CTCACCGTTACTGTTACAGCAGCCACTCTACTC,1
26C,11,pos,10,CTAACCGTCACTGTTACTGCTGCAACCCTACTT,1
26C,11,pos,10,CTAACCGTCACTGTTACTGCTGCTACCCTACTT,1
26C,11,pos,10,CTCACCGTTACCGTTACTGCAGCCACTCTACTC,1
26C,11,pos,10,CTTACCGTCACAGTTACTGCAGCTACCCTACTT,1
26C,11,pos,10,CTCACCGTTACTGTTACTGCAGCCACCCTACTC,1
26C,11,pos,10,CTCACCGTTACCGTTACTGCAGCCACCCTACTC,1
26C,11,pos,10,CTAACCGTCACTGTTACTGCTGCGACCCTACTC,1
26C,11,pos,10,CTCACCGTCACTGTTACTGCAGCGACCCTACTC,1
26C,11,pos,10,CTAACCGTCACAGTTACTGCAGCTACCCTACTA,1
26C,11,pos,10,CTGACGGTAACAGTGACAGCAGCAACCCTACTT,1
26C,11,pos,10,CTCACCGTCACCGTTACTGCAGCGACTCTACTC,1
26C,11,pos,10,CTCACTGTTACCGTTACAGCAGCCACTCTACTC,1
26C,11,pos,10,CTCACCGTCACCGTTACTGCAGCCACTCTACTC,1
26C,11,pos,10,CTCACCGTTACCGTTACAGCGGCCACTCTACTC,1
26C,11,pos,10,CTCACCGTCACCGTTACAGCAGCCACCCTACTC,1
26C,11,pos,10,CTCACCGTTACTGTTACTGCAGCAACCCTACTT,1
26C,11,pos,10,CTCACCGTTACAGTAACAGCAGCCACCCTACTC,1
26C,11,pos,11,CTCACGGTAACCGTGACAGCAGCAACTCTCCTA,6938
26C,11,pos,11,CTAACCGTCACAGTAACCGCAGCTACCCTGCTG,55
26C,11,pos,11,CTAACCGTCACTGTTACTGCTGCGACCCTACTA,19
26C,11,pos,11,CTCACGGTAACCGTGACAGCAGCAACCCTCCTA,5
26C,11,pos,11,CTAACCGTCACAGTAACCGCAGCTACCCTGCTT,4
26C,11,pos,11,CTCACGGTAACCGTGACAGCAGCAACCCTACTA,4
26C,11,pos,11,CTAACCGTCACTGTTACTGCAGCAACCCTACTA,4
26C,11,pos,11,CTAACCGTAACTGTTACTGCAGCAACCCTACTA,3
26C,11,pos,11,CTAACCGTCACTGTTACTGCAGCGACCCTACTA,3
26C,11,pos,11,CTAACCGTAACTGTGACTGCAGCAACCCTACTA,2
26C,11,pos,11,CTCACGGTAACAGTGACAGCAGCAACTCTCCTA,2
26C,11,pos,11,CTCACGGTAACCGTGACAGCAGCTACTCTCCTA,2
26C,11,pos,11,CTCACGGTAACCGTGACAGCAGCAACTCTCCTT,2
26C,11,pos,11,CTTACGGTAACCGTGACAGCAGCAACTCTCCTA,2
26C,11,pos,11,CTCACGGTAACTGTGACAGCAGCAACTCTCCTA,2
26C,11,pos,11,CTCACCGTAACCGTGACAGCAGCAACTCTCCTA,2
26C,11,pos,11,CTAACCGTAACAGTAACCGCAGCTACCCTGCTG,2
26C,11,pos,11,CTAACCGTAACAGTTACTGCAGCAACCCTACTA,1
26C,11,pos,11,CTAACCGTCACAGTTACTGCAGCGACCCTACTA,1
26C,11,pos,11,CTAACGGTAACAGTAACAGCAGCTACCCTGCTT,1
26C,11,pos,11,CTAACGGTAACTGTGACAGCAGCAACCCTACTA,1
26C,11,pos,11,CTAACCGTAACTGTTACTGCAGCGACCCTACTA,1
26C,11,pos,11,CTAACGGTAACAGTAACAGCAGCTACCCTGCTG,1
26C,11,pos,11,CTCACGGTAACAGTAACAGCAGCTACCCTCCTA,1
26C,11,pos,11,CTGACCGTAACAGTGACTGCAGCAACCCTACTT,1
26C,11,pos,11,CTGACAGTTACCGTTACAGCAGCCACGCTTCTG,1
26C,11,pos,11,CTCACGGTAACCGTGACCGCAGCAACTCTCCTA,1
26C,11,pos,11,CTCACGGTGACCGTTACAGCAGCAACTCTCCTA,1
26C,11,pos,11,CTCACGGTAACAGTGACAGCAGCAACCCTCCTA,1
26C,11,pos,11,CTCACGGTAACAGTGACAGCAGCAACCCTACTA,1
26C,11,pos,11,CTAACCGTAACAGTAACAGCAGCTACCCTGCTG,1
26C,11,pos,11,CTAACCGTCACAGTAACTGCAGCTACCCTGCTT,1
26C,11,pos,11,CTCACGGTAACCGTGACAGCAGCAACTCTACTA,1
26C,11,pos,11,CTGACCGTAACGGTCACCGCGGCAACTCTACTG,1
26C,11,pos,11,CTAACCGTAACCGTGACTGCAGCAACCCTACTA,1
26C,11,pos,11,CTAACCGTAACAGTGACTGCAGCAACCCTACTA,1
26C,11,pos,11,CTAACCGTCACAGTAACCGCAGCTACCCTGCTA,1
26C,11,pos,11,CTAACCGTCACTGTTACTGCTGCGACCCTACTT,1
26C,11,pos,11,CTAACGGTAACCGTGACTGCAGCAACCCTACTA,1
26C,11,pos,11,CTCACGGTAACAGTGACAGCAGCAACCCTCCTT,1
26C,11,pos,11,CTGACGGTAACAGTGACAGCAGCAACCCTACTT,1
26C,11,pos,11,CTGACGGTAACAGTGACTGCAGCAACCCTACTT,1
26C,11,pos,11,CTCACCGTAACTGTGACTGCAGCAACCCTACTA,1
26C,11,pos,12,CTCACGGTAACCGTGACAGCAGCAACTCTCCTA,19851
26C,11,pos,12,CTAACCGTCACAGTAACCGCAGCTACCCTGCTG,43
26C,11,pos,12,CTAACCGTCACTGTTACTGCTGCGACCCTACTA,16
26C,11,pos,12,CTAACCGTCACTGTTACTGCAGCGACCCTACTA,10
26C,11,pos,12,CTCACGGTAACCGTGACAGCAGCAACCCTCCTA,8
26C,11,pos,12,CTCACTGTAACCGTGACAGCAGCAACTCTCCTA,6
26C,11,pos,12,CTCACGGTAACCGTCACAGCAGCAACTCTCCTA,4
26C,11,pos,12,CTCACCGTTACTGTCACTGCAGCAACCCTACTT,4
26C,11,pos,12,CTCACGGTAACCGTTACAGCAGCAACTCTCCTA,3
26C,11,pos,12,CTAACCGTCACTGTTACTGCAGCAACCCTACTA,3
26C,11,pos,12,CTAACCGTAACTGTTACTGCAGCAACCCTACTA,3
26C,11,pos,12,CTCACGGTAACCGTGACAGCTGCAACTCTCCTA,3
26C,11,pos,12,CTCACGGTAACCGTGACTGCAGCAACCCTCCTA,2
26C,11,pos,12,CTCACGGTAACCGTGACAGCAGCAACTCTCCTT,2
26C,11,pos,12,CTAACGGTAACCGTGACTGCAGCAACCCTACTA,2
26C,11,pos,12,CTAACGGTAACCGTGACAGCAGCAACCCTACTA,2
26C,11,pos,12,CTCACGGTAACTGTGACAGCAGCAACTCTCCTA,1
26C,11,pos,12,CTCACCGTAACTGTCACTGCAGCAACCCTACTT,1
26C,11,pos,12,CTCACGGTTACCGTGACAGCAGCAACTCTCCTA,1
26C,11,pos,12,CTCACGGTAACAGTGACAGCAGCAACCCTCCTA,1
26C,11,pos,12,CTAACGGTAACGGTGACAGCAGCAACCCTCCTT,1
26C,11,pos,12,CTCACGGTGACCGTGACAGCAGCAACTCTCCTA,1
26C,11,pos,12,CTCACAGTAACCGTGACAGCAGCAACTCTCCTA,1
26C,11,pos,12,CTCACGGTAACCGTGACCGCAGCAACTCTCCTA,1
26C,11,pos,12,CTAACCGTAACCGTGACTGCAGCAACCCTACTA,1
26C,11,pos,12,CTAACCGTAACTGTGACTGCAGCAACCCTACTA,1
26C,11,pos,12,CTAACCGTCACTGTTACTGCAGCTACCCTACTT,1
26C,11,pos,12,CTCACAGTCACGGTAACAGCAGCAACCCTACTT,1
26C,11,pos,12,CTAACGGTAACTGTGACTGCAGCAACCCTACTA,1
26C,11,pos,12,CTCACGGTAACCGTGACAGCGGCAACTCTCCTA,1
26C,11,pos,12,CTCACGGTAACCGTGACAGCAGCAACCCTACTT,1
26C,11,pos,12,CTCACGGTAACTGTGACTGCAGCAACCCTACTA,1
26C,11,pos,12,CTAACCGTCACCGTGACTGCAGCAACCCTCCTA,1
26C,11,pos,12,CTAACCGTCACAGTTACTGCAGCAACCCTACTT,1
26C,11,pos,12,CTTACGGTAACCGTGACAGCAGCAACTCTCCTA,1
26C,11,pos,13,CTCACCGTTACCGTTACAGCAGCCACTCTACTC,13001
26C,11,pos,13,CTAACCGTCACTGTTACTGCTGCGACCCTACTA,92
26C,11,pos,13,CTAACCGTCACAGTAACCGCAGCTACCCTGCTG,36
26C,11,pos,13,CTCACCGTTACTGTCACTGCAGCAACCCTACTT,5
26C,11,pos,13,CTCACCGTTACCGTTACAGCAGCCACCCTACTC,5
26C,11,pos,13,CTAACCGTCACTGTTACTGCAGCGACCCTACTA,4
26C,11,pos,13,CTCACCGTTACCGTTACAGCAGCCACTCTACTT,3
26C,11,pos,13,CTCACGGTAACCGTGACAGCAGCAACTCTCCTA,2
26C,11,pos,13,CTCACCGTCACTGTTACTGCAGCGACCCTACTA,2
26C,11,pos,13,CTCACCGTTACCGTTACTGCAGCCACTCTACTC,2
26C,11,pos,13,CTCACCGTCACTGTTACTGCTGCGACCCTACTA,2
26C,11,pos,13,CTCACCGTTACCGTCACAGCAGCCACTCTACTC,2
26C,11,pos,13,CTCACCGTCACCGTTACTGCAGCCACCCTACTC,2
26C,11,pos,13,CTAACCGTCACTGTTACTGCAGCGACCCTACTT,1
26C,11,pos,13,CTCACCGTTACCGTTACTGCAGCCACTCTACTT,1
26C,11,pos,13,CTCACCGTTACCGTTACGGCAGCCACTCTACTC,1
26C,11,pos,13,CTCACCGTTACTGTTACAGCAGCCACTCTACTC,1
26C,11,pos,13,CTAACCGTCACTGTTACTGCTGCGACCCTACTT,1
26C,11,pos,13,CTGACCGTCACTGTCACTGCCGCCACGCTTCTA,1
26C,11,pos,13,CTCACTGTTACCGTTACAGCAGCCACTCTACTC,1
26C,11,pos,13,CTGACAGTTACCGTTACAGCAGCCACGCTTCTG,1
26C,11,pos,13,CTAACCGTCACTGTTACTGCTGCTACCCTACTT,1
26C,11,pos,13,CTCACCGTTACCGTTACAGCAGCCACTCTGCTC,1
26C,11,pos,13,CTCACCGTCACTGTTACTGCAGCCACCCTACTC,1
26C,11,pos,13,CTCACCGTCACAGTAACCGCAGCTACCCTGCTG,1
26C,11,pos,13,CTAACCGTCACCGTAACCGCAGCTACCCTGCTG,1
26C,11,pos,13,CTAACCGTCACAGTTACCGCAGCTACCCTACTG,1
26C,11,pos,13,CTCACCGTTACTGTTACTGCAGCCACCCTACTC,1
26C,11,pos,14,CTCACGGTAACCGTGACAGCAGCAACTCTCCTA,12320
26C,11,pos,14,CTAACCGTCACTGTTACTGCTGCGACCCTACTA,19
26C,11,pos,14,CTAACCGTCACAGTAACCGCAGCTACCCTGCTG,17
26C,11,pos,14,CTCACCGTTACTGTCACTGCAGCAACCCTACTT,6
26C,11,pos,14,CTAACCGTCACTGTTACTGCTGCAACCCTACTA,4
26C,11,pos,14,CTCACGGTAACCGTTACAGCAGCAACTCTCCTA,4
26C,11,pos,14,CTAACCGTCACTGTTACTGCTGCGACCCTACTT,4
26C,11,pos,14,CTCACCGTCACTGTTACTGCAGCAACCCTACTA,3
26C,11,pos,14,CTCACGGTAACCGTGACAGCAGCAACTCTCCTT,3
26C,11,pos,14,CTCACGGTAACCGTGACTGCAGCAACCCTCCTA,3
26C,11,pos,14,CTCACCGTAACCGTGACAGCAGCAACTCTCCTA,2
26C,11,pos,14,CTAACCGTCACTGTTACTGCTGCAACCCTACTT,2
26C,11,pos,14,CTCACGGTAACCGTGACTGCAGCAACTCTCCTA,2
26C,11,pos,14,CTCACGGTAACCGTGACAGCAGCAACCCTCCTA,2
26C,11,pos,14,CTCACAGTAACCGTGACAGCAGCAACTCTCCTA,2
26C,11,pos,14,CTAACCGTCACTGTTACTGCTGCTACCCTACTT,2
26C,11,pos,14,CTCACTGTAACCGTGACAGCAGCAACTCTCCTA,2
26C,11,pos,14,CTGACTGTCACAGTTACTGCAGCTACCCTACTT,1
26C,11,pos,14,CTCACGGTAACGGTAACGGCAGCAACCCTCCTT,1
26C,11,pos,14,CTCACGGTAACAGTGACAGCAGCAACCCTCCTA,1
26C,11,pos,14,CTAACCGTCACTGTTACTGCAGCAACCCTACTT,1
26C,11,pos,14,CTAACCGTCACTGTTACTGCAGCGACCCTACTA,1
26C,11,pos,14,CTTACTGTCACGGTTACTGCTGCTACCCTACTT,1
26C,11,pos,14,CTTACGGTAACCGTGACAGCAGCAACTCTCCTA,1
26C,11,pos,14,CTCACGGTAACCGTGACAGCAGCAACTCTACTA,1
26C,11,pos,14,CTCACGGTAACAGTGACAGCAGCAACTCTCCTA,1
26C,11,pos,14,CTCACGGTAACTGTGACAGCAGCAACCCTACTA,1
26C,11,pos,14,CTCACGGTAACCGTGACGGCAGCAACTCTCCTA,1
26C,11,pos,14,CTCACGGTAACCGTAACAGCAGCAACTCTCCTA,1
26C,11,pos,14,CTGACAGTTACCGTTACAGCAGCCACGCTTCTG,1
26C,11,pos,14,CTCACGGTAACCGTGACAGCAGCAACACTCCTA,1
26C,11,pos,14,CTCACCGTAACTGTTACTGCAGCAACCCTACTA,1
26C,11,pos,14,CTGACCGTCACTGTTACTGCAGCAACCCTACTT,1
26C,11,pos,14,CTAACCGTCACTGTTACTGCAGCAACCCTACTA,1
26C,11,pos,14,CTAACCGTCACAGTAACCGCAGCTACCCTGCTT,1
26C,11,pos,14,CTTACAGTTACCGTTACAGCAGCCACACTCCTG,1
26C,11,pos,14,CTCACGGTAACCGTGACAGCTGCAACTCTCCTA,1
26C,11,pos,14,CTTACCGTTACTGTGACTGCGGCGACACTCCTT,1
26C,11,pos,14,CTCACGGTAACCGTGACAGCAGCAACTCTGCTA,1
26C,11,pos,14,CTCACGGTAACCGTCACAGCAGCAACTCTCCTA,1
26C,11,pos,15,CTCACCGTTACCGTTACAGCAGCCACTCTACTC,7760
26C,11,pos,15,CTAACCGTCACAGTAACCGCAGCTACCCTGCTG,27
26C,11,pos,15,CTAACCGTCACTGTTACTGCTGCGACCCTACTA,21
26C,11,pos,15,CTCACCGTTACCGTTACAGCAGCCACTCTACTT,5
26C,11,pos,15,CTCACCGTTACTGTCACTGCAGCAACCCTACTT,4
26C,11,pos,15,CTAACCGTCACTGTTACTGCAGCGACCCTACTT,3
26C,11,pos,15,CTCACCGTTACTGTTACTGCAGCCACCCTACTC,3
26C,11,pos,15,CTCACCGTTACTGTTACTGCAGCAACCCTACTT,3
26C,11,pos,15,CTAACCGTCACTGTTACTGCTGCGACCCTACTT,2
26C,11,pos,15,CTCACCGTCACTGTTACTGCAGCAACCCTACTT,2
26C,11,pos,15,CTCACCGTCACTGTTACTGCAGCGACCCTACTA,2
26C,11,pos,15,CTAACCGTCACTGTTACTGCAGCAACCCTACTT,2
26C,11,pos,15,CTCACCGTTACCGTTACAGCAGCCACTCTGCTC,2
26C,11,pos,15,CTCACCGTCACAGTAACTGCAGCTACCCTACTT,1
26C,11,pos,15,CTCACCGTTACTGTTACTGCAGCGACCCTACTT,1
26C,11,pos,15,CTCACCGTTACTGTTACAGCAGCCACTCTACTC,1
26C,11,pos,15,CTCACCGTTACCGTTACTGCAGCCACCCTACTC,1
26C,11,pos,15,CTAACCGTCACTGTTACTGCAGCAACCCTACTA,1
26C,11,pos,15,CTAACCGTCACTGTTACTGCAGCGACCCTACTA,1
26C,11,pos,15,CTCACCGTCACTGTTACTGCTGCGACCCTACTA,1
26C,11,pos,15,CTCACCGTCACTGTTACTGCAGCTACCCTACTT,1
26C,11,pos,16,CTCACGGTAACCGTGACAGCAGCAACTCTCCTA,30061
26C,11,pos,16,CTAACCGTCACTGTTACTGCTGCGACCCTACTA,19
26C,11,pos,16,CTAACCGTCACAGTAACCGCAGCTACCCTGCTG,17
26C,11,pos,16,CTCACGGTAACCGTGACAGCAGCAACTCTCCTT,8
26C,11,pos,16,CTAACCGTCACTGTTACTGCAGCAACCCTACTA,6
26C,11,pos,16,CTCACCGTTACTGTCACTGCAGCAACCCTACTT,5
26C,11,pos,16,CTCACGGTAACCGTTACAGCAGCAACTCTCCTA,4
26C,11,pos,16,CTCACTGTAACCGTGACAGCAGCAACTCTCCTA,4
26C,11,pos,16,CTCACGGTAACCGTGACAGCAGCAACCCTCCTA,4
26C,11,pos,16,CTCACGGTAACTGTGACAGCAGCAACTCTCCTA,3
26C,11,pos,16,CTCACGGTAACCGTGACTGCAGCAACCCTCCTA,3
26C,11,pos,16,CTCACCGTCACTGTTACTGCAGCAACCCTACTA,3
26C,11,pos,16,CTCACGGTAACCGTGACGGCAGCAACTCTCCTA,3
26C,11,pos,16,CTAACCGTCACTGTTACTGCAGCGACCCTACTA,2
26C,11,pos,16,CTAACCGTCACTGTTACTGCTGCAACCCTACTA,2
26C,11,pos,16,CTCACCGTCACTGTTACTGCTGCGACCCTACTA,2
26C,11,pos,16,CTCACGGTAACGGTAACAGCAGCAACCCTCCTT,1
26C,11,pos,16,CTCACGGTAACCGTGACTGCAGCAACTCTCCTA,1
26C,11,pos,16,CTAACCGTCACTGTTACTGCTGCGACCCTACTT,1
26C,11,pos,16,CTCACGGTAACCGTGACAGCAGCAACCCTCCTT,1
26C,11,pos,16,CTCACGGTAACCGTGACAGCAGCGACTCTCCTA,1
26C,11,pos,16,CTCACGGTAACAGTGACAGCAGCAACTCTCCTA,1
26C,11,pos,16,CTCACGGTAACCGTGACAGCGGCAACTCTCCTA,1
26C,11,pos,16,CTCACCGTAACTGTGACTGCAGCAACCCTACTA,1
26C,11,pos,16,CTCACGGTGACCGTGACAGCAGCAACTCTCCTA,1
26C,11,pos,16,CTCACGGTAACCGTGACAGCAGCAACTCTTCTA,1
26C,11,pos,16,CTTACGGTAACCGTGACAGCAGCAACTCTCCTA,1
26C,11,pos,16,CTAACCGTCACTGTTACTGCAGCGACCCTACTT,1
26C,11,pos,16,CTAACCGTCACTGTTACTGCTGCTACCCTACTT,1
26C,11,pos,16,CTCACGGTAACCGTGACAGCAGCAACTCTCCTG,1
26C,11,pos,16,CTCACGGTAACCGTGACAGCAGCAACCCTACTA,1
26C,11,pos,16,CTCACCGTAACTGTTACTGCAGCAACCCTACTA,1
26C,11,pos,16,CTCACGGTAACCGTGACTGCAGCAACCCTACTA,1
26C,11,pos,16,CTCACAGTAACCGTGACAGCAGCAACTCTCCTA,1
26C,11,pos,16,CTCACCGTCACTGTTACTGCAGCAACCCTACTT,1
26C,11,pos,16,CTAACGGTAACGGTAACGGCGGCAACCCTCCTT,1
26C,11,pos,16,CTAACCGTCACAGTAACTGCAGCTACCCTGCTT,1
26C,11,pos,16,CTCACCGTCACCGTTACTGCAGCGACCCTACTA,1
26C,11,pos,17,CTCACCGTTACCGTTACAGCAGCCACTCTACTC,24846
26C,11,pos,17,CTAACCGTCACTGTTACTGCTGCGACCCTACTA,61
26C,11,pos,17,CTAACCGTCACAGTAACCGCAGCTACCCTGCTG,22
26C,11,pos,17,CTCACCGTTACTGTCACTGCAGCAACCCTACTT,14
26C,11,pos,17,CTCACCGTTACCGTTACAGCAGCCACTCTACTT,13
26C,11,pos,17,CTCACCGTCACTGTTACTGCAGCGACCCTACTA,9
26C,11,pos,17,CTCACCGTTACCGTTACAGCAGCCACCCTACTC,7
26C,11,pos,17,CTAACCGTCACTGTTACTGCTGCGACCCTACTT,6
26C,11,pos,17,CTCACCGTTACTGTTACTGCAGCCACCCTACTC,4
26C,11,pos,17,CTAACCGTCACTGTTACTGCAGCGACCCTACTA,4
26C,11,pos,17,CTCACCGTTACCGTTACTGCAGCCACCCTACTC,4
26C,11,pos,17,CTCACCGTCACCGTTACAGCAGCCACTCTACTC,3
26C,11,pos,17,CTCACCGTCACTGTTACTGCAGCGACCCTACTT,3
26C,11,pos,17,CTCACCGTTACCGTTACTGCAGCCACTCTACTC,3
26C,11,pos,17,CTCACCGTTACTGTTACTGCAGCGACCCTACTA,3
26C,11,pos,17,CTCACCGTTACCGTTACAGCAGCTACTCTACTC,2
26C,11,pos,17,CTCACCGTTACCGTTACAGCAGCAACCCTACTT,2
26C,11,pos,17,CTAACCGTCACTGTTACTGCAGCGACCCTACTT,2
26C,11,pos,17,CTCACCGTTACCGTTACCGCAGCCACTCTACTC,2
26C,11,pos,17,CTCACCGTCACTGTTACTGCTGCGACCCTACTA,2
26C,11,pos,17,CTCACCGTTACCGTTACTGCAGCCACTCTACTT,1
26C,11,pos,17,CTCACCGTCACTGTTACTGCAGCAACCCTACTA,1
26C,11,pos,17,CTCACCGTTACAGTAACAGCAGCTACCCTACTG,1
26C,11,pos,17,CTCACCGTTACTGTCACAGCAGCCACTCTACTT,1
26C,11,pos,17,CTAACCGTCACTGTTACTGCAGCAACCCTACTT,1
26C,11,pos,17,CTCACCGTTACCGTCACAGCAGCCACTCTACTC,1
26C,11,pos,17,CTCACCGTTACCGTTACAGCAGCCACTCTCCTC,1
26C,11,pos,17,CTCACCGTTACCGTTACAGCAGCTACCCTACTC,1
26C,11,pos,17,CTGACTGTTACAGTAACTGCTGCTACACTACTG,1
26C,11,pos,17,CTAACCGTCACTGTTACTGCTGCTACCCTACTA,1
26C,11,pos,17,CTCACCGTTACCGTTACAGCAGCCACTCTGCTC,1
26C,11,pos,17,CTCACCGTTACTGTTACTGCAGCCACCCTACTA,1
26C,11,pos,17,CTTACCGTTACCGTTACAGCAGCCACTCTACTC,1
26C,11,pos,17,CTAACCGTCACAGTAACTGCAGCTACCCTGCTT,1
26C,11,pos,17,CTCACCGTCACTGTCACCGCAGCCACCCTACTT,1
26C,11,pos,17,CTCACCGTCACTGTTACTGCAGCAACCCTACTT,1
26C,11,pos,17,CTCACCGTCACTGTTACTGCTGCGACCCTACTC,1
26C,11,pos,17,CTCACCGTTACTGTCACTGCAGCTACCCTACTA,1
26C,11,pos,17,CTCACCGTCACAGTAACCGCAGCTACCCTGCTG,1
26C,11,pos,17,CTCACCGTTACTGTTACTGCAGCCACTCTACTC,1
26C,11,pos,17,CTCACCGTTACGGTAACGGCAGCAACCCTACTT,1
26C,11,pos,17,CTCACCGTCACAGTAACTGCAGCTACCCTACTT,1
26C,11,pos,17,CTCACCGTTACAGTTACAGCAGCCACCCTACTT,1
26C,11,pos,17,CTCACCGTTACTGTTACAGCAGCCACTCTACTC,1
26C,11,pos,17,CTAACCGTCACTGTTACTGCTGCAACCCTACTT,1
26C,11,pos,17,CTAACCGTAACGGTAACGGCGGCAACCCTACTT,1
26C,11,pos,18,CTCACCGTTACCGTTACAGCAGCCACTCTACTC,6923
26C,11,pos,18,CTAACCGTCACTGTTACTGCTGCGACCCTACTA,29
26C,11,pos,18,CTAACCGTCACTGTTACTGCTGCGACCCTACTT,26
26C,11,pos,18,CTAACCGTCACAGTAACCGCAGCTACCCTGCTG,26
26C,11,pos,18,CTCACCGTTACCGTTACAGCAGCCACTCTACTT,6
26C,11,pos,18,CTCACCGTTACCGTTACAGCAGCCACCCTACTC,4
26C,11,pos,18,CTAACCGTCACTGTTACTGCAGCGACCCTACTT,3
26C,11,pos,18,CTCACCGTTACTGTCACTGCAGCAACCCTACTT,3
26C,11,pos,18,CTAACCGTCACTGTTACTGCAGCGACCCTACTA,3
26C,11,pos,18,CTCACCGTTACCGTTACAGCAGCCACCCTACTT,2
26C,11,pos,18,CTCACCGTTACCGTTACAGCAGCCACTCTCCTC,2
26C,11,pos,18,CTCACCGTTACCGTTACTGCAGCCACCCTACTC,2
26C,11,pos,18,CTCACCGTTACAGTAACCGCAGCTACCCTACTG,2
26C,11,pos,18,CTCACCGTCACCGTTACAGCAGCCACTCTACTC,2
26C,11,pos,18,CTTACCGTTACCGTTACAGCAGCCACTCTACTC,2
26C,11,pos,18,CTGACAGTTACCGTTACAGCAGCCACGCTTCTG,1
26C,11,pos,18,CTAACTGTTACGGTAACAGCTGCGACGCTTCTC,1
26C,11,pos,18,CTAACCGTCACAGTAACCGCAGCTACCCTGCTT,1
26C,11,pos,18,CTCACCGTTACTGTTACTGCTGCGACCCTACTA,1
26C,11,pos,18,CTCACCGTCACTGTTACTGCAGCAACCCTACTT,1
26C,11,pos,18,CTCACCGTCACCGTTACAGCAGCCACCCTACTC,1
26C,11,pos,18,CTCACCGTCACTGTTACTGCTGCGACCCTACTA,1
26C,11,pos,18,CTCACCGTTACTGTTACAGCAGCCACCCTACTC,1
26C,11,pos,18,CTAACCGTCACTGTTACTGCTGCGACCCTACTC,1
26C,11,pos,18,CTGACTGTTACAGTAACTGCTGCTACACTACTG,1
26C,11,pos,18,CTCACCGTTACGGTTACTGCAGCTACACTACTT,1
26C,11,pos,18,CTCACCGTCACAGTAACCGCAGCTACCCTACTG,1
26C,11,pos,18,CTAACGGTAACGGTAACAGCAGCAACCCTACTT,1
26C,11,pos,18,CTCACCGTCACTGTTACTGCAGCTACCCTACTT,1
26C,11,pos,18,CTAACCGTCACGGTAACCGCAGCTACCCTGCTG,1
26C,11,pos,18,CTCACCGTTACCGTTACTGCAGCCACCCTACTT,1
26C,11,pos,18,CTAACCGTCACTGTTACTGCTGCTACCCTACTT,1
26C,11,pos,18,CTCACAGTTACCGTTACAGCAGCCACTCTACTC,1
26C,11,pos,18,CTGACCGTCACTGTTACTGCAGCAACCCTACTT,1
26C,11,pos,18,CTCACCGTTACCGTTACGGCAGCCACTCTACTC,1
26C,11,neg,1,CTAACCGTCACAGTAACCGCAGCTACCCTGCTG,47
26C,11,neg,1,CTCACGGTAACCGTGACAGCAGCAACTCTCCTA,4
26C,11,neg,1,CTAACCGTCACTGTTACTGCTGCGACCCTACTA,4
26C,11,neg,1,CTAACCGTCACTGTTACTGCAGCGACCCTACTT,3
26C,11,neg,1,CTAACCGTCACTGTTACTGCAGCGACCCTACTA,2
26C,11,neg,1,CTAACCGTCACAGTTACTGCAGCAACCCTACTT,2
26C,11,neg,1,CTAACCGTCACAGTAACCGCAGCTACCCTGCTT,1
26C,11,neg,1,CTGACCGTAACAGTTACTGCAGCAACCCTACTT,1
26C,11,neg,1,CTAACCGTCACTGTTACTGCTGCGACCCTACTT,1
26C,11,neg,2,CTAACCGTCACAGTAACCGCAGCTACCCTGCTG,35
26C,11,neg,2,CTCACGGTAACCGTGACAGCAGCAACTCTCCTA,4
26C,11,neg,2,CTCACCGTTACTGTCACTGCAGCAACCCTACTT,1
26C,11,neg,2,CTGACAGTTACTGTCACTGCTGCTACCCTCCTA,1
26C,11,neg,3,CTAACCGTCACAGTAACCGCAGCTACCCTGCTG,24
26C,11,neg,3,CTGACAGTTACCGTTACAGCAGCCACGCTTCTG,1
26C,11,neg,3,CTGACCGTCACTGTCACTGCCGCCACGCTTCTA,1
26C,13,pos,1,CTCACCGTTACTGTCACTGCAGCAACCCTACTT,25170
26C,13,pos,1,CTAACCGTCACAGTAACCGCAGCTACCCTGCTG,40
26C,13,pos,1,CTAACTGTAACCGTCACTGCGGCAACTCTGCTC,26
26C,13,pos,1,CTCACCGTAACTGTCACTGCAGCAACCCTACTT,7
26C,13,pos,1,CTAACTGTAACCGTCACTGCAGCAACTCTGCTT,6
26C,13,pos,1,CTCACTGTAACTGTCACTGCAGCAACCCTACTT,6
26C,13,pos,1,CTCACTGTAACCGTCACTGCAGCAACCCTACTT,6
26C,13,pos,1,CTAACTGTAACCGTCACTGCGGCAACTCTGCTT,3
26C,13,pos,1,CTCACCGTTACTGTCACTGCAGCAACCCTACTC,3
26C,13,pos,1,CTAACCGTCACTGTTACTGCTGCGACCCTACTA,3
26C,13,pos,1,CTCACTGTAACCGTCACTGCAGCAACTCTACTT,2
26C,13,pos,1,CTCACCGTCACAGTAACTGCAGCTACCCTACTT,2
26C,13,pos,1,CTCACTGTTACTGTCACTGCAGCAACCCTACTT,2
26C,13,pos,1,CTCACTGTAACCGTCACTGCAGCAACTCTGCTT,2
26C,13,pos,1,CTAACTGTAACCGTCACTGCAGCAACCCTACTT,2
26C,13,pos,1,CTAACTGTAACCGTCACTGCAGCAACTCTGCTC,2
26C,13,pos,1,CTAACTGTAACCGTCACTGCAGCAACACTCCTT,1
26C,13,pos,1,CTCACCGTTACTGTCACTGCAGCAACCCTGCTT,1
26C,13,pos,1,CTGACGGTAACAGTGACAGCAGCAACCCTACTT,1
26C,13,pos,1,CTAACCGTCACTGTTACTGCAGCAACCCTACTT,1
26C,13,pos,1,CTCACCGTCACTGTCACTGCAGCAACCCTACTT,1
26C,13,pos,1,CTAACCGTCACAGTAACTGCAGCTACCCTACTT,1
26C,13,pos,1,CTCACCGTTACAGTCACTGCAGCAACCCTGCTG,1
26C,13,pos,1,CTCACCGTTACGGTCACTGCAGCAACCCTACTT,1
26C,13,pos,1,CTAACCGTCACTGTTACTGCTGCAACCCTACTA,1
26C,13,pos,1,CTCACTGTTACCGTCACTGCAGCAACACTTCTT,1
26C,13,pos,1,CTCACCGTTACTGTCACTGCTGCAACCCTACTT,1
26C,13,pos,1,CTAACTGTAACCGTCACTGCAGCAACCCTGCTT,1
26C,13,pos,1,CTAACGGTAACGGTCACTGCGGCAACCCTCCTT,1
26C,13,pos,1,CTAACCGTCACTGTTACTGCTGCAACCCTACTT,1
26C,13,pos,1,CTCACCGTCACTGTTACTGCTGCGACCCTACTT,1
26C,13,pos,1,CTTACTGTCACGGTTACTGCTGCTACACTCCTT,1
26C,13,pos,1,CTCACCGTCACAGTAACTGCAGCTACCCTGCTT,1
26C,13,pos,1,CTGACTGTAACAGTCACTGCAGCAACCCTACTT,1
26C,13,pos,1,CTAACCGTCACAGTAACTGCAGCTACCCTGCTT,1
26C,13,pos,1,CTAACCGTTACTGTCACTGCAGCAACCCTACTT,1
26C,13,pos,1,CTAACCGTAACAGTAACTGCAGCTACCCTACTT,1
26C,13,pos,1,CTGACCGTTACTGTCACTGCAGCAACCCTACTT,1
26C,13,pos,1,CTCACCGTTACAGTCACTGCAGCAACCCTACTT,1
26C,13,pos,1,CTCACGGTAACCGTGACAGCAGCAACTCTCCTA,1
26C,13,pos,1,CTCACCGTCACTGTTACTGCTGCAACCCTACTT,1
26C,13,pos,1,CTCACCGTTACTGTCACGGCAGCAACCCTACTT,1
26C,13,pos,1,CTCACTGTAACCGTCACTGCAGCAACTCTGCTC,1
26C,13,pos,2,CTCACCGTTACTGTCACTGCAGCAACCCTACTT,7607
26C,13,pos,2,CTAACCGTCACAGTAACCGCAGCTACCCTGCTG,32
26C,13,pos,2,CTAACTGTAACCGTCACTGCAGCAACTCTGCTC,11
26C,13,pos,2,CTAACTGTAACCGTCACTGCAGCAACTCTGCTT,5
26C,13,pos,2,CTCACTGTAACCGTCACTGCAGCAACCCTACTT,4
26C,13,pos,2,CTAACTGTAACCGTCACTGCAGCAACCCTACTT,3
26C,13,pos,2,CTCACAGTTACTGTCACTGCAGCAACCCTACTT,2
26C,13,pos,2,CTAACTGTAACCGTCACTGCAGCAACTCTACTT,2
26C,13,pos,2,CTAACTGTAACCGTCACTGCGGCAACTCTGCTC,2
26C,13,pos,2,CTCACCGTTACTGTCACTGCAGCAACCCTACTC,2
26C,13,pos,2,CTCACCGTTACCGTCACTGCAGCAACTCTACTT,1
26C,13,pos,2,CTCACCGTCACAGTAACCGCAGCTACCCTGCTG,1
26C,13,pos,2,CTGACCGTCACTGTCACTGCCGCCACGCTTCTA,1
26C,13,pos,2,CTAACTGTAACCGTCACTGCAGCAACCCTGCTT,1
26C,13,pos,2,CTAACCGTCACAGTAACCGCAGCTACCCTGCTT,1
26C,13,pos,2,CTCACTGTAACCGTCACTGCAGCAACTCTACTT,1
26C,13,pos,2,CTCACCGTCACAGTAACTGCAGCTACCCTACTT,1
26C,13,pos,2,CTGACAGTTACCGTTACAGCAGCCACGCTTCTG,1
26C,13,pos,2,CTAACCGTCACAGTAACTGCAGCTACCCTGCTT,1
26C,13,pos,2,CTCACCGTAACCGTCACTGCAGCAACCCTACTT,1
26C,13,pos,2,CTCACTGTCACGGTCACTGCAGCAACACTACTT,1
26C,13,pos,2,CTCACCGTTACTGTCACTGCGGCAACCCTACTT,1
26C,13,pos,2,CTCACTGTAACCGTCACTGCAGCAACTCTACTC,1
26C,13,pos,2,CTCACTGTAACCGTCACTGCAGCAACTCTGCTC,1
26C,13,pos,2,CTCACCGTTACTGTCACTGCTGCAACCCTACTT,1
26C,13,pos,3,CTCACCGTTACTGTCACTGCAGCAACCCTACTT,27734
26C,13,pos,3,CTAACCGTCACAGTAACCGCAGCTACCCTGCTG,34
26C,13,pos,3,CTAACTGTAACCGTCACTGCGGCAACTCTGCTC,15
26C,13,pos,3,CTAACTGTAACCGTCACTGCAGCAACCCTACTT,6
26C,13,pos,3,CTAACTGTAACCGTCACTGCAGCAACTCTGCTT,6
26C,13,pos,3,CTAACTGTAACCGTCACTGCAGCAACTCTGCTC,6
26C,13,pos,3,CTCACTGTAACTGTCACTGCAGCAACCCTACTT,5
26C,13,pos,3,CTCACTGTAACCGTCACTGCAGCAACTCTACTT,4
26C,13,pos,3,CTCACCGTAACTGTCACTGCAGCAACCCTACTT,4
26C,13,pos,3,CTAACCGTCACAGTAACTGCAGCTACCCTGCTT,3
26C,13,pos,3,CTAACCGTCACAGTAACCGCAGCTACCCTGCTT,3
26C,13,pos,3,CTAACTGTAACCGTCACTGCAGCAACCCTGCTT,3
26C,13,pos,3,CTCACCGTTACTGTTACTGCAGCAACCCTACTT,2
26C,13,pos,3,CTCACCGTTACTGTCACTGCAGCAACCCTACTC,2
26C,13,pos,3,CTTACCGTTACTGTCACTGCAGCAACCCTACTT,2
26C,13,pos,3,CTCACCGTCACAGTAACTGCAGCTACCCTGCTT,2
26C,13,pos,3,CTCACCGTTACTGTCACTGCGGCAACCCTACTT,2
26C,13,pos,3,CTAACCGTCACTGTTACTGCTGCGACCCTACTA,2
26C,13,pos,3,CTCACCGTAACCGTCACTGCAGCAACCCTACTT,2
26C,13,pos,3,CTCACCGTTACAGTCACTGCAGCAACCCTACTT,2
26C,13,pos,3,CTCACCGTTACCGTCACTGCAGCAACCCTACTT,2
26C,13,pos,3,CTGACAGTTACTGTCACTGCTGCTACCCTCCTA,1
26C,13,pos,3,CTCACCGTTACTGTCACTGCAGCAACACTTCTT,1
26C,13,pos,3,CTCACCGTTACAGTAACTGCAGCAACCCTACTT,1
26C,13,pos,3,CTAACCGTCACAGTAACTGCAGCTACCCTACTT,1
26C,13,pos,3,CTGACCGTCACTGTCACTGCCGCCACGCTTCTA,1
26C,13,pos,3,CTCACCGTTACTGTAACTGCAGCAACCCTACTT,1
26C,13,pos,3,CTCACTGTAACCGTCACTGCAGCAACCCTACTT,1
26C,13,pos,3,CTCACCGTCACAGTAACTGCAGCAACCCTACTT,1
26C,13,pos,3,CTAACTGTAACCGTCACTGCTGCAACTCTGCTC,1
26C,13,pos,3,CTGACGGTAACAGTGACTGCAGCAACCCTACTT,1
26C,13,pos,3,CTCACTGTCACTGTCACTGCCGCCACTCTTCTT,1
26C,13,pos,3,CTCACCGTTACCGTTACAGCAGCCACTCTACTC,1
26C,13,pos,3,CTCACCGTTACTGTCACTGCAGCTACCCTACTT,1
26C,13,pos,3,CTAACTGTAACCGTCACTGCGGCAACTCTGCTT,1
26C,13,pos,3,CTCACCGTCACTGTCACTGCAGCTACCCTACTT,1
26C,13,pos,3,CTCACCGTCACTGTCACTGCAGCAACCCTACTT,1
26C,13,pos,3,CTAACTGTAACTGTCACTGCAGCAACCCTACTT,1
26C,13,pos,4,CTCACCGTTACTGTCACTGCAGCAACCCTACTT,35502
26C,13,pos,4,CTAACCGTCACAGTAACCGCAGCTACCCTGCTG,12
26C,13,pos,4,CTCACTGTAACTGTCACTGCAGCAACCCTACTT,7
26C,13,pos,4,CTCACTGTAACCGTCACTGCAGCAACCCTACTT,6
26C,13,pos,4,CTCACTGTAACCGTCACTGCAGCAACTCTACTT,5
26C,13,pos,4,CTAACCGTCACAGTAACCGCAGCTACCCTGCTT,3
26C,13,pos,4,CTCACCGTCACAGTAACTGCAGCTACCCTACTT,3
26C,13,pos,4,CTCACCGTAACTGTCACTGCAGCAACCCTACTT,3
26C,13,pos,4,CTCACCGTCACAGTAACCGCAGCTACCCTGCTG,2
26C,13,pos,4,CTCACCGTTACAGTCACTGCAGCAACCCTACTT,2
26C,13,pos,4,CTCACCGTCACAGTAACTGCAGCTACCCTGCTT,2
26C,13,pos,4,CTAACTGTAACCGTCACTGCGGCAACTCTGCTC,2
26C,13,pos,4,CTAACTGTAACCGTCACTGCAGCAACTCTGCTT,2
26C,13,pos,4,CTAACCGTCACAGTAACCGCAGCTACCCTACTT,1
26C,13,pos,4,CTCACCGTCACTGTCACTGCAGCAACCCTACTT,1
26C,13,pos,4,CTCACCGTTACAGTAACTGCAGCAACCCTACTT,1
26C,13,pos,4,CTCACTGTAACTGTCACTGCAGCAACTCTGCTT,1
26C,13,pos,4,CTCACCGTCACTGTTACTGCAGCAACCCTACTT,1
26C,13,pos,4,CTCACTGTTACCGTCACTGCAGCAACTCTACTT,1
26C,13,pos,4,CTCACCGTCACAGTCACCGCAGCTACCCTACTT,1
26C,13,pos,4,CTCACTGTTACTGTCACTGCAGCAACCCTACTT,1
26C,13,pos,4,CTCACGGTAACTGTCACTGCAGCAACCCTACTT,1
26C,13,pos,4,CTCACCGTTACTGTCACTGCAGCAACCCTACTC,1
26C,13,pos,4,CTGACCGTCACTGTCACTGCCGCCACGCTTCTA,1
26C,13,pos,4,CTAACCGTCACTGTTACTGCTGCGACCCTACTA,1
26C,13,pos,4,CTAACCGTCACAGTAACTGCAGCTACCCTACTT,1
26C,13,pos,4,CTAACCGTCACAGTAACTGCAGCTACCCTGCTT,1
26C,13,pos,4,CTAACCGTCACTGTTACTGCAGCGACCCTACTT,1
26C,13,pos,4,CTCACTGTAACCGTCACTGCAGCAACTCTGCTT,1
26C,13,pos,4,CTCACCGTTACTGTCACTGCAGCAACCCTTCTT,1
26C,13,pos,4,CTCACCGTCACAGTCACTGCAGCTACCCTACTT,1
26C,13,pos,5,CTCACCGTTACTGTCACTGCAGCAACCCTACTT,4189
26C,13,pos,5,CTAACCGTCACAGTAACCGCAGCTACCCTGCTG,45
26C,13,pos,5,CTAACTGTAACCGTCACTGCGGCAACTCTGCTC,11
26C,13,pos,5,CTAACTGTAACCGTCACTGCAGCAACTCTGCTC,7
26C,13,pos,5,CTAACTGTAACCGTCACTGCAGCAACTCTGCTT,5
26C,13,pos,5,CTAACCGTCACAGTAACCGCAGCTACCCTGCTT,5
26C,13,pos,5,CTCACTGTAACCGTCACTGCAGCAACCCTACTT,3
26C,13,pos,5,CTAACTGTAACCGTCACTGCAGCAACTCTACTT,2
26C,13,pos,5,CTAACTGTAACCGTCACTGCGGCAACTCTGCTT,2
26C,13,pos,5,CTAACTGTAACCGTCACTGCAGCAACCCTGCTT,2
26C,13,pos,5,CTCACCGTTACTGTTACTGCAGCAACCCTACTT,1
26C,13,pos,5,CTAACTGTAACCGTCACTGCTGCAACTCTGCTC,1
26C,13,pos,5,CTCACCGTCACAGTAACTGCAGCTACCCTACTT,1
26C,13,pos,5,CTCACCGTTACAGTAACTGCAGCTACCCTACTT,1
26C,13,pos,5,CTAACCGTCACAGTAACTGCAGCTACCCTGCTT,1
26C,13,pos,5,CTCACCGTCACTGTCACTGCAGCAACCCTACTT,1
26C,13,pos,5,CTCACTGTAACTGTCACTGCAGCAACCCTACTT,1
26C,13,pos,5,CTTACCGTTACTGTCACTGCAGCAACCCTACTT,1
26C,13,pos,5,CTCACTGTTACTGTCACTGCAGCAACCCTACTT,1
26C,13,pos,7,CTCACCGTTACTGTCACTGCAGCAACCCTACTT,26597
26C,13,pos,7,CTAACCGTCACAGTAACCGCAGCTACCCTGCTG,62
26C,13,pos,7,CTAACTGTAACCGTCACTGCGGCAACTCTGCTC,18
26C,13,pos,7,CTCACCGTAACTGTCACTGCAGCAACCCTACTT,7
26C,13,pos,7,CTAACTGTAACCGTCACTGCAGCAACTCTGCTT,7
26C,13,pos,7,CTAACTGTAACCGTCACTGCAGCAACTCTGCTC,7
26C,13,pos,7,CTCACCGTCACTGTCACTGCAGCAACCCTACTT,4
26C,13,pos,7,CTCACCGTAACCGTCACTGCAGCAACCCTACTT,4
26C,13,pos,7,CTCACCGTTACCGTCACTGCAGCAACCCTACTT,4
26C,13,pos,7,CTGACAGTTACTGTCACTGCTGCTACCCTCCTA,3
26C,13,pos,7,CTCACCGTTACTGTCACTGCAGCAACTCTACTT,2
26C,13,pos,7,CTGACTGTAACAGTCACTGCAGCAACCCTGCTT,2
26C,13,pos,7,CTAACTGTAACCGTCACTGCAGCAACCCTGCTT,2
26C,13,pos,7,CTAACCGTAACCGTCACTGCAGCAACCCTGCTT,1
26C,13,pos,7,CTCACCGTTACAGTCACTGCAGCAACCCTACTT,1
26C,13,pos,7,CTCACCGTTACTGTGACTGCAGCAACCCTACTT,1
26C,13,pos,7,CTCACCGTCACAGTAACTGCAGCAACCCTACTT,1
26C,13,pos,7,CTTACAGTTACCGTTACAGCAGCCACACTCCTG,1
26C,13,pos,7,CTCACCGTTACTGTCACTGCAGCTACCCTACTT,1
26C,13,pos,7,CTCACTGTAACCGTCACTGCAGCAACCCTACTT,1
26C,13,pos,7,CTCACGGTAACCGTGACAGCAGCAACTCTCCTA,1
26C,13,pos,7,CTCACGGTAACCGTGACAGCAGCAACTCTCCTT,1
26C,13,pos,7,CTGACCGTAACGGTCACCGCGGCAACTCTACTG,1
26C,13,pos,7,CTAACTGTAACAGTCACTGCAGCAACTCTGCTC,1
26C,13,pos,7,CTCACCGTTACTGTCACTGCTGCAACCCTACTT,1
26C,13,pos,7,CTCACCGTTACTGTCACGGCAGCAACCCTACTT,1
26C,13,pos,7,CTCACCGTTACTGTCACTGCCGCAACCCTACTT,1
26C,13,pos,7,CTCACCGTTACTGTCACTGCAGCAACACTACTT,1
26C,13,pos,7,CTCACTGTAACAGTCACTGCAGCAACCCTACTT,1
26C,13,pos,7,CTCACCGTAACAGTCACTGCAGCAACCCTACTT,1
26C,13,pos,7,CTCACCGTTACTGTCACTGCGGCAACCCTACTT,1
26C,13,pos,7,CTGACTGTTACTGTCACGGCTGCCACTCTCCTT,1
26C,13,pos,7,CTCACCGTAACCGTCACTGCAGCAACTCTACTT,1
26C,13,pos,7,CTCACCGTTACTGTTACTGCAGCAACCCTACTT,1
26C,13,pos,7,CTCACTGTTACTGTCACTGCAGCAACCCTACTT,1
26C,13,pos,8,CTCACCGTTACTGTCACTGCAGCAACCCTACTT,8660
26C,13,pos,8,CTAACCGTCACAGTAACCGCAGCTACCCTGCTG,40
26C,13,pos,8,CTAACTGTAACCGTCACTGCGGCAACTCTGCTC,12
26C,13,pos,8,CTAACTGTAACCGTCACTGCAGCAACTCTGCTC,7
26C,13,pos,8,CTAACTGTAACCGTCACTGCAGCAACTCTGCTT,3
26C,13,pos,8,CTTACCGTTACTGTGACTGCGGCGACACTCCTT,2
26C,13,pos,8,CTGACAGTTACCGTTACAGCAGCCACGCTTCTG,2
26C,13,pos,8,CTCACTGTAACCGTCACTGCAGCAACTCTACTT,2
26C,13,pos,8,CTAACTGTAACCGTCACTGCAGCAACCCTACTT,2
26C,13,pos,8,CTCACCGTTACCGTCACTGCAGCAACCCTACTT,2
26C,13,pos,8,CTCACTGTAACCGTCACTGCAGCAACCCTACTT,2
26C,13,pos,8,CTAACCGTCACAGTAACCGCAGCTACCCTACTT,1
26C,13,pos,8,CTAACCGTCACAGTAACTGCAGCTACCCTGCTT,1
26C,13,pos,8,CTGACTGTAACCGTCACTGCAGCAACCCTACTT,1
26C,13,pos,8,CTAACCGTCACAGTAACCGCAGCTACCCTGCTT,1
26C,13,pos,8,CTCACCGTCACAGTAACTGCAGCTACCCTACTT,1
26C,13,pos,8,CTCACCGTTACTGTCACTGCGGCAACCCTACTT,1
26C,13,pos,8,CTAACTGTAACCGTCACTGCAGCAACCCTGCTT,1
26C,13,pos,8,CTCACCGTAACTGTCACTGCAGCAACCCTACTT,1
26C,13,pos,8,CTAACCGTCACAGTAACTGCAGCTACCCTACTT,1
26C,13,pos,8,CTCACCGTTACCGTCACTGCAGCAACTCTACTC,1
26C,13,pos,8,CTCACCGTTACTGTCACTGCAGCGACCCTACTT,1
26C,13,pos,9,CTCACCGTTACTGTCACTGCAGCAACCCTACTT,8589
26C,13,pos,9,CTAACCGTCACAGTAACCGCAGCTACCCTGCTG,26
26C,13,pos,9,CTAACTGTAACCGTCACTGCGGCAACTCTGCTC,24
26C,13,pos,9,CTAACTGTAACCGTCACTGCAGCAACTCTGCTT,14
26C,13,pos,9,CTCACTGTAACCGTCACTGCAGCAACCCTACTT,6
26C,13,pos,9,CTCACTGTAACTGTCACTGCAGCAACCCTACTT,4
26C,13,pos,9,CTAACTGTAACCGTCACTGCAGCAACCCTACTT,3
26C,13,pos,9,CTAACCGTCACAGTAACCGCAGCTACCCTGCTT,3
26C,13,pos,9,CTAACCGTCACAGTAACTGCAGCTACCCTGCTT,3
26C,13,pos,9,CTAACCGTCACAGTAACTGCAGCTACCCTGCTG,2
26C,13,pos,9,CTAACTGTAACCGTCACTGCAGCAACTCTGCTC,2
26C,13,pos,9,CTCACCGTCACAGTCACTGCAGCAACCCTACTT,2
26C,13,pos,9,CTCACCGTCACAGTAACTGCAGCTACCCTACTT,2
26C,13,pos,9,CTAACTGTAACCGTCACTGCGGCAACTCTGCTT,2
26C,13,pos,9,CTAACCGTCACAGTAACCGCAGCTACTCTGCTG,2
26C,13,pos,9,CTCACCGTCACAGTAACTGCAGCAACCCTACTT,2
26C,13,pos,9,CTGACAGTTACTGTCACTGCTGCTACCCTCCTA,1
26C,13,pos,9,CTCACTGTAACCGTCACTGCAGCAACTCTGCTT,1
26C,13,pos,9,CTCACTGTTACTGTCACTGCAGCAACCCTACTT,1
26C,13,pos,9,CTCACCGTCACAGTAACTGCAGCTACCCTGCTT,1
26C,13,pos,9,CTGACTGTAACAGTCACTGCAGCAACTCTACTT,1
26C,13,pos,9,CTTACGGTGACGGTCACAGCTGCTACCCTTCTC,1
26C,13,pos,9,CTAACTGTAACCGTCACTGCAGCAACTCTACTT,1
26C,13,pos,9,CTCACTGTAACCGTCACTGCAGCAACTCTGCTC,1
26C,13,pos,9,CTCACCGTAACAGTAACTGCAGCAACCCTACTT,1
26C,13,pos,9,CTGACTGTAACCGTCACTGCAGCAACTCTGCTT,1
26C,13,pos,9,CTGACTGTAACAGTCACTGCAGCAACCCTACTT,1
26C,13,pos,9,CTCACCGTTACTGTCACTGCAGCAACCCTCCTT,1
26C,13,pos,9,CTTACTGTAACCGTCACTGCAGCAACACTCCTT,1
26C,13,pos,9,CTAACTGTAACCGTCACTGCAGCAACCCTGCTT,1
26C,13,pos,9,CTCACCGTTACTGTCACTGCAGCAACCCTACTC,1
26C,13,pos,10,CTCACCGTTACTGTCACTGCAGCAACCCTACTT,30846
26C,13,pos,10,CTAACCGTCACAGTAACCGCAGCTACCCTGCTG,22
26C,13,pos,10,CTAACTGTAACCGTCACTGCAGCAACTCTGCTC,7
26C,13,pos,10,CTAACTGTAACCGTCACTGCAGCAACTCTGCTT,6
26C,13,pos,10,CTAACTGTAACCGTCACTGCGGCAACTCTGCTC,5
26C,13,pos,10,CTCACTGTAACTGTCACTGCAGCAACCCTACTT,3
26C,13,pos,10,CTAACCGTCACAGTAACCGCAGCTACCCTGCTT,2
26C,13,pos,10,CTAACTGTAACCGTCACTGCAGCAACCCTACTT,2
26C,13,pos,10,CTCACTGTTACTGTCACTGCAGCAACCCTACTT,1
26C,13,pos,10,CTCACCGTTACTGTCACTGCAGCAACCCTACTC,1
26C,13,pos,10,CTCACTGTCACGGTCACCGCAGCCACACTGCTC,1
26C,13,pos,10,CTGACAGTTACTGTCACTGCTGCTACCCTCCTA,1
26C,13,pos,10,CTTACCGTTACTGTCACTGCAGCAACCCTACTT,1
26C,13,pos,10,CTCACTGTAACCGTCACTGCAGCAACCCTACTT,1
26C,13,pos,10,CTAACCGTCACAGTAACTGCAGCTACCCTGCTT,1
26C,13,pos,10,CTCACCGTCACAGTAACTGCAGCAACCCTACTT,1
26C,13,pos,10,CTGACGGTAACAGTGACAGCAGCAACCCTACTT,1
26C,13,pos,10,CTAACCGTCACAGTAACTGCAGCTACCCTACTT,1
26C,13,pos,10,CTAACTGTAACCGTCACTGCAGCAACTCTACTT,1
26C,13,pos,10,CTCACCGTTACGGTCACTGCAGCAACCCTACTT,1
26C,13,pos,10,CTGACTGTAACAGTCACTGCAGCAACCCTACTT,1
26C,13,pos,10,CTCACCGTTACTGTCACTGCAGCAACCCTCCTA,1
26C,13,pos,10,CTCACCGTTACAGTAACTGCAGCTACCCTACTT,1
26C,13,pos,10,CTCACTGTAACCGTCACTGCAGCAACTCTACTT,1
26C,13,pos,10,CTCACCGTTACCGTCACTGCAGCAACCCTACTT,1
26C,13,pos,10,CTCACTGTAACCGTCACTGCAGCAACTCTGCTT,1
26C,13,pos,10,CTCACCGTTACTGTCACTGCAGCGACCCTACTT,1
26C,13,pos,10,CTCACCGTTACTGTCACTGCAGCAACTCTACTT,1
26C,13,pos,10,CTCACCGTTACTGTCACCGCAGCAACCCTACTT,1
26C,13,pos,10,CTAACTGTAACCGTCACTGCGGCAACTCTGCTT,1
26C,13,pos,11,CTCACCGTTACTGTCACTGCAGCAACCCTACTT,5535
26C,13,pos,11,CTAACCGTCACAGTAACCGCAGCTACCCTGCTG,38
26C,13,pos,11,CTAACTGTAACCGTCACTGCGGCAACTCTGCTC,22
26C,13,pos,11,CTAACTGTAACCGTCACTGCAGCAACTCTGCTT,9
26C,13,pos,11,CTAACTGTAACCGTCACTGCAGCAACTCTGCTC,7
26C,13,pos,11,CTAACCGTCACAGTAACCGCAGCTACCCTGCTT,3
26C,13,pos,11,CTCACTGTAACCGTCACTGCAGCAACTCTACTT,2
26C,13,pos,11,CTCACCGTTACTGTCACCGCAGCAACCCTACTT,2
26C,13,pos,11,CTCACCGTCACAGTAACTGCAGCTACCCTGCTT,2
26C,13,pos,11,CTCACTGTAACCGTCACTGCAGCAACCCTACTT,2
26C,13,pos,11,CTGACCGTCACAGTAACTGCAGCTACCCTACTT,2
26C,13,pos,11,CTGACAGTTACCGTTACAGCAGCCACGCTTCTG,2
26C,13,pos,11,CTAACTGTAACCGTCACTGCAGCAACTCTACTT,2
26C,13,pos,11,CTCACTGTAACTGTCACTGCAGCAACCCTACTT,1
26C,13,pos,11,CTAACTGTAACCGTCACTGCGGCAACTCTGCTT,1
26C,13,pos,11,CTCACTGTAACCGTCACTGCAGCAACTCTGCTC,1
26C,13,pos,11,CTCACTGTAACCGTCACTGCAGCAACTCTGCTT,1
26C,13,pos,11,CTCACCGTTACTGTCACTGCGGCAACCCTACTT,1
26C,13,pos,11,CTCACCGTAACTGTCACTGCAGCAACCCTACTT,1
26C,13,pos,11,CTAACTGTAACCGTCACTGCAGCAACCCTGCTT,1
26C,13,pos,11,CTCACCGTTACTGTCACTGCAGCAACCCTACTC,1
26C,13,pos,11,CTAACCGTCACAGTAACTGCAGCTACCCTGCTT,1
26C,13,pos,11,CTCACCGTAACCGTCACTGCAGCAACCCTACTT,1
26C,13,pos,11,CTCACCGTTACTGTCACTGCAGCAACTCTACTT,1
26C,13,pos,11,CTGACCGTTACCGTTACTGCAGCAACCCTACTT,1
26C,13,pos,12,CTCACCGTTACTGTCACTGCAGCAACCCTACTT,16269
26C,13,pos,12,CTAACCGTCACAGTAACCGCAGCTACCCTGCTG,26
26C,13,pos,12,CTAACTGTAACCGTCACTGCAGCAACTCTGCTT,9
26C,13,pos,12,CTCACTGTAACCGTCACTGCAGCAACCCTACTT,8
26C,13,pos,12,CTAACTGTAACCGTCACTGCGGCAACTCTGCTC,5
26C,13,pos,12,CTCACCGTTACTGTCACTGCAGCAACCCTACTC,5
26C,13,pos,12,CTAACTGTAACCGTCACTGCAGCAACTCTGCTC,4
26C,13,pos,12,CTAACTGTAACCGTCACTGCAGCAACTCTACTT,3
26C,13,pos,12,CTCACCGTTACGGTCACTGCAGCAACCCTACTT,3
26C,13,pos,12,CTCACTGTAACCGTCACTGCAGCAACTCTACTT,2
26C,13,pos,12,CTAACTGTAACCGTCACTGCAGCAACCCTGCTT,2
26C,13,pos,12,CTCACTGTAACTGTCACTGCAGCAACCCTACTT,2
26C,13,pos,12,CTCACCGTTACAGTAACTGCAGCTACCCTACTT,2
26C,13,pos,12,CTCACCGTTACTGTCACCGCAGCAACCCTACTT,2
26C,13,pos,12,CTCACCGTTACTGTCACTGCGGCAACCCTACTT,2
26C,13,pos,12,CTAACTGTAACCGTCACTGCAGCAACCCTACTT,2
26C,13,pos,12,CTCACTGTAACCGTCACTGCAGCAACTCTGCTT,1
26C,13,pos,12,CTCACCGTCACAGTAACTGCAGCAACCCTACTT,1
26C,13,pos,12,CTAACCGTCACAGTAACCGCAGCTACCCTGCTT,1
26C,13,pos,12,CTAACCGTCACAGTAACTGCAGCTACCCTGCTT,1
26C,13,pos,12,CTCACTGTAACCGTCACTGCAGCAACCCTGCTT,1
26C,13,pos,12,CTCACCGTCACAGTAACCGCAGCTACCCTGCTT,1
26C,13,pos,12,CTCACCGTTACTGTCACTGCTGCAACCCTACTT,1
26C,13,pos,12,CTTACAGTTACGGTCACTGCTGCAACCCTCCTG,1
26C,13,pos,12,CTCACCGTCACAGTAACTGCAGCTACCCTACTT,1
26C,13,pos,12,CTCACCGTTACCGTCACTGCAGCAACCCTACTT,1
26C,13,pos,12,CTAACCGTCACAGTAACTGCAGCTACCCTGCTG,1
26C,13,pos,12,CTCACCGTCACAGTAACCGCAGCTACCCTACTT,1
26C,13,pos,12,CTCACCGTTACTGTCACTGCAGCAACCCTGCTT,1
26C,13,pos,12,CTCACCGTTACTGTCACTGCAGCTACCCTACTT,1
26C,13,pos,12,CTCACCGTAACCGTCACTGCAGCAACCCTACTT,1
26C,13,pos,13,CTCACCGTTACTGTCACTGCAGCAACCCTACTT,5790
26C,13,pos,13,CTAACCGTCACAGTAACCGCAGCTACCCTGCTG,39
26C,13,pos,13,CTAACTGTAACCGTCACTGCGGCAACTCTGCTC,13
26C,13,pos,13,CTAACTGTAACCGTCACTGCAGCAACTCTGCTC,4
26C,13,pos,13,CTAACTGTAACCGTCACTGCAGCAACCCTACTT,3
26C,13,pos,13,CTAACTGTAACCGTCACTGCGGCAACTCTGCTT,2
26C,13,pos,13,CTAACTGTAACCGTCACTGCAGCAACTCTGCTT,2
26C,13,pos,13,CTCACCGTTACTGTCACTGCGGCAACCCTACTT,2
26C,13,pos,13,CTAACCGTCACAGTAACCGCAGCTACCCTGCTT,2
26C,13,pos,13,CTAACTGTAACCGTCACTGCAGCAACTCTACTT,2
26C,13,pos,13,CTCACTGTAACTGTCACTGCAGCAACCCTACTT,1
26C,13,pos,13,CTCACTGTAACCGTCACTGCAGCAACCCTACTT,1
26C,13,pos,13,CTAACTGTAACCGTCACTGCAGCAACCCTGCTT,1
26C,13,pos,13,CTCACCGTTACTGTCACTGCAGCAACCCTACTC,1
26C,13,pos,13,CTCACCGTTACTGTCACTGCAGCTACCCTACTT,1
26C,13,pos,13,CTCACCGTTACTGTCACCGCAGCAACCCTACTT,1
26C,13,pos,13,CTCACCGTTACCGTCACTGCAGCAACCCTACTT,1
26C,13,pos,13,CTGACTGTAACAGTCACTGCAGCAACCCTACTT,1
26C,13,pos,13,CTAACCGTAACCGTCACTGCAGCAACCCTACTT,1
26C,13,pos,13,CTCACCGTTACAGTCACTGCAGCAACCCTACTT,1
26C,13,pos,13,CTAACCGTCACAGTAACTGCAGCTACCCTGCTT,1
26C,13,pos,13,CTTACCGTTACTGTGACTGCGGCGACACTCCTT,1
26C,13,pos,13,CTGACCGTCACAGTAACTGCAGCTACCCTACTT,1
26C,13,pos,14,CTCACCGTTACTGTCACTGCAGCAACCCTACTT,10878
26C,13,pos,14,CTAACCGTCACAGTAACCGCAGCTACCCTGCTG,54
26C,13,pos,14,CTAACTGTAACCGTCACTGCGGCAACTCTGCTC,11
26C,13,pos,14,CTAACTGTAACCGTCACTGCAGCAACCCTACTT,7
26C,13,pos,14,CTAACTGTAACCGTCACTGCAGCAACTCTGCTT,5
26C,13,pos,14,CTAACTGTAACCGTCACTGCAGCAACTCTGCTC,5
26C,13,pos,14,CTCACCGTAACTGTCACTGCAGCAACCCTACTT,5
26C,13,pos,14,CTGACCGTCACTGTAACTGCCGCTACTCTCCTT,4
26C,13,pos,14,CTGACTGTAACAGTCACTGCAGCAACCCTGCTT,4
26C,13,pos,14,CTCACTGTAACCGTCACTGCAGCAACCCTACTT,3
26C,13,pos,14,CTAACTGTAACCGTCACTGCAGCAACCCTGCTT,3
26C,13,pos,14,CTCACCGTTACAGTCACTGCAGCAACCCTACTT,3
26C,13,pos,14,CTCACTGTAACTGTCACTGCAGCAACCCTACTT,3
26C,13,pos,14,CTAACTGTAACAGTCACTGCAGCAACCCTGCTT,2
26C,13,pos,14,CTGACTGTAACAGTCACTGCAGCAACCCTACTT,2
26C,13,pos,14,CTAACCGTCACAGTAACTGCAGCAACCCTACTT,2
26C,13,pos,14,CTAACCGTAACTGTAACTGCAGCAACCCTACTT,1
26C,13,pos,14,CTAACTGTAACCGTCACTGCAGCAACCCTGCTC,1
26C,13,pos,14,CTCACCGTAACAGTCACTGCAGCAACCCTACTT,1
26C,13,pos,14,CTAACTGTAACTGTCACTGCAGCAACCCTACTT,1
26C,13,pos,14,CTCACCGTTACTGTCACCGCAGCAACCCTACTT,1
26C,13,pos,14,CTGACTGTTACTGTCACTGCAGCTACCCTCCTT,1
26C,13,pos,14,CTAACTGTAACCGTCACTGCGGCAACTCTGCTT,1
26C,13,pos,14,CTGACCGTAACAGTCACTGCAGCAACCCTACTT,1
26C,13,pos,14,CTCACCGTCACTGTCACTGCAGCAACCCTACTT,1
26C,13,pos,14,CTAACTGTAACAGTCACTGCAGCAACTCTGCTT,1
26C,13,pos,14,CTAACCGTCACAGTAACTGCAGCTACCCTGCTG,1
26C,13,pos,14,CTAACTGTAACCGTCACTGCAGCAACTCTACTT,1
26C,13,pos,14,CTGACAGTTACTGTCACTGCAGCTACCCTACTT,1
26C,13,pos,14,CTGACCGTTACTGTCACTGCAGCTACCCTACTT,1
26C,13,pos,14,CTAACCGTAACTGTCACTGCAGCAACCCTACTT,1
26C,13,pos,14,CTAACTGTAACAGTCACTGCAGCAACCCTACTT,1
26C,13,pos,14,CTAACCGTAACCGTCACTGCAGCAACCCTACTT,1
26C,13,pos,14,CTGACCGTTACTGTCACTGCAGCAACCCTACTT,1
26C,13,pos,14,CTAACCGTCACAGTAACCGCAGCTACCCTGCTT,1
26C,13,pos,14,CTCACCGTTACAGTAACTGCAGCTACCCTACTT,1
26C,13,pos,14,CTAACCGTCACAGTAACCGCAGCAACCCTACTT,1
26C,13,pos,14,CTGACTGTAACAGTCACTGCAGCAACTCTGCTT,1
26C,13,pos,14,CTTACCGTTACTGTGACTGCAGCAACACTCCTT,1
26C,13,pos,16,CTGACGGTAACAGTGACAGCAGCAACCCTACTT,3141
26C,13,pos,16,CTAACCGTCACAGTAACCGCAGCTACCCTGCTG,21
26C,13,pos,16,CTGACAGTTACCGTTACAGCAGCCACGCTTCTG,2
26C,13,pos,16,CTGACTGTAACAGTGACAGCAGCAACCCTACTT,2
26C,13,pos,16,CTGACGGTAACGGTGACAGCAGCAACCCTACTT,1
26C,13,pos,16,CTGACCGTAACAGTGACAGCAGCAACCCTACTT,1
26C,13,pos,16,CTAACCGTCACAGTAACCGCAGCTACCCTACTT,1
26C,13,pos,16,CTGACGGTAACAGTGACAGCAGCAACTCTACTT,1
26C,13,pos,16,CTGACGGTAACAGTGACAGCAGCAACCCTACTC,1
26C,13,pos,16,CTCACCGTTACTGTCACTGCAGCAACCCTACTT,1
26C,13,pos,16,CTGACGGTAACAGTCACAGCAGCAACCCTACTT,1
26C,13,pos,16,CTGACCGTCACAGTAACAGCAGCTACCCTACTT,1
26C,13,pos,16,CTGACCGTCACAGTAACCGCAGCTACCCTACTT,1
26C,13,pos,17,CTCACCGTTACTGTCACTGCAGCAACCCTACTT,33016
26C,13,pos,17,CTAACCGTCACAGTAACCGCAGCTACCCTGCTG,22
26C,13,pos,17,CTAACTGTAACCGTCACTGCGGCAACTCTGCTC,2
26C,13,pos,17,CTAACCGTCACAGTAACCGCAGCTACCCTGCTT,2
26C,13,pos,17,CTCACCGTTACTGTCACTGCAGCAACTCTACTT,2
26C,13,pos,17,CTCACCGTTACTGTCACTGCAGCAACCCTACTC,2
26C,13,pos,17,CTCACCGTCACAGTAACTGCAGCAACCCTACTT,1
26C,13,pos,17,CTAACGGTAACGGTCACTGCGGCAACCCTCCTT,1
26C,13,pos,17,CTCACTGTTACTGTCACTGCAGCAACCCTACTT,1
26C,13,pos,17,CTCACCGTAACTGTCACTGCAGCAACCCTACTT,1
26C,13,pos,17,CTAACCGTCACAGTAACTGCAGCTACCCTGCTT,1
26C,13,pos,17,CTCACCGTTACTGTCACTGCAGCGACCCTACTT,1
26C,13,pos,17,CTCACCGTTACTGTCACTGCAGCAACCCTGCTT,1
26C,13,pos,17,CTCACCGTTACTGTTACTGCAGCAACCCTACTT,1
26C,13,pos,17,CTCACCGTTACTGTCACCGCAGCAACCCTACTT,1
26C,13,pos,17,CTCACCGTTACAGTCACTGCAGCAACCCTACTT,1
26C,13,pos,17,CTCACCGTCACAGTCACTGCAGCAACCCTACTT,1
26C,13,pos,18,CTCACCGTTACTGTCACTGCAGCAACCCTACTT,8437
26C,13,pos,18,CTAACCGTCACAGTAACCGCAGCTACCCTGCTG,25
26C,13,pos,18,CTCACCGTCACTGTCACTGCAGCAACCCTACTT,4
26C,13,pos,18,CTCACCGTTACAGTAACTGCAGCAACCCTACTT,1
26C,13,pos,18,CTTACAGTGACAGTTACGGCAGCTACACTTCTC,1
26C,13,pos,18,CTCACCGTTACTGTCACTGCAGCAACCCTACTC,1
26C,13,pos,18,CTCACTGTTACTGTCACTGCAGCAACCCTACTT,1
26C,13,pos,18,CTCACCGTTACAGTCACTGCAGCAACCCTACTT,1
26C,13,pos,18,CTAACCGTCACAGTAACTGCAGCTACCCTGCTT,1
26C,13,pos,18,CTAACCGTCACAGTAACCGCAGCTACCCTGCTT,1
26C,13,pos,18,CTCACCGTAACTGTCACTGCAGCAACCCTACTT,1
26C,13,pos,18,CTCACCGTTACTGTCACTGCAGCTACCCTACTT,1
26C,13,pos,18,CTAACCGTCACAGTAACTGCAGCTACCCTACTT,1
26C,13,pos,18,CTCACCGTTACTGTTACTGCAGCAACCCTACTT,1
26C,13,neg,1,CTAACCGTCACAGTAACCGCAGCTACCCTGCTG,23
26C,13,neg,1,CTCACCGTTACTGTCACTGCAGCAACCCTACTT,1
26C,13,neg,2,CTAACTGTAACCGTCACTGCGGCAACTCTGCTC,243
26C,13,neg,2,CTAACCGTCACAGTAACCGCAGCTACCCTGCTG,37
26C,13,neg,2,CTCACCGTTACTGTCACTGCAGCAACCCTACTT,34
26C,13,neg,2,CTGACAGTTACCGTTACAGCAGCCACGCTTCTG,18
26C,13,neg,2,CTGACGGTAACAGTGACAGCAGCAACCCTACTT,10
26C,13,neg,2,CTGACTGTAACAGTAACTGCAGCTACACTTCTT,9
26C,13,neg,2,CTAACTGTAACCGTCACTGCGGCAACTCTGCTT,9
26C,13,neg,2,CTTACTGTCACGGTTACTGCTGCTACACTCCTT,7
26C,13,neg,2,CTAACTGTAACCGTCACTGCAGCAACTCTGCTT,7
26C,13,neg,2,CTCACTGTAACCGTCACTGCGGCAACTCTGCTC,5
26C,13,neg,2,CTAACTGTAACCGTCACTGCAGCAACTCTGCTC,5
26C,13,neg,2,CTGACTGTAACCGTCACTGCAGCAACCCTACTT,4
26C,13,neg,2,CTGACTGTAACAGTCACTGCAGCAACCCTACTT,3
26C,13,neg,2,CTTACAGTTACCGTGACCGCTGCTACGCTACTT,3
26C,13,neg,2,CTAACCGTCACAGTAACTGCAGCTACCCTGCTT,3
26C,13,neg,2,CTCACTGTAACCGTCACTGCAGCAACTCTGCTC,2
26C,13,neg,2,CTCACGGTAACCGTGACAGCAGCAACTCTCCTA,2
26C,13,neg,2,CTAACTGTAACCGTCACTGCAGCAACCCTACTT,2
26C,13,neg,2,CTAACCGTCACAGTAACCGCAGCTACCCTGCTT,2
26C,13,neg,2,CTCACCGTTACCGTCACTGCAGCAACTCTACTC,2
26C,13,neg,2,CTAACTGTAACCGTCACTGCAGCAACTCTACTT,2
26C,13,neg,2,CTCACCGTAACTGTCACTGCAGCAACCCTACTT,2
26C,13,neg,2,CTCACTGTAACCGTCACTGCAGCAACCCTACTT,2
26C,13,neg,2,CTCACTGTCACGGTCACCGCAGCCACACTGCTC,2
26C,13,neg,2,CTCACTGTAACCGTCACTGCAGCAACTCTGCTT,2
26C,13,neg,2,CTCACTGTAACCGTCACTGCAGCAACTCTCCTT,2
26C,13,neg,2,CTGACCGTAACGGTCACCGCGGCAACTCTACTG,1
26C,13,neg,2,CTCACTGTTACTGTCACTGCAGCAACCCTACTT,1
26C,13,neg,2,CTGACTGTAACCGTCACTGCAGCAACACTTCTT,1
26C,13,neg,2,CTGACTGTAACCGTCACTGCAGCAACCCTTCTT,1
26C,13,neg,2,CTAACTGTAACCGTTACTGCGGCAACTCTGCTC,1
26C,13,neg,2,CTAACGGTAACGGTAACGGCGGCAACCCTCCTT,1
26C,13,neg,2,CTCACCGTAACCGTCACAGCAGCAACTCTACTC,1
26C,13,neg,2,CTGACGGTAACAGTGACTGCAGCAACCCTACTT,1
26C,13,neg,2,CTTACTGTAACCGTCACTGCGGCAACTCTGCTT,1
26C,13,neg,2,CTCACTGTTACTGTCACTGCAGCAACCCTACTC,1
26C,13,neg,2,CTGACTGTAACCGTCACTGCAGCTACACTTCTT,1
26C,13,neg,2,CTGACTGTTACTGTCACGGCTGCCACTCTCCTT,1
26C,13,neg,2,CTTACCGTTACTGTGACTGCAGCAACCCTACTT,1
26C,13,neg,2,CTAACGGTAACCGTCACTGCGGCAACCCTGCTC,1
26C,13,neg,2,CTTACCGTTACTGTGACTGCGGCGACACTCCTT,1
26C,13,neg,2,CTGACTGTAACAGTGACTGCAGCAACCCTACTT,1
26C,13,neg,2,CTCACTGTAACCGTCACTGCAGCAACCCTCCTT,1
26C,13,neg,2,CTAACTGTTACCGTCACTGCGGCAACTCTACTT,1
26C,13,neg,2,CTGACCGTCACAGTAACTGCAGCTACCCTACTT,1
26C,13,neg,2,CTGACTGTAACCGTCACTGCAGCAACTCTGCTT,1
26C,13,neg,2,CTGACCGTAACAGTAACCGCAGCTACCCTGCTT,1
26C,13,neg,2,CTAACTGTAACGGTCACTGCGGCAACCCTCCTT,1
26C,13,neg,2,CTCACCGTTACCGTCACTGCAGCAACTCTACTT,1
26C,13,neg,2,CTGACTGTCACAGTAACCGCAGCTACCCTGCTG,1
26C,13,neg,2,CTTACCGTTACTGTCACTGCAGCAACCCTACTT,1
26C,13,neg,2,CTCACCGTTACCGTTACAGCAGCCACTCTACTC,1
26C,13,neg,2,CTAACTGTAACCGTCACTGCAGCAACTCTACTC,1
26C,13,neg,2,CTGACAGTTACTGTCACTGCTGCTACCCTCCTA,1
26C,13,neg,2,CTAACTGTAACAGTAACTGCAGCTACCCTGCTT,1
26C,13,neg,2,CTAACTGTTACCGTCACTGCAGCAACTCTGCTC,1
26C,13,neg,2,CTAACTGTAACAGTAACTGCAGCAACCCTGCTT,1
26C,13,neg,2,CTCACCGTTACCGTCACTGCAGCAACCCTACTT,1
26C,13,neg,2,CTGACTGTAACAGTTACTGCAGCTACACTTCTT,1
26C,13,neg,2,CTGACGGTAACCGTGACAGCAGCAACTCTGCTC,1
26C,13,neg,2,CTCACCGTTACCGTTACTGCAGCAACTCTACTC,1
26C,13,neg,2,CTGACAGTTACCGTTACTGCAGCCACGCTTCTG,1
26C,13,neg,2,CTAACTGTAACCGTCACTGCGGCAACCCTGCTT,1
26C,13,neg,2,CTCACTGTTACCGTCACTGCAGCAACTCTACTT,1
26C,13,neg,2,CTGACTGTAACCGTCACTGCGGCAACTCTGCTC,1
26C,13,neg,2,CTGACTGTCACAGTAACTGCAGCTACACTTCTT,1
26C,13,neg,2,CTGACCGTAACAGTAACTGCAGCTACCCTACTT,1
26C,13,neg,2,CTTACGGTTACTGTTACAGCTGCGACTCTGCTG,1
26C,13,neg,2,CTCACTGTAACCGTCACTGCAGCAACTCTACTT,1
26C,13,neg,2,CTCACTGTAACCGTCACTGCAGCAACTCTTCTT,1
26C,13,neg,2,CTGACTGTAACCGTGACTGCAGCAACTCTGCTT,1
26C,13,neg,2,CTGACAGTTACCGTCACTGCAGCAACGCTACTT,1
26C,13,neg,2,CTGACTGTTACAGTAACTGCTGCTACACTACTG,1
26C,13,neg,3,CTAACCGTCACAGTAACCGCAGCTACCCTGCTG,30
26C,13,neg,3,CTCACCGTTACTGTCACTGCAGCAACCCTACTT,8
26C,13,neg,3,CTGACTGTTACAGTAACTGCTGCTACACTACTG,1
26C,14,pos,1,CTGACGGTAACAGTGACAGCAGCAACCCTACTT,11202
26C,14,pos,1,CTAACCGTCACAGTAACCGCAGCTACCCTGCTG,43
26C,14,pos,1,CTCACGGTAACAGTGACAGCAGCAACCCTACTT,4
26C,14,pos,1,CTGACGGTAACGGTGACAGCAGCAACCCTACTT,2
26C,14,pos,1,CTGACTGTAACAGTGACAGCAGCAACCCTACTT,2
26C,14,pos,1,CTTACGGTAACAGTGACAGCAGCAACCCTACTT,2
26C,14,pos,1,CTGACGGTAACAGTGACAGCAGCAACCCTGCTT,1
26C,14,pos,1,CTGACCGTAACAGTGACAGCAGCAACCCTACTT,1
26C,14,pos,1,CTGACGGTAACAGTGACAGCAGCAACCCTACTC,1
26C,14,pos,1,CTGACGGTAACAGTTACAGCAGCAACCCTACTT,1
26C,14,pos,1,CTAACGGTAACAGTGACAGCAGCAACCCTACTT,1
26C,14,pos,1,CTGACGGTAACAGTGACAGCGGCAACCCTACTT,1
26C,14,pos,2,CTGACGGTAACAGTGACAGCAGCAACCCTACTT,9024
26C,14,pos,2,CTAACCGTCACAGTAACCGCAGCTACCCTGCTG,71
26C,14,pos,2,CTGACGGTAACAGTTACAGCAGCAACCCTACTT,7
26C,14,pos,2,CTCACCGTTACTGTCACTGCAGCAACCCTACTT,2
26C,14,pos,2,CTGACGGTAACAGTGACAGCAGCTACCCTACTT,2
26C,14,pos,2,CTTACGGTAACAGTGACAGCAGCAACCCTACTT,2
26C,14,pos,2,CTCACGGTAACCGTGACAGCAGCAACTCTCCTA,1
26C,14,pos,2,CTGACGGTCACAGTGACAGCAGCAACCCTACTT,1
26C,14,pos,2,CTGACAGTTACCGTTACAGCAGCCACGCTTCTG,1
26C,14,pos,2,CTGACCGTAACAGTAACCGCAGCTACCCTGCTT,1
26C,14,pos,2,CTGACTGTAACAGTGACAGCAGCAACCCTACTT,1
26C,14,pos,2,CTGACGGTAACAGTCACAGCAGCAACCCTACTT,1
26C,14,pos,2,CTGACGGTAACAGTGACGGCAGCAACCCTACTT,1
26C,14,pos,2,CTGACCGTAACAGTAACCGCAGCTACCCTGCTG,1
26C,14,pos,2,CTGACGGTGACAGTGACAGCAGCAACCCTACTT,1
26C,14,pos,2,CTAACCGTCACAGTAACCGCAGCTACCCTGCTA,1
26C,14,pos,2,CTGACGGTAACAGTGACAGCAGCAACCCTACTC,1
26C,14,pos,2,CTAACCGTCACAGTAACCGCAGCTACCCTACTG,1
26C,14,pos,2,CTGACGGTAACAGTGACAGCGGCAACCCTACTT,1
26C,14,pos,2,CTGACGGTAACAGTGACAGCAGCCACCCTACTT,1
26C,14,pos,2,CTCACCGTTACCGTTACAGCAGCCACTCTACTC,1
26C,14,pos,2,CTGACGGTAACAGTGACAGCAGCGACCCTACTT,1
26C,14,pos,2,CTGACAGTTACTGTCACTGCTGCTACCCTCCTA,1
26C,14,pos,2,CTTACCGTTACTGTGACTGCAGCGACACTCCTT,1
26C,14,pos,2,CTGACTGTAACAGTGACAGCAGCAACTCTCCTT,1
26C,14,pos,2,CTGACGGTAACAGTGACAGCTGCAACCCTACTT,1
26C,14,pos,3,CTGACGGTAACAGTGACAGCAGCAACCCTACTT,24095
26C,14,pos,3,CTAACCGTCACAGTAACCGCAGCTACCCTGCTG,55
26C,14,pos,3,CTTACGGTAACAGTGACAGCAGCAACCCTACTT,10
26C,14,pos,3,CTGACTGTAACAGTGACAGCAGCAACCCTACTT,9
26C,14,pos,3,CTGACGGTAACAGTTACAGCAGCAACCCTACTT,6
26C,14,pos,3,CTAACCGTCACAGTAACCGCAGCTACCCTGCTT,4
26C,14,pos,3,CTGACGGTAACAGTGACAGCAGCAACCCTACTC,4
26C,14,pos,3,CTGACGGTAACAGTCACAGCAGCAACCCTACTT,3
26C,14,pos,3,CTGACCGTAACAGTGACAGCAGCAACCCTACTT,2
26C,14,pos,3,CTGACGGTAACAGTGACGGCAGCAACCCTACTT,1
26C,14,pos,3,CTGACCGTAACAGTAACCGCAGCTACCCTGCTG,1
26C,14,pos,3,CTGACAGTTACCGTTACAGCAGCCACGCTACTG,1
26C,14,pos,3,CTAACCGTCACAGTAACTGCAGCTACCCTGCTT,1
26C,14,pos,3,CTGACGGTAACAGTGACAGCAGCGACCCTACTT,1
26C,14,pos,3,CTAACCGTCACAGTAACCGCAGCTACCCTACTT,1
26C,14,pos,3,CTCACTGTAACAGTTACTGCTGCTACTCTACTT,1
26C,14,pos,3,CTGACCGTCACAGTGACAGCAGCTACCCTACTT,1
26C,14,pos,3,CTTACAGTTACCGTTACAGCAGCCACACTCCTG,1
26C,14,pos,3,CTGACGGTTACAGTGACAGCAGCAACCCTACTT,1
26C,14,pos,3,CTGACGGTAACAGTGACAGCAGCAACCCTGCTT,1
26C,14,pos,3,CTGACTGTTACAGTAACTGCTGCTACACTACTG,1
26C,14,pos,3,CTGACGGTCACAGTGACAGCAGCTACCCTACTT,1
26C,14,pos,3,CTGACCGTCACAGTAACAGCAGCTACCCTACTT,1
26C,14,pos,3,CTGACAGTTACCGTTACAGCAGCCACGCTTCTG,1
26C,14,pos,3,CTGACTGTTACAGTTACTGCAGCTACACTTCTT,1
26C,14,pos,3,CTGACGGTAACAGTGACAGCGGCAACCCTACTT,1
26C,14,pos,3,CTGACGGTTACAGTTACAGCAGCAACCCTGCTG,1
26C,14,pos,3,CTGACCGTCACTGTCACTGCCGCCACGCTTCTA,1
26C,14,pos,3,CTAACCGTCACAGTAACAGCAGCTACCCTACTT,1
26C,14,pos,3,CTCACCGTTACCGTTACAGCAGCCACTCTACTC,1
26C,14,pos,4,CTGACGGTAACAGTGACAGCAGCAACCCTACTT,19767
26C,14,pos,4,CTAACCGTCACAGTAACCGCAGCTACCCTGCTG,36
26C,14,pos,4,CTGACGGTAACAGTTACAGCAGCAACCCTACTT,10
26C,14,pos,4,CTAACCGTCACAGTAACCGCAGCTACCCTGCTT,6
26C,14,pos,4,CTGACTGTAACAGTGACAGCAGCAACCCTACTT,6
26C,14,pos,4,CTTACGGTAACAGTGACAGCAGCAACCCTACTT,4
26C,14,pos,4,CTGACGGTAACAGTGACAGCAGCAACTCTACTT,3
26C,14,pos,4,CTGACGGTAACAGTCACAGCAGCAACCCTACTT,2
26C,14,pos,4,CTGACGGTAACTGTGACAGCAGCAACCCTACTT,1
26C,14,pos,4,CTAACCGTCACAGTAACTGCAGCTACCCTGCTT,1
26C,14,pos,4,CTGACCGTAACAGTAACCGCAGCTACCCTGCTT,1
26C,14,pos,4,CTGACGGTAACGGTGACAGCAGCAACCCTACTT,1
26C,14,pos,4,CTGACGGTAACAGTGACAGCAGCGACCCTACTT,1
26C,14,pos,4,CTGACCGTCACAGTAACCGCAGCTACCCTGCTT,1
26C,14,pos,4,CTCACGGTAACAGTGACAGCAGCAACCCTACTT,1
26C,14,pos,4,CTGACCGTAACAGTGACAGCAGCAACCCTACTT,1
26C,14,pos,4,CTGACGGTAACAGTGACAGCAGCAACCCTACTC,1
26C,14,pos,4,CTTACCGTTACTGTGACTGCGGCGACACTCCTT,1
26C,14,pos,4,CTGACGGTAACAGTGACGGCAGCAACCCTACTT,1
26C,14,pos,4,CTCACGGTGACAGTCACCGCAGCTACACTACTG,1
26C,14,pos,4,CTAACCGTCACAGTAACAGCAGCTACCCTGCTT,1
26C,14,pos,4,CTGACGGTAACAGTGACAGCAGCAACCCTACTG,1
26C,14,pos,4,CTGACCGTAACAGTAACTGCAGCTACCCTACTT,1
26C,14,pos,5,CTGACGGTAACAGTGACAGCAGCAACCCTACTT,11284
26C,14,pos,5,CTAACCGTCACAGTAACCGCAGCTACCCTGCTG,53
26C,14,pos,5,CTGACGGTAACAGTGACAGCAGCAACCCTACTC,7
26C,14,pos,5,CTAACCGTCACAGTAACCGCAGCTACCCTGCTT,7
26C,14,pos,5,CTGACTGTAACAGTGACAGCAGCAACCCTACTT,5
26C,14,pos,5,CTGACGGTAACAGTTACAGCAGCAACCCTACTT,3
26C,14,pos,5,CTGACAGTTACCGTTACAGCAGCCACGCTTCTG,2
26C,14,pos,5,CTTACGGTAACAGTGACAGCAGCAACCCTACTT,2
26C,14,pos,5,CTGACGGTAACAGTGACAGCAGCGACCCTACTT,1
26C,14,pos,5,CTAACCGTCACAGTAACCGCAGCTACCCTACTG,1
26C,14,pos,5,CTGACCGTAACAGTAACTGCAGCTACCCTACTT,1
26C,14,pos,5,CTCACCGTTACGGTAACAGCGGCAACACTCCTT,1
26C,14,pos,5,CTGACGGTAACAGTGACAGCAGCTACCCTACTT,1
26C,14,pos,5,CTGACGGTAACAGTAACAGCAGCTACCCTACTT,1
26C,14,pos,5,CTGACGGTAACAGTGACAGCAGCAACTCTACTT,1
26C,14,pos,5,CTGACGGTAACAGTAACAGCAGCAACCCTACTT,1
26C,14,pos,5,CTGACCGTCACAGTAACCGCAGCTACCCTACTT,1
26C,14,pos,5,CTGACGGTAACAGTCACAGCAGCAACCCTACTT,1
26C,14,pos,5,CTGACGGTAACAGTGACTGCAGCAACCCTACTT,1
26C,14,pos,5,CTGACGGTAACAGTGACGGCAGCAACCCTACTT,1
26C,14,pos,5,CTTACCGTTACTGTGACTGCGGCGACACTCCTT,1
26C,14,pos,6,CTGACGGTGACAGTGACAGCAGCAACCCTACTT,23451
26C,14,pos,6,CTAACCGTCACAGTAACCGCAGCTACCCTGCTG,40
26C,14,pos,6,CTTACGGTGACAGTGACAGCAGCAACCCTACTT,8
26C,14,pos,6,CTGACTGTGACAGTGACAGCAGCAACCCTACTT,7
26C,14,pos,6,CTGACGGTGACAGTGACAGCAGCAACCCTACTC,6
26C,14,pos,6,CTAACCGTCACAGTAACCGCAGCTACCCTGCTT,5
26C,14,pos,6,CTGACCGTGACAGTGACAGCAGCAACCCTACTT,4
26C,14,pos,6,CTGACGGTGACAGTTACAGCAGCAACCCTACTT,3
26C,14,pos,6,CTGACAGTGACAGTGACAGCAGCAACCCTACTT,3
26C,14,pos,6,CTCACGGTGACAGTGACAGCAGCAACCCTACTT,2
26C,14,pos,6,CTGACGGTGACAGTGACAGCAGCAACTCTACTT,2
26C,14,pos,6,CTGACGGTGACGGTGACAGCAGCAACCCTACTT,2
26C,14,pos,6,CTGACGGTGACAGTGACAGCAGCTACCCTACTT,2
26C,14,pos,6,CTGACCGTCACAGTAACCGCAGCTACCCTACTT,2
26C,14,pos,6,CTGACGGTCACAGTAACAGCAGCTACCCTACTT,2
26C,14,pos,6,CTGACCGTCACAGTAACCGCAGCTACCCTGCTT,2
26C,14,pos,6,CTGACGGTGACAGTGACGGCAGCAACCCTACTT,2
26C,14,pos,6,CTGACGGTAACGGTAACGGCAGCAACCCTCCTT,1
26C,14,pos,6,CTAACCGTCACAGTAACAGCAGCAACCCTCCTT,1
26C,14,pos,6,CTGACGGTGACAGTGACAGCGGCAACCCTACTT,1
26C,14,pos,6,CTGACTGTCACAGTAACTGCAGCTACCCTGCTT,1
26C,14,pos,6,CTGACGGTGACAGTCACAGCAGCAACCCTACTT,1
26C,14,pos,6,CTGACGGTCACAGTGACAGCAGCAACCCTACTT,1
26C,14,pos,6,CTGACCGTCACAGTAACTGCAGCTACCCTACTT,1
26C,14,pos,6,CTTACCGTTACTGTGACTGCAGCGACACTCCTT,1
26C,14,pos,6,CTGACGGTAACAGTGACAGCAGCAACCCTACTT,1
26C,14,pos,6,CTAACCGTCACAGTAACCGCAGCTACCCTACTT,1
26C,14,pos,6,CTGACCGTCACAGTAACAGCAGCTACCCTACTT,1
26C,14,pos,6,CTGACAGTTACCGTTACAGCAGCCACGCTTCTT,1
26C,14,pos,6,CTGACGGTGACAGTGACAGCAGCAACCCTGCTT,1
26C,14,pos,7,CTGACGGTAACAGTGACAGCAGCAACCCTACTT,25152
26C,14,pos,7,CTAACCGTCACAGTAACCGCAGCTACCCTGCTG,30
26C,14,pos,7,CTTACGGTAACAGTGACAGCAGCAACCCTACTT,7
26C,14,pos,7,CTGACGGTAACAGTTACAGCAGCAACCCTACTT,5
26C,14,pos,7,CTGACTGTAACAGTGACAGCAGCAACCCTACTT,4
26C,14,pos,7,CTGACGGTAACAGTCACAGCAGCAACCCTACTT,4
26C,14,pos,7,CTCACGGTAACAGTGACAGCAGCAACCCTACTT,3
26C,14,pos,7,CTCACCGTTACAGTCACTGCAGCAACCCTACTT,2
26C,14,pos,7,CTGACGGTAACAGTGACTGCAGCAACCCTACTT,2
26C,14,pos,7,CTGACGGTAACAGTGACAGCAGCAACTCTACTT,2
26C,14,pos,7,CTGACCGTAACAGTGACAGCAGCAACCCTACTT,2
26C,14,pos,7,CTAACCGTCACAGTAACCGCAGCTACCCTGCTT,2
26C,14,pos,7,CTGACAGTAACAGTGACAGCAGCAACCCTACTT,2
26C,14,pos,7,CTGACCGTCACAGTAACCGCAGCTACCCTGCTT,2
26C,14,pos,7,CTGACGGTAACAGTGACAGCAGCAACCCTACTC,2
26C,14,pos,7,CTGACGGTTACAGTGACAGCAGCAACCCTACTT,1
26C,14,pos,7,CTGACGGTAACAGTGACAGCAGCTACCCTACTT,1
26C,14,pos,7,CTGACGGTAACAGTGACAGCAGCAACCCTGCTT,1
26C,14,pos,7,CTGACGGTAACAGTGACAGCAGCGACCCTACTT,1
26C,14,pos,7,CTTACAGTTACGGTCACTGCAGCCACGCTTCTC,1
26C,14,pos,7,CTAACGGTAACAGTGACAGCAGCAACCCTACTT,1
26C,14,pos,7,CTGACCGTAACAGTAACAGCAGCAACCCTACTT,1
26C,14,pos,7,CTGACGGTAACAGTAACAGCAGCAACCCTACTT,1
26C,14,pos,7,CTCACTGTAACAGTTACTGCTGCTACTCTACTT,1
26C,14,pos,7,CTGACCGTCACAGTAACAGCAGCTACCCTACTT,1
26C,14,pos,7,CTGACGGTAACAGTGACAGCGGCAACCCTACTT,1
26C,14,pos,7,CTGACGGTGACAGTGACAGCAGCAACCCTACTT,1
26C,14,pos,7,CTGACGGTCACAGTGACAGCAGCAACCCTACTT,1
26C,14,pos,7,CTGACAGTTACCGTTACAGCAGCCACGCTTCTG,1
26C,14,pos,7,CTTACCGTTACTGTGACTGCGGCGACACTCCTT,1
26C,14,pos,8,CTGACGGTAACAGTGACAGCAGCAACCCTACTT,10296
26C,14,pos,8,CTAACCGTCACAGTAACCGCAGCTACCCTGCTG,55
26C,14,pos,8,CTGACTGTAACAGTGACAGCAGCAACCCTACTT,5
26C,14,pos,8,CTGACGGTAACAGTTACAGCAGCAACCCTACTT,5
26C,14,pos,8,CTAACCGTCACAGTAACCGCAGCTACCCTGCTT,4
26C,14,pos,8,CTGACGGTAACAGTGACAGCAGCAACCCTACTC,3
26C,14,pos,8,CTTACGGTAACAGTGACAGCAGCAACCCTACTT,2
26C,14,pos,8,CTCACCGTTACTGTCACTGCAGCAACCCTACTT,2
26C,14,pos,8,CTAACCGTCACAGTAACCGCAGCAACCCTACTT,1
26C,14,pos,8,CTGACGGTAACAGTCACAGCAGCAACCCTACTT,1
26C,14,pos,8,CTCACCGTAACCGTCACAGCTGCTACGCTGCTT,1
26C,14,pos,8,CTGACCGTCACAGTAACCGCAGCTACCCTGCTT,1
26C,14,pos,8,CTGACCGTAACAGTGACAGCAGCAACCCTACTT,1
26C,14,pos,8,CTAACGGTAACAGTGACAGCAGCAACCCTACTT,1
26C,14,pos,8,CTAACCGTCACAGTAACAGCAGCTACCCTGCTG,1
26C,14,pos,8,CTGACGGTGACAGTGACAGCAGCAACCCTACTT,1
26C,14,pos,8,CTTACCGTTACTGTGACTGCGGCGACACTCCTT,1
26C,14,pos,8,CTGACGGTAACAGTGACAGCAGCAACCCTACTA,1
26C,14,pos,8,CTCACTGTAACAGTTACTGCAGCTACTCTACTT,1
26C,14,pos,8,CTGACGGTAACGGTGACAGCAGCAACCCTACTT,1
26C,14,pos,8,CTAACAGTCACAGTAACCGCAGCTACCCTGCTG,1
26C,14,pos,8,CTGACCGTCACAGTAACCGCAGCTACCCTACTT,1
26C,14,pos,9,CTGACGGTAACAGTGACAGCAGCAACCCTACTT,6422
26C,14,pos,9,CTAACCGTCACAGTAACCGCAGCTACCCTGCTG,42
26C,14,pos,9,CTGACGGTAACAGTTACAGCAGCAACCCTACTT,3
26C,14,pos,9,CTGACGGTAACAGTGACAGCAGCAACCCTACTC,2
26C,14,pos,9,CTTACAGTTACCGTTACAGCAGCCACACTCCTG,2
26C,14,pos,9,CTAACCGTAACAGTAACCGCAGCTACCCTGCTT,2
26C,14,pos,9,CTTACCGTTACTGTGACTGCGGCGACACTCCTT,1
26C,14,pos,9,CTGACGGTAACAGTCACAGCAGCTACCCTTCTT,1
26C,14,pos,9,CTAACCGTAACAGTAACTGCAGCTACCCTGCTT,1
26C,14,pos,9,CTGACGGTAACAGTCACAGCAGCAACCCTACTT,1
26C,14,pos,9,CTGACGGTTACAGTGACAGCAGCAACCCTACTT,1
26C,14,pos,9,CTCACGGTAACAGTGACAGCAGCAACCCTACTT,1
26C,14,pos,9,CTGACCGTAACAGTGACAGCAGCAACCCTACTT,1
26C,14,pos,9,CTCACCGTTACTGTCACTGCAGCAACCCTACTT,1
26C,14,pos,9,CTGACCGTCACAGTAACCGCAGCTACCCTGCTG,1
26C,14,pos,9,CTGACCGTAACAGTAACAGCAGCTACCCTACTT,1
26C,14,pos,9,CTGACGGTAACAGTAACCGCAGCTACCCTACTT,1
26C,14,pos,9,CTGACTGTAACAGTGACAGCAGCAACCCTACTT,1
26C,14,pos,10,CTGACGGTAACAGTGACAGCAGCAACCCTACTT,15869
26C,14,pos,10,CTAACCGTCACAGTAACCGCAGCTACCCTGCTG,58
26C,14,pos,10,CTGACTGTTACGGTTACAGCAGCAACCCTACTC,13
26C,14,pos,10,CTGACTGTAACAGTGACAGCAGCAACCCTACTT,6
26C,14,pos,10,CTGACTGTAACAGTTACAGCAGCAACCCTACTT,5
26C,14,pos,10,CTTACGGTAACAGTGACAGCAGCAACCCTACTT,4
26C,14,pos,10,CTGACGGTAACAGTTACAGCAGCAACCCTACTT,4
26C,14,pos,10,CTGACTGTAACGGTTACAGCAGCAACCCTACTC,3
26C,14,pos,10,CTGACGGTAACGGTGACAGCAGCAACCCTACTT,3
26C,14,pos,10,CTCACGGTAACAGTGACAGCAGCAACCCTACTT,2
26C,14,pos,10,CTGACTGTAACGGTTACAGCAGCAACCCTACTT,2
26C,14,pos,10,CTGACGGTAACAGTGACAGCAGCAACCCTACTC,2
26C,14,pos,10,CTGACGGTAACAGTCACAGCAGCAACCCTACTT,1
26C,14,pos,10,CTGACTGTTACGGTTACAGCAGCAACCCTACTT,1
26C,14,pos,10,CTGACAGTAACAGTGACAGCAGCAACCCTACTT,1
26C,14,pos,10,CTGACAGTTACTGTCACTGCTGCTACCCTCCTA,1
26C,14,pos,10,CTGACGGTAACAGTAACAGCAGCAACCCTACTT,1
26C,14,pos,10,CTGACGGTAACAGTGACGGCAGCAACCCTACTT,1
26C,14,pos,10,CTAACCGTCACAGTAACCGCAGCTACCCTACTG,1
26C,14,pos,10,CTGACGGTAACAGTGACTGCAGCAACCCTACTT,1
26C,14,pos,10,CTGACCGTAACAGTAACCGCAGCTACCCTGCTT,1
26C,14,pos,10,CTGACCGTAACGGTCACCGCGGCAACTCTACTG,1
26C,14,pos,10,CTGACTGTTACAGTTACAGCAGCAACCCTACTT,1
26C,14,pos,10,CTGACTGTTACAGTAACTGCTGCTACACTACTG,1
26C,14,pos,10,CTGACAGTTACCGTTACAGCAGCCACGCTTCTG,1
26C,14,pos,10,CTTACAGTTACCGTTACAGCAGCCACACTCCTG,1
26C,14,pos,10,CTCACCGTTACTGTCACTGCAGCAACCCTACTT,1
26C,14,pos,10,CTGACTGTTACAGTTACAGCAGCAACCCTACTC,1
26C,14,pos,10,CTCACGGTAACCGTGACAGCAGCAACTCTCCTA,1
26C,14,pos,11,CTGACGGTAACAGTGACAGCAGCAACCCTACTT,4420
26C,14,pos,11,CTAACCGTCACAGTAACCGCAGCTACCCTGCTG,40
26C,14,pos,11,CTGACTGTTACGGTTACAGCAGCAACCCTACTC,22
26C,14,pos,11,CTGACTGTTACAGTTACAGCAGCAACCCTACTT,3
26C,14,pos,11,CTGACTGTTACGGTTACAGCAGCAACCCTACTT,3
26C,14,pos,11,CTGACGGTGACAGTGACAGCAGCAACCCTACTT,2
26C,14,pos,11,CTGACGGTAACAGTGACGGCAGCAACCCTACTT,2
26C,14,pos,11,CTGACGGTAACAGTGACAGCGGCAACCCTACTT,2
26C,14,pos,11,CTGACCGTCACTGTCACTGCCGCCACGCTTCTA,1
26C,14,pos,11,CTGACCGTAACGGTCACCGCGGCAACTCTACTG,1
26C,14,pos,11,CTGACGGTAACAGTCACAGCAGCAACCCTACTT,1
26C,14,pos,11,CTGACCGTAACAGTGACAGCAGCTACCCTACTT,1
26C,14,pos,11,CTGACTGTAACAGTTACAGCAGCAACCCTACTT,1
26C,14,pos,11,CTGACGGTAACAGTGACAGCAGCAACCCTACTC,1
26C,14,pos,11,CTGACTGTTACAGTAACTGCTGCTACACTACTG,1
26C,14,pos,11,CTAACCGTCACAGTAACCGCAGCTACCCTGCTT,1
26C,14,pos,11,CTGACTGTTACAGTTACAGCAGCAACCCTACTC,1
26C,14,pos,11,CTGACTGTAACGGTTACAGCAGCAACCCTACTT,1
26C,14,pos,12,CTGACGGTAACAGTGACAGCAGCAACCCTACTT,5410
26C,14,pos,12,CTAACCGTCACAGTAACCGCAGCTACCCTGCTG,35
26C,14,pos,12,CTGACTGTTACGGTTACAGCAGCAACCCTACTT,15
26C,14,pos,12,CTGACTGTTACGGTTACAGCAGCAACCCTACTC,10
26C,14,pos,12,CTGACTGTAACAGTGACAGCAGCAACCCTACTT,6
26C,14,pos,12,CTGACTGTAACGGTTACAGCAGCAACCCTACTT,6
26C,14,pos,12,CTGACTGTAACAGTTACAGCAGCAACCCTACTT,4
26C,14,pos,12,CTGACGGTAACAGTTACAGCAGCAACCCTACTT,2
26C,14,pos,12,CTTACGGTAACAGTGACAGCAGCAACCCTACTT,2
26C,14,pos,12,CTGACCGTAACAGTAACAGCAGCTACCCTACTT,2
26C,14,pos,12,CTAACCGTCACAGTAACCGCAGCTACCCTGCTT,1
26C,14,pos,12,CTGACGGTAACAGTGACAGCAGCTACCCTACTT,1
26C,14,pos,12,CTGACTGTTACAGTAACTGCTGCTACACTACTG,1
26C,14,pos,12,CTGACGGTAACAGTCACAGCAGCAACCCTACTT,1
26C,14,pos,12,CTGACGGTAACGGTGACAGCAGCAACCCTACTT,1
26C,14,pos,12,CTGACTGTTACAGTTACAGCAGCAACCCTACTT,1
26C,14,pos,12,CTGACGGTAACAGTGACAGCAGCAACCCTACTC,1
26C,14,pos,12,CTAACCGTAACTGTGACGGCTGCAACGCTTCTG,1
26C,14,pos,12,CTGACCGTAACGGTCACCGCGGCAACTCTACTG,1
26C,14,pos,13,CTGACGGTAACAGTGACAGCAGCAACCCTACTT,4273
26C,14,pos,13,CTAACCGTCACAGTAACCGCAGCTACCCTGCTG,26
26C,14,pos,13,CTGACTGTTACGGTTACAGCAGCAACCCTACTC,11
26C,14,pos,13,CTGACGGTAACGGTGACAGCAGCAACCCTACTT,2
26C,14,pos,13,CTAACCGTCACAGTAACCGCAGCTACCCTGCTT,2
26C,14,pos,13,CTGACTGTAACAGTGACAGCAGCAACCCTACTT,2
26C,14,pos,13,CTGACGGTAACAGTGACAGCAGCAACCCTACTC,2
26C,14,pos,13,CTGACGGTAACAGTGACAGCGGCAACCCTACTT,2
26C,14,pos,13,CTGACTGTTACAGTTACAGCAGCAACCCTACTT,2
26C,14,pos,13,CTGACAGTCACAGTGACTGCCGCGACTCTTCTT,2
26C,14,pos,13,CTGACTGTTACGGTTACAGCAGCAACCCTACTT,2
26C,14,pos,13,CTGACTGTTACAGTTACTGCAGCAACCCTACTT,1
26C,14,pos,13,CTGACTGTTACTGTCACGGCTGCCACTCTCCTT,1
26C,14,pos,13,CTGACCGTCACAGTAACCGCAGCTACCCTGCTT,1
26C,14,pos,13,CTGACGGTAACAGTCACAGCAGCAACCCTACTT,1
26C,14,pos,13,CTAACGGTAACGGTAACAGCAGCAACCCTACTT,1
26C,14,pos,13,CTGACTGTTACAGTAACTGCTGCTACACTACTG,1
26C,14,pos,13,CTTACGGTAACAGTGACAGCAGCAACCCTACTT,1
26C,14,pos,13,CTGACCGTAACGGTCACCGCAGCAACTCTACTG,1
26C,14,pos,13,CTGACGGTAACAGTTACAGCAGCAACCCTACTT,1
26C,14,pos,14,CTGACGGTAACAGTGACAGCAGCAACCCTACTT,5143
26C,14,pos,14,CTAACCGTCACAGTAACCGCAGCTACCCTGCTG,32
26C,14,pos,14,CTGACTGTTACGGTTACAGCAGCAACCCTACTT,12
26C,14,pos,14,CTGACTGTTACGGTTACAGCAGCAACCCTACTC,7
26C,14,pos,14,CTGACGGTAACAGTGACAGCAGCAACCCTACTC,4
26C,14,pos,14,CTGACTGTAACAGTTACAGCAGCAACCCTACTT,2
26C,14,pos,14,CTCACCGTTACTGTCACTGCAGCAACCCTACTT,1
26C,14,pos,14,CTGACCGTAACAGTAACAGCAGCTACCCTACTT,1
26C,14,pos,14,CTGACCGTCACAGTAACAGCAGCTACCCTACTT,1
26C,14,pos,14,CTGACGGTAACAGTAACAGCAGCAACCCTACTT,1
26C,14,pos,14,CTGACGGTAACAGTTACAGCAGCAACCCTACTT,1
26C,14,pos,14,CTAACCGTAACTGTGACGGCTGCAACGCTTCTG,1
26C,14,pos,14,CTGACCGTAACGGTCACCGCAGCAACTCTACTG,1
26C,14,pos,14,CTGACCGTAACAGTGACAGCAGCAACCCTACTT,1
26C,14,pos,14,CTTACGGTAACAGTGACAGCAGCAACCCTACTT,1
26C,14,pos,14,CTGACTGTTACAGTTACAGCAGCAACCCTACTT,1
26C,14,pos,14,CTCACGGTAACAGTGACAGCAGCAACCCTACTT,1
26C,14,pos,14,CTGACGGTAACAGTGACGGCAGCAACCCTACTT,1
26C,14,pos,14,CTGACTGTTACAGTAACTGCTGCTACACTACTG,1
26C,14,pos,14,CTAACCGTCACAGTAACCGCAGCTACCCTGCTT,1
26C,14,pos,15,CTGACGGTAACAGTGACAGCAGCAACCCTACTT,4056
26C,14,pos,15,CTAACCGTCACAGTAACCGCAGCTACCCTGCTG,33
26C,14,pos,15,CTGACTGTTACGGTTACAGCAGCAACCCTACTT,12
26C,14,pos,15,CTGACTGTTACGGTTACAGCAGCAACCCTACTC,8
26C,14,pos,15,CTGACGGTAACAGTGACAGCAGCAACCCTACTC,3
26C,14,pos,15,CTAACCGTCACAGTAACCGCAGCTACCCTGCTT,2
26C,14,pos,15,CTAACCGTCACGGTAACCGCAGCTACCCTGCTG,2
26C,14,pos,15,CTGACGGTAACGGTGACAGCAGCAACCCTACTT,2
26C,14,pos,15,CTGACGGTTACAGTGACAGCAGCAACCCTACTT,2
26C,14,pos,15,CTGACTGTAACAGTGACAGCAGCAACCCTACTT,2
26C,14,pos,15,CTGACTGTTACAGTTACAGCAGCAACCCTACTT,2
26C,14,pos,15,CTGACTGTAACAGTTACAGCAGCAACCCTACTT,2
26C,14,pos,15,CTAACCGTCACAGTAACTGCAGCTACCCTGCTT,1
26C,14,pos,15,CTGACCGTAACGGTCACCGCGGCAACTCTACTG,1
26C,14,pos,15,CTAACCGTCACAGTAACCGCAGCTACCCTACTT,1
26C,14,pos,15,CTGACTGTTACAGTAACTGCTGCTACACTACTG,1
26C,14,pos,15,CTGACGGTAACAGTGACAGCAGCAACCCTGCTT,1
26C,14,pos,15,CTGACGGTAACAGTGACGGCAGCAACCCTACTT,1
26C,14,pos,15,CTTACGGTAACAGTGACAGCAGCAACCCTACTT,1
26C,14,pos,15,CTCACGGTAACAGTGACAGCAGCAACCCTACTT,1
26C,14,pos,15,CTGACAGTTACCGTTACAGCAGCCACGCTTCTG,1
26C,14,pos,15,CTGACGGTAACAGTTACAGCAGCAACCCTACTT,1
26C,14,pos,16,CTGACGGTAACAGTGACAGCAGCAACCCTACTT,3940
26C,14,pos,16,CTAACCGTCACAGTAACCGCAGCTACCCTGCTG,31
26C,14,pos,16,CTGACTGTTACGGTTACAGCAGCAACCCTACTC,5
26C,14,pos,16,CTGACAGTAACAGTGACAGCAGCAACCCTACTT,2
26C,14,pos,16,CTTACGGTAACAGTGACAGCAGCAACCCTACTT,2
26C,14,pos,16,CTGACGGTAACAGTGACGGCAGCAACCCTACTT,1
26C,14,pos,16,CTGACTGTAACAGTTACAGCAGCAACCCTACTT,1
26C,14,pos,16,CTGACTGTTACAGTAACTGCTGCTACACTACTG,1
26C,14,pos,16,CTGACGGTAACAGTTACAGCAGCAACCCTACTT,1
26C,14,pos,16,CTGACCGTAACAGTGACAGCAGCAACCCTACTT,1
26C,14,pos,16,CTGACGGTAACAGTAACAGCAGCAACCCTACTT,1
26C,14,pos,16,CTGACGGTAACAGTGACCGCAGCCACTCTTCTT,1
26C,14,pos,16,CTGACCGTCACAGTAACCGCAGCTACCCTACTT,1
26C,14,pos,16,CTGACTGTAACAGTGACAGCAGCAACCCTACTT,1
26C,14,pos,16,CTGACTGTTACGGTTACAGCAGCAACCCTACTT,1
26C,14,pos,17,CTGACGGTAACAGTGACAGCAGCAACCCTACTT,7514
26C,14,pos,17,CTAACCGTCACAGTAACCGCAGCTACCCTGCTG,51
26C,14,pos,17,CTGACTGTAACAGTTACAGCAGCAACCCTACTT,8
26C,14,pos,17,CTGACTGTTACGGTTACAGCAGCAACCCTACTC,4
26C,14,pos,17,CTGACTGTAACAGTGACAGCAGCAACCCTACTT,3
26C,14,pos,17,CTGACGGTAACAGTTACAGCAGCAACCCTACTT,2
26C,14,pos,17,CTGACGGTAACAGTCACAGCAGCAACCCTACTT,2
26C,14,pos,17,CTTACGGTAACAGTGACAGCAGCAACCCTACTT,2
26C,14,pos,17,CTGACTGTTACGGTTACAGCAGCAACCCTACTT,2
26C,14,pos,17,CTGACTGTTACAGTTACAGCAGCAACCCTACTC,1
26C,14,pos,17,CTGACGGTAACAGTGACGGCAGCAACCCTACTT,1
26C,14,pos,17,CTGACAGTTACCGTTACAGCAGCCACGCTTCTG,1
26C,14,pos,17,CTGACTGTTACAGTAACTGCTGCTACACTACTG,1
26C,14,pos,17,CTGACGGTAACAGTGACAGCAGCAACTCTACTT,1
26C,14,pos,17,CTGACGGTAACAGTGACAGCAGCAACCCTACTG,1
26C,14,pos,18,CTGACGGTAACAGTGACAGCAGCAACCCTACTT,25086
26C,14,pos,18,CTAACCGTCACAGTAACCGCAGCTACCCTGCTG,38
26C,14,pos,18,CTTACGGTAACAGTGACAGCAGCAACCCTACTT,5
26C,14,pos,18,CTGACGGTAACAGTGACAGCAGCAACCCTACTC,4
26C,14,pos,18,CTGACGGTAACAGTGACAGCAGCAACTCTACTT,2
26C,14,pos,18,CTGACGGTAACGGTGACAGCAGCAACCCTACTT,2
26C,14,pos,18,CTAACCGTCACAGTAACCGCAGCTACCCTACTG,2
26C,14,pos,18,CTAACCGTCACAGTAACCGCAGCTACCCTGCTT,2
26C,14,pos,18,CTGACGGTAACTGTGACAGCAGCAACCCTACTT,1
26C,14,pos,18,CTGACTGTAACAGTGACAGCAGCAACCCTACTT,1
26C,14,pos,18,CTGACGGTGACAGTGACAGCAGCAACCCTACTT,1
26C,14,pos,18,CTAACGGTAACAGTAACCGCAGCAACCCTGCTT,1
26C,14,pos,18,CTGACGGTAACAGTCACAGCAGCAACCCTACTT,1
26C,14,pos,18,CTGACTGTCACAGTCACCGCAGCTACCCTTCTT,1
26C,14,pos,18,CTCACGGTAACCGTGACAGCAGCAACTCTCCTA,1
26C,14,pos,18,CTGACAGTAACAGTGACAGCAGCAACCCTACTT,1
26C,14,pos,18,CTGACGGTAACAGTGACAGCAGCAACCCTACTA,1
26C,14,pos,18,CTCACGGTAACAGTGACAGCAGCAACCCTACTT,1
26C,14,pos,18,CTAACCGTAACAGTAACCGCAGCTACCCTGCTG,1
26C,14,pos,18,CTGACAGTTACTGTCACTGCTGCTACCCTCCTA,1
26C,14,neg,1,CTGACGGTAACAGTGACAGCAGCAACCCTACTT,656
26C,14,neg,1,CTAACCGTCACAGTAACCGCAGCTACCCTGCTG,35
26C,14,neg,1,CTCACCGTTACTGTCACTGCAGCAACCCTACTT,3
26C,14,neg,1,CTGACGGTAACAGTGACAGCAGCGACCCTACTT,1
26C,14,neg,1,CTAACCGTCACAGTAACCGCAGCTACCCTGCTT,1
26C,14,neg,1,CTTACCGTTACTGTGACTGCGGCGACACTCCTT,1
26C,14,neg,1,CTGACCGTAACAGTGACAGCAGCAACCCTACTT,1
26C,14,neg,2,CTAACCGTCACAGTAACCGCAGCTACCCTGCTG,45
26C,14,neg,2,CTGACGGTAACAGTGACAGCAGCAACCCTACTT,2
26C,14,neg,2,CTCACCGTTACTGTCACTGCAGCAACCCTACTT,2
26C,14,neg,2,CTAACCGTCACAGTAACCGCAGCTACCCTGCTT,1
26C,14,neg,3,CTAACCGTCACAGTAACCGCAGCTACCCTGCTG,26
26C,14,neg,3,CTAACCGTCACGGTAACCGCAGCTACCCTGCTG,4
26C,14,neg,3,CTGACGGTGACAGTGACAGCAGCAACCCTACTT,2
26C,14,neg,3,CTAACCGTCACAGTAACCGCAGCTACCCTGCTT,1
30C,2,pos,1,CTGACTGTAACAGTAACTGCAGCTACACTTCTT,5648
30C,2,pos,1,CTAACCGTCACAGTAACCGCAGCTACCCTGCTG,40
30C,2,pos,1,CTAACCGTCACAGTAACCGCAGCTACCCTGCTT,3
30C,2,pos,1,CTTACTGTAACAGTAACTGCAGCTACACTTCTT,3
30C,2,pos,1,CTGACTGTAACAGTAACTGCAGCTACTCTTCTT,3
30C,2,pos,1,CTGACTGTAACAGTAACTGCAGCTACACTTCTC,2
30C,2,pos,1,CTGACCGTAACAGTAACTGCAGCTACACTTCTT,2
30C,2,pos,1,CTGACTGTAACAGTAACTGCTGCTACACTTCTT,1
30C,2,pos,1,CTAACCGTCACAGTAACTGCAGCTACCCTGCTT,1
30C,2,pos,1,CTCACTGTCACTGTCACCGCAGCTACTCTTCTT,1
30C,2,pos,1,CTGACCGTCACAGTAACTGCAGCTACCCTGCTT,1
30C,2,pos,2,CTGACTGTAACAGTAACTGCAGCTACACTTCTT,35479
30C,2,pos,2,CTAACCGTCACAGTAACCGCAGCTACCCTGCTG,11
30C,2,pos,2,CTGACCGTAACAGTAACTGCAGCTACCCTGCTT,3
30C,2,pos,2,CTAACCGTCACAGTAACTGCAGCTACCCTGCTT,3
30C,2,pos,2,CTGACCGTAACAGTAACTGCAGCTACCCTTCTT,2
30C,2,pos,2,CTTACTGTAACAGTAACTGCAGCTACACTTCTT,1
30C,2,pos,2,CTGACCGTCACAGTAACTGCAGCTACCCTGCTT,1
30C,2,pos,2,CTGACTGTAACAGTAACTGCAGCTACACTACTT,1
30C,2,pos,2,CTGACTGTAACAGTAACTGCAGCCACACTTCTT,1
30C,2,pos,2,CTGACTGTAACAGTAACTGCAGCTACACTCCTT,1
30C,2,pos,2,CTAACCGTCACAGTAACCGCAGCTACCCTGCTT,1
30C,2,pos,2,CTGACCGTAACAGTAACTGCAGCTACCCTACTT,1
30C,2,pos,2,CTGACTGTAACAGTAACTGCAGCTACCCTTCTT,1
30C,2,pos,3,CTGACTGTAACAGTAACTGCAGCTACACTTCTT,25482
30C,2,pos,3,CTAACCGTCACAGTAACCGCAGCTACCCTGCTG,24
30C,2,pos,3,CTGACTGTAACAGTAACTGCAGCTACACTTCTC,4
30C,2,pos,3,CTGACTGTAACAGTAACTGCAGCTACACTCCTT,3
30C,2,pos,3,CTTACTGTAACAGTAACTGCAGCTACACTTCTT,3
30C,2,pos,3,CTGACTGTAACAGTAACTGCAGCTACCCTTCTT,3
30C,2,pos,3,CTGACCGTAACAGTAACTGCAGCTACACTTCTT,2
30C,2,pos,3,CTAACCGTCACAGTAACCGCAGCTACCCTGCTT,2
30C,2,pos,3,CTGACTGTAACAGTAACTGCAGCCACACTTCTT,2
30C,2,pos,3,CTGACTGTAACAGTAACGGCAGCTACACTTCTT,2
30C,2,pos,3,CTGACTGTCACAGTAACTGCAGCTACCCTGCTT,2
30C,2,pos,3,CTCACTGTAACAGTAACTGCAGCTACACTTCTT,1
30C,2,pos,3,CTGACTGTGACAGTAACTGCAGCTACACTTCTT,1
30C,2,pos,3,CTGACGGTAACAGTAACTGCAGCTACACTTCTT,1
30C,2,pos,3,CTGACTGTAACAGTAACTGCAGCTACTCTTCTT,1
30C,2,pos,3,CTGACTGTAACAGTAACTGCGGCTACACTTCTT,1
30C,2,pos,3,CTGACCGTCACAGTAACTGCAGCTACCCTGCTT,1
30C,2,pos,3,CTGACTGTAACAGTAACTGCAGCTACCCTACTT,1
30C,2,pos,3,CTGACTGTAACAGTCACTGCAGCTACACTTCTT,1
30C,2,pos,3,CTGACTGTTACAGTAACTGCTGCTACACTACTG,1
30C,2,pos,4,CTGACTGTAACAGTAACTGCAGCTACACTTCTT,8727
30C,2,pos,4,CTAACCGTCACAGTAACCGCAGCTACCCTGCTG,40
30C,2,pos,4,CTTACTGTAACAGTAACTGCAGCTACACTTCTT,5
30C,2,pos,4,CTGACCGTAACAGTAACCGCAGCTACCCTGCTT,3
30C,2,pos,4,CTGACTGTTACAGTAACTGCAGCTACACTTCTT,2
30C,2,pos,4,CTGACTGTAACAGTAACTGCAGCTACCCTTCTT,1
30C,2,pos,4,CTGACCGTAACAGTAACTGCAGCTACCCTGCTT,1
30C,2,pos,4,CTGACTGTAACAGTTACTGCAGCTACACTTCTT,1
30C,2,pos,4,CTGACTGTAACAGTAACTGCAGCTACCCTGCTT,1
30C,2,pos,4,CTCACCGTTACTGTCACTGCAGCAACCCTACTT,1
30C,2,pos,4,CTGACTGTAACAGTAACTGCAGCTACACTTCTC,1
30C,2,pos,4,CTAACCGTCACAGTAACCGCAGCTACCCTGCTT,1
30C,2,pos,4,CTCACTGTAACAGTAACTGCAGCTACACTTCTT,1
30C,2,pos,4,CTGACCGTAACAGTAACTGCAGCTACACTTCTT,1
30C,2,pos,4,CTGACAGTTACCGTTACAGCAGCCACGCTTCTG,1
30C,2,pos,5,CTGACTGTAACAGTAACTGCAGCTACACTTCTT,3391
30C,2,pos,5,CTAACCGTCACAGTAACCGCAGCTACCCTGCTG,34
30C,2,pos,5,CTGACTGTAACAGTAACTGCAGCTACACTTCTC,1
30C,2,pos,5,CTGACCGTAACAGTAACTGCAGCTACACTTCTT,1
30C,2,pos,5,CTGACTGTAACAGTAACCGCAGCTACACTTCTT,1
30C,2,pos,5,CTGACGGTAACAGTAACTGCAGCTACACTTCTT,1
30C,2,pos,5,CTAACTGTAACAGTAACTGCAGCTACACTTCTT,1
30C,2,pos,6,CTGACTGTAACAGTAACTGCAGCTACACTTCTT,5191
30C,2,pos,6,CTAACCGTCACAGTAACCGCAGCTACCCTGCTG,68
30C,2,pos,6,CTTACTGTAACAGTAACTGCAGCTACACTTCTT,2
30C,2,pos,6,CTGACTGTAACAGTAACTGCAGCTACACTTCTC,2
30C,2,pos,6,CTGACTGTAACAGTAACTGCAGCTACCCTACTT,2
30C,2,pos,6,CTCACTGTAACAGTAACTGCAGCTACACTTCTT,2
30C,2,pos,6,CTGACTGTAACAGTAACTGCAGCTACACTCCTT,1
30C,2,pos,6,CTGACTGTAACAGTGACTGCAGCTACACTTCTT,1
30C,2,pos,6,CTGACAGTTACCGTTACAGCAGCCACGCTTCTG,1
30C,2,pos,6,CTGACTGTAACAGTAACAGCAGCTACACTCCTT,1
30C,2,pos,6,CTGACTGTAACAGTAACTGCAGCCACACTTCTT,1
30C,2,pos,6,CTCACCGTTACTGTCACTGCAGCAACCCTACTT,1
30C,2,pos,6,CTCACCGTTACCGTTACAGCAGCCACTCTACTC,1
30C,2,pos,6,CTTACTGTTACGGTAACCGCAGCCACGCTCCTT,1
30C,2,pos,6,CTTACTGTTACGGTAACTGCAGCCACGCTCCTT,1
30C,2,pos,6,CTAACCGTCACAGTAACCGCAGCTACCCTGCTT,1
30C,2,pos,6,CTAACCGTAACTGTAACAGCGGCCACGCTCCTA,1
30C,2,pos,7,CTGACTGTAACAGTAACTGCAGCTACACTTCTT,13905
30C,2,pos,7,CTAACCGTCACAGTAACCGCAGCTACCCTGCTG,41
30C,2,pos,7,CTGACTGTAACAGTAACTGCAGCCACACTTCTT,3
30C,2,pos,7,CTCACTGTAACAGTAACTGCAGCTACACTTCTT,3
30C,2,pos,7,CTGACTGTAACAGTAACTGCAGCTACACTTCTC,2
30C,2,pos,7,CTGACTGTAACAGTAACAGCAGCTACACTTCTT,2
30C,2,pos,7,CTGACTGTAACGGTAACTGCAGCTACACTTCTT,2
30C,2,pos,7,CTGACTGTAACAGTAACTGCCGCTACACTTCTT,2
30C,2,pos,7,CTAACCGTAACAGTAACCGCAGCTACCCTGCTT,1
30C,2,pos,7,CTCACCGTTACTGTCACTGCAGCAACCCTACTT,1
30C,2,pos,7,CTTACTGTAACAGTAACTGCAGCTACACTTCTT,1
30C,2,pos,7,CTAACCGTCACAGTAACCGCAGCTACCCTTCTG,1
30C,2,pos,7,CTGACTGTAACAGTAACTGCAGCTACACTCCTT,1
30C,2,pos,7,CTGACTGTGACAGTAACTGCAGCTACACTTCTT,1
30C,2,pos,7,CTGACTGTCACAGTAACTGCAGCTACCCTGCTT,1
30C,2,pos,7,CTGACTGTCACAGTAACTGCAGCTACACTTCTT,1
30C,2,pos,7,CTGACTGTAACCGTAACTGCAGCTACACTTCTT,1
30C,2,pos,7,CTAACCGTCACAGTAACCGCAGCTACCCTGCTT,1
30C,2,pos,7,CTGACGGTAACAGTAACTGCAGCTACACTTCTT,1
30C,2,pos,7,CTGACTGTAACAGTAACTGCGGCTACACTTCTT,1
30C,2,pos,7,CTTACTGTTACGGTAACCGCAGCCACGCTCCTT,1
30C,2,pos,8,CTGACTGTAACAGTAACTGCAGCTACACTTCTT,8421
30C,2,pos,8,CTAACCGTCACAGTAACCGCAGCTACCCTGCTG,32
30C,2,pos,8,CTGACTGTAACAGTAACTGCAGCTACACTTCTC,3
30C,2,pos,8,CTGACTGTAACAGTAACTGCAGCTACCCTTCTT,2
30C,2,pos,8,CTAACCGTCACAGTAACTGCAGCTACCCTGCTT,2
30C,2,pos,8,CTCACTGTAACAGTAACTGCAGCTACACTTCTT,2
30C,2,pos,8,CTGACCGTAACAGTAACTGCAGCTACCCTGCTT,2
30C,2,pos,8,CTCACCGTCACAGTAACTGCAGCTACCCTGCTT,1
30C,2,pos,8,CTCACCGTTACTGTCACTGCAGCAACCCTACTT,1
30C,2,pos,8,CTGACTGTTACAGTTACTGCAGCTACACTTCTT,1
30C,2,pos,8,CTGACTGTAACAGTGACTGCAGCTACACTTCTT,1
30C,2,pos,8,CTGACTGTAACGGTAACTGCAGCTACACTTCTT,1
30C,2,pos,8,CTAACTGTAACAGTAACTGCAGCTACACTTCTT,1
30C,2,pos,8,CTGACCGTAACAGTAACTGCAGCTACCCTTCTT,1
30C,2,pos,8,CTTACTGTTACGGTAACTGCAGCCACGCTCCTT,1
30C,2,pos,8,CTGACTGTAACAGTAACTGCAGCTACGCTTCTT,1
30C,2,pos,8,CTTACTGTTACGGTAACCGCAGCCACGCTCCTT,1
30C,2,pos,9,CTGACTGTAACAGTAACTGCAGCTACACTTCTT,24107
30C,2,pos,9,CTAACCGTCACAGTAACCGCAGCTACCCTGCTG,34
30C,2,pos,9,CTTACTGTAACAGTAACTGCAGCTACACTTCTT,9
30C,2,pos,9,CTGACTGTGACAGTAACTGCAGCTACACTTCTT,7
30C,2,pos,9,CTGACTGTAACAGTAACTGCAGCCACACTTCTT,5
30C,2,pos,9,CTGACTGTAACAGTAACTGCAGCTACCCTTCTT,3
30C,2,pos,9,CTAACCGTCACAGTAACCGCAGCTACCCTGCTT,3
30C,2,pos,9,CTGACTGTAACGGTAACTGCAGCTACACTTCTT,3
30C,2,pos,9,CTGACTGTAACAGTAACTGCAGCTACACTTCTC,2
30C,2,pos,9,CTGACCGTAACAGTAACCGCAGCTACCCTGCTT,2
30C,2,pos,9,CTGACTGTAACAGTGACTGCAGCTACACTTCTT,2
30C,2,pos,9,CTCACTGTAACAGTAACTGCAGCTACACTTCTT,2
30C,2,pos,9,CTGACCGTAACAGTAACTGCAGCTACACTTCTT,2
30C,2,pos,9,CTGACTGTAACAGTAACTGCAGCTACGCTTCTT,1
30C,2,pos,9,CTCACCGTTACTGTCACTGCAGCAACCCTACTT,1
30C,2,pos,9,CTAACTGTAACAGTAACTGCAGCTACACTTCTT,1
30C,2,pos,9,CTGACCGTCACAGTAACTGCAGCTACCCTTCTT,1
30C,2,pos,9,CTGACAGTAACCGTTACAGCCGCTACTCTGCTT,1
30C,2,pos,9,CTGACTGTAACAGTAACTGCAGCTACACTCCTT,1
30C,2,pos,9,CTGACTGTAACAGTAACCGCAGCTACCCTGCTG,1
30C,2,pos,9,CTGACTGTTACAGTAACTGCAGCTACACTTCTT,1
30C,2,pos,9,CTGACTGTCACAGTAACTGCAGCTACCCTGCTT,1
30C,2,pos,9,CTAACCGTCACAGTAACTGCAGCTACCCTGCTT,1
30C,2,pos,9,CTGACTGTAACAGTTACTGCAGCTACACTACTT,1
30C,2,pos,10,CTGACTGTAACAGTAACTGCAGCTACACTTCTT,7780
30C,2,pos,10,CTAACCGTCACAGTAACCGCAGCTACCCTGCTG,40
30C,2,pos,10,CTAACCGTCACAGTAACTGCAGCTACCCTGCTT,5
30C,2,pos,10,CTAACCGTCACAGTAACCGCAGCTACCCTGCTT,3
30C,2,pos,10,CTCACCGTTACTGTCACTGCAGCAACCCTACTT,3
30C,2,pos,10,CTGACTGTAACAGTAACTGCAGCTACACTTCTC,2
30C,2,pos,10,CTAACCGTCACAGTAACTGCAGCTACCCTGCTG,2
30C,2,pos,10,CTGACTGTAACAGTAACTGCAGCTACACTCCTT,2
30C,2,pos,10,CTGACCGTAACAGTAACTGCAGCTACCCTTCTT,2
30C,2,pos,10,CTTACTGTAACAGTAACTGCAGCTACACTTCTT,2
30C,2,pos,10,CTCACTGTAACAGTAACTGCAGCTACACTTCTT,2
30C,2,pos,10,CTGACCGTCACAGTAACTGCAGCTACCCTTCTT,1
30C,2,pos,10,CTGACTGTAACGGTAACTGCAGCTACACTTCTT,1
30C,2,pos,10,CTGACAGTTACCGTTACAGCAGCCACGCTTCTG,1
30C,2,pos,10,CTGACTGTAACAGTAACTGCAGCCACACTTCTT,1
30C,2,pos,10,CTGACCGTCACAGTAACTGCAGCTACCCTGCTT,1
30C,2,pos,10,CTAACGGTAACGGTAACTGCAGCAACCCTCCTT,1
30C,2,pos,10,CTTACTGTTACGGTAACTGCAGCCACGCTCCTT,1
30C,2,pos,10,CTGACTGTAACAGTAACTGCAGCGACACTTCTT,1
30C,2,pos,10,CTGACCGTAACAGTAACTGCAGCTACCCTGCTT,1
30C,2,pos,11,CTGACTGTAACAGTAACTGCAGCTACACTTCTT,8320
30C,2,pos,11,CTAACCGTCACAGTAACCGCAGCTACCCTGCTG,43
30C,2,pos,11,CTGACTGTAACAGTAACTGCAGCTACACTTCTC,4
30C,2,pos,11,CTTACTGTAACAGTAACTGCAGCTACACTTCTT,3
30C,2,pos,11,CTCACCGTTACTGTCACTGCAGCAACCCTACTT,3
30C,2,pos,11,CTGACTGTAACAGTGACTGCAGCTACACTTCTT,2
30C,2,pos,11,CTCACTGTAACAGTAACTGCAGCTACACTTCTT,2
30C,2,pos,11,CTGACAGTTACCGTTACAGCAGCCACGCTTCTG,2
30C,2,pos,11,CTTACTGTTACGGTAACCGCAGCCACGCTCCTT,2
30C,2,pos,11,CTAACCGTCACAGTAACCGCAGCTACCCTGCTT,2
30C,2,pos,11,CTGACCGTCACAGTAACCGCAGCTACCCTGCTT,1
30C,2,pos,11,CTGACTGTAACAGTAACTGCAGCCACACTTCTT,1
30C,2,pos,11,CTGACTGTAACAGTAACTGCAGCAACCCTCCTT,1
30C,2,pos,11,CTAACCGTAACTGTAACAGCAGCCACGCTCCTT,1
30C,2,pos,11,CTGACTGTAACAGTAACTGCAGCTACACTCCTT,1
30C,2,pos,11,CTGACTGTGACAGTAACTGCAGCTACACTTCTT,1
30C,2,pos,11,CTGACTGTAACGGTAACTGCAGCTACACTTCTT,1
30C,2,pos,11,CTGACTGTAACAGTAACTGCGGCTACACTTCTT,1
30C,2,pos,11,CTGACTGTAACAGTAACCGCAGCTACACTTCTT,1
30C,2,pos,12,CTGACTGTAACAGTAACTGCAGCTACACTTCTT,17753
30C,2,pos,12,CTAACCGTCACAGTAACCGCAGCTACCCTGCTG,30
30C,2,pos,12,CTGACTGTAACAGTAACTGCAGCTACACTCCTT,8
30C,2,pos,12,CTGACTGTAACAGTAACTGCAGCTACACTTCTC,4
30C,2,pos,12,CTGACCGTAACAGTAACTGCAGCTACACTTCTT,3
30C,2,pos,12,CTGACTGTAACAGTAACTGCAGCCACACTTCTT,3
30C,2,pos,12,CTGACTGTAACAGTAACTGCAGCTACCCTTCTT,2
30C,2,pos,12,CTTACTGTAACAGTAACTGCAGCTACACTTCTT,2
30C,2,pos,12,CTCACTGTAACAGTAACTGCAGCTACACTTCTT,2
30C,2,pos,12,CTAACCGTAACAGTAACCGCAGCTACCCTGCTG,1
30C,2,pos,12,CTGACGGTAACAGTGACAGCAGCAACCCTACTT,1
30C,2,pos,12,CTCACCGTTACAGTTACAGCAGCCACTCTACTT,1
30C,2,pos,12,CTGACTGTGACAGTAACTGCAGCTACACTTCTT,1
30C,2,pos,12,CTGACTGTAACAGTAACAGCAGCAACCCTCCTT,1
30C,2,pos,12,CTGACTGTAACAGTAACTGCGGCTACACTTCTT,1
30C,2,pos,12,CTGACTGTAACAGTGACTGCAGCTACACTTCTT,1
30C,2,pos,12,CTGACTGTAACAGTAACTGCAGCTACTCTTCTT,1
30C,2,pos,13,CTGACTGTAACAGTAACTGCAGCTACACTTCTT,11217
30C,2,pos,13,CTAACCGTCACAGTAACCGCAGCTACCCTGCTG,25
30C,2,pos,13,CTCACTGTAACAGTAACTGCAGCTACACTTCTT,5
30C,2,pos,13,CTGACTGTGACAGTAACTGCAGCTACACTTCTT,3
30C,2,pos,13,CTTACTGTAACAGTAACTGCAGCTACACTTCTT,2
30C,2,pos,13,CTGACGGTAACAGTGACAGCAGCAACCCTACTT,2
30C,2,pos,13,CTGACAGTAACCGTTACAGCCGCTACTCTGCTT,1
30C,2,pos,13,CTGACTGTAACAGTAACTGCAGCCACACTTCTT,1
30C,2,pos,13,CTGACCGTAACAGTAACTGCAGCTACACTTCTT,1
30C,2,pos,13,CTGACTGTAACAGTAACTGCAGCTACACTTCTC,1
30C,2,pos,15,CTGACTGTAACAGTAACTGCAGCTACACTTCTT,12769
30C,2,pos,15,CTAACCGTCACAGTAACCGCAGCTACCCTGCTG,23
30C,2,pos,15,CTGACTGTAACAGTAACTGCAGCTACACTTCTC,3
30C,2,pos,15,CTGACTGTAACAGTAACTGCAGCTACCCTTCTT,3
30C,2,pos,15,CTAACCGTAACAGTAACCGCAGCTACCCTGCTT,2
30C,2,pos,15,CTTACTGTAACAGTAACTGCAGCTACACTTCTT,2
30C,2,pos,15,CTGACTGTAACAGTAACTGCAGCCACACTTCTT,2
30C,2,pos,15,CTGACTGTAACAGTAACCGCAGCTACACTTCTT,2
30C,2,pos,15,CTGACTGTAACAGTGACTGCAGCTACACTTCTT,1
30C,2,pos,15,CTAACTGTAACAGTAACTGCAGCTACACTTCTT,1
30C,2,pos,15,CTGACTGTGACAGTAACTGCAGCTACACTTCTT,1
30C,2,pos,15,CTGACAGTAACCGTTACAGCAGCTACTCTGCTT,1
30C,2,pos,15,CTGACTGTAACAGTAACTGCAGCTACACTACTT,1
30C,2,pos,15,CTAACCGTCACAGTAACCGCAGCTACCCTGCTT,1
30C,2,pos,15,CTGACTGTAACCGTTACAGCAGCTACTCTGCTT,1
30C,2,pos,15,CTTACTGTAACAGTTACTGCTGCTACACTTCTT,1
30C,2,pos,15,CTCACCGTTACTGTCACTGCAGCAACCCTACTT,1
30C,2,pos,15,CTGACTGTAACAGTAACTGCAGCAACACTTCTT,1
30C,2,pos,15,CTGACCGTAACAGTAACTGCAGCTACACTTCTT,1
30C,2,pos,15,CTGACTGTAACAGTAACTGCAGCTACGCTTCTT,1
30C,2,pos,15,CTGACTGTAACAGTTACTGCAGCTACACTCCTT,1
30C,2,pos,15,CTGACTGTAACGGTAACTGCAGCTACACTTCTT,1
30C,2,pos,15,CTGACGGTAACAGTGACAGCAGCAACCCTACTT,1
30C,2,pos,16,CTGACTGTAACAGTAACTGCAGCTACACTTCTT,12243
30C,2,pos,16,CTAACCGTCACAGTAACCGCAGCTACCCTGCTG,27
30C,2,pos,16,CTGACTGTAACGGTAACTGCAGCTACACTTCTT,3
30C,2,pos,16,CTGACTGTAACAGTAACTGCAGCTACACTCCTT,2
30C,2,pos,16,CTAACTGTAACAGTAACTGCAGCTACACTTCTT,1
30C,2,pos,16,CTGACTGTAACCGTTACTGCAGCTACACTGCTT,1
30C,2,pos,16,CTGACTGTAACAGTAACTGCAGCTACACTTCTC,1
30C,2,pos,16,CTGACTGTAACAGTAACTGCGGCTACACTTCTT,1
30C,2,pos,16,CTGACTGTAACAGTAACTGCAGCTACCCTTCTT,1
30C,2,pos,16,CTCACTGTAACAGTAACTGCAGCTACACTTCTT,1
30C,2,pos,16,CTAACCGTCACAGTAACCGCAGCTACCCTGCTT,1
30C,2,pos,16,CTGACTGTGACAGTAACTGCAGCTACACTTCTT,1
30C,2,pos,16,CTGACGGTAACAGTGACAGCAGCAACCCTACTT,1
30C,2,pos,16,CTGACTGTAACAGTGACTGCAGCTACACTTCTT,1
30C,2,pos,16,CTGACTGTAACCGTAACTGCAGCTACACTTCTT,1
30C,2,pos,16,CTGACTGTAACAGTAACGGCAGCTACACTTCTT,1
30C,2,pos,17,CTGACTGTAACAGTAACTGCAGCTACACTTCTT,10132
30C,2,pos,17,CTAACCGTCACAGTAACCGCAGCTACCCTGCTG,29
30C,2,pos,17,CTGACTGTAACAGTAACTGCAGCTACACTCCTT,6
30C,2,pos,17,CTTACTGTAACAGTAACTGCAGCTACACTTCTT,3
30C,2,pos,17,CTGACTGTAACAGTAACTGCAGCTACACTTCTC,3
30C,2,pos,17,CTAACCGTCACAGTAACCGCAGCTACCCTGCTT,2
30C,2,pos,17,CTGACAGTAACCGTTACAGCCGCTACTCTGCTT,2
30C,2,pos,17,CTGACTGTAACCGTTACAGCAGCTACTCTACTT,1
30C,2,pos,17,CTCACTGTAACAGTAACTGCAGCTACACTTCTT,1
30C,2,pos,17,CTGACCGTAACAGTAACTGCAGCTACACTTCTT,1
30C,2,pos,17,CTGACTGTAACAGTAACTGCAGCTACACTACTT,1
30C,2,pos,17,CTGACTGTAACAGTAACGGCAGCTACACTTCTT,1
30C,2,pos,17,CTGACTGTTACAGTAACTGCAGCTACACTTCTT,1
30C,2,pos,17,CTGACTGTAACGGTAACTGCAGCTACACTTCTT,1
30C,2,pos,17,CTGACGGTAACAGTGACAGCAGCAACCCTACTT,1
30C,2,pos,17,CTGACAGTAACCGTTACAGCAGCTACTCTGCTT,1
30C,2,pos,17,CTGACTGTAACAGTAACCGCAGCTACACTTCTT,1
30C,2,pos,17,CTGACAGTAACAGTTACAGCAGCTACTCTGCTT,1
30C,2,pos,18,CTGACTGTAACAGTAACTGCAGCTACACTTCTT,12305
30C,2,pos,18,CTAACCGTAACTGTAACAGCGGCCACGCTCCTA,90
30C,2,pos,18,CTAACCGTCACAGTAACCGCAGCTACCCTGCTG,35
30C,2,pos,18,CTTACTGTAACAGTAACTGCAGCTACACTTCTT,5
30C,2,pos,18,CTGACTGTAACGGTAACTGCAGCTACACTTCTT,3
30C,2,pos,18,CTGACTGTAACAGTAACTGCAGCTACACTTCTC,3
30C,2,pos,18,CTGACTGTAACTGTAACTGCAGCTACACTTCTT,2
30C,2,pos,18,CTCACCGTCACAGTAACTGCAGCTACCCTGCTT,1
30C,2,pos,18,CTGACTGTAACAGTAACTGCAGCCACACTTCTT,1
30C,2,pos,18,CTAACTGTAACAGTAACTGCAGCTACACTTCTT,1
30C,2,pos,18,CTGACTGTAACCGTTACTGCAGCTACACTTCTT,1
30C,2,pos,18,CTGACTGTAACAGTAACTGCAGCTACACTCCTT,1
30C,2,pos,18,CTGACTGTAACAGTAACTGCAGCTACACTGCTT,1
30C,2,pos,18,CTGACTGTAACAGTGACTGCAGCAACCCTACTT,1
30C,2,pos,18,CTGACGGTAACCGTGACAGCAGCAACTCTACTT,1
30C,2,pos,18,CTGACTGTAACAGTTACTGCAGCTACACTTCTT,1
30C,2,pos,18,CTGACTGTAACAGTAACTGCAGCAACACTTCTT,1
30C,2,pos,18,CTGACTGTTACGGTTACAGCAGCAACCCTACTC,1
30C,2,pos,18,CTCACCGTTACTGTCACTGCAGCAACCCTACTT,1
30C,2,pos,18,CTGACTGTAACAGTCACTGCAGCTACACTTCTT,1
30C,2,pos,18,CTAACCGTAACAGTAACCGCAGCTACCCTGCTG,1
30C,2,pos,18,CTGACAGTAACCGTTACAGCAGCTACTCTACTT,1
30C,2,pos,18,CTGACAGTAACCGTTACAGCAGCTACTCTGCTT,1
30C,2,pos,18,CTGACTGTAACAGTAACTGCAGCTACTCTTCTT,1
30C,2,neg,1,CTGACTGTAACAGTAACTGCAGCTACACTTCTT,76
30C,2,neg,1,CTAACCGTCACAGTAACCGCAGCTACCCTGCTG,31
30C,2,neg,1,CTGACGGTAACAGTGACAGCAGCAACCCTACTT,1
30C,2,neg,2,CTAACCGTCACAGTAACCGCAGCTACCCTGCTG,37
30C,2,neg,2,CTGACTGTAACAGTAACTGCAGCTACACTTCTT,9
30C,2,neg,3,CTAACCGTCACAGTAACCGCAGCTACCCTGCTG,25
30C,2,neg,3,CTAACCGTCACAGTAACCGCAGCTACCCTACTG,1
30C,2,neg,3,CTGACTGTAACAGTAACTGCAGCTACACTTCTT,1
30C,2,neg,3,CTCACCGTTACTGTCACTGCAGCAACCCTACTT,1
30C,2,neg,3,CTTACAGTTACCGTTACAGCAGCCACACTCCTG,1
30C,3,pos,1,CTTACTGTCACGGTTACTGCTGCTACACTCCTT,7674
30C,3,pos,1,CTAACCGTCACAGTAACCGCAGCTACCCTGCTG,40
30C,3,pos,1,CTAACCGTCACAGTAACCGCAGCTACCCTGCTT,2
30C,3,pos,1,CTTACTGTCACGGTTACTGCTGCTACACTCCTC,2
30C,3,pos,1,CTTACCGTCACGGTTACTGCTGCTACACTCCTT,2
30C,3,pos,1,CTGACAGTAACCGTTACAGCAGCTACTCTGCTT,1
30C,3,pos,1,CTTACTGTCACGGTTACTGCTGCTACACTTCTT,1
30C,3,pos,1,CTTACTGTCACAGTTACTGCTGCTACACTCCTT,1
30C,3,pos,1,CTTACTGTCACGGTTACCGCTGCTACACTCCTT,1
30C,3,pos,1,CTGACCGTAACCGTTACAGCAGCTACTCTACTT,1
30C,3,pos,1,CTAACCGTAACTGTGACGGCAGCAACGCTTCTG,1
30C,3,pos,2,CTTACTGTCACGGTTACTGCTGCTACACTCCTT,26994
30C,3,pos,2,CTAACCGTCACAGTAACCGCAGCTACCCTGCTG,18
30C,3,pos,2,CTTACTGTCACGGTTACTGCTGCTACACTCCTC,4
30C,3,pos,2,CTTACTGTCACGGTTACTGCAGCTACACTCCTT,3
30C,3,pos,2,CTTACTGTCACGGTTACTGCTGCCACACTCCTT,2
30C,3,pos,2,CTAACCGTCACAGTAACTGCAGCTACCCTGCTT,2
30C,3,pos,2,CTTACTGTCACGGTTACTGCCGCTACACTCCTT,2
30C,3,pos,2,CTAACCGTCACAGTAACCGCAGCTACCCTGCTT,2
30C,3,pos,2,CTTACTGTCACGGTCACTGCTGCTACACTCCTT,2
30C,3,pos,2,CTTACTGTCACGGTTACTGCAGCTACCCTCCTT,2
30C,3,pos,2,CTTACTGTCACGGTTACGGCTGCTACACTCCTT,2
30C,3,pos,2,CTGACTGTCACGGTTACTGCAGCTACCCTACTT,1
30C,3,pos,2,CTGACAGTAACCGTTACAGCAGCTACTCTGCTT,1
30C,3,pos,2,CTTACTGTCACAGTAACTGCAGCTACCCTCCTT,1
30C,3,pos,2,CTAACTGTCACAGTAACTGCAGCTACCCTGCTT,1
30C,3,pos,2,CTTACTGTCACGGTTACTGCTGCTACACTCCTG,1
30C,3,pos,2,CTGACAGTAACCGTTACAGCCGCTACTCTGCTT,1
30C,3,pos,2,CTTACTGTCACGGTTACTGCTGCTACCCTCCTT,1
30C,3,pos,2,CTTACTGTCACTGTTACTGCTGCTACACTCCTT,1
30C,3,pos,2,CTTACAGTTACCGTTACAGCAGCCACACTCCTT,1
30C,3,pos,2,CTCACTGTCACGGTTACTGCTGCTACACTCCTT,1
30C,3,pos,2,CTTACTGTCACGGTTACCGCTGCTACACTCCTT,1
30C,3,pos,2,CTTACTGTCACAGTTACTGCTGCTACACTCCTT,1
30C,3,pos,3,CTTACTGTCACGGTTACTGCTGCTACACTCCTT,4683
30C,3,pos,3,CTAACCGTCACAGTAACCGCAGCTACCCTGCTG,24
30C,3,pos,3,CTTACTGTCACGGTTACTGCTGCCACACTCCTT,4
30C,3,pos,3,CTGACTGTTACAGTAACTGCTGCTACACTACTG,3
30C,3,pos,3,CTTACTGTCACGGTTACTGCCGCTACACTCCTT,2
30C,3,pos,3,CTAACCGTCACAGTAACCGCAGCTACCCTGCTT,2
30C,3,pos,3,CTCACCGTTACTGTCACTGCAGCAACCCTACTT,1
30C,3,pos,3,CTTACCGTCACGGTTACTGCTGCTACACTCCTT,1
30C,3,pos,3,CTGACAGTAACCGTTACAGCAGCTACTCTGCTT,1
30C,3,pos,3,CTCACCGTCACAGTAACTGCAGCTACCCTGCTT,1
30C,3,pos,3,CTGACTGTAACGGTTACTGCCGCTACACTCCTT,1
30C,3,pos,3,CTTACTGTCACGGTTACTGCTGCTACGCTCCTT,1
30C,3,pos,3,CTGACTGTAACCGTTACTGCTGCTACACTCCTT,1
30C,3,pos,3,CTAACCGTCACAGTAACTGCAGCTACCCTGCTT,1
30C,3,pos,3,CTGACAGTAACCGTTACTGCAGCTACTCTGCTT,1
30C,3,pos,4,CTTACTGTCACGGTTACTGCTGCTACACTCCTT,6485
30C,3,pos,4,CTAACCGTCACAGTAACCGCAGCTACCCTGCTG,23
30C,3,pos,4,CTAACCGTCACAGTAACCGCAGCTACCCTGCTT,3
30C,3,pos,4,CTAACCGTCACAGTAACTGCAGCTACCCTGCTT,1
30C,3,pos,4,CTGACTGTTACAGTAACTGCTGCTACACTACTG,1
30C,3,pos,4,CTGACAGTAACCGTTACAGCAGCTACTCTGCTT,1
30C,3,pos,4,CTTACTGTCACGGTTACTGCTGCTACACTACTT,1
30C,3,pos,4,CTTACTGTCACTGTTACTGCTGCTACACTCCTT,1
30C,3,pos,4,CTTACCGTCACGGTTACTGCTGCTACACTCCTT,1
30C,3,pos,4,CTTACTGTCACGGTTACTGCTGCTACACTCCTC,1
30C,3,pos,4,CTGACTGTAACGGTTACTGCTGCTACACTCCTT,1
30C,3,pos,4,CTCACCGTTACCGTTACAGCAGCCACTCTACTC,1
30C,3,pos,4,CTTACAGTTACCGTTACAGCAGCCACACTCCTG,1
30C,3,pos,4,CTGACTGTAACCGTTACTGCAGCTACCCTGCTT,1
30C,3,pos,4,CTTACTGTCACGGTTACTGCTGCCACACTCCTT,1
30C,3,pos,5,CTTACTGTCACGGTTACTGCTGCTACACTCCTT,7921
30C,3,pos,5,CTAACCGTCACAGTAACCGCAGCTACCCTGCTG,35
30C,3,pos,5,CTTACTGTCACAGTTACTGCAGCTACCCTCCTT,2
30C,3,pos,5,CTTACTGTCACTGTTACTGCTGCTACACTCCTT,2
30C,3,pos,5,CTTACTGTCACGGTTACTGCAGCTACACTCCTT,2
30C,3,pos,5,CTTACTGTCACGGTTACTGCTGCTACCCTCCTT,2
30C,3,pos,5,CTTACTGTCACAGTTACTGCTGCTACACTCCTT,2
30C,3,pos,5,CTAACCGTCACAGTAACCGCAGCTACCCTGCTT,2
30C,3,pos,5,CTGACTGTAACGGTTACTGCAGCTACACTCCTT,1
30C,3,pos,5,CTTACTGTCACGGTTACTGCTGCTACACTCCTC,1
30C,3,pos,5,CTCACCGTCACAGTAACTGCAGCTACCCTACTT,1
30C,3,pos,5,CTGACAGTAACCGTTACAGCAGCTACTCTACTT,1
30C,3,pos,5,CTTACTGTCACGGTTACTGCCGCTACACTCCTT,1
30C,3,pos,5,CTGACTGTTACGGTTACAGCAGCAACCCTACTT,1
30C,3,pos,5,CTGACTGTAACCGTTACAGCAGCTACTCTACTT,1
30C,3,pos,5,CTAACCGTCACAGTAACTGCAGCTACCCTGCTT,1
30C,3,pos,5,CTGACAGTTACCGTTACAGCAGCCACGCTTCTT,1
30C,3,pos,5,CTGACAGTAACCGTTACAGCAGCTACCCTACTT,1
30C,3,pos,5,CTTACAGTTACCGTTACAGCAGCCACACTCCTG,1
30C,3,pos,5,CTTACCGTCACGGTTACTGCTGCTACACTCCTT,1
30C,3,pos,5,CTTACTGTCACGGTTACTGCTGCGACACTCCTT,1
30C,3,pos,6,CTTACTGTCACGGTTACTGCTGCTACACTCCTT,5220
30C,3,pos,6,CTAACCGTCACAGTAACCGCAGCTACCCTGCTG,23
30C,3,pos,6,CTAACCGTCACAGTAACTGCAGCTACCCTGCTT,1
30C,3,pos,6,CTAACCGTCACGGTAACCGCAGCTACCCTTCTG,1
30C,3,pos,6,CTTACTGTTACGGTTACTGCTGCTACACTCCTT,1
30C,3,pos,6,CTTACTGTCACGGTTACCGCTGCTACACTCCTT,1
30C,3,pos,6,CTAACCGTCACAGTAACCGCAGCTACCCTGCTT,1
30C,3,pos,6,CTTACTGTCACGGTTACTGCTGCTACACTCCTC,1
30C,3,pos,6,CTGACAGTTACCGTTACAGCAGCCACGCTTCTG,1
30C,3,pos,7,CTTACTGTCACGGTTACTGCTGCTACACTCCTT,5812
30C,3,pos,7,CTAACCGTCACAGTAACCGCAGCTACCCTGCTG,38
30C,3,pos,7,CTAACCGTCACAGTAACCGCAGCTACCCTGCTT,4
30C,3,pos,7,CTTACTGTCACGGTTACTGCAGCTACACTCCTT,2
30C,3,pos,7,CTTACTGTCACGGTCACTGCTGCTACACTCCTT,2
30C,3,pos,7,CTTACTGTCACGGTTACTGCTGCTACACTCCTC,2
30C,3,pos,7,CTGACGGTAACCGTTACAGCAGCTACTCTGCTT,1
30C,3,pos,7,CTGACGGTAACAGTGACAGCAGCAACCCTACTT,1
30C,3,pos,7,CTGACAGTAACCGTTACAGCAGCTACTCTGCTT,1
30C,3,pos,7,CTTACTGTCACAGTAACCGCAGCTACCCTGCTG,1
30C,3,pos,7,CTAACCGTAACTGTGACGGCTGCAACGCTTCTG,1
30C,3,pos,7,CTGACTGTAACGGTTACTGCTGCTACACTCCTT,1
30C,3,pos,7,CTTACTGTCACAGTTACTGCAGCTACACTCCTT,1
30C,3,pos,7,CTGACAGTAACCGTTACAGCCGCTACTCTGCTT,1
30C,3,pos,7,CTAACCGTCACAGTAACTGCAGCTACCCTGCTT,1
30C,3,pos,7,CTGACCGTCACAGTAACCGCAGCTACCCTGCTT,1
30C,3,pos,7,CTAACTGTCACAGTAACTGCAGCTACCCTCCTT,1
30C,3,pos,7,CTTACTGTCACGGTTACTGCTGCTACACTCCTG,1
30C,3,pos,7,CTTACCGTCACGGTTACTGCTGCTACACTCCTT,1
30C,3,pos,7,CTTACTGTCACTGTTACTGCTGCTACACTCCTT,1
30C,3,pos,8,CTTACTGTCACGGTTACTGCTGCTACACTCCTT,5888
30C,3,pos,8,CTAACCGTCACAGTAACCGCAGCTACCCTGCTG,47
30C,3,pos,8,CTTACTGTCACGGTTACTGCTGCTACACTCCTC,2
30C,3,pos,8,CTGACCGTCACAGTAACCGCAGCTACCCTGCTT,1
30C,3,pos,8,CTTACTGTCACGGTTACTGCTGCCACACTCCTT,1
30C,3,pos,8,CTTACTGTCACGGTCACTGCTGCTACACTCCTT,1
30C,3,pos,8,CTTACTGTCACAGTAACTGCAGCTACCCTCCTT,1
30C,3,pos,8,CTAACCGTCACAGTAACCGCAGCTACCCTGCTT,1
30C,3,pos,8,CTGACTGTTACAGTAACTGCTGCTACACTACTG,1
30C,3,pos,8,CTTACTGTCACGGTTACTGCAGCTACACTCCTT,1
30C,3,pos,9,CTTACTGTCACGGTTACTGCTGCTACACTCCTT,6975
30C,3,pos,9,CTAACCGTCACAGTAACCGCAGCTACCCTGCTG,50
30C,3,pos,9,CTCACTGTCACGGTTACTGCTGCTACACTCCTT,11
30C,3,pos,9,CTAACCGTCACAGTAACCGCAGCTACCCTGCTT,4
30C,3,pos,9,CTTACTGTCACGGTTACTGCTGCTACACTCCTC,2
30C,3,pos,9,CTTACTGTCACGGTTACTGCTGCCACACTCCTT,2
30C,3,pos,9,CTTACTGTCACGGTTACTGCTGCTACACTCCTG,1
30C,3,pos,9,CTTACTGTCACAGTTACTGCAGCTACACTCCTT,1
30C,3,pos,9,CTTACTGTCACGGTTACCGCTGCTACACTCCTT,1
30C,3,pos,9,CTCACCGTTACTGTCACTGCAGCAACCCTACTT,1
30C,3,pos,9,CTAACCGTCACAGTAACCGCAGCTACCCTCCTT,1
30C,3,pos,9,CTAACCGTCACAGTAACTGCAGCTACCCTGCTT,1
30C,3,pos,9,CTTACTGTCACGGTTACTGCAGCTACACTCCTT,1
30C,3,pos,10,CTTACTGTCACGGTTACTGCTGCTACACTCCTT,9026
30C,3,pos,10,CTAACCGTCACAGTAACCGCAGCTACCCTGCTG,49
30C,3,pos,10,CTAACCGTCACAGTAACCGCAGCTACCCTGCTT,3
30C,3,pos,10,CTAACCGTCACAGTAACTGCAGCTACCCTGCTT,3
30C,3,pos,10,CTTACTGTCACGGTTACTGCTGCCACACTCCTT,2
30C,3,pos,10,CTAACCGTCACAGTAACTGCAGCTACCCTCCTT,1
30C,3,pos,10,CTTACTGTCACGGTTACTGCTGCTACCCTCCTT,1
30C,3,pos,10,CTTACTGTCACGGTCACTGCTGCTACACTCCTT,1
30C,3,pos,10,CTTACTGTCACGGTTACTGCAGCTACACTCCTT,1
30C,3,pos,10,CTAACCGTCACAGTAACCGCAGCTACCCTACTG,1
30C,3,pos,10,CTTACTGTCACGGTTACTGCCGCTACACTCCTT,1
30C,3,pos,10,CTCACCGTTACTGTCACTGCAGCAACCCTACTT,1
30C,3,pos,10,CTGACTGTTACAGTAACTGCTGCTACACTACTG,1
30C,3,pos,11,CTTACTGTCACGGTTACTGCTGCTACACTCCTT,13074
30C,3,pos,11,CTAACCGTCACAGTAACCGCAGCTACCCTGCTG,41
30C,3,pos,11,CTAACCGTCACAGTAACTGCAGCTACCCTGCTT,8
30C,3,pos,11,CTTACTGTCACGGTTACTGCAGCTACACTCCTT,3
30C,3,pos,11,CTAACCGTCACAGTAACCGCAGCTACCCTGCTT,2
30C,3,pos,11,CTCACCGTCACGGTTACTGCAGCTACCCTCCTT,1
30C,3,pos,11,CTTACCGTCACAGTAACCGCAGCTACCCTGCTG,1
30C,3,pos,11,CTTACTGTCACAGTAACTGCAGCTACACTCCTT,1
30C,3,pos,11,CTAACCGTCACAGTAACTGCAGCTACCCTGCTG,1
30C,3,pos,11,CTTACTGTCACGGTTACTGCTGCTACGCTCCTT,1
30C,3,pos,11,CTTACTGTCACAGTTACTGCAGCTACACTCCTT,1
30C,3,pos,11,CTTACTGTCACGGTTACCGCTGCTACACTCCTT,1
30C,3,pos,11,CTTACTGTCACCGTTACTGCTGCTACACTCCTT,1
30C,3,pos,12,CTTACTGTCACGGTTACTGCTGCTACACTCCTT,11056
30C,3,pos,12,CTAACCGTCACAGTAACCGCAGCTACCCTGCTG,50
30C,3,pos,12,CTAACCGTCACAGTAACCGCAGCTACCCTGCTT,4
30C,3,pos,12,CTTACTGTCACGGTTACTGCTGCCACACTCCTT,2
30C,3,pos,12,CTTACTGTCACAGTTACTGCAGCTACCCTCCTT,2
30C,3,pos,12,CTTACTGTCACGGTTACTGCAGCTACACTCCTT,2
30C,3,pos,12,CTTACTGTCACTGTTACTGCTGCTACACTCCTT,2
30C,3,pos,12,CTTACTGTCACGGTCACTGCTGCTACACTCCTT,1
30C,3,pos,12,CTAACTGTCACAGTAACTGCAGCTACACTGCTT,1
30C,3,pos,12,CTAACCGTCACAGTAACCGCAGCTACCCTCCTT,1
30C,3,pos,12,CTTACTGTCACAGTAACTGCAGCTACCCTGCTT,1
30C,3,pos,12,CTGACAGTCACCGTTACAGCAGCTACGCTTCTG,1
30C,3,pos,12,CTTACTGTCACGGTTACTGCTGCTACACTTCTT,1
30C,3,pos,12,CTCACCGTTACTGTCACTGCAGCAACCCTACTT,1
30C,3,pos,12,CTTACTGTCACAGTTACTGCAGCTACACTCCTT,1
30C,3,pos,12,CTTACTGTCACGGTTACTGCTGCTACACTCCTC,1
30C,3,pos,12,CTCACTGTCACGGTTACTGCTGCTACACTCCTT,1
30C,3,pos,13,CTTACTGTCACGGTTACTGCTGCTACACTCCTT,9958
30C,3,pos,13,CTAACCGTCACAGTAACCGCAGCTACCCTGCTG,44
30C,3,pos,13,CTAACCGTCACAGTAACCGCAGCTACCCTGCTT,4
30C,3,pos,13,CTAACCGTCACAGTAACTGCAGCTACCCTGCTT,3
30C,3,pos,13,CTTACTGTCACGGTTACTGCAGCTACACTCCTT,2
30C,3,pos,13,CTTACTGTCACGGTTACTGCTGCTACACTCCTC,2
30C,3,pos,13,CTTACTGTCACGGTTACAGCTGCTACACTCCTT,1
30C,3,pos,13,CTTACTGTCACAGTTACTGCTGCTACACTCCTT,1
30C,3,pos,13,CTTACTGTCACGGTTACTGCAGCTACCCTCCTT,1
30C,3,pos,13,CTTACTGTCACGGTTACTGCCGCTACACTCCTT,1
30C,3,pos,13,CTAACCGTCACAGTAACTGCAGCTACCCTGCTG,1
30C,3,pos,13,CTTACCGTCACAGTAACTGCAGCTACCCTCCTT,1
30C,3,pos,13,CTTACTGTTACGGTAACTGCAGCTACACTCCTT,1
30C,3,pos,13,CTGACGGTAACAGTGACAGCAGCAACCCTACTT,1
30C,3,pos,13,CTTACCGTCACGGTTACTGCTGCTACACTCCTT,1
30C,3,pos,13,CTTACTGTCACGGTTACTGCTGCTACACTCCTG,1
30C,3,pos,13,CTTACTGTAACGGTTACTGCTGCTACACTCCTT,1
30C,3,pos,13,CTTACTGTCACGGTTACTGCTGCCACACTCCTT,1
30C,3,pos,13,CTCACCGTTACTGTCACTGCAGCAACCCTACTT,1
30C,3,pos,13,CTGACTGTTACTGTCACGGCTGCCACTCTCCTT,1
30C,3,pos,14,CTTACTGTCACGGTTACTGCTGCTACACTCCTT,21004
30C,3,pos,14,CTAACCGTCACAGTAACCGCAGCTACCCTGCTG,36
30C,3,pos,14,CTAACCGTCACAGTAACCGCAGCTACCCTGCTT,4
30C,3,pos,14,CTTACTGTCACGGTTACTGCTGCCACACTCCTT,4
30C,3,pos,14,CTTACTGTCACGGTCACTGCTGCTACACTCCTT,3
30C,3,pos,14,CTTACTGTCACGGTTACTGCAGCTACACTCCTT,2
30C,3,pos,14,CTCACTGTCACGGTTACTGCTGCTACACTCCTT,2
30C,3,pos,14,CTAACCGTCACAGTAACTGCAGCTACCCTGCTT,2
30C,3,pos,14,CTGACAGTAACCGTTACAGCCGCTACTCTGCTT,1
30C,3,pos,14,CTTACTGTCACGGTTACTGCTGCTACCCTCCTT,1
30C,3,pos,14,CTTACTGTCACAGTAACTGCAGCTACCCTCCTT,1
30C,3,pos,14,CTTACTGTCACGGTTACTGCTGCTACACTCCTG,1
30C,3,pos,14,CTTACTGTCACGGTTACTGCTGCTACACTTCTT,1
30C,3,pos,14,CTTACCGTCACGGTTACTGCTGCTACACTCCTT,1
30C,3,pos,14,CTTACTGTCACAGTTACTGCTGCTACACTCCTT,1
30C,3,pos,14,CTTACTGTCACCGTTACTGCTGCTACACTCCTT,1
30C,3,pos,14,CTCACCGTTACTGTCACTGCAGCAACCCTACTT,1
30C,3,pos,15,CTAACTGTAACCGTCACTGCGGCAACTCTGCTC,6224
30C,3,pos,15,CTAACCGTCACAGTAACCGCAGCTACCCTGCTG,59
30C,3,pos,15,CTAACCGTAACAGTAACCGCAGCTACCCTGCTG,4
30C,3,pos,15,CTAACCGTCACAGTAACCGCAGCTACCCTGCTT,3
30C,3,pos,15,CTAACCGTAACAGTAACCGCAGCTACCCTGCTT,3
30C,3,pos,15,CTAACTGTAACCGTCACTGCGGCAACTCTACTC,2
30C,3,pos,15,CTAACTGTAACCGTCACTGCGGCAACTCTGCTT,2
30C,3,pos,15,CTAACTGTAACAGTCACTGCAGCAACCCTGCTC,1
30C,3,pos,15,CTAACTGTAACCGTCACTGCGGCAACTCTGCTA,1
30C,3,pos,15,CTAACGGTAACCGTCACTGCGGCAACTCTGCTC,1
30C,3,pos,15,CTAACTGTAACCGTCACTGCAGCAACTCTGCTC,1
30C,3,pos,15,CTAACTGTAACCGTCACTGCGGCAACTCTTCTC,1
30C,3,pos,15,CTGACTGTAACCGTCACTGCGGCAACTCTGCTC,1
30C,3,pos,15,CTAACTGTAACCGTCACTGCTGCAACTCTGCTC,1
30C,3,pos,15,CTAACCGTAACCGTCACTGCGGCAACTCTGCTC,1
30C,3,pos,15,CTAACTGTAACAGTAACTGCAGCAACCCTGCTG,1
30C,3,pos,15,CTGACAGTAACCGTTACAGCAGCTACTCTGCTT,1
30C,3,pos,15,CTAACTGTAACCGTCACTGCGGCGACTCTGCTC,1
30C,3,pos,15,CTCACCGTAACTGTCACTGCAGCAACCCTACTT,1
30C,3,pos,15,CTAACGGTAACAGTAACTGCAGCAACCCTCCTT,1
30C,3,pos,15,CTAACTGTAACCGTCACCGCGGCAACTCTGCTC,1
30C,3,pos,15,CTAACCGTAACAGTAACTGCAGCAACCCTGCTG,1
30C,3,pos,15,CTTACTGTAACGGTAACTGCAGCAACGCTCCTT,1
30C,3,pos,16,CTTACTGTCACGGTTACTGCTGCTACACTCCTT,1532
30C,3,pos,16,CTAACCGTCACAGTAACCGCAGCTACCCTGCTG,29
30C,3,pos,16,CTAACCGTCACTGTTACTGCTGCGACCCTACTA,12
30C,3,pos,16,CTAACCGTCACTGTTACTGCTGCGACCCTCCTA,8
30C,3,pos,16,CTGACAGTTACCGTTACAGCAGCCACGCTTCTG,1
30C,3,pos,16,CTGACTGTTACTGTCACGGCTGCCACTCTCCTT,1
30C,3,pos,16,CTTACTGTCACGGTTACTGCTGCTACACTTCTT,1
30C,3,pos,16,CTTACCGTCACGGTTACTGCTGCTACACTCCTT,1
30C,3,pos,16,CTAACTGTAACCGTCACTGCGGCAACTCTGCTC,1
30C,3,pos,16,CTTACTGTCACGGTTACCGCTGCTACACTCCTT,1
30C,3,pos,17,CTTACTGTCACGGTTACTGCTGCTACACTCCTT,4736
30C,3,pos,17,CTAACCGTCACAGTAACCGCAGCTACCCTGCTG,27
30C,3,pos,17,CTAACCGTCACTGTTACTGCTGCGACCCTCCTA,17
30C,3,pos,17,CTAACCGTCACTGTTACTGCTGCGACCCTACTA,9
30C,3,pos,17,CTAACCGTCACTGTTACTGCTGCTACCCTCCTA,8
30C,3,pos,17,CTTACTGTCACAGTTACTGCTGCTACACTCCTT,2
30C,3,pos,17,CTAACCGTCACAGTAACCGCAGCTACCCTCCTG,2
30C,3,pos,17,CTAACCGTCACTGTAACCGCAGCTACCCTCCTG,2
30C,3,pos,17,CTTACGGTCACGGTTACTGCTGCTACACTCCTT,1
30C,3,pos,17,CTTACTGTCACGGTCACTGCTGCTACACTCCTT,1
30C,3,pos,17,CTTACTGTCACGGTTACTGCGGCTACACTCCTT,1
30C,3,pos,17,CTAACCGTCACAGTAACCGCAGCTACTCTGCTG,1
30C,3,pos,17,CTTACTGTCACGGTTACCGCTGCTACACTCCTT,1
30C,3,pos,17,CTGACTGTTACAGTAACTGCTGCTACACTACTG,1
30C,3,pos,17,CTAACCGTCACAGTAACCGCTGCTACCCTCCTG,1
30C,3,pos,17,CTCACCGTTACCGTTACAGCAGCCACTCTACTC,1
30C,3,pos,17,CTAACTGTCACGGTTACTGCTGCTACACTCCTA,1
30C,3,pos,17,CTCACCGTTACTGTCACTGCAGCAACCCTACTT,1
30C,3,pos,17,CTTACTGTCACGGTTACTGCTGCTACACTCCTC,1
30C,3,pos,17,CTTACTGTTACGGTTACTGCTGCTACACTCCTT,1
30C,3,pos,17,CTAACTGTCACGGTTACTGCTGCTACACTCCTT,1
30C,3,pos,17,CTGACTGTTACTGTCACAGCTGCCACTCTCCTT,1
30C,3,pos,18,CTTACTGTCACGGTTACTGCTGCTACACTCCTT,4012
30C,3,pos,18,CTAACCGTCACAGTAACCGCAGCTACCCTGCTG,42
30C,3,pos,18,CTAACCGTCACTGTTACTGCTGCGACCCTACTA,28
30C,3,pos,18,CTAACCGTCACTGTTACTGCTGCGACCCTCCTA,6
30C,3,pos,18,CTAACCGTCACTGTTACTGCTGCTACCCTCCTA,3
30C,3,pos,18,CTTACTGTCACCGTTACTGCTGCTACACTCCTT,2
30C,3,pos,18,CTTACTGTCACGGTTACTGCTGCCACACTCCTT,2
30C,3,pos,18,CTAACTGTCACGGTTACTGCTGCTACCCTCCTT,2
30C,3,pos,18,CTAACCGTCACAGTAACCGCAGCTACCCTCCTG,2
30C,3,pos,18,CTTACTGTCACGGTTACGGCTGCTACACTCCTT,1
30C,3,pos,18,CTTACTGTCACGGTTACTGCCGCTACACTCCTT,1
30C,3,pos,18,CTAACTGTCACGGTTACTGCTGCTACCCTCCTA,1
30C,3,pos,18,CTGACTGTTACTGTCACGGCTGCCACTCTCCTT,1
30C,3,pos,18,CTGACTGTTACTGTCACAGCTGCCACTCTCCTT,1
30C,3,pos,18,CTAACTGTCACGGTTACTGCTGCTACCCTCCTG,1
30C,3,pos,18,CTCACCGTTACTGTCACTGCAGCAACCCTACTT,1
30C,3,pos,18,CTCACCGTTACCGTTACAGCAGCCACTCTACTC,1
30C,3,neg,1,CTAACCGTCACAGTAACCGCAGCTACCCTGCTG,26
30C,3,neg,1,CTGACGGTAACAGTGACAGCAGCAACCCTACTT,1
30C,3,neg,2,CTAACCGTCACAGTAACCGCAGCTACCCTGCTG,20
30C,3,neg,2,CTAACCGTCACTGTTACTGCTGCGACCCTACTA,2
30C,3,neg,3,CTAACCGTCACAGTAACCGCAGCTACCCTGCTG,29
30C,3,neg,3,CTAACCGTCACTGTTACTGCTGCGACCCTACTA,2
30C,3,neg,3,CTCACCGTTACTGTCACTGCAGCAACCCTACTT,1
30C,3,neg,3,CTTACCGTTACTGTGACTGCGGCGACACTCCTT,1
30C,3,neg,3,CTAACCGTCACTGTTACAGCTGCGACCCTACTA,1
30C,4,pos,1,CTGACAGTTACTGTCACTGCTGCTACCCTCCTA,2297
30C,4,pos,1,CTAACCGTCACAGTAACCGCAGCTACCCTGCTG,37
30C,4,pos,1,CTAACCGTCACTGTTACTGCTGCGACCCTACTA,13
30C,4,pos,1,CTTACAGTTACTGTCACTGCTGCTACCCTCCTA,6
30C,4,pos,1,CTAACCGTTACTGTCACTGCTGCTACCCTCCTA,4
30C,4,pos,1,CTAACCGTTACTGTTACTGCTGCGACCCTCCTA,3
30C,4,pos,1,CTAACCGTTACTGTTACTGCTGCTACCCTCCTA,3
30C,4,pos,1,CTAACCGTTACTGTAACTGCTGCTACCCTCCTA,2
30C,4,pos,1,CTAACCGTCACTGTTACTGCTGCGACCCTCCTA,2
30C,4,pos,1,CTGACAGTTACTGTCACCGCTGCTACCCTCCTA,1
30C,4,pos,1,CTAACCGTTACTGTAACCGCAGCTACCCTGCTG,1
30C,4,pos,1,CTGACAGTTACTGTCACTGCTGCTACCCTCCTG,1
30C,4,pos,1,CTAACTGTTACCGTTACTGCTGCTACCCTACTT,1
30C,4,pos,1,CTAACCGTCACAGTAACCGCGGCTACCCTGCTG,1
30C,4,pos,2,CTGACAGTTACTGTCACTGCTGCTACCCTCCTA,1757
30C,4,pos,2,CTAACCGTCACAGTAACCGCAGCTACCCTGCTG,16
30C,4,pos,2,CTAACCGTCACTGTTACTGCTGCGACCCTCCTA,11
30C,4,pos,2,CTAACCGTCACTGTTACTGCTGCGACCCTACTA,9
30C,4,pos,2,CTAACCGTTACTGTTACTGCTGCGACCCTCCTA,2
30C,4,pos,2,CTGACGGTTACTGTCACTGCTGCTACCCTCCTA,2
30C,4,pos,2,CTCACCGTTACTGTCACTGCAGCAACCCTACTT,2
30C,4,pos,2,CTGACAGTTACTGTCACTGCTGCTACCCTCCTT,2
30C,4,pos,2,CTAACCGTTACTGTAACTGCTGCGACCCTCCTA,2
30C,4,pos,2,CTGACGGTAACAGTGACAGCAGCAACCCTACTT,1
30C,4,pos,2,CTAACCGTTACTGTAACTGCTGCTACCCTCCTA,1
30C,4,pos,2,CTGACAGTTACTGTAACTGCTGCTACCCTCCTA,1
30C,4,pos,2,CTAACCGTCACTGTAACAGCTGCGACCCTCCTA,1
30C,4,pos,2,CTGACTGTTACTGTCACAGCTGCCACTCTCCTA,1
30C,4,pos,2,CTAACCGTTACTGTAACAGCAGCTACGCTCCTA,1
30C,4,pos,2,CTAACGGTAACGGTAACGGCGGCAACCCTCCTT,1
30C,4,pos,2,CTAACCGTTACTGTTACAGCTGCGACCCTCCTA,1
30C,4,pos,2,CTAACCGTCACAGTAACAGCAGCTACCCTGCTG,1
30C,4,pos,2,CTAACCGTTACTGTAACAGCAGCTACCCTCCTG,1
30C,4,pos,2,CTTACAGTTACTGTCACTGCTGCTACCCTCCTA,1
30C,4,pos,2,CTGACAGTTACTGTCACTGCTGCCACCCTCCTA,1
30C,4,pos,2,CTAACCGTTACTGTAACAGCTGCCACGCTCCTA,1
30C,4,pos,3,CTGACAGTTACTGTCACTGCTGCTACCCTCCTA,5491
30C,4,pos,3,CTAACCGTCACTGTTACTGCTGCGACCCTACTA,29
30C,4,pos,3,CTAACCGTCACAGTAACCGCAGCTACCCTGCTG,20
30C,4,pos,3,CTAACCGTCACTGTTACTGCTGCGACCCTCCTA,7
30C,4,pos,3,CTGACAGTTACTGTCACTGCAGCTACCCTCCTA,2
30C,4,pos,3,CTTACAGTTACTGTCACTGCTGCTACCCTCCTA,1
30C,4,pos,3,CTAACAGTTACTGTCACTGCTGCTACCCTCCTA,1
30C,4,pos,3,CTAACCGTTACTGTTACTGCTGCTACCCTCCTA,1
30C,4,pos,3,CTAACCGTTACTGTCACTGCTGCTACCCTCCTA,1
30C,4,pos,3,CTAACCGTAACTGTGACGGCTGCAACGCTTCTG,1
30C,4,pos,3,CTAACCGTTACTGTTACTGCTGCGACCCTCCTA,1
30C,4,pos,4,CTGACAGTTACTGTCACTGCTGCTACCCTCCTA,25793
30C,4,pos,4,CTAACCGTCACAGTAACCGCAGCTACCCTGCTG,24
30C,4,pos,4,CTAACCGTCACTGTTACTGCTGCGACCCTCCTA,21
30C,4,pos,4,CTAACCGTCACTGTTACTGCTGCGACCCTACTA,9
30C,4,pos,4,CTAACAGTTACTGTCACTGCTGCTACCCTCCTA,5
30C,4,pos,4,CTAACCGTCACTGTTACTGCTGCTACCCTCCTA,5
30C,4,pos,4,CTTACAGTTACTGTCACTGCTGCTACCCTCCTA,4
30C,4,pos,4,CTAACCGTTACTGTTACTGCTGCTACCCTCCTA,3
30C,4,pos,4,CTCACAGTTACTGTCACTGCTGCTACCCTCCTA,3
30C,4,pos,4,CTGACAGTCACTGTCACTGCTGCTACCCTCCTA,2
30C,4,pos,4,CTGACAGTTACTGTCACTGCTGCTACCCTCCTT,2
30C,4,pos,4,CTCACCGTTACTGTCACTGCAGCAACCCTCCTT,1
30C,4,pos,4,CTAACCGTTACTGTAACAGCTGCTACCCTCCTA,1
30C,4,pos,4,CTGACAGTTACTGTCACCGCTGCTACCCTCCTA,1
30C,4,pos,4,CTGACAGTTACTGTTACTGCTGCTACCCTCCTA,1
30C,4,pos,4,CTGACCGTTACTGTTACAGCAGCCACTCTCCTA,1
30C,4,pos,4,CTAACCGTCACTGTCACTGCTGCCACCCTCCTA,1
30C,4,pos,4,CTGACAGTTACTGTCACTGCTGCCACCCTCCTA,1
30C,4,pos,4,CTAACCGTTACTGTTACTGCTGCGACCCTCCTA,1
30C,4,pos,4,CTCACCGTTACTGTCACTGCAGCAACCCTACTT,1
30C,4,pos,4,CTGACAGTTACCGTCACTGCTGCTACCCTCCTA,1
30C,4,pos,4,CTAACCGTCACTGTAACCGCAGCTACCCTCCTG,1
30C,4,pos,4,CTAACCGTTACTGTCACTGCTGCTACCCTCCTA,1
30C,4,pos,5,CTGACAGTTACTGTCACTGCTGCTACCCTCCTA,6406
30C,4,pos,5,CTAACCGTCACTGTTACTGCTGCGACCCTACTA,35
30C,4,pos,5,CTAACCGTCACAGTAACCGCAGCTACCCTGCTG,22
30C,4,pos,5,CTAACCGTCACTGTTACTGCTGCGACCCTCCTA,5
30C,4,pos,5,CTAACCGTTACTGTCACTGCTGCTACCCTCCTA,3
30C,4,pos,5,CTAACCGTTACTGTTACTGCTGCTACCCTCCTA,3
30C,4,pos,5,CTTACAGTTACTGTCACTGCTGCTACCCTCCTA,3
30C,4,pos,5,CTAACCGTCACTGTAACTGCTGCTACCCTCCTA,2
30C,4,pos,5,CTGACCGTTACTGTCACTGCAGCTACCCTCCTA,2
30C,4,pos,5,CTAACCGTTACTGTTACTGCTGCGACCCTCCTA,2
30C,4,pos,5,CTAACAGTTACTGTCACTGCTGCTACCCTCCTA,2
30C,4,pos,5,CTGACAGTTACTGTTACTGCTGCTACCCTCCTA,1
30C,4,pos,5,CTGACAGTTACTGTCACTGCTGCCACCCTCCTA,1
30C,4,pos,6,CTGACAGTTACTGTCACTGCTGCTACCCTCCTA,7101
30C,4,pos,6,CTAACCGTCACTGTTACTGCTGCGACCCTACTA,39
30C,4,pos,6,CTAACCGTCACAGTAACCGCAGCTACCCTGCTG,27
30C,4,pos,6,CTGACAGTCACTGTCACTGCTGCTACCCTCCTA,10
30C,4,pos,6,CTTACAGTTACTGTCACTGCTGCTACCCTCCTA,5
30C,4,pos,6,CTAACCGTTACTGTTACTGCTGCGACCCTCCTA,4
30C,4,pos,6,CTGACAGTTACTGTCACTGCTGCCACCCTCCTA,2
30C,4,pos,6,CTAACCGTCACTGTTACTGCTGCGACCCTCCTA,2
30C,4,pos,6,CTAACCGTTACTGTTACTGCTGCTACCCTCCTA,2
30C,4,pos,6,CTCACCGTTACTGTCACTGCAGCAACCCTACTT,2
30C,4,pos,6,CTGACTGTTACTGTCACGGCTGCCACTCTCCTT,2
30C,4,pos,6,CTAACCGTTACTGTCACTGCTGCTACCCTCCTA,1
30C,4,pos,6,CTGACAGTTACTGTCACTGCCGCTACCCTCCTA,1
30C,4,pos,6,CTAACGGTTACTGTAACTGCTGCTACCCTCCTA,1
30C,4,pos,6,CTAACCGTTACTGTTACTGCTGCGACCCTACTA,1
30C,4,pos,6,CTGACAGTTACTGTCACTGCTGCTACCCTCCTT,1
30C,4,pos,6,CTAACCGTCACTGTTACTGCTGCTACCCTCCTA,1
30C,4,pos,6,CTAACCGTAACTGTGACGGCTGCAACGCTTCTG,1
30C,4,pos,6,CTGACAGTTACTGTCACTGCTGCTACCCTCCTG,1
30C,4,pos,6,CTGACAGTTACTGTCACTGCAGCTACCCTCCTA,1
30C,4,pos,6,CTCACAGTTACTGTCACTGCTGCTACCCTCCTA,1
30C,4,pos,6,CTGACAGTAACCGTTACAGCCGCTACTCTGCTT,1
30C,4,pos,7,CTGACAGTTACTGTCACTGCTGCTACCCTCCTA,23714
30C,4,pos,7,CTAACCGTCACAGTAACCGCAGCTACCCTGCTG,30
30C,4,pos,7,CTAACCGTCACTGTTACTGCTGCGACCCTACTA,23
30C,4,pos,7,CTAACCGTTACTGTTACTGCTGCGACCCTCCTA,13
30C,4,pos,7,CTAACCGTTACTGTTACTGCTGCGACCCTACTA,13
30C,4,pos,7,CTTACAGTTACTGTCACTGCTGCTACCCTCCTA,11
30C,4,pos,7,CTGACAGTTACTGTCACTGCTGCCACCCTCCTA,4
30C,4,pos,7,CTGACAGTTACTGTTACTGCTGCTACCCTCCTA,4
30C,4,pos,7,CTCACCGTTACTGTCACTGCAGCAACCCTACTT,3
30C,4,pos,7,CTGACAGTTACTGTTACTGCTGCGACCCTCCTA,3
30C,4,pos,7,CTCACAGTTACTGTCACTGCTGCTACCCTCCTA,3
30C,4,pos,7,CTAACAGTTACTGTTACTGCTGCGACCCTCCTA,3
30C,4,pos,7,CTAACCGTCACTGTTACTGCTGCGACCCTCCTA,3
30C,4,pos,7,CTAACAGTTACTGTCACTGCTGCTACCCTCCTA,2
30C,4,pos,7,CTGACAGTTACTGTCACTGCTGCTACCCTCCTT,2
30C,4,pos,7,CTAACAGTTACTGTTACTGCTGCTACCCTCCTA,2
30C,4,pos,7,CTGACAGTTACAGTAACCGCAGCTACCCTGCTG,2
30C,4,pos,7,CTGACAGTTACTGTTACTGCTGCCACCCTCCTA,2
30C,4,pos,7,CTGACGGTTACTGTCACTGCTGCTACCCTCCTA,2
30C,4,pos,7,CTAACCGTTACTGTAACAGCTGCCACGCTCCTA,1
30C,4,pos,7,CTGACAGTTACTGTCACTGCAGCTACCCTCCTG,1
30C,4,pos,7,CTAACCGTTACTGTTACAGCTGCCACGCTCCTA,1
30C,4,pos,7,CTGACAGTTACCGTTACAGCAGCCACGCTTCTG,1
30C,4,pos,7,CTGACAGTTACTGTCACTGCTGCTACCCTACTA,1
30C,4,pos,7,CTAACCGTTACTGTTACTGCTGCCACCCTCCTA,1
30C,4,pos,7,CTAACAGTTACTGTTACTGCTGCCACCCTCCTA,1
30C,4,pos,7,CTGACAGTTACTGTAACAGCTGCCACCCTCCTA,1
30C,4,pos,7,CTCACCGTTACTGTCACTGCAGCAACCCTCCTT,1
30C,4,pos,7,CTTACTGTTACGGTAACCGCAGCCACGCTCCTT,1
30C,4,pos,7,CTGACAGTTACCGTTACAGCAGCCACGCTACTC,1
30C,4,pos,7,CTGACAGTTACTGTAACAGCAGCTACCCTCCTG,1
30C,4,pos,7,CTAACAGTTACTGTCACTGCTGCGACCCTCCTA,1
30C,4,pos,7,CTGACAGTTACTGTCACTGCCGCTACCCTCCTA,1
30C,4,pos,7,CTGACTGTTACTGTCACTGCTGCCACCCTCCTT,1
30C,4,pos,7,CTAACAGTTACCGTTACTGCTGCCACCCTCCTT,1
30C,4,pos,8,CTGACAGTTACTGTCACTGCTGCTACCCTCCTA,8688
30C,4,pos,8,CTGACAGTCACTGTCACTGCTGCTACCCTCCTA,60
30C,4,pos,8,CTAACCGTCACAGTAACCGCAGCTACCCTGCTG,31
30C,4,pos,8,CTAACCGTCACTGTTACTGCTGCGACCCTACTA,27
30C,4,pos,8,CTAACCGTTACTGTTACTGCTGCGACCCTCCTA,9
30C,4,pos,8,CTAACCGTTACTGTAACTGCTGCGACCCTCCTA,8
30C,4,pos,8,CTAACAGTTACTGTCACTGCTGCTACCCTCCTA,7
30C,4,pos,8,CTTACAGTTACTGTCACTGCTGCTACCCTCCTA,5
30C,4,pos,8,CTAACCGTTACTGTTACTGCTGCGACCCTACTA,4
30C,4,pos,8,CTAACCGTCACTGTAACTGCTGCGACCCTCCTA,3
30C,4,pos,8,CTAACCGTTACTGTCACTGCTGCGACCCTCCTA,2
30C,4,pos,8,CTGACAGTTACTGTCACTGCTGCCACCCTCCTA,2
30C,4,pos,8,CTAACCGTTACTGTCACTGCAGCAACCCTACTT,2
30C,4,pos,8,CTGACAGTTACTGTCACTGCTGCTACCCTTCTA,2
30C,4,pos,8,CTCACCGTTACTGTCACTGCAGCAACCCTACTT,1
30C,4,pos,8,CTAACCGTTACTGTTACAGCTGCGACGCTCCTA,1
30C,4,pos,8,CTCACAGTTACTGTCACTGCTGCTACCCTCCTA,1
30C,4,pos,8,CTAACCGTCACAGTAACAGCAGCTACCCTGCTG,1
30C,4,pos,8,CTAACCGTCACTGTAACAGCTGCGACCCTACTA,1
30C,4,pos,8,CTGACAGTTACTGTCACTGCTGCTACTCTCCTA,1
30C,4,pos,8,CTAACAGTTACTGTAACTGCTGCTACCCTCCTA,1
30C,4,pos,8,CTGACAGTTACCGTCACTGCTGCTACCCTCCTA,1
30C,4,pos,8,CTGACAGTTACTGTTACTGCTGCGACCCTCCTA,1
30C,4,pos,8,CTAACCGTTACTGTAACAGCTGCGACCCTCCTA,1
30C,4,pos,8,CTAACCGTCACTGTTACTGCTGCGACCCTCCTA,1
30C,4,pos,9,CTGACAGTTACTGTCACTGCTGCTACCCTCCTA,8502
30C,4,pos,9,CTAACCGTCACAGTAACCGCAGCTACCCTGCTG,31
30C,4,pos,9,CTAACCGTCACTGTTACTGCTGCGACCCTACTA,15
30C,4,pos,9,CTAACCGTTACTGTCACTGCTGCTACCCTCCTA,6
30C,4,pos,9,CTTACAGTTACTGTCACTGCTGCTACCCTCCTA,6
30C,4,pos,9,CTCACAGTTACTGTCACTGCTGCTACCCTCCTA,5
30C,4,pos,9,CTGACAGTTACTGTCACTGCTGCTACCCTCCTT,5
30C,4,pos,9,CTAACCGTTACTGTTACTGCTGCTACCCTCCTA,5
30C,4,pos,9,CTGACAGTTACTGTCACTGCTGCCACCCTCCTA,4
30C,4,pos,9,CTAACCGTTACTGTTACTGCTGCGACCCTCCTA,4
30C,4,pos,9,CTAACAGTTACTGTCACTGCTGCTACCCTCCTA,4
30C,4,pos,9,CTAACCGTCACTGTTACTGCTGCTACCCTCCTA,3
30C,4,pos,9,CTCACTGTCACGGTCACCGCAGCCACACTGCTC,2
30C,4,pos,9,CTGACAGTCACTGTCACTGCTGCTACCCTCCTA,2
30C,4,pos,9,CTAACCGTTACTGTTACTGCTGCGACCCTACTA,1
30C,4,pos,9,CTGACAGTTACCGTCACTGCTGCTACCCTCCTA,1
30C,4,pos,9,CTGACTGTTACTGTCACTGCTGCTACCCTCCTA,1
30C,4,pos,9,CTAACCGTTACTGTTACTGCTGCTACCCTACTA,1
30C,4,pos,9,CTCACCGTTACTGTCACTGCAGCAACCCTACTT,1
30C,4,pos,9,CTAACAGTTACTGTTACTGCTGCTACCCTCCTA,1
30C,4,pos,9,CTGACCGTTACTGTCACTGCAGCTACCCTCCTA,1
30C,4,pos,9,CTGACAGTTACTGTCACCGCTGCTACCCTCCTA,1
30C,4,pos,9,CTAACCGTCACTGTTACTGCTGCGACCCTCCTA,1
30C,4,pos,9,CTAACGGTAACGGTAACGGCGGCAACCCTCCTT,1
30C,4,pos,9,CTGACAGTTACAGTCACTGCTGCTACCCTCCTA,1
30C,4,pos,10,CTGACAGTTACTGTCACTGCTGCTACCCTCCTA,17518
30C,4,pos,10,CTAACCGTCACTGTTACTGCTGCGACCCTACTA,35
30C,4,pos,10,CTAACCGTCACAGTAACCGCAGCTACCCTGCTG,22
30C,4,pos,10,CTAACCGTCACTGTTACTGCTGCGACCCTCCTA,15
30C,4,pos,10,CTTACAGTTACTGTCACTGCTGCTACCCTCCTA,6
30C,4,pos,10,CTAACCGTTACTGTTACTGCTGCGACCCTCCTA,6
30C,4,pos,10,CTAACAGTTACTGTCACTGCTGCTACCCTCCTA,5
30C,4,pos,10,CTAACCGTTACTGTCACTGCTGCTACCCTCCTA,3
30C,4,pos,10,CTGACAGTTACCGTCACTGCTGCTACCCTCCTA,3
30C,4,pos,10,CTAACCGTTACTGTTACTGCTGCGACCCTACTA,2
30C,4,pos,10,CTGACAGTTACTGTCACTGCTGCTACCCTCCTT,2
30C,4,pos,10,CTAACCGTTACTGTTACTGCTGCTACCCTCCTA,2
30C,4,pos,10,CTGACAGTTACTGTCACCGCTGCTACCCTCCTA,2
30C,4,pos,10,CTCACCGTTACTGTCACTGCAGCAACCCTACTT,2
30C,4,pos,10,CTGACAGTTACTGTCACTGCTGCTACCCTCCTG,2
30C,4,pos,10,CTGACCGTTACTGTCACTGCAGCAACCCTACTA,1
30C,4,pos,10,CTAACAGTTACTGTAACTGCTGCTACCCTCCTA,1
30C,4,pos,10,CTCACCGTTACTGTCACTGCAGCAACCCTCCTT,1
30C,4,pos,10,CTAACCGTTACTGTAACTGCTGCGACCCTCCTA,1
30C,4,pos,10,CTAACCGTCACTGTAACTGCTGCGACCCTCCTA,1
30C,4,pos,10,CTAACCGTCACTGTCACTGCTGCGACCCTCCTA,1
30C,4,pos,10,CTAACCGTCACTGTTACTGCTGCTACCCTACTA,1
30C,4,pos,10,CTGACCGTTACTGTCACTGCAGCAACCCTCCTT,1
30C,4,pos,10,CTAACCGTCACTGTTACTGCTGCTACCCTCCTA,1
30C,4,pos,10,CTAACCGTCACTGTAACAGCTGCGACCCTCCTA,1
30C,4,pos,10,CTGACAGTTACTGTCACTGCTGCCACCCTCCTA,1
30C,4,pos,10,CTGACAGTTACTGTAACTGCTGCTACCCTCCTA,1
30C,4,pos,10,CTCACAGTTACTGTCACTGCTGCTACCCTCCTA,1
30C,4,pos,10,CTGACTGTTACTGTCACTGCTGCTACCCTCCTA,1
30C,4,pos,10,CTGACAGTTACTGTCACTGCGGCTACCCTCCTA,1
30C,4,pos,10,CTAACCGTTACTGTCACTGCTGCGACCCTCCTA,1
30C,4,pos,10,CTGACCGTTACTGTCACTGCTGCTACCCTCCTA,1
30C,4,pos,10,CTCACCGTTACCGTTACAGCAGCCACTCTACTC,1
30C,4,pos,11,CTGACAGTTACTGTCACTGCTGCTACCCTCCTA,17871
30C,4,pos,11,CTAACCGTCACAGTAACCGCAGCTACCCTGCTG,42
30C,4,pos,11,CTAACTGTAACCGTCACTGCGGCAACTCTGCTC,14
30C,4,pos,11,CTAACAGTTACTGTCACTGCTGCTACCCTCCTA,6
30C,4,pos,11,CTTACAGTTACTGTCACTGCTGCTACCCTCCTA,5
30C,4,pos,11,CTAACAGTTACTGTAACTGCTGCTACCCTCCTA,3
30C,4,pos,11,CTAACCGTCACAGTAACCGCAGCTACCCTCCTG,3
30C,4,pos,11,CTAACCGTTACTGTAACTGCTGCTACCCTCCTA,2
30C,4,pos,11,CTGACAGTCACTGTCACTGCTGCTACCCTCCTA,2
30C,4,pos,11,CTGACAGTTACTGTCACTGCTGCTACCCTCCTG,2
30C,4,pos,11,CTCACCGTTACTGTCACTGCAGCAACCCTACTT,2
30C,4,pos,11,CTAACTGTAACCGTCACTGCGGCTACTCTCCTC,1
30C,4,pos,11,CTAACCGTTACTGTAACCGCTGCTACCCTCCTA,1
30C,4,pos,11,CTGACAGTTACAGTCACTGCTGCTACCCTCCTA,1
30C,4,pos,11,CTGACAGTTACTGTTACTGCTGCTACCCTCCTA,1
30C,4,pos,11,CTAACTGTAACCGTCACTGCGGCAACTCTCCTC,1
30C,4,pos,11,CTGACAGTTACTGTCACTGCTGCGACCCTCCTA,1
30C,4,pos,11,CTAACTGTTACTGTCACTGCTGCTACCCTCCTA,1
30C,4,pos,11,CTAACTGTAACTGTCACTGCGGCAACTCTCCTC,1
30C,4,pos,11,CTGACAGTTACTGTCACTGCTGCTACCCTCCTT,1
30C,4,pos,11,CTAACTGTAACTGTCACTGCGGCAACTCTCCTA,1
30C,4,pos,11,CTAACTGTAACCGTCACTGCGGCAACCCTCCTC,1
30C,4,pos,11,CTAACGGTAACGGTAACGGCGGCAACCCTCCTT,1
30C,4,pos,11,CTCACAGTTACTGTCACTGCTGCTACCCTCCTA,1
30C,4,pos,11,CTAACTGTAACCGTCACTGCGGCTACTCTCCTA,1
30C,4,pos,11,CTAACAGTAACTGTCACTGCTGCTACCCTCCTA,1
30C,4,pos,11,CTAACCGTCACTGTAACTGCTGCTACCCTCCTA,1
30C,4,pos,11,CTAACTGTAACTGTCACTGCGGCTACCCTCCTA,1
30C,4,pos,11,CTAACCGTTACTGTAACTGCAGCTACCCTCCTG,1
30C,4,pos,11,CTAACAGTAACTGTCACTGCGGCTACCCTCCTA,1
30C,4,pos,11,CTGACAGTTACCGTCACTGCTGCTACCCTCCTA,1
30C,4,pos,11,CTAACCGTTACTGTAACTGCAGCTACCCTCCTA,1
30C,4,pos,11,CTAACCGTCACTGTAACCGCAGCTACCCTCCTA,1
30C,4,pos,11,CTAACTGTTACTGTCACTGCTGCTACTCTCCTC,1
30C,4,pos,11,CTGACAGTTACTGTCACTGCTGCTACTCTCCTA,1
30C,4,pos,11,CTAACTGTTACTGTCACTGCGGCTACCCTCCTC,1
30C,4,pos,11,CTGACAGTTACTGTCACTGCTGCCACCCTCCTA,1
30C,4,pos,11,CTAACCGTTACTGTAACTGCAGCCACCCTCCTG,1
30C,4,pos,11,CTAACTGTAACCGTCACTGCTGCAACTCTGCTC,1
30C,4,pos,11,CTAACTGTAACTGTCACTGCGGCTACGCTCCTC,1
30C,4,pos,12,CTGACAGTTACTGTCACTGCTGCTACCCTCCTA,5673
30C,4,pos,12,CTAACCGTCACAGTAACCGCAGCTACCCTGCTG,45
30C,4,pos,12,CTAACTGTAACCGTCACTGCGGCAACTCTGCTC,16
30C,4,pos,12,CTAACTGTAACCGTCACTGCGGCAACTCTCCTC,6
30C,4,pos,12,CTTACAGTTACTGTCACTGCTGCTACCCTCCTA,3
30C,4,pos,12,CTAACTGTAACTGTCACTGCGGCTACCCTCCTA,3
30C,4,pos,12,CTAACAGTAACTGTCACTGCGGCTACCCTCCTA,3
30C,4,pos,12,CTAACTGTAACTGTCACTGCGGCTACTCTCCTA,3
30C,4,pos,12,CTAACTGTAACTGTCACTGCGGCCACGCTCCTA,2
30C,4,pos,12,CTAACTGTAACCGTCACTGCGGCAACTCTCCTA,2
30C,4,pos,12,CTAACAGTTACTGTCACTGCTGCTACCCTCCTA,2
30C,4,pos,12,CTGACAGTTACTGTCACTGCCGCTACCCTCCTA,1
30C,4,pos,12,CTAACAGTTACTGTAACTGCTGCTACCCTCCTA,1
30C,4,pos,12,CTAACCGTTACTGTAACTGCTGCTACCCTCCTA,1
30C,4,pos,12,CTGACAGTTACTGTCACTGCTGCTACCCTCCTT,1
30C,4,pos,12,CTGACTGTTACTGTCACTGCTGCTACCCTCCTA,1
30C,4,pos,12,CTAACAGTAACCGTCACTGCGGCCACGCTCCTA,1
30C,4,pos,12,CTAACCGTTACTGTAACTGCAGCTACCCTCCTG,1
30C,4,pos,12,CTGACTGTTACTGTCACGGCTGCCACTCTCCTT,1
30C,4,pos,12,CTAACGGTAACTGTAACTGCGGCAACCCTCCTT,1
30C,4,pos,12,CTAACTGTAACCGTCACTGCTGCAACTCTGCTC,1
30C,4,pos,12,CTGACAGTTACCGTTACAGCAGCCACGCTTCTG,1
30C,4,pos,12,CTGACAGTTACTGTCACTGCTGCCACCCTCCTA,1
30C,4,pos,12,CTGACAGTTACTGTCACTGCTGCTACCCTTCTA,1
30C,4,pos,12,CTCACAGTTACTGTCACTGCTGCTACCCTCCTA,1
30C,4,pos,12,CTGACAGTTACCGTCACTGCTGCTACCCTCCTA,1
30C,4,pos,12,CTAACAGTTACTGTAACTGCAGCTACCCTCCTA,1
30C,4,pos,12,CTCACCGTTACTGTCACTGCAGCAACCCTACTT,1
30C,4,pos,12,CTAACCGTAACTGTGACGGCTGCAACGCTTCTG,1
30C,4,pos,12,CTAACTGTAACTGTCACTGCGGCAACTCTCCTC,1
30C,4,pos,12,CTAACTGTAACTGTCACTGCGGCAACCCTCCTA,1
30C,4,pos,12,CTAACCGTTACTGTAACCGCAGCTACCCTCCTA,1
30C,4,pos,12,CTAACTGTAACTGTCACTGCGGCAACGCTCCTA,1
30C,4,pos,13,CTGACAGTTACTGTCACTGCTGCTACCCTCCTA,6531
30C,4,pos,13,CTAACCGTCACAGTAACCGCAGCTACCCTGCTG,44
30C,4,pos,13,CTAACTGTAACCGTCACTGCGGCAACTCTGCTC,30
30C,4,pos,13,CTAACAGTTACTGTCACTGCTGCTACCCTCCTA,2
30C,4,pos,13,CTGACAGTCACTGTCACTGCTGCTACCCTCCTA,2
30C,4,pos,13,CTCACCGTTACTGTCACTGCAGCAACCCTACTT,1
30C,4,pos,13,CTGACAGTTACTGTAACTGCTGCTACCCTCCTA,1
30C,4,pos,13,CTAACTGTAACCGTCACTGCGGCTACTCTGCTC,1
30C,4,pos,13,CTAACTGTAACCGTCACTGCGGCAACGCTGCTC,1
30C,4,pos,13,CTAACTGTAACCGTCACTGCTGCAACTCTGCTC,1
30C,4,pos,13,CTAACTGTAACCGTCACTGCTGCTACTCTCCTC,1
30C,4,pos,13,CTAACTGTTACCGTCACTGCGGCAACTCTGCTC,1
30C,4,pos,13,CTGACAGTTACGGTCACTGCTGCTACCCTCCTA,1
30C,4,pos,13,CTAACCGTTACTGTCACTGCAGCAACCCTACTT,1
30C,4,pos,13,CTGACAGTTACTGTCACAGCTGCTACCCTCCTA,1
30C,4,pos,13,CTGACAGTTACCGTCACTGCTGCTACCCTCCTA,1
30C,4,pos,13,CTAACCGTCACTGTCACTGCAGCTACCCTCCTG,1
30C,4,pos,13,CTAACCGTTACAGTAACCGCAGCTACCCTGCTG,1
30C,4,pos,13,CTAACTGTAACCGTCACTGCGGCTACCCTGCTC,1
30C,4,pos,13,CTAACTGTTACCGTCACTGCTGCTACCCTGCTC,1
30C,4,pos,14,CTGACAGTTACTGTCACTGCTGCTACCCTCCTA,3531
30C,4,pos,14,CTAACCGTCACAGTAACCGCAGCTACCCTGCTG,38
30C,4,pos,14,CTAACTGTAACCGTCACTGCGGCAACTCTGCTC,13
30C,4,pos,14,CTTACAGTTACTGTCACTGCTGCTACCCTCCTA,4
30C,4,pos,14,CTAACTGTTACCGTCACTGCGGCTACCCTGCTC,2
30C,4,pos,14,CTAACAGTTACTGTCACTGCTGCTACCCTCCTA,2
30C,4,pos,14,CTCACAGTTACTGTCACTGCTGCTACCCTCCTA,1
30C,4,pos,14,CTAACTGTTACCGTCACTGCGGCAACGCTGCTC,1
30C,4,pos,14,CTAACAGTTACCGTCACTGCTGCTACCCTGCTA,1
30C,4,pos,14,CTAACCGTAACCGTCACTGCGGCTACCCTGCTC,1
30C,4,pos,14,CTCACCGTTACTGTCACTGCAGCAACCCTACTT,1
30C,4,pos,14,CTAACAGTTACCGTCACTGCGGCTACCCTGCTC,1
30C,4,pos,14,CTAACCGTAACCGTCACTGCGGCCACGCTGCTC,1
30C,4,pos,14,CTAACTGTAACCGTCACTGCGGCTACCCTGCTC,1
30C,4,pos,14,CTAACTGTAACCGTCACTGCTGCAACTCTGCTC,1
30C,4,pos,15,CTGACAGTTACTGTCACTGCTGCTACCCTCCTA,4976
30C,4,pos,15,CTAACCGTCACAGTAACCGCAGCTACCCTGCTG,33
30C,4,pos,15,CTAACTGTAACCGTCACTGCGGCAACTCTGCTC,11
30C,4,pos,15,CTTACAGTTACTGTCACTGCTGCTACCCTCCTA,3
30C,4,pos,15,CTAACCGTTACAGTAACCGCAGCTACCCTGCTG,3
30C,4,pos,15,CTAACTGTAACCGTCACTGCGGCAACGCTGCTC,3
30C,4,pos,15,CTAACTGTAACCGTCACTGCGGCCACGCTGCTC,3
30C,4,pos,15,CTAACCGTTACTGTAACCGCAGCTACCCTCCTG,2
30C,4,pos,15,CTAACTGTTACCGTCACTGCGGCAACGCTGCTC,2
30C,4,pos,15,CTAACTGTTACCGTCACTGCGGCCACGCTGCTC,1
30C,4,pos,15,CTAACTGTTACCGTCACAGCGGCCACGCTGCTC,1
30C,4,pos,15,CTAACAGTTACCGTCACTGCGGCCACGCTCCTA,1
30C,4,pos,15,CTAACAGTTACTGTCACAGCGGCCACGCTCCTA,1
30C,4,pos,15,CTAACTGTAACCGTCACTGCGGCCACGCTCCTC,1
30C,4,pos,15,CTAACAGTAACCGTCACTGCGGCCACGCTGCTC,1
30C,4,pos,15,CTAACAGTAACCGTCACTGCGGCAACTCTCCTA,1
30C,4,pos,15,CTAACTGTAACCGTCACTGCTGCAACTCTGCTC,1
30C,4,pos,15,CTGACAGTTACTGTTACTGCTGCTACCCTCCTA,1
30C,4,pos,15,CTAACTGTAACCGTCACAGCGGCCACGCTGCTC,1
30C,4,pos,15,CTGACAGTTACCGTCACTGCGGCCACCCTCCTA,1
30C,4,pos,15,CTAACTGTTACCGTCACTGCGGCAACTCTGCTC,1
30C,4,pos,15,CTAACAGTTACTGTCACTGCGGCTACCCTCCTA,1
30C,4,pos,15,CTAACAGTAACCGTCACTGCGGCCACGCTCCTA,1
30C,4,pos,15,CTGACAGTCACTGTCACTGCTGCTACCCTCCTA,1
30C,4,pos,15,CTAACAGTTACCGTCACTGCGGCAACGCTGCTC,1
30C,4,pos,16,CTGACAGTTACTGTCACTGCTGCTACCCTCCTA,27708
30C,4,pos,16,CTAACCGTCACAGTAACCGCAGCTACCCTGCTG,50
30C,4,pos,16,CTAACTGTAACCGTCACTGCGGCAACTCTGCTC,12
30C,4,pos,16,CTAACAGTTACTGTCACTGCTGCTACCCTCCTA,10
30C,4,pos,16,CTAACTGTAACCGTCACTGCGGCAACGCTGCTC,8
30C,4,pos,16,CTTACAGTTACTGTCACTGCTGCTACCCTCCTA,7
30C,4,pos,16,CTAACAGTTACTGTAACTGCTGCTACCCTCCTA,6
30C,4,pos,16,CTAACTGTTACTGTCACTGCTGCTACCCTCCTC,4
30C,4,pos,16,CTAACTGTAACTGTCACTGCGGCAACGCTCCTC,3
30C,4,pos,16,CTGACAGTTACTGTCACTGCTGCTACCCTCCTT,3
30C,4,pos,16,CTAACTGTTACCGTCACTGCGGCAACGCTGCTC,2
30C,4,pos,16,CTAACCGTCACTGTTACTGCTGCGACCCTACTA,2
30C,4,pos,16,CTGACAGTTACTGTCACTGCTGCTACTCTCCTA,2
30C,4,pos,16,CTAACCGTTACTGTTACTGCTGCGACCCTCCTA,2
30C,4,pos,16,CTAACCGTTACTGTAACTGCTGCTACCCTCCTA,2
30C,4,pos,16,CTGACAGTTACTGTTACTGCTGCTACCCTCCTA,2
30C,4,pos,16,CTAACTGTTACTGTCACTGCTGCTACCCTCCTA,2
30C,4,pos,16,CTGACAGTCACTGTCACTGCTGCTACCCTCCTA,2
30C,4,pos,16,CTGACAGTTACTGTCACCGCTGCTACCCTCCTA,2
30C,4,pos,16,CTAACCGTTACTGTTACTGCTGCGACCCTACTA,2
30C,4,pos,16,CTAACCGTTACTGTTACAGCTGCGACCCTCCTA,1
30C,4,pos,16,CTAACCGTTACTGTAACCGCTGCTACCCTCCTA,1
30C,4,pos,16,CTGACCGTTACTGTCACTGCTGCTACCCTCCTA,1
30C,4,pos,16,CTAACAGTTACTGTAACTGCTGCTACCCTGCTG,1
30C,4,pos,16,CTAACTGTAACTGTCACTGCGGCAACTCTCCTC,1
30C,4,pos,16,CTAACCGTCACTGTAACCGCAGCTACCCTGCTG,1
30C,4,pos,16,CTAACTGTTACTGTCACTGCTGCTACGCTCCTA,1
30C,4,pos,16,CTGACAGTTACTGTCACTGCTGCTACCCTCCTG,1
30C,4,pos,16,CTCACCGTTACTGTCACTGCAGCAACCCTACTT,1
30C,4,pos,16,CTAACTGTAACCGTCACTGCGGCAACTCTCCTC,1
30C,4,pos,16,CTGACAGTTACTGTCACTGCTGCTACCCTACTA,1
30C,4,pos,16,CTAACTGTAACTGTAACTGCGGCAACGCTGCTC,1
30C,4,pos,16,CTAACTGTAACCGTAACAGCGGCCACGCTCCTC,1
30C,4,pos,16,CTAACCGTTACAGTAACCGCTGCTACCCTGCTG,1
30C,4,pos,16,CTGACAGTTACTGTCACTGCTGCTACCCTTCTA,1
30C,4,pos,16,CTAACAGTTACTGTCACTGCTGCTACCCTCCTC,1
30C,4,pos,16,CTAACTGTAACTGTCACTGCGGCAACTCTGCTC,1
30C,4,pos,16,CTAACTGTAACTGTCACTGCGGCCACGCTCCTA,1
30C,4,pos,16,CTGACCGTCACTGTCACTGCCGCCACGCTTCTA,1
30C,4,pos,16,CTAACAGTTACTGTTACTGCTGCGACCCTCCTA,1
30C,4,pos,16,CTAACCGTTACTGTAACCGCAGCTACCCTCCTG,1
30C,4,pos,16,CTAACAGTAACTGTCACTGCGGCTACCCTCCTA,1
30C,4,pos,16,CTGACAGTTACTGTCACTGCCGCTACCCTCCTA,1
30C,4,pos,16,CTAACTGTTACCGTCACAGCTGCCACGCTTCTC,1
30C,4,pos,17,CTGACAGTTACTGTCACTGCTGCTACCCTCCTA,4629
30C,4,pos,17,CTAACCGTCACAGTAACCGCAGCTACCCTGCTG,34
30C,4,pos,17,CTCACAGTTACTGTCACTGCTGCTACCCTCCTA,3
30C,4,pos,17,CTCACTGTCACGGTCACCGCAGCCACACTGCTC,3
30C,4,pos,17,CTAACTGTAACCGTCACTGCGGCAACTCTGCTC,3
30C,4,pos,17,CTAACCGTTACAGTAACCGCAGCTACCCTGCTG,3
30C,4,pos,17,CTAACTGTTACCGTCACTGCGGCTACCCTGCTC,2
30C,4,pos,17,CTAACAGTTACTGTCACTGCTGCTACCCTCCTA,2
30C,4,pos,17,CTAACAGTTACCGTCACTGCGGCTACCCTGCTC,2
30C,4,pos,17,CTAACTGTAACCGTCACTGCGGCTACCCTGCTC,1
30C,4,pos,17,CTAACTGTAACCGTCACTGCGGCTACTCTGCTC,1
30C,4,pos,17,CTGACAGTTACTGTCACTGCTGCTACCCTCCTT,1
30C,4,pos,17,CTAACTGTAACCGTCACTGCTGCAACTCTGCTC,1
30C,4,pos,17,CTAACTGTTACCGTCACTGCTGCTACCCTGCTC,1
30C,4,pos,17,CTAACAGTTACTGTCACTGCTGCTACCCTGCTA,1
30C,4,pos,17,CTGACAGTTACCGTCACTGCTGCTACCCTCCTA,1
30C,4,pos,17,CTGACAGTTACTGTCACTGCTGCTACTCTCCTA,1
30C,4,pos,17,CTGACAGTTACGGTCACTGCTGCTACCCTCCTA,1
30C,4,pos,17,CTAACTGTTACTGTCACTGCGGCTACCCTGCTC,1
30C,4,pos,18,CTGACAGTTACTGTCACTGCTGCTACCCTCCTA,5113
30C,4,pos,18,CTAACCGTCACAGTAACCGCAGCTACCCTGCTG,28
30C,4,pos,18,CTAACTGTAACCGTCACTGCGGCAACTCTGCTC,5
30C,4,pos,18,CTAACAGTTACTGTCACTGCGGCTACCCTCCTA,4
30C,4,pos,18,CTAACAGTTACTGTCACTGCTGCTACCCTCCTA,3
30C,4,pos,18,CTAACTGTAACTGTCACTGCGGCAACTCTCCTA,3
30C,4,pos,18,CTAACTGTAACCGTCACTGCGGCAACGCTGCTC,2
30C,4,pos,18,CTGACAGTTACTGTCACTGCTGCTACCCTCCTT,2
30C,4,pos,18,CTAACCGTAACTGTCACTGCGGCCACGCTCCTA,2
30C,4,pos,18,CTAACCGTAACTGTCACTGCGGCTACCCTCCTA,1
30C,4,pos,18,CTAACTGTAACCGTCACTGCTGCAACTCTGCTC,1
30C,4,pos,18,CTGACAGTTACTGTCACTGCTGCCACCCTCCTA,1
30C,4,pos,18,CTAACTGTAACCGTAACTGCGGCAACGCTGCTC,1
30C,4,pos,18,CTAACCGTCACTGTAACCGCAGCTACCCTCCTA,1
30C,4,pos,18,CTAACAGTAACTGTCACTGCGGCTACGCTCCTA,1
30C,4,pos,18,CTTACAGTTACTGTCACTGCTGCTACCCTCCTA,1
30C,4,pos,18,CTAACTGTAACTGTCACTGCGGCAACTCTCCTC,1
30C,4,pos,18,CTAACAGTTACTGTCACTGCTGCTACGCTCCTA,1
30C,4,pos,18,CTAACCGTTACAGTAACCGCAGCTACCCTGCTG,1
30C,4,pos,18,CTAACTGTTACCGTCACTGCGGCAACTCTCCTC,1
30C,4,pos,18,CTAACTGTAACTGTCACTGCGGCAACGCTCCTC,1
30C,4,pos,18,CTGACTGTTACAGTAACTGCTGCTACACTACTG,1
30C,4,pos,18,CTAACTGTAACTGTCACTGCGGCTACGCTCCTC,1
30C,4,pos,18,CTAACCGTTACTGTAACCGCAGCTACCCTCCTG,1
30C,4,pos,18,CTAACAGTAACTGTCACTGCGGCAACCCTCCTA,1
30C,4,pos,18,CTAACAGTAACTGTCACTGCGGCTACCCTCCTA,1
30C,4,pos,18,CTAACTGTAACTGTCACTGCGGCCACGCTCCTA,1
30C,4,pos,18,CTAACTGTAACTGTCACTGCGGCAACCCTCCTA,1
30C,4,pos,18,CTAACTGTAACCGTCACTGCGGCCACGCTGCTC,1
30C,4,pos,18,CTAACCGTTACTGTAACCGCTGCTACCCTCCTA,1
30C,4,neg,1,CTGACAGTTACTGTCACTGCTGCTACCCTCCTA,35
30C,4,neg,1,CTAACCGTCACAGTAACCGCAGCTACCCTGCTG,23
30C,4,neg,1,CTGACAGTTACCGTTACAGCAGCCACGCTTCTG,1
30C,4,neg,2,CTGACAGTTACTGTCACTGCTGCTACCCTCCTA,82
30C,4,neg,2,CTAACCGTCACAGTAACCGCAGCTACCCTGCTG,26
30C,4,neg,2,CTGACAGTTACCGTTACAGCAGCCACGCTTCTG,1
30C,4,neg,3,CTAACCGTCACAGTAACCGCAGCTACCCTGCTG,21
30C,4,neg,3,CTGACAGTTACTGTCACTGCTGCTACCCTCCTA,4
30C,5,pos,1,CTGACAGTTACCGTTACAGCAGCCACGCTTCTG,14348
30C,5,pos,1,CTAACCGTCACAGTAACCGCAGCTACCCTGCTG,87
30C,5,pos,1,CTAACTGTAACCGTCACTGCGGCAACTCTGCTC,30
30C,5,pos,1,CTAACAGTTACCGTTACAGCAGCCACGCTTCTG,9
30C,5,pos,1,CTGACAGTTACCGTTACAGCAGCCACTCTTCTG,7
30C,5,pos,1,CTTACAGTTACCGTTACAGCAGCCACGCTTCTG,6
30C,5,pos,1,CTAACAGTTACCGTAACAGCAGCCACGCTTCTG,4
30C,5,pos,1,CTGACAGTTACCGTAACAGCAGCCACGCTTCTG,3
30C,5,pos,1,CTAACTGTAACCGTCACTGCGGCAACGCTGCTC,3
30C,5,pos,1,CTAACTGTTACCGTCACAGCAGCCACGCTGCTG,2
30C,5,pos,1,CTGACAGTTACTGTCACTGCTGCTACCCTCCTA,2
30C,5,pos,1,CTGACAGTTACTGTTACAGCAGCCACGCTTCTG,2
30C,5,pos,1,CTAACAGTTACCGTCACAGCAGCCACGCTTCTG,2
30C,5,pos,1,CTGACAGTTACCGTCACAGCAGCCACGCTTCTG,1
30C,5,pos,1,CTAACCGTTACAGTAACCGCAGCTACCCTGCTG,1
30C,5,pos,1,CTAACCGTAACCGTAACAGCAGCCACGCTGCTG,1
30C,5,pos,1,CTGACAGTAACCGTTACAGCCGCTACTCTGCTT,1
30C,5,pos,1,CTGACAGTTACCGTTACAGCAGCCACGCTTCTA,1
30C,5,pos,1,CTAACCGTTACCGTCACAGCAGCCACGCTTCTG,1
30C,5,pos,1,CTGACCGTTACCGTTACAGCAGCCACGCTTCTG,1
30C,5,pos,1,CTGACAGTTACCGTTACAGCAGCCACGCTTCTT,1
30C,5,pos,1,CTAACCGTAACCGTAACTGCGGCTACCCTGCTG,1
30C,5,pos,1,CTGACTGTTACCGTTACAGCAGCCACGCTTCTG,1
30C,5,pos,1,CTAACCGTTACAGTAACAGCAGCTACCCTGCTG,1
30C,5,pos,1,CTAACAGTAACCGTCACTGCGGCCACGCTGCTC,1
30C,5,pos,1,CTGACAGTCACCGTTACAGCAGCCACGCTTCTG,1
30C,5,pos,1,CTAACTGTAACCGTCACAGCGGCAACGCTGCTC,1
30C,5,pos,1,CTAACCGTTACAGTAACAGCAGCTACGCTTCTG,1
30C,5,pos,1,CTAACAGTTACCGTCACAGCAGCCACGCTGCTG,1
30C,5,pos,1,CTAACTGTAACCGTCACAGCAGCCACGCTGCTG,1
30C,5,pos,1,CTGACAGTTACCGTTACAGCAGCCACACTTCTG,1
30C,5,pos,1,CTAACTGTAACCGTCACAGCGGCCACGCTGCTC,1
30C,5,pos,1,CTAACTGTAACCGTAACAGCGGCCACGCTGCTC,1
30C,5,pos,1,CTGACAGTTACCGTCACTGCGGCAACTCTGCTC,1
30C,5,pos,1,CTAACCGTTACCGTAACAGCAGCCACGCTTCTG,1
30C,5,pos,1,CTCACCGTTACTGTCACTGCAGCAACCCTACTT,1
30C,5,pos,1,CTGACAGTTACTGTCACAGCTGCTACGCTCCTA,1
30C,5,pos,1,CTAACCGTCACCGTAACAGCAGCTACCCTGCTG,1
30C,5,pos,1,CTAACAGTAACCGTAACAGCAGCCACGCTGCTG,1
30C,5,pos,1,CTAACCGTAACTGTAACAGCGGCCACGCTCCTA,1
30C,5,pos,1,CTAACTGTAACCGTCACAGCGGCCACGCTGCTG,1
30C,5,pos,1,CTTACAGTCACAGTTACCGCCGCCACCCTACTC,1
30C,5,pos,1,CTAACTGTTACCGTCACTGCGGCAACTCTGCTC,1
30C,5,pos,1,CTGACAGTTACCGTAACAGCAGCCACCCTCCTG,1
30C,5,pos,1,CTGACAGTTACCGTTACGGCAGCCACGCTTCTG,1
30C,5,pos,1,CTTACGGTGACGGTCACAGCTGCTACCCTTCTC,1
30C,5,pos,1,CTAACTGTTACCGTAACAGCAGCCACGCTTCTC,1
30C,5,pos,1,CTAACTGTTACCGTCACTGCGGCTACGCTGCTC,1
30C,5,pos,1,CTAACCGTCACAGTAACCGCAGCCACCCTGCTG,1
30C,5,pos,1,CTGACAGTTACCGTTACAGCAGCCACTCTTCTT,1
30C,5,pos,1,CTAACTGTAACCGTCACTGCGGCCACGCTGCTC,1
30C,5,pos,2,CTGACAGTTACCGTTACAGCAGCCACGCTTCTG,3907
30C,5,pos,2,CTAACCGTCACAGTAACCGCAGCTACCCTGCTG,29
30C,5,pos,2,CTAACTGTAACCGTCACTGCGGCAACTCTGCTC,11
30C,5,pos,2,CTAACTGTAACCGTCACTGCGGCCACGCTGCTC,3
30C,5,pos,2,CTGACTGTTACAGTAACTGCTGCTACACTACTG,3
30C,5,pos,2,CTAACTGTTACCGTCACTGCGGCCACGCTGCTC,2
30C,5,pos,2,CTGACAGTTACCGTCACAGCAGCCACGCTTCTG,2
30C,5,pos,2,CTAACTGTAACCGTCACTGCGGCAACGCTGCTC,2
30C,5,pos,2,CTAACCGTTACAGTAACCGCAGCTACCCTGCTG,2
30C,5,pos,2,CTAACTGTTACCGTCACAGCGGCCACGCTTCTC,1
30C,5,pos,2,CTGACAGTCACCGTTACAGCAGCCACGCTTCTG,1
30C,5,pos,2,CTAACCGTTACTGTAACAGCAGCTACGCTCCTG,1
30C,5,pos,2,CTCACCGTTACTGTCACTGCAGCAACCCTACTT,1
30C,5,pos,2,CTAACCGTTACAGTAACAGCAGCTACCCTGCTG,1
30C,5,pos,2,CTAACCGTTACCGTAACAGCAGCCACGCTTCTG,1
30C,5,pos,2,CTCACAGTTACCGTTACAGCAGCCACGCTTCTG,1
30C,5,pos,2,CTAACCGTTACCGTAACAGCAGCTACCCTGCTG,1
30C,5,pos,2,CTTACCGTTACTGTGACTGCGGCGACACTCCTT,1
30C,5,pos,2,CTGACAGTTACCGTCACTGCAGCCACGCTGCTG,1
30C,5,pos,2,CTAACAGTTACCGTCACAGCGGCCACGCTCCTA,1
30C,5,pos,2,CTGACAGTTACCGTTACAGCAGCCACACTTCTG,1
30C,5,pos,2,CTGACAGTTACCGTAACAGCAGCCACGCTTCTG,1
30C,5,pos,2,CTAACAGTTACCGTTACAGCAGCCACGCTTCTG,1
30C,5,pos,3,CTGACAGTTACCGTTACAGCAGCCACGCTTCTG,8422
30C,5,pos,3,CTAACCGTCACAGTAACCGCAGCTACCCTGCTG,35
30C,5,pos,3,CTAACTGTAACCGTCACTGCGGCAACTCTGCTC,15
30C,5,pos,3,CTAACTGTAACCGTCACTGCGGCAACGCTGCTC,10
30C,5,pos,3,CTAACTGTAACCGTCACAGCGGCAACGCTGCTC,6
30C,5,pos,3,CTAACTGTTACCGTCACAGCGGCCACGCTTCTC,6
30C,5,pos,3,CTAACAGTTACCGTTACAGCAGCCACGCTTCTG,5
30C,5,pos,3,CTGACAGTTACCGTTACAGCAGCCACTCTTCTG,5
30C,5,pos,3,CTAACCGTTACAGTAACCGCAGCTACCCTGCTG,4
30C,5,pos,3,CTAACTGTTACCGTAACAGCGGCCACGCTTCTC,3
30C,5,pos,3,CTGACAGTCACCGTTACAGCAGCCACGCTTCTG,3
30C,5,pos,3,CTAACAGTTACCGTAACAGCAGCCACGCTTCTG,3
30C,5,pos,3,CTTACAGTTACCGTTACAGCAGCCACGCTTCTG,2
30C,5,pos,3,CTAACCGTTACAGTAACAGCAGCTACGCTGCTG,2
30C,5,pos,3,CTAACTGTAACCGTCACAGCGGCCACGCTGCTC,2
30C,5,pos,3,CTAACTGTAACCGTAACAGCGGCCACGCTTCTC,2
30C,5,pos,3,CTAACTGTAACCGTCACAGCGGCCACGCTCCTC,2
30C,5,pos,3,CTAACCGTCACAGTAACAGCAGCTACCCTGCTG,2
30C,5,pos,3,CTAACTGTAACCGTCACTGCGGCAACGCTCCTC,2
30C,5,pos,3,CTAACTGTAACTGTCACAGCGGCCACGCTCCTA,1
30C,5,pos,3,CTAACTGTTACTGTAACAGCTGCCACGCTTCTC,1
30C,5,pos,3,CTAACTGTAACCGTAACAGCGGCAACGCTGCTC,1
30C,5,pos,3,CTGACAGTTACTGTAACAGCTGCTACGCTTCTA,1
30C,5,pos,3,CTAACAGTTACCGTAACAGCGGCCACGCTTCTA,1
30C,5,pos,3,CTAACAGTTACCGTCACAGCAGCCACGCTTCTC,1
30C,5,pos,3,CTAACCGTTACCGTAACAGCAGCTACGCTTCTG,1
30C,5,pos,3,CTAACCGTTACCGTTACAGCAGCCACGCTTCTG,1
30C,5,pos,3,CTAACTGTAACCGTCACTGCGGCCACGCTGCTC,1
30C,5,pos,3,CTGACAGTAACCGTTACAGCAGCCACGCTTCTG,1
30C,5,pos,3,CTAACAGTTACAGTAACAGCAGCTACCCTGCTG,1
30C,5,pos,3,CTGACAGTTACTGTAACAGCTGCCACGCTCCTA,1
30C,5,pos,3,CTAACTGTTACCGTAACAGCAGCCACGCTTCTC,1
30C,5,pos,3,CTGACAGTTACCGTTACAGCAGCTACGCTTCTG,1
30C,5,pos,3,CTAACCGTTACAGTAACAGCAGCTACCCTGCTG,1
30C,5,pos,3,CTGACAGTTACCGTTACAGCAGCCACGCTTCTT,1
30C,5,pos,3,CTGACAGTTACCGTTACAGCGGCCACGCTTCTG,1
30C,5,pos,3,CTAACCGTTACAGTAACAGCAGCCACGCTTCTG,1
30C,5,pos,3,CTAACCGTTACCGTAACAGCAGCCACGCTTCTG,1
30C,5,pos,3,CTAACTGTAACCGTAACAGCGGCCACGCTGCTC,1
30C,5,pos,3,CTAACCGTCACAGTAACAGCAGCTACGCTGCTG,1
30C,5,pos,3,CTGACAGTTACCGTTACAGCAGCCACGCTTCTA,1
30C,5,pos,3,CTAACTGTTACCGTCACAGCAGCCACGCTTCTC,1
30C,5,pos,4,CTGACAGTTACCGTTACAGCAGCCACGCTTCTG,11271
30C,5,pos,4,CTAACCGTCACAGTAACCGCAGCTACCCTGCTG,31
30C,5,pos,4,CTAACTGTAACCGTCACTGCGGCAACTCTGCTC,20
30C,5,pos,4,CTGACAGTTACCGTTACAGCAGCCACTCTTCTG,5
30C,5,pos,4,CTGACAGTTACCGTCACAGCAGCCACGCTTCTG,4
30C,5,pos,4,CTAACAGTTACCGTCACTGCAGCCACGCTGCTG,3
30C,5,pos,4,CTAACAGTTACCGTCACTGCGGCCACGCTGCTC,3
30C,5,pos,4,CTAACTGTTACCGTCACTGCGGCTACCCTGCTC,3
30C,5,pos,4,CTAACCGTTACAGTAACCGCAGCTACCCTGCTG,3
30C,5,pos,4,CTGACAGTTACCGTTACAGCAGCCACCCTTCTG,3
30C,5,pos,4,CTGACAGTTACCGTTACAGCAGCCACGCTTCTT,3
30C,5,pos,4,CTTACAGTTACCGTTACAGCAGCCACGCTTCTG,2
30C,5,pos,4,CTAACAGTTACCGTCACAGCGGCCACGCTTCTC,2
30C,5,pos,4,CTGACAGTCACCGTTACAGCAGCCACGCTTCTG,2
30C,5,pos,4,CTGACAGTTACCGTCACTGCAGCCACGCTTCTG,2
30C,5,pos,4,CTGACAGTTACCGTCACTGCAGCCACGCTGCTG,2
30C,5,pos,4,CTAACTGTTACCGTCACTGCGGCAACTCTGCTC,2
30C,5,pos,4,CTGACAGTTACCGTTACAGCTGCCACGCTTCTG,1
30C,5,pos,4,CTAACAGTTACCGTCACTGCGGCTACTCTGCTC,1
30C,5,pos,4,CTAACTGTTACCGTCACTGCGGCAACGCTTCTC,1
30C,5,pos,4,CTGACAGTTACCGTTACAGCAGCCACGCTCCTG,1
30C,5,pos,4,CTGACAGTTACCGTTACAGCAGCTACCCTTCTG,1
30C,5,pos,4,CTGACAGTTACCGTTACAGCAGCTACGCTTCTG,1
30C,5,pos,4,CTAACAGTTACCGTCACTGCGGCCACGCTGCTG,1
30C,5,pos,4,CTAACCGTTACAGTAACAGCAGCTACGCTTCTG,1
30C,5,pos,4,CTAACTGTTACCGTCACAGCGGCCACGCTTCTC,1
30C,5,pos,4,CTAACAGTTACCGTCACAGCAGCCACGCTGCTG,1
30C,5,pos,4,CTGACAGTTACCGTAACAGCAGCTACGCTTCTG,1
30C,5,pos,4,CTAACCGTCACAGTAACAGCAGCTACCCTGCTG,1
30C,5,pos,4,CTAACAGTTACCGTCACTGCGGCCACGCTCCTA,1
30C,5,pos,4,CTGACAGTTACCGTCACTGCGGCCACGCTTCTC,1
30C,5,pos,4,CTGACAGTTACTGTCACTGCTGCTACCCTCCTA,1
30C,5,pos,4,CTGACAGTTACTGTAACAGCAGCTACCCTGCTG,1
30C,5,pos,4,CTGACAGTTACCGTAACAGCAGCCACGCTTCTG,1
30C,5,pos,4,CTAACAGTTACCGTCACAGCAGCCACGCTTCTG,1
30C,5,pos,4,CTGACGGTTACCGTTACAGCAGCCACGCTTCTG,1
30C,5,pos,4,CTGACAGTTACTGTTACAGCAGCCACGCTTCTG,1
30C,5,pos,4,CTAACAGTTACCGTCACTGCAGCCACGCTTCTG,1
30C,5,pos,4,CTAACAGTAACCGTCACTGCGGCAACTCTGCTC,1
30C,5,pos,4,CTAACTGTAACCGTCACTGCGGCTACCCTGCTG,1
30C,5,pos,5,CTGACAGTTACCGTTACAGCAGCCACGCTTCTG,4819
30C,5,pos,5,CTAACCGTCACAGTAACCGCAGCTACCCTGCTG,40
30C,5,pos,5,CTAACTGTAACCGTCACTGCGGCAACTCTGCTC,25
30C,5,pos,5,CTAACTGTAACCGTCACTGCGGCAACGCTGCTC,7
30C,5,pos,5,CTGACAGTTACCGTTACAGCAGCCACTCTTCTG,4
30C,5,pos,5,CTTACAGTTACCGTTACAGCAGCCACGCTTCTG,2
30C,5,pos,5,CTAACCGTTACAGTAACAGCAGCTACCCTGCTG,2
30C,5,pos,5,CTGACTGTTACCGTTACAGCAGCCACGCTTCTG,2
30C,5,pos,5,CTAACTGTAACTGTCACTGCGGCCACGCTCCTA,1
30C,5,pos,5,CTGACAGTTACCGTTACAGCAGCCACGCTCCTG,1
30C,5,pos,5,CTAACTGTAACCGTAACAGCGGCCACGCTGCTC,1
30C,5,pos,5,CTAACAGTTACCGTCACAGCGGCCACGCTTCTG,1
30C,5,pos,5,CTGACAGTTACCGTAACAGCAGCCACGCTTCTG,1
30C,5,pos,5,CTAACTGTAACCGTCACTGCGGCCACGCTGCTC,1
30C,5,pos,5,CTAACCGTAACTGTCACTGCGGCCACGCTCCTA,1
30C,5,pos,5,CTGACAGTTACCGTTACGGCAGCCACGCTTCTG,1
30C,5,pos,5,CTAACCGTAACCGTCACTGCGGCTACCCTGCTA,1
30C,5,pos,5,CTAACCGTCACTGTAACAGCAGCCACGCTGCTG,1
30C,5,pos,5,CTAACAGTTACCGTCACAGCAGCCACGCTGCTG,1
30C,5,pos,5,CTGACGGTTACCGTTACAGCAGCCACGCTTCTG,1
30C,5,pos,5,CTAACAGTTACCGTCACAGCGGCCACGCTCCTA,1
30C,5,pos,5,CTCACAGTTACCGTTACAGCAGCCACGCTTCTG,1
30C,5,pos,5,CTAACTGTAACTGTCACTGCGGCCACGCTCCTC,1
30C,5,pos,5,CTAACTGTAACCGTCACTGCGGCAACGCTGCTA,1
30C,5,pos,5,CTAACAGTTACCGTCACAGCAGCCACGCTTCTG,1
30C,5,pos,5,CTAACTGTAACCGTCACAGCGGCCACGCTGCTC,1
30C,5,pos,5,CTGACAGTTACCGTTACAGCAGCTACGCTTCTG,1
30C,5,pos,5,CTAACTGTTACCGTCACTGCGGCTACTCTGCTC,1
30C,5,pos,5,CTAACCGTTACTGTAACCGCAGCTACCCTGCTG,1
30C,5,pos,5,CTAACTGTAACTGTCACTGCGGCAACTCTGCTA,1
30C,5,pos,5,CTAACTGTTACCGTCACAGCGGCCACGCTGCTC,1
30C,5,pos,5,CTAACCGTAACTGTCACAGCGGCCACGCTCCTA,1
30C,5,pos,5,CTGACAGTTACTGTCACTGCTGCTACCCTCCTA,1
30C,5,pos,5,CTAACCGTAACCGTCACTGCGGCCACGCTGCTA,1
30C,5,pos,5,CTAACAGTTACCGTTACAGCGGCCACGCTTCTG,1
30C,5,pos,5,CTAACAGTTACCGTAACAGCGGCCACGCTTCTC,1
30C,5,pos,5,CTAACAGTAACTGTCACTGCGGCCACGCTCCTA,1
30C,5,pos,5,CTAACCGTTACCGTAACAGCGGCCACGCTCCTC,1
30C,5,pos,5,CTAACTGTAACCGTCACTGCGGCAACGCTCCTC,1
30C,5,pos,5,CTGACAGTTACCGTTACAGCAGCCACGCTTCTT,1
30C,5,pos,5,CTGACTGTTACAGTAACTGCTGCTACACTACTG,1
30C,5,pos,5,CTAACTGTAACTGTCACTGCGGCAACGCTCCTA,1
30C,5,pos,5,CTAACCGTTACTGTAACAGCAGCTACCCTCCTG,1
30C,5,pos,6,CTGACAGTTACCGTTACAGCAGCCACGCTTCTG,16992
30C,5,pos,6,CTAACCGTCACAGTAACCGCAGCTACCCTGCTG,33
30C,5,pos,6,CTGACAGTTACCGTTACAGCAGCCACGCTTCTT,4
30C,5,pos,6,CTCACAGTTACCGTTACAGCAGCCACGCTTCTG,3
30C,5,pos,6,CTGACAGTTACCGTTACAGCAGCCACTCTTCTG,3
30C,5,pos,6,CTGACAGTTACTGTTACAGCAGCCACGCTTCTG,2
30C,5,pos,6,CTGACAGTCACCGTTACAGCAGCCACGCTTCTG,2
30C,5,pos,6,CTTACAGTTACCGTTACAGCAGCCACACTCCTG,1
30C,5,pos,6,CTGACAGTTACCGTTACCGCAGCCACGCTTCTG,1
30C,5,pos,6,CTGACAGTTACCGTTACAGCAGCCACGCTCCTG,1
30C,5,pos,6,CTGACGGTTACCGTTACAGCAGCCACGCTTCTG,1
30C,5,pos,6,CTAACAGTTACCGTTACAGCGGCAACGCTTCTG,1
30C,5,pos,6,CTGACAGTTACCGTTACAGCGGCCACGCTTCTG,1
30C,5,pos,6,CTGACAGTTACCGTTACAGCAGCCACTCTGCTT,1
30C,5,pos,6,CTCACCGTTACTGTCACTGCAGCAACCCTACTT,1
30C,5,pos,6,CTAACTGTAACCGTCACTGCGGCAACTCTGCTC,1
30C,5,pos,6,CTTACAGTTACCGTTACAGCAGCCACGCTTCTG,1
30C,5,pos,6,CTGACAGTTACCGTTACAGCAGCTACGCTTCTG,1
30C,5,pos,6,CTGACAGTTACCGTAACAGCAGCCACGCTTCTG,1
30C,5,pos,6,CTTACCGTTACTGTAACGGCCGCAACGCTGCTT,1
30C,5,pos,6,CTAACAGTTACCGTAACAGCAGCCACGCTTCTG,1
30C,5,pos,6,CTCACTGTCACTGTCACCGCCGCCACTCTTCTT,1
30C,5,pos,6,CTGACAGTTACCGTTACAGCAGCCACCCTTCTG,1
30C,5,pos,6,CTGACAGTTACCGTCACAGCAGCCACGCTTCTG,1
30C,5,pos,6,CTAACCGTTACCGTAACAGCAGCCACGCTTCTG,1
30C,5,pos,7,CTGACAGTTACCGTTACAGCAGCCACGCTTCTG,21797
30C,5,pos,7,CTAACCGTCACAGTAACCGCAGCTACCCTGCTG,33
30C,5,pos,7,CTAACTGTAACCGTCACTGCGGCAACTCTGCTC,8
30C,5,pos,7,CTGACAGTTACCGTTACAGCAGCCACGCTTCTT,5
30C,5,pos,7,CTGACAGTTACCGTTACAGCAGCCACTCTTCTG,4
30C,5,pos,7,CTGACAGTTACTGTTACAGCAGCCACGCTTCTG,4
30C,5,pos,7,CTCACAGTTACCGTTACAGCAGCCACGCTTCTG,3
30C,5,pos,7,CTTACAGTTACCGTTACAGCAGCCACGCTTCTG,3
30C,5,pos,7,CTGACAGTTACCGTTACAGCAGCCACACTTCTG,2
30C,5,pos,7,CTGACAGTTACCGTCACAGCAGCCACGCTTCTG,2
30C,5,pos,7,CTGACAGTTACCGTTACTGCAGCCACGCTTCTG,2
30C,5,pos,7,CTGACTGTTACAGTAACTGCTGCTACGCTACTG,1
30C,5,pos,7,CTAACAGTTACCGTTACAGCAGCCACGCTTCTG,1
30C,5,pos,7,CTAACCGTTACAGTAACAGCAGCTACCCTGCTG,1
30C,5,pos,7,CTGACAGTTACCGTAACAGCAGCCACGCTTCTG,1
30C,5,pos,7,CTAACTGTAACCGTCACAGCGGCCACGCTGCTC,1
30C,5,pos,7,CTAACTGTCACTGTAACAGCCGCTACACTTCTC,1
30C,5,pos,7,CTAACTGTAACCGTCACTGCGGCCACTCTGCTC,1
30C,5,pos,7,CTGACAGTTACCGTTACAGCAGCCACGCTTCTA,1
30C,5,pos,7,CTAACCGTAACTGTAACAGCGGCCACGCTCCTA,1
30C,5,pos,7,CTAACCGTTACAGTAACAGCAGCTACGCTGCTG,1
30C,5,pos,7,CTTACCGTTACTGTAACGGCCGCAACGCTGCTT,1
30C,5,pos,7,CTAACAGTTACCGTAACAGCAGCCACGCTGCTG,1
30C,5,pos,7,CTGACTGTTACTGTCACAGCTGCCACGCTCCTT,1
30C,5,pos,7,CTAACCGTAACTGTGACGGCTGCAACGCTTCTG,1
30C,5,pos,7,CTGACAGTTACCGTTACAGCGGCCACGCTTCTG,1
30C,5,pos,7,CTAACGGTAACGGTAACGGCGGCAACCCTCCTT,1
30C,5,pos,7,CTCACCGTTACTGTCACTGCAGCAACCCTACTT,1
30C,5,pos,7,CTAACAGTTACCGTTACAGCAGCCACGCTGCTG,1
30C,5,pos,7,CTAACCGTTACTGTAACAGCAGCCACGCTCCTG,1
30C,5,pos,7,CTAACAGTAACCGTTACAGCGGCAACGCTTCTG,1
30C,5,pos,8,CTGACAGTTACCGTTACAGCAGCCACGCTTCTG,21332
30C,5,pos,8,CTAACCGTCACAGTAACCGCAGCTACCCTGCTG,61
30C,5,pos,8,CTGACAGTTACCGTTACAGCAGCCACTCTTCTG,9
30C,5,pos,8,CTGACAGTTACCGTTACAGCAGCCACGCTTCTT,5
30C,5,pos,8,CTAACTGTAACCGTCACTGCGGCAACTCTGCTC,4
30C,5,pos,8,CTGACAGTTACCGTTACAGCAGCCACGCTTCTA,3
30C,5,pos,8,CTGACAGTTACCGTTACAGCAGCCACCCTTCTG,3
30C,5,pos,8,CTGACAGTTACCGTTACAGCAGCCACGCTCCTG,3
30C,5,pos,8,CTCACCGTTACTGTCACTGCAGCAACCCTACTT,3
30C,5,pos,8,CTTACAGTTACCGTTACAGCAGCCACGCTTCTG,3
30C,5,pos,8,CTCACAGTTACCGTTACAGCAGCCACGCTTCTG,2
30C,5,pos,8,CTGACAGTCACCGTTACAGCAGCCACGCTTCTG,2
30C,5,pos,8,CTGACAGTTACCGTCACAGCAGCCACGCTTCTG,2
30C,5,pos,8,CTGACAGTTACTGTTACAGCAGCCACGCTTCTG,2
30C,5,pos,8,CTGACTGTTACAGTAACTGCTGCTACACTACTG,1
30C,5,pos,8,CTGACAGTTACCGTTACTGCAGCCACGCTTCTG,1
30C,5,pos,8,CTAACTGTTACCGTCACTGCGGCAACGCTTCTC,1
30C,5,pos,8,CTAACGGTAACGGTAACAGCGGCAACCCTCCTT,1
30C,5,pos,8,CTAACCGTCACCGTAACCGCAGCTACCCTGCTG,1
30C,5,pos,8,CTGACAGTTACAGTTACAGCAGCCACGCTTCTG,1
30C,5,pos,8,CTAACTGTTACCGTTACAGCAGCAACGCTGCTG,1
30C,5,pos,8,CTAACAGTTACCGTTACAGCAGCCACGCTTCTG,1
30C,5,pos,8,CTAACCGTTACCGTTACAGCAGCCACGCTTCTG,1
30C,5,pos,8,CTAACTGTTACCGTCACTGCGGCAACTCTGCTC,1
30C,5,pos,8,CTAACTGTAACCGTCACAGCGGCCACGCTGCTC,1
30C,5,pos,9,CTGACAGTTACCGTTACAGCAGCCACGCTTCTG,5839
30C,5,pos,9,CTAACCGTCACAGTAACCGCAGCTACCCTGCTG,33
30C,5,pos,9,CTGACAGTTACTGTTACAGCAGCCACGCTTCTG,3
30C,5,pos,9,CTGACAGTTACCGTAACAGCAGCCACGCTTCTG,3
30C,5,pos,9,CTGACAGTTACCGTTACAGCAGCCACTCTTCTG,3
30C,5,pos,9,CTGACAGTTACCGTTACAGCAGCCACGCTTCTT,1
30C,5,pos,9,CTGACAGTAACCGTTACAGCCGCTACTCTGCTT,1
30C,5,pos,9,CTCACCGTTACTGTCACTGCAGCAACCCTACTT,1
30C,5,pos,9,CTGACAGTCACCGTTACAGCAGCCACGCTTCTG,1
30C,5,pos,9,CTCACAGTTACCGTTACAGCAGCCACGCTTCTG,1
30C,5,pos,9,CTGACAGTTACCGTTACAGCAGCTACGCTTCTG,1
30C,5,pos,9,CTGACAGTTACCGTCACAGCAGCCACGCTTCTG,1
30C,5,pos,9,CTGACAGTTACCGTTACAGCAGCCACCCTTCTG,1
30C,5,pos,9,CTGACAGTTACCGTTACAGCAGCCACACTTCTG,1
30C,5,pos,10,CTGACAGTTACCGTTACAGCAGCCACGCTTCTG,5005
30C,5,pos,10,CTAACCGTCACAGTAACCGCAGCTACCCTGCTG,16
30C,5,pos,10,CTTACAGTTACCGTTACAGCAGCCACGCTTCTG,3
30C,5,pos,10,CTGACCGTAACGGTCACCGCGGCAACTCTACTG,1
30C,5,pos,10,CTCACCGTTACTGTCACTGCAGCAACCCTACTT,1
30C,5,pos,10,CTAACCGTTACCGTAACAGCAGCCACGCTTCTG,1
30C,5,pos,10,CTGACAGTTACCGTTACAGCAGCCACGCTTCTA,1
30C,5,pos,10,CTGACAGTCACCGTTACAGCAGCCACGCTTCTG,1
30C,5,pos,10,CTGACGGTTACCGTTACAGCAGCCACGCTTCTG,1
30C,5,pos,10,CTCACAGTTACCGTTACAGCAGCCACGCTTCTG,1
30C,5,pos,10,CTGACAGTTACCGTTACAGCAGCTACGCTTCTG,1
30C,5,pos,10,CTGACAGTTACCGTTACAGCAGCCACTCTTCTG,1
30C,5,pos,11,CTGACAGTTACCGTTACAGCAGCCACGCTTCTG,10800
30C,5,pos,11,CTAACCGTCACAGTAACCGCAGCTACCCTGCTG,42
30C,5,pos,11,CTAACCGTTACCGTAACAGCAGCCACGCTTCTG,3
30C,5,pos,11,CTGACAGTTACCGTTACAGCAGCCACGCTTCTT,3
30C,5,pos,11,CTTACAGTTACCGTTACAGCAGCCACGCTTCTG,3
30C,5,pos,11,CTGACAGTTACCGTTACAGCAGCCACCCTTCTG,2
30C,5,pos,11,CTGACAGTTACTGTTACAGCAGCCACGCTTCTG,2
30C,5,pos,11,CTAACCGTCACAGTAACAGCAGCTACCCTGCTG,2
30C,5,pos,11,CTGACAGTTACCGTTACAGCAGCCACTCTTCTG,2
30C,5,pos,11,CTCACCGTTACTGTCACTGCAGCAACCCTACTT,2
30C,5,pos,11,CTGACAGTTACCGTCACAGCAGCCACGCTTCTG,2
30C,5,pos,11,CTAACAGTTACCGTAACAGCAGCCACGCTTCTG,2
30C,5,pos,11,CTAACAGTAACCGTTACAGCGGCCACGCTTCTG,1
30C,5,pos,11,CTAACAGTTACCGTTACAGCGGCCACGCTTCTG,1
30C,5,pos,11,CTAACGGTAACGGTAACGGCGGCAACCCTCCTT,1
30C,5,pos,11,CTGACAGTTACCGTTACAGCAGCCACGCTTCTA,1
30C,5,pos,11,CTAACCGTCACCGTAACCGCAGCTACGCTGCTG,1
30C,5,pos,11,CTGACTGTTACAGTAACTGCTGCTACACTACTG,1
30C,5,pos,11,CTAACAGTTACCGTCACAGCAGCCACGCTTCTC,1
30C,5,pos,11,CTAACTGTTACCGTCACAGCGGCCACGCTTCTC,1
30C,5,pos,11,CTGACAGTTACCGTTACAGCGGCCACGCTTCTG,1
30C,5,pos,11,CTGACAGTCACCGTTACCGCAGCCACGCTTCTG,1
30C,5,pos,11,CTGACTGTTACTGTCACGGCTGCCACTCTCCTT,1
30C,5,pos,11,CTGACAGTTACCGTTACGGCAGCCACGCTTCTG,1
30C,5,pos,11,CTTACCGTTACTGTAACAGCCGCAACGCTGCTT,1
30C,5,pos,11,CTTACCGTTACTGTGACTGCGGCGACACTCCTT,1
30C,5,pos,12,CTGACAGTTACCGTTACAGCAGCCACGCTTCTG,20902
30C,5,pos,12,CTAACCGTCACAGTAACCGCAGCTACCCTGCTG,37
30C,5,pos,12,CTGACAGTTACCGTCACAGCAGCCACGCTTCTG,6
30C,5,pos,12,CTAACCGTTACAGTAACAGCAGCTACCCTGCTG,4
30C,5,pos,12,CTAACAGTTACCGTTACAGCAGCCACGCTTCTG,4
30C,5,pos,12,CTAACTGTAACCGTCACTGCGGCAACTCTGCTC,3
30C,5,pos,12,CTCACCGTTACTGTCACTGCAGCAACCCTACTT,2
30C,5,pos,12,CTGACAGTTACCGTAACAGCAGCCACGCTTCTG,2
30C,5,pos,12,CTAACCGTTACAGTAACCGCAGCTACCCTGCTG,2
30C,5,pos,12,CTAACAGTTACCGTCACAGCGGCCACGCTTCTC,2
30C,5,pos,12,CTGACAGTTACCGTCACTGCAGCCACGCTTCTG,1
30C,5,pos,12,CTAACCGTCACAGTAACAGCAGCTACCCTGCTG,1
30C,5,pos,12,CTGACAGTTACCGTTACAGCAGCTACGCTTCTG,1
30C,5,pos,12,CTGACAGTTACCGTTACGGCAGCCACGCTTCTG,1
30C,5,pos,12,CTGACTGTTACAGTAACTGCTGCTACACTACTG,1
30C,5,pos,12,CTGACAGTTACCGTTACAGCAGCCACGCTCCTG,1
30C,5,pos,12,CTGACAGTTACCGTTACAGCAGCCACTCTTCTG,1
30C,5,pos,12,CTGACAGTCACCGTTACAGCAGCCACGCTTCTG,1
30C,5,pos,13,CTGACAGTTACCGTTACAGCAGCCACGCTTCTG,22622
30C,5,pos,13,CTAACCGTCACAGTAACCGCAGCTACCCTGCTG,22
30C,5,pos,13,CTTACAGTTACCGTTACAGCAGCCACGCTTCTG,5
30C,5,pos,13,CTGACAGTTACCGTCACAGCAGCCACGCTTCTG,4
30C,5,pos,13,CTGACAGTTACCGTTACGGCAGCCACGCTTCTG,3
30C,5,pos,13,CTGACAGTTACTGTTACAGCAGCCACGCTTCTG,3
30C,5,pos,13,CTGACAGTTACCGTTACAGCAGCCACTCTTCTG,2
30C,5,pos,13,CTCACCGTTACTGTCACTGCAGCAACCCTACTT,2
30C,5,pos,13,CTGACAGTTACCGTTACAGCAGCTACGCTTCTG,1
30C,5,pos,13,CTAACAGTTACCGTTACAGCAGCCACGCTTCTG,1
30C,5,pos,13,CTGACAGTTACCGTTACAGCCGCCACGCTTCTG,1
30C,5,pos,13,CTGACTGTCACTGTTACAGCTGCTACACTACTT,1
30C,5,pos,13,CTGACAGTTACCGTTACAGCAGCCACCCTTCTG,1
30C,5,pos,13,CTGACGGTTACCGTTACAGCAGCCACGCTTCTG,1
30C,5,pos,13,CTAACCGTCACAGTAACAGCAGCTACCCTGCTG,1
30C,5,pos,13,CTAACGGTAACCGTAACGGCGGCAACCCTCCTT,1
30C,5,pos,13,CTGACAGTTACCGTTACAGCAGCCACGCTTCTA,1
30C,5,pos,13,CTGACAGTTACCGTTACAGCAGCCACGCTTCTT,1
30C,5,pos,13,CTAACTGTAACCGTCACTGCGGCAACTCTGCTC,1
30C,5,pos,13,CTTACCGTTACTGTAACGGCCGCAACGCTGCTT,1
30C,5,pos,13,CTAACAGTTACCGTAACAGCAGCCACGCTTCTG,1
30C,5,pos,13,CTGACTGTTACAGTAACTGCTGCTACACTACTG,1
30C,5,pos,14,CTGACAGTTACCGTTACAGCAGCCACGCTTCTG,5127
30C,5,pos,14,CTAACCGTCACAGTAACCGCAGCTACCCTGCTG,58
30C,5,pos,14,CTGACAGTTACCGTTACAGCAGCCACACTTCTG,2
30C,5,pos,14,CTGACAGTTACCGTTACAGCAGCCACGCTTCTT,1
30C,5,pos,14,CTGACAGTTACCGTAACAGCAGCCACGCTTCTG,1
30C,5,pos,14,CTCACCGTTACTGTCACTGCAGCAACCCTACTT,1
30C,5,pos,14,CTGACAGTTACGGTCACAGCTGCTACCCTTCTG,1
30C,5,pos,14,CTAACCGTTACCGTAACAGCAGCCACGCTTCTG,1
30C,5,pos,14,CTGACAGTTACTGTTACAGCAGCCACGCTCCTG,1
30C,5,pos,14,CTGACAGTCACCGTTACAGCAGCCACGCTTCTG,1
30C,5,pos,14,CTTACCGTTACTGTGACTGCGGCGACACTCCTT,1
30C,5,pos,14,CTGACAGTTACCGTCACAGCAGCCACGCTTCTG,1
30C,5,pos,14,CTGACAGTTACCGTTACAGCAGCGACGCTTCTG,1
30C,5,pos,15,CTGACAGTTACCGTTACAGCAGCCACGCTTCTG,4390
30C,5,pos,15,CTAACCGTCACAGTAACCGCAGCTACCCTGCTG,35
30C,5,pos,15,CTAACCGTCACAGTAACAGCAGCTACCCTGCTG,3
30C,5,pos,15,CTGACAGTCACCGTTACAGCAGCCACGCTTCTG,2
30C,5,pos,15,CTTACAGTTACCGTTACAGCAGCCACGCTTCTG,1
30C,5,pos,15,CTGACGGTTACCGTTACAGCAGCCACGCTTCTG,1
30C,5,pos,15,CTGACAGTTACCGTTACAGCAGCCACACTTCTG,1
30C,5,pos,15,CTTACCGTTACTGTGACTGCGGCGACACTCCTT,1
30C,5,pos,15,CTAACCGTCACTGTAACAGCAGCTACGCTCCTG,1
30C,5,pos,15,CTAACAGTTACCGTAACAGCAGCCACGCTTCTG,1
30C,5,pos,15,CTAACAGTTACCGTTACAGCAGCCACGCTTCTG,1
30C,5,pos,15,CTAACCGTCACAGTAACAGCAGCTACCCTCCTG,1
30C,5,pos,15,CTAACCGTTACAGTAACAGCAGCTACCCTGCTG,1
30C,5,pos,15,CTCACAGTTACCGTTACAGCAGCCACGCTTCTG,1
30C,5,pos,15,CTAACCGTTACCGTAACAGCAGCCACGCTTCTG,1
30C,5,pos,16,CTGACAGTTACCGTTACAGCAGCCACGCTTCTG,6089
30C,5,pos,16,CTAACCGTCACAGTAACCGCAGCTACCCTGCTG,36
30C,5,pos,16,CTTACAGTTACCGTTACAGCAGCCACGCTTCTG,2
30C,5,pos,16,CTGACAGTCACCGTTACAGCAGCCACGCTTCTG,2
30C,5,pos,16,CTGACAGTTACCGTTACGGCAGCCACGCTTCTG,2
30C,5,pos,16,CTGACAGTTACCGTTACAGCAGCCACTCTTCTG,2
30C,5,pos,16,CTGACAGTTACCGTTACAGCAGCCACGCTCCTG,1
30C,5,pos,16,CTCACCGTTACTGTCACTGCAGCAACCCTACTT,1
30C,5,pos,16,CTAACCGTCACAGTAACCGCGGCAACCCTCCTT,1
30C,5,pos,16,CTGACAGTTACTGTTACAGCAGCCACGCTTCTG,1
30C,5,pos,16,CTAACCGTCACAGTAACAGCAGCTACGCTGCTG,1
30C,5,pos,16,CTGACAGTTACCGTTACAGCAGCAACGCTTCTG,1
30C,5,pos,16,CTGACAGTTACCGTCACAGCAGCCACGCTTCTG,1
30C,5,pos,16,CTAACAGTTACCGTAACAGCAGCCACGCTTCTG,1
30C,5,pos,16,CTGACAGTTACGGTTACAGCTGCTACGCTTCTG,1
30C,5,pos,16,CTGACAGTTACCGTTACAGCTGCCACGCTTCTG,1
30C,5,pos,16,CTTACCGTTACTGTGACTGCGGCGACACTCCTT,1
30C,5,pos,16,CTGACAGTTACCGTTACAGCAGCCACGCTTCTT,1
30C,5,pos,17,CTGACAGTTACCGTTACAGCAGCCACGCTTCTG,5405
30C,5,pos,17,CTAACCGTCACAGTAACCGCAGCTACCCTGCTG,61
30C,5,pos,17,CTTACAGTTACCGTTACAGCAGCCACGCTTCTG,2
30C,5,pos,17,CTAACCGTTACAGTAACAGCAGCTACCCTGCTG,1
30C,5,pos,17,CTCACAGTTACCGTTACAGCAGCCACGCTTCTG,1
30C,5,pos,17,CTGACAGTTACCGTTACAGCAGCCACGCTTCTT,1
30C,5,pos,17,CTGACGGTTACCGTTACAGCAGCCACGCTTCTG,1
30C,5,pos,17,CTGACAGTTACCGTTACAGCTGCCACGCTTCTG,1
30C,5,pos,17,CTCACTGTTACCGTCACTGCAGCTACCCTGCTC,1
30C,5,pos,17,CTAACCGTTACAGTAACAGCAGCTACCCTTCTG,1
30C,5,pos,17,CTAACCGTCACAGTAACCGCGGCAACCCTCCTT,1
30C,5,pos,17,CTAACCGTTACGGTAACAGCTGCTACCCTTCTC,1
30C,5,pos,17,CTGACAGTTACTGTTACAGCAGCCACGCTTCTG,1
30C,5,pos,17,CTAACCGTCACAGTAACAGCAGCTACCCTGCTG,1
30C,5,pos,17,CTTACCGTTACTGTGACTGCGGCGACACTCCTT,1
30C,5,pos,18,CTGACAGTTACCGTTACAGCAGCCACGCTTCTG,3522
30C,5,pos,18,CTAACCGTCACAGTAACCGCAGCTACCCTGCTG,35
30C,5,pos,18,CTGACAGTTACCGTTACAGCAGCCACGCTTCTT,1
30C,5,pos,18,CTGACAGTTACCGTTACAGCAGCCACTCTTCTG,1
30C,5,pos,18,CTAACCGTTACCGTAACAGCAGCCACGCTTCTG,1
30C,5,pos,18,CTAACCGTTACAGTAACAGCAGCCACGCTGCTG,1
30C,5,pos,18,CTTACCGTTACTGTGACTGCGGCGACACTCCTT,1
30C,5,pos,18,CTTACAGTTACCGTTACAGCAGCCACGCTTCTG,1
30C,5,pos,18,CTAACCGTTACAGTAACAGCAGCTACGCTGCTG,1
30C,5,pos,18,CTGACAGTTACCGTTACAGCGGCCACGCTTCTG,1
30C,5,pos,18,CTAACCGTTACAGTAACAGCAGCTACCCTTCTG,1
30C,5,neg,1,CTAACCGTCACAGTAACCGCAGCTACCCTGCTG,33
30C,5,neg,1,CTGACAGTTACCGTTACAGCAGCCACGCTTCTG,15
30C,5,neg,1,CTCACCGTTACTGTCACTGCAGCAACCCTACTT,1
30C,5,neg,2,CTAACCGTCACAGTAACCGCAGCTACCCTGCTG,45
30C,5,neg,2,CTGACTGTTACTGTCACGGCTGCCACTCTCCTT,3
30C,5,neg,3,CTAACCGTCACAGTAACCGCAGCTACCCTGCTG,31
30C,5,neg,3,CTTACAGTTACCGTTACAGCAGCCACACTCCTG,1
30C,6,pos,1,CTAACCGTAACTGTAACAGCGGCCACGCTCCTA,1876
30C,6,pos,1,CTAACCGTCACAGTAACCGCAGCTACCCTGCTG,41
30C,6,pos,1,CTGACTGTTACGGTTACAGCAGCAACCCTACTC,17
30C,6,pos,1,CTGACTGTTACGGTTACAGCAGCAACCCTCCTC,10
30C,6,pos,1,CTAACCGTTACTGTAACAGCGGCCACGCTCCTA,2
30C,6,pos,1,CTGACAGTTACCGTTACAGCAGCCACGCTTCTG,2
30C,6,pos,1,CTGACGGTAACAGTGACAGCAGCAACCCTACTT,2
30C,6,pos,1,CTGACTGTTACGGTTACAGCAGCCACCCTCCTA,1
30C,6,pos,1,CTGACTGTTACAGTAACTGCTGCTACACTACTG,1
30C,6,pos,1,CTGACCGTTACTGTTACAGCAGCCACCCTCCTA,1
30C,6,pos,1,CTAACCGTAACTGTGACAGCGGCCACGCTCCTA,1
30C,6,pos,1,CTAACTGTTACGGTAACAGCAGCCACCCTCCTC,1
30C,6,pos,1,CTGACCGTAACGGTCACCGCGGCAACTCTACTG,1
30C,6,pos,1,CTGACTGTTACTGTTACAGCAGCAACCCTCCTC,1
30C,6,pos,1,CTGACTGTTACGGTTACAGCAGCCACCCTCCTC,1
30C,6,pos,1,CTAACCGTTACTGTAACAGCAGCCACGCTCCTA,1
30C,6,pos,1,CTCACCGTTACTGTCACTGCAGCAACCCTACTT,1
30C,6,pos,2,CTAACCGTAACTGTAACAGCGGCCACGCTCCTA,20402
30C,6,pos,2,CTAACCGTCACAGTAACCGCAGCTACCCTGCTG,33
30C,6,pos,2,CTGACTGTTACGGTTACAGCAGCAACCCTACTC,5
30C,6,pos,2,CTGACTGTTACGGTTACAGCAGCAACCCTCCTC,5
30C,6,pos,2,CTAACCGTTACTGTAACAGCGGCCACGCTCCTA,4
30C,6,pos,2,CTAACCGTTACTGTAACAGCAGCCACGCTCCTA,3
30C,6,pos,2,CTAACCGTAACTGTAACAGCCGCCACGCTCCTA,2
30C,6,pos,2,CTAACCGTAACTGTAACAGCGGCCACGCTACTA,2
30C,6,pos,2,CTAACGGTAACGGTAACAGCGGCAACCCTCCTT,2
30C,6,pos,2,CTAACCGTAACTGTAACAGCGGCCACTCTCCTA,2
30C,6,pos,2,CTGACCGTTACTGTTACAGCAGCCACGCTCCTA,2
30C,6,pos,2,CTAACCGTAACGGTAACAGCGGCCACGCTCCTA,2
30C,6,pos,2,CTGACTGTTACGGTTACAGCAGCCACCCTCCTC,2
30C,6,pos,2,CTGACAGTTACTGTTACAGCAGCCACGCTCCTA,1
30C,6,pos,2,CTGACTGTTACAGTAACTGCTGCTACACTACTG,1
30C,6,pos,2,CTAACCGTCACAGTAACAGCAGCTACCCTGCTG,1
30C,6,pos,2,CTAACCGTAACTGTAACAGCGGCCACGCTCCTT,1
30C,6,pos,2,CTAACCGTAACTGTAACAGCAGCCACGCTCCTA,1
30C,6,pos,2,CTGACCGTTACTGTAACAGCAGCCACCCTCCTA,1
30C,6,pos,2,CTGACTGTTACTGTTACAGCAGCCACCCTCCTA,1
30C,6,pos,2,CTAACCGTAACTGTAACGGCGGCCACGCTCCTA,1
30C,6,pos,2,CTAACCGTAACTGTAACAGCTGCCACGCTCCTA,1
30C,6,pos,2,CTAACCGTCACAGTAACCGCAGCCACCCTGCTG,1
30C,6,pos,2,CTAACCGTGACTGTAACAGCGGCCACGCTCCTA,1
30C,6,pos,2,CTGACAGTTACCGTTACAGCAGCCACGCTTCTG,1
30C,6,pos,2,CTAACCGTAACTGTAACAGCGGCAACGCTCCTA,1
30C,6,pos,2,CTGACTGTTACTGTAACAGCAGCCACGCTCCTA,1
30C,6,pos,2,CTAACCGTTACTGTAACAGCAGCCACCCTCCTA,1
30C,6,pos,2,CTAACCGTAACTGTAACAGCGGCAACCCTCCTA,1
30C,6,pos,2,CTGACCGTTACTGTAACAGCAGCCACGCTCCTA,1
30C,6,pos,2,CTGACCGTAACTGTAACAGCGGCCACGCTCCTA,1
30C,6,pos,2,CTAACTGTTACGGTTACAGCAGCCACGCTCCTC,1
30C,6,pos,3,CTAACCGTAACTGTAACAGCGGCCACGCTCCTA,2197
30C,6,pos,3,CTAACCGTCACAGTAACCGCAGCTACCCTGCTG,28
30C,6,pos,3,CTGACTGTTACGGTTACAGCAGCAACCCTACTC,13
30C,6,pos,3,CTGACTGTTACGGTTACAGCAGCAACCCTCCTC,4
30C,6,pos,3,CTGACAGTTACCGTTACAGCAGCCACGCTTCTG,2
30C,6,pos,3,CTAACCGTAACTGTAACAGCGGCCACCCTCCTA,1
30C,6,pos,3,CTAACCGTTACTGTAACAGCAGCCACGCTCCTA,1
30C,6,pos,3,CTGACTGTTACAGTAACTGCTGCTACACTACTG,1
30C,6,pos,3,CTAACTGTTACGGTAACAGCAGCCACCCTCCTC,1
30C,6,pos,3,CTAACCGTAACTGTAACAGCCGCCACGCTCCTA,1
30C,6,pos,3,CTGACTGTTACTGTTACAGCAGCCACCCTCCTA,1
30C,6,pos,3,CTAACCGTAACTGTAACAGCTGCCACGCTCCTA,1
30C,6,pos,3,CTAACCGTAACTGTAACAGCGGCTACGCTCCTA,1
30C,6,pos,3,CTAACCGTCACTGTAACAGCAGCTACGCTCCTG,1
30C,6,pos,3,CTGACCGTAACGGTCACCGCGGCAACTCTACTG,1
30C,6,pos,3,CTAACCGTTACAGTAACAGCAGCTACCCTGCTG,1
30C,6,pos,3,CTGACTGTTACGGTAACAGCAGCCACCCTCCTC,1
30C,6,pos,4,CTAACCGTAACTGTAACAGCGGCCACGCTCCTA,4422
30C,6,pos,4,CTAACCGTCACAGTAACCGCAGCTACCCTGCTG,43
30C,6,pos,4,CTGACTGTTACGGTTACAGCAGCAACCCTACTC,10
30C,6,pos,4,CTAACCGTTACTGTAACAGCAGCCACGCTCCTA,2
30C,6,pos,4,CTAACCGTAACTGTAACAGCTGCCACGCTCCTA,2
30C,6,pos,4,CTAACCGTAACTGTGACAGCGGCCACGCTCCTA,2
30C,6,pos,4,CTGACCGTTACTGTAACAGCAGCCACCCTCCTA,2
30C,6,pos,4,CTAACCGTTACTGTAACAGCAGCTACCCTCCTA,2
30C,6,pos,4,CTAACCGTTACTGTAACAGCAGCCACCCTCCTA,2
30C,6,pos,4,CTAACCGTAACTGTAACAGCGGCCACGCTTCTA,1
30C,6,pos,4,CTCACCGTTACTGTCACTGCAGCAACCCTACTT,1
30C,6,pos,4,CTGACAGTAACCGTTACAGCCGCTACTCTGCTT,1
30C,6,pos,4,CTCACTGTCACGGTCACCGCAGCCACACTGCTC,1
30C,6,pos,4,CTAACCGTTACGGTAACAGCAGCTACCCTCCTC,1
30C,6,pos,4,CTAACAGTAACTGTAACAGCGGCCACGCTCCTA,1
30C,6,pos,4,CTAACCGTAACTGTAACAGCGGCCACTCTCCTA,1
30C,6,pos,4,CTAACTGTTACGGTAACAGCAGCAACCCTCCTC,1
30C,6,pos,4,CTAACCGTCACTGTAACAGCAGCTACGCTCCTA,1
30C,6,pos,4,CTAACCGTGACTGTAACAGCGGCCACGCTCCTA,1
30C,6,pos,4,CTGACTGTTACAGTAACTGCTGCTACACTACTG,1
30C,6,pos,4,CTGACTGTTACGGTTACAGCAGCAACCCTCCTC,1
30C,6,pos,4,CTAACCGTCACTGTAACAGCAGCCACCCTCCTA,1
30C,6,pos,4,CTAACCGTAACTGTAACAGCAGCCACGCTCCTA,1
30C,6,pos,4,CTAACCGTTACTGTAACAGCAGCCACCCTCCTC,1
30C,6,pos,4,CTGACTGTTACGGTAACAGCAGCAACCCTCCTC,1
30C,6,pos,4,CTAACCGTCACAGTAACAGCAGCCACCCTCCTG,1
30C,6,pos,5,CTAACCGTAACTGTAACAGCGGCCACGCTCCTA,28035
30C,6,pos,5,CTAACCGTCACAGTAACCGCAGCTACCCTGCTG,26
30C,6,pos,5,CTGACTGTTACGGTTACAGCAGCAACCCTACTC,25
30C,6,pos,5,CTAACCGTTACTGTAACAGCGGCCACGCTCCTA,15
30C,6,pos,5,CTAACCGTAACTGTAACAGCTGCCACGCTCCTA,7
30C,6,pos,5,CTAACCGTAACTGTAACAGCAGCCACGCTCCTA,6
30C,6,pos,5,CTAACCGTAACTGTAACAGCCGCCACGCTCCTA,6
30C,6,pos,5,CTGACTGTTACGGTTACAGCAGCCACCCTCCTC,6
30C,6,pos,5,CTGACTGTTACGGTTACAGCAGCCACGCTCCTC,4
30C,6,pos,5,CTAACCGTTACTGTAACAGCAGCCACGCTCCTA,4
30C,6,pos,5,CTGACCGTTACTGTTACAGCAGCCACGCTCCTA,4
30C,6,pos,5,CTGACCGTTACTGTAACAGCAGCCACGCTCCTA,3
30C,6,pos,5,CTAACCGTAACTGTAACAGCAGCCACGCTCCTG,3
30C,6,pos,5,CTGACTGTTACGGTTACAGCAGCCACCCTACTC,3
30C,6,pos,5,CTGACCGTTACTGTAACAGCGGCCACGCTCCTA,3
30C,6,pos,5,CTAACCGTAACTGTAACGGCGGCCACGCTCCTA,2
30C,6,pos,5,CTTACTGTTACGGTAACCGCAGCCACGCTCCTT,2
30C,6,pos,5,CTAACCGTAACTGTAACAGCGGCCACGCTCCTT,2
30C,6,pos,5,CTAACCGTAACCGTAACAGCGGCCACGCTCCTA,2
30C,6,pos,5,CTGACTGTTACGGTTACAGCAGCCACGCTTCTC,1
30C,6,pos,5,CTAACCGTTACTGTAACAGCAGCCACGCTCCTG,1
30C,6,pos,5,CTAACCGTCACTGTAACAGCAGCCACGCTCCTG,1
30C,6,pos,5,CTGACTGTTACGGTAACAGCAGCCACGCTCCTC,1
30C,6,pos,5,CTAACCGTTACGGTAACAGCAGCCACGCTCCTC,1
30C,6,pos,5,CTAACCGTAACTGTAACAGCGGCCACTCTCCTA,1
30C,6,pos,5,CTGACAGTTACTGTTACAGCAGCCACCCTCCTA,1
30C,6,pos,5,CTGACAGTTACGGTTACAGCAGCAACCCTACTC,1
30C,6,pos,5,CTAACCGTAACGGTAACAGCGGCCACGCTCCTA,1
30C,6,pos,5,CTGACTGTTACAGTAACTGCTGCTACACTACTG,1
30C,6,pos,5,CTAACCGTAACTGTAACAGCGGCCACGCTTCTA,1
30C,6,pos,5,CTGACCGTAACGGTCACCGCGGCAACTCTACTG,1
30C,6,pos,5,CTAACAGTCACAGTAACCGCAGCTACCCTGCTG,1
30C,6,pos,5,CTAACCGTAACTGTAACAGCGGCCACGCTCCTG,1
30C,6,pos,5,CTAACCGTAACTGTAACAGCGGCCACCCTCCTA,1
30C,6,pos,5,CTAACAGTTACTGTAACAGCGGCCACCCTACTA,1
30C,6,pos,5,CTAACCGTAACTGTAACAGCGGCAACCCTCCTT,1
30C,6,pos,5,CTGACTGTTACTGTTACAGCAGCCACGCTCCTC,1
30C,6,pos,5,CTAACGGTAACGGTAACAGCGGCCACGCTCCTT,1
30C,6,pos,5,CTGACTGTTACGGTTACAGCAGCCACGCTACTC,1
30C,6,pos,5,CTAACCGTGACTGTAACAGCGGCCACGCTCCTA,1
30C,6,pos,5,CTAACCGTCACAGTAACAGCAGCTACCCTGCTG,1
30C,6,pos,5,CTGACTGTTACTGTTACAGCAGCCACGCTCCTA,1
30C,6,pos,5,CTGACAGTTACGGTTACAGCAGCCACCCTACTC,1
30C,6,pos,5,CTGACTGTTACGGTTACAGCAGCAACCCTCCTC,1
30C,6,pos,5,CTGACAGTTACTGTTACAGCAGCCACGCTACTA,1
30C,6,pos,5,CTAACCGTCACAGTAACAGCAGCTACGCTGCTG,1
30C,6,pos,5,CTAACCGTTACAGTAACAGCAGCCACCCTGCTG,1
30C,6,pos,5,CTGACGGTAACAGTGACAGCAGCAACCCTACTT,1
30C,6,pos,5,CTGACCGTTACTGTTACAGCAGCCACGCTCCTC,1
30C,6,pos,5,CTGACAGTTACGGTTACAGCAGCCACCCTTCTG,1
30C,6,pos,5,CTGACAGTTACCGTTACAGCAGCCACGCTTCTG,1
30C,6,pos,6,CTAACCGTAACTGTAACAGCGGCCACGCTCCTA,9326
30C,6,pos,6,CTAACCGTCACAGTAACCGCAGCTACCCTGCTG,28
30C,6,pos,6,CTGACTGTTACGGTTACAGCAGCAACCCTACTC,10
30C,6,pos,6,CTAACCGTTACTGTAACAGCGGCCACGCTCCTA,9
30C,6,pos,6,CTAACCGTAACTGTAACAGCTGCCACGCTCCTA,4
30C,6,pos,6,CTAACTGTTACGGTAACAGCAGCCACGCTCCTC,4
30C,6,pos,6,CTAACCGTAACTGTAACAGCGGCTACGCTCCTA,3
30C,6,pos,6,CTAACCGTTACTGTAACAGCAGCCACGCTCCTC,2
30C,6,pos,6,CTAACTGTTACGGTAACAGCAGCAACCCTCCTC,2
30C,6,pos,6,CTGACTGTTACGGTAACAGCAGCAACCCTCCTC,2
30C,6,pos,6,CTAACCGTAACCGTAACAGCGGCCACGCTCCTA,2
30C,6,pos,6,CTCACCGTTACTGTCACTGCAGCAACCCTACTT,1
30C,6,pos,6,CTGACCGTAACTGTAACAGCGGCCACGCTCCTA,1
30C,6,pos,6,CTGACCGTAACGGTCACCGCGGCAACTCTACTG,1
30C,6,pos,6,CTAACGGTAACGGTAACAGCGGCAACCCTCCTT,1
30C,6,pos,6,CTAACCGTAACTGTAACAGCCGCCACGCTCCTA,1
30C,6,pos,6,CTAACCGTAACTGTAACAGCGGCCACCCTCCTA,1
30C,6,pos,6,CTAACCGTAACTGTAACAGCGGCCACGCTCCTG,1
30C,6,pos,6,CTAACTGTTACGGTAACAGCAGCAACCCTACTC,1
30C,6,pos,6,CTAACTGTTACTGTAACAGCAGCCACGCTCCTC,1
30C,6,pos,6,CTAACCGTTACGGTAACAGCAGCCACGCTCCTC,1
30C,6,pos,6,CTAACCGTTACAGTAACAGCAGCTACCCTGCTG,1
30C,6,pos,6,CTAACTGTTACTGTAACAGCGGCCACGCTCCTA,1
30C,6,pos,6,CTAACCGTAACTGTAACAGCGGCCACTCTCCTA,1
30C,6,pos,6,CTAACTGTTACGGTAACAGCAGCCACCCTCCTC,1
30C,6,pos,6,CTAACCGTAACTGTAACAGCGGCCACGCTCCTT,1
30C,6,pos,6,CTAACCGTTACTGTAACAGCAGCCACGCTCCTA,1
30C,6,pos,6,CTGACTGTTACAGTAACTGCTGCTACACTACTG,1
30C,6,pos,6,CTAACCGTAACTGTAACCGCAGCTACCCTGCTG,1
30C,6,pos,6,CTGACTGTTACGGTAACAGCAGCAACGCTCCTC,1
30C,6,pos,6,CTGACTGTTACGGTAACAGCAGCAACCCTACTC,1
30C,6,pos,6,CTGACTGTTACTGTAACAGCAGCCACGCTCCTC,1
30C,6,pos,6,CTAACTGTTACGGTAACAGCAGCAACGCTCCTC,1
30C,6,pos,6,CTGACTGTTACGGTTACAGCAGCAACCCTCCTC,1
30C,6,pos,6,CTAACCGTAACTGTAACAGCGGCCACGCTTCTA,1
30C,6,pos,7,CTAACCGTAACTGTAACAGCGGCCACGCTCCTA,26423
30C,6,pos,7,CTAACCGTCACAGTAACCGCAGCTACCCTGCTG,32
30C,6,pos,7,CTAACCGTTACTGTAACAGCGGCCACGCTCCTA,15
30C,6,pos,7,CTGACTGTTACGGTTACAGCAGCAACCCTACTC,12
30C,6,pos,7,CTGACCGTTACTGTAACAGCAGCCACCCTCCTA,5
30C,6,pos,7,CTAACCGTAACTGTAACAGCCGCCACGCTCCTA,5
30C,6,pos,7,CTAACCGTAACTGTAACAGCTGCCACGCTCCTA,4
30C,6,pos,7,CTGACCGTTACTGTTACAGCAGCCACCCTCCTA,3
30C,6,pos,7,CTAACCGTGACTGTAACAGCGGCCACGCTCCTA,3
30C,6,pos,7,CTGACTGTTACGGTTACAGCAGCTACCCTCCTC,2
30C,6,pos,7,CTAACCGTAACTGTAACAGCAGCCACGCTCCTA,2
30C,6,pos,7,CTAACCGTTACTGTAACAGCAGCTACCCTCCTA,2
30C,6,pos,7,CTGACTGTTACAGTAACTGCTGCTACACTACTG,1
30C,6,pos,7,CTAACCGTCACTGTAACAGCAGCTACCCTCCTA,1
30C,6,pos,7,CTGACAGTTACTGTCACAGCTGCTACCCTCCTA,1
30C,6,pos,7,CTGACTGTTACTGTTACAGCAGCAACCCTCCTC,1
30C,6,pos,7,CTAACCGTAACTGTAACAGCGGCCACGCTCCTG,1
30C,6,pos,7,CTGACTGTTACTGTAACAGCAGCAACCCTCCTA,1
30C,6,pos,7,CTGACCGTTACTGTAACAGCAGCCACGCTCCTA,1
30C,6,pos,7,CTTACAGTTACCGTTACAGCAGCCACGCTTCTG,1
30C,6,pos,7,CTGACTGTTACTGTTACAGCAGCAACCCTCCTA,1
30C,6,pos,7,CTAACCGTAACTGTAACAGCTGCTACCCTCCTA,1
30C,6,pos,7,CTAACCGTAACTGTAACAGCGGCCACCCTCCTA,1
30C,6,pos,7,CTGACTGTTACGGTAACAGCAGCTACCCTCCTC,1
30C,6,pos,7,CTAACTGTTACTGTAACAGCGGCCACGCTCCTA,1
30C,6,pos,7,CTGACCGTAACTGTAACAGCGGCCACGCTCCTA,1
30C,6,pos,7,CTGACTGTTACGGTTACAGCAGCCACGCTACTC,1
30C,6,pos,7,CTAACCGTTACAGTAACCGCAGCTACCCTGCTG,1
30C,6,pos,7,CTAACTGTAACTGTAACAGCGGCCACGCTCCTA,1
30C,6,pos,7,CTGACTGTTACGGTAACAGCAGCAACGCTCCTC,1
30C,6,pos,7,CTAACTGTTACGGTAACAGCAGCAACCCTCCTC,1
30C,6,pos,7,CTAACCGTTACTGTAACAGCAGCCACGCTCCTA,1
30C,6,pos,7,CTAACCGTAACTGTAACGGCGGCCACGCTCCTA,1
30C,6,pos,7,CTAACCGTAACTGTGACAGCGGCCACGCTCCTA,1
30C,6,pos,7,CTGACTGTTACTGTTACAGCAGCTACCCTCCTA,1
30C,6,pos,7,CTAACCGTTACTGTAACAGCGGCCACCCTCCTA,1
30C,6,pos,7,CTGACAGTTACTGTTACAGCAGCCACCCTCCTG,1
30C,6,pos,7,CTGACTGTTACTGTAACAGCTGCAACCCTCCTA,1
30C,6,pos,7,CTAACCGTAACTGTAACAGCGGCCACACTCCTA,1
30C,6,pos,7,CTGACTGTTACTGTTACAGCAGCCACCCTCCTA,1
30C,6,pos,7,CTGACTGTTACGGTTACAGCAGCAACCCTCCTC,1
30C,6,pos,7,CTAACCGTAACTGTAACAGCGGCCACGCTCCTT,1
30C,6,pos,7,CTAACCGTAACTGTAACAGCGGCCACGCTTCTA,1
30C,6,pos,7,CTAACCGTTACTGTAACAGCAGCCACCCTCCTA,1
30C,6,pos,8,CTAACCGTAACTGTAACAGCGGCCACGCTCCTA,9650
30C,6,pos,8,CTAACCGTCACAGTAACCGCAGCTACCCTGCTG,32
30C,6,pos,8,CTAACCGTAACTGTAACAGCTGCCACGCTCCTA,4
30C,6,pos,8,CTAACCGTTACTGTAACAGCGGCCACGCTCCTA,3
30C,6,pos,8,CTAACCGTAACTGTAACAGCGGCTACGCTCCTA,2
30C,6,pos,8,CTGACTGTTACGGTTACAGCAGCAACCCTACTC,2
30C,6,pos,8,CTAACCGTAACTGTGACAGCGGCCACGCTCCTA,2
30C,6,pos,8,CTGACCGTTACTGTAACAGCAGCCACCCTCCTA,2
30C,6,pos,8,CTCACCGTTACTGTCACTGCAGCAACCCTACTT,1
30C,6,pos,8,CTAACCGTAACTGTAACAGCGGCCACGCTCCTT,1
30C,6,pos,8,CTAACCGTAACTGTAACAGCCGCCACGCTCCTA,1
30C,6,pos,8,CTGACTGTTACAGTAACTGCTGCTACACTACTG,1
30C,6,pos,8,CTAACCGTAACTGTAACAGCGGCCACACTCCTA,1
30C,6,pos,8,CTAACCGTAACTGTAACAGCAGCCACGCTCCTA,1
30C,6,pos,8,CTGACTGTTACTGTAACAGCAGCCACCCTCCTA,1
30C,6,pos,8,CTGACCGTAACGGTCACCGCGGCAACTCTACTG,1
30C,6,pos,8,CTAACCGTTACTGTAACAGCAGCCACGCTCCTA,1
30C,6,pos,8,CTGACTGTTACGGTTACAGCAGCAACCCTCCTC,1
30C,6,pos,8,CTCACCGTTACCGTTACAGCAGCCACTCTACTC,1
30C,6,pos,8,CTAACCGTAACTGTAACCGCTGCCACGCTCCTA,1
30C,6,pos,8,CTAACCGTAACGGTAACAGCGGCCACGCTCCTA,1
30C,6,pos,9,CTAACCGTAACTGTAACAGCGGCCACGCTCCTA,6636
30C,6,pos,9,CTGACTGTAACAGTAACTGCAGCTACACTTCTT,117
30C,6,pos,9,CTAACCGTCACAGTAACCGCAGCTACCCTGCTG,77
30C,6,pos,9,CTAACCGTAACCGTAACAGCGGCCACGCTCCTA,3
30C,6,pos,9,CTGACTGTTACTGTCACGGCTGCCACTCTCCTT,2
30C,6,pos,9,CTAACCGTAACTGTAACAGCGGCCACGCTCCTT,2
30C,6,pos,9,CTCACCGTTACTGTCACTGCAGCAACCCTACTT,1
30C,6,pos,9,CTAACCGTAACTGTAACAGCCGCCACGCTCCTA,1
30C,6,pos,9,CTAACCGTAACTGTAACAGCGGCTACGCTCCTA,1
30C,6,pos,9,CTAACCGTAACTGTAACAGCAGCCACGCTCCTA,1
30C,6,pos,9,CTAACCGTCACAGTAACCGCAGCTACCCTGCTA,1
30C,6,pos,9,CTAACCGTAACTGTAACAGCTGCCACGCTCCTA,1
30C,6,pos,9,CTAACCGTAACTGTAACAGCGGCCACGCTCCTG,1
30C,6,pos,9,CTAACCGTCACTGTAACCGCCGCCACTCTTCTT,1
30C,6,pos,10,CTAACCGTAACTGTAACAGCGGCCACGCTCCTA,6419
30C,6,pos,10,CTAACCGTCACAGTAACCGCAGCTACCCTGCTG,46
30C,6,pos,10,CTAACCGTAACTGTAACAGCGGCCACTCTCCTA,1
30C,6,pos,10,CTAACCGTAACTGTAACAGCAGCCACGCTCCTA,1
30C,6,pos,10,CTAACCGTCACTGTAACCGCAGCTACCCTGCTG,1
30C,6,pos,10,CTGACGGTAACAGTGACAGCAGCAACCCTCCTT,1
30C,6,pos,10,CTAACCGTAACTGTAACAGCCGCCACGCTCCTA,1
30C,6,pos,10,CTAACCGTCACAGTAACCGCAGCTACCCTCCTG,1
30C,6,pos,10,CTAACCGTAACTGTAACAGCGGCCACACTCCTA,1
30C,6,pos,10,CTCACTGTCACTGTCACCGCCGCCACTCTTCTT,1
30C,6,pos,10,CTAACCGTCACTGTAACAGCAGCTACCCTCCTG,1
30C,6,pos,10,CTAACCGTCACTGTAACCGCAGCTACCCTCCTG,1
30C,6,pos,10,CTAACCGTCACTGTAACAGCAGCTACCCTCCTA,1
30C,6,pos,10,CTGACAGTTACCGTTACAGCAGCCACGCTTCTG,1
30C,6,pos,11,CTAACCGTAACTGTAACAGCGGCCACGCTCCTA,19424
30C,6,pos,11,CTAACCGTCACAGTAACCGCAGCTACCCTGCTG,59
30C,6,pos,11,CTAACCGTGACTGTAACAGCGGCCACGCTCCTA,5
30C,6,pos,11,CTAACCGTAACTGTAACAGCTGCCACGCTCCTA,4
30C,6,pos,11,CTAACCGTAACTGTGACAGCGGCCACGCTCCTA,2
30C,6,pos,11,CTAACCGTCACAGTAACAGCAGCTACCCTGCTG,2
30C,6,pos,11,CTAACCGTAACTGTAACAGCGGCCACTCTCCTA,1
30C,6,pos,11,CTAACCGTTACTGTCACTGCAGCAACCCTACTT,1
30C,6,pos,11,CTAACCGTCACTGTAACAGCAGCTACGCTCCTG,1
30C,6,pos,11,CTAACCGTAACTGTAACAGCGGCCACGCTCCTT,1
30C,6,pos,11,CTAACTGTCACTGTCACCGCCGCCACTCTTCTT,1
30C,6,pos,11,CTGACCGTAACAGTAACAGCAGCAACCCTCCTT,1
30C,6,pos,11,CTAACCGTAACTGTAACAGCCGCCACGCTCCTA,1
30C,6,pos,11,CTAACCGTAACTGTAACAGCGGCCACCCTCCTA,1
30C,6,pos,11,CTAACCGTAACTGTAACAGCGGCCACACTCCTA,1
30C,6,pos,11,CTAACCGTAACTGTAACAGCGGCGACGCTCCTA,1
30C,6,pos,11,CTAACCGTCACAGTAACCGCAGCTACCCTCCTG,1
30C,6,pos,12,CTAACCGTAACTGTAACAGCGGCCACGCTCCTA,9282
30C,6,pos,12,CTAACCGTCACAGTAACCGCAGCTACCCTGCTG,44
30C,6,pos,12,CTAACCGTGACTGTAACAGCGGCCACGCTCCTA,3
30C,6,pos,12,CTAACCGTAACTGTAACAGCGGCCACGCTGCTA,2
30C,6,pos,12,CTAACCGTAACTGTAACAGCAGCCACGCTCCTA,2
30C,6,pos,12,CTTACCGTTACTGTGACTGCGGCGACACTCCTT,1
30C,6,pos,12,CTAACCGTAACTGTAACAGCGGCCACGCTCCTT,1
30C,6,pos,12,CTAACCGTAACTGTTACAGCGGCCACGCTCCTA,1
30C,6,pos,12,CTCACTGTCACTGTCACCGCCGCCACTCTTCTT,1
30C,6,pos,12,CTAACCGTAACTGTAACAGCGGCCACGCTCCTC,1
30C,6,pos,12,CTAACCGTTACAGTAACAGCAGCTACCCTGCTG,1
30C,6,pos,12,CTAACCGTCACAGTAACAGCAGCCACGCTGCTG,1
30C,6,pos,12,CTAACCGTAACTGTGACAGCGGCCACGCTCCTA,1
30C,6,pos,12,CTAACCGTCACAGTAACAGCAGCTACGCTGCTG,1
30C,6,pos,13,CTAACCGTAACTGTAACAGCGGCCACGCTCCTA,24633
30C,6,pos,13,CTAACCGTCACAGTAACCGCAGCTACCCTGCTG,37
30C,6,pos,13,CTAACCGTAACTGTAACAGCTGCCACGCTCCTA,7
30C,6,pos,13,CTAACCGTAACTGTAACAGCGGCCACGCTCCTT,5
30C,6,pos,13,CTAACCGTCACAGTAACAGCAGCCACGCTGCTG,2
30C,6,pos,13,CTAACCGTAACTGTAACAGCAGCCACGCTCCTA,2
30C,6,pos,13,CTAACCGTCACAGTAACAGCAGCTACCCTGCTG,2
30C,6,pos,13,CTAACCGTAACTGTAACAGCAGCCACGCTCCTG,2
30C,6,pos,13,CTAACCGTTACTGTAACAGCAGCCACGCTTCTG,1
30C,6,pos,13,CTAACCGTCACTGTAACAGCAGCCACGCTGCTG,1
30C,6,pos,13,CTAACCGTAACTGTAACAGCGGCCACGCTCCTC,1
30C,6,pos,13,CTCACTGTCACTGTCACCGCCGCCACTCTTCTT,1
30C,6,pos,13,CTAACCGTTACAGTAACAGCAGCTACCCTGCTG,1
30C,6,pos,13,CTAACCGTAACGGTAACAGCGGCCACGCTCCTA,1
30C,6,pos,13,CTAACCGTGACTGTAACAGCGGCCACGCTCCTA,1
30C,6,pos,13,CTAACCGTCACTGTAACCGCAGCTACCCTGCTG,1
30C,6,pos,13,CTAACCGTAACTGTAACGGCGGCCACGCTCCTA,1
30C,6,pos,13,CTAACCGTAACTGTAACAGCGGCCACGCTTCTA,1
30C,6,pos,13,CTAACCGTTACTGTAACAGCGGCCACGCTCCTA,1
30C,6,pos,13,CTAACCGTTACTGTAACAGCAGCTACCCTCCTG,1
30C,6,pos,14,CTAACCGTAACTGTAACAGCGGCCACGCTCCTA,15768
30C,6,pos,14,CTAACCGTCACAGTAACCGCAGCTACCCTGCTG,34
30C,6,pos,14,CTAACCGTCACAGTAACAGCAGCTACCCTGCTG,3
30C,6,pos,14,CTGACCGTAACTGTAACAGCGGCCACGCTCCTA,3
30C,6,pos,14,CTAACCGTAACTGTAACAGCAGCCACGCTCCTA,2
30C,6,pos,14,CTAACCGTAACTGTAACAGCTGCCACGCTCCTA,2
30C,6,pos,14,CTAACCGTAACTGTAACAGCGGCCACTCTCCTA,1
30C,6,pos,14,CTAACCGTAACTGTAACGGCGGCCACGCTCCTA,1
30C,6,pos,14,CTAACCGTCACTGTAACAGCAGCTACGCTCCTA,1
30C,6,pos,14,CTCACTGTCACTGTCACCGCCGCCACTCTTCTT,1
30C,6,pos,14,CTAACCGTAACTGTGACAGCGGCCACGCTCCTA,1
30C,6,pos,14,CTAACCGTCACAGTAACAGCAGCTACGCTGCTG,1
30C,6,pos,14,CTAACCGTAACCGTAACAGCGGCCACGCTCCTA,1
30C,6,pos,14,CTAACCGTAACTGTAACAGCGGCCACACTCCTA,1
30C,6,pos,14,CTGACGGTAACAGTGACAGCAGCAACCCTACTT,1
30C,6,pos,15,CTAACCGTAACTGTAACAGCGGCCACGCTCCTA,18951
30C,6,pos,15,CTAACCGTCACAGTAACCGCAGCTACCCTGCTG,47
30C,6,pos,15,CTAACCGTAACTGTGACAGCGGCCACGCTCCTA,3
30C,6,pos,15,CTAACCGTAACTGTAACAGCTGCCACGCTCCTA,2
30C,6,pos,15,CTAACCGTCACTGTAACAGCAGCTACCCTCCTG,2
30C,6,pos,15,CTAACTGTAACTGTAACAGCGGCCACGCTCCTA,2
30C,6,pos,15,CTAACCGTAACTGTAACAGCGGCCACGCTTCTA,1
30C,6,pos,15,CTAACCGTAACTGTAACCGCAGCTACCCTGCTG,1
30C,6,pos,15,CTAACCGTAACTGTAACAGCGGCTACGCTCCTA,1
30C,6,pos,15,CTAACCGTCACTGTAACCGCAGCTACCCTCCTA,1
30C,6,pos,15,CTAACCGTAACTGTAACAGCGGCCACGCTCCTG,1
30C,6,pos,15,CTAACTGTCACTGTCACCGCCGCCACCCTTCTT,1
30C,6,pos,15,CTAACCGTAACTGTAACAGCAGCCACGCTCCTA,1
30C,6,pos,15,CTAACCGTTACTGTAACAGCGGCCACGCTCCTA,1
30C,6,pos,15,CTAACCGTCACTGTAACAGCAGCTACCCTCCTA,1
30C,6,pos,15,CTAACCGTCACTGTAACCGCAGCTACCCTCCTG,1
30C,6,pos,15,CTAACCGTAACTGTAACAGCGGCCACTCTCCTA,1
30C,6,pos,15,CTAACCGTCACAGTAACCGCAGCTACCCTACTG,1
30C,6,pos,15,CTAACCGTAACTGTAACAGCGGCCACACTCCTA,1
30C,6,pos,16,CTAACCGTAACTGTAACAGCGGCCACGCTCCTA,7667
30C,6,pos,16,CTAACCGTCACAGTAACCGCAGCTACCCTGCTG,38
30C,6,pos,16,CTAACCGTAACTGTAACAGCCGCCACGCTCCTA,2
30C,6,pos,16,CTAACCGTGACTGTAACAGCGGCCACGCTCCTA,2
30C,6,pos,16,CTAACCGTCACAGTAACAGCAGCTACCCTGCTG,2
30C,6,pos,16,CTAACCGTAACCGTAACAGCGGCCACGCTCCTA,1
30C,6,pos,16,CTCACCGTTACTGTCACTGCAGCAACCCTACTT,1
30C,6,pos,16,CTAACCGTAACTGTAACAGCGGCTACCCTCCTA,1
30C,6,pos,16,CTAACTGTAACTGTAACAGCGGCCACGCTCCTA,1
30C,6,pos,16,CTAACCGTAACTGTAACAGCGGCCACACTCCTA,1
30C,6,pos,16,CTGACGGTAACAGTGACAGCAGCAACCCTACTT,1
30C,6,pos,16,CTAACCGTCACTGTAACAGCAGCTACCCTCCTG,1
30C,6,pos,16,CTAACCGTCACTGTCACCGCCGCCACTCTTCTT,1
30C,6,pos,16,CTAACCGTAACTGTAACAGCGGCCACCCTCCTA,1
30C,6,pos,16,CTAACCGTAACTGTAACAGCTGCCACGCTCCTA,1
30C,6,pos,17,CTAACCGTAACTGTAACAGCGGCCACGCTCCTA,8434
30C,6,pos,17,CTAACCGTCACAGTAACCGCAGCTACCCTGCTG,44
30C,6,pos,17,CTAACCGTAACTGTAACAGCGGCCACGCTCCTG,2
30C,6,pos,17,CTAACTGTTACTGTAACCGCAGCCACGCTCCTA,1
30C,6,pos,17,CTAACCGTCACAGTAACCGCAGCTACCCTCCTG,1
30C,6,pos,17,CTAACCGTAACTGTAACAGCAGCTACCCTCCTA,1
30C,6,pos,17,CTAACCGTAACTGTAACAGCGGCCACGCTCCTT,1
30C,6,pos,17,CTAACCGTAACTGTAACAGCCGCCACGCTCCTA,1
30C,6,pos,17,CTAACCGTAACTGTAACAGCAGCTACGCTCCTA,1
30C,6,pos,17,CTAACCGTCACAGTAACAGCAGCTACCCTGCTG,1
30C,6,pos,17,CTAACCGTAACCGTAACAGCGGCCACGCTCCTA,1
30C,6,pos,17,CTAACCGTAACTGTGACAGCGGCCACGCTCCTA,1
30C,6,pos,17,CTAACCGTAACTGTAACAGCTGCCACGCTCCTA,1
30C,6,pos,18,CTAACCGTAACTGTAACAGCGGCCACGCTCCTA,4020
30C,6,pos,18,CTAACCGTCACAGTAACCGCAGCTACCCTGCTG,25
30C,6,pos,18,CTAACCGTAACTGTAACAGCTGCCACGCTCCTA,2
30C,6,pos,18,CTAACCGTAACGGTAACAGCGGCCACGCTCCTA,1
30C,6,pos,18,CTAACCGTAACTGTTACAGCGGCCACGCTCCTA,1
30C,6,pos,18,CTTACCGTAACTGTAACAGCGGCCACGCTCCTA,1
30C,6,pos,18,CTAACCGTAACTGTAACGGCGGCCACGCTCCTA,1
30C,6,pos,18,CTCACCGTTACTGTCACTGCAGCAACCCTACTT,1
30C,6,pos,18,CTAACCGTAACTGTAACAGCTGCCACGCTTCTA,1
30C,6,pos,18,CTAACCGTAACCGTAACAGCGGCCACGCTCCTA,1
30C,6,neg,1,CTAACCGTCACAGTAACCGCAGCTACCCTGCTG,39
30C,6,neg,1,CTAACCGTAACTGTAACAGCGGCCACGCTCCTA,16
30C,6,neg,1,CTCACCGTTACTGTCACTGCAGCAACCCTACTT,2
30C,6,neg,1,CTGACAGTTACCGTTACAGCAGCCACGCTTCTG,1
30C,6,neg,2,CTAACCGTCACAGTAACCGCAGCTACCCTGCTG,22
30C,6,neg,2,CTAACCGTAACTGTAACAGCGGCCACGCTCCTA,3
30C,6,neg,3,CTAACCGTAACTGTAACAGCGGCCACGCTCCTA,88
30C,6,neg,3,CTAACCGTCACAGTAACCGCAGCTACCCTGCTG,31
30C,6,neg,3,CTTACTGTTACGGTAACCGCAGCCACGCTCCTT,19
30C,6,neg,3,CTGACTGTTACTGTCACGGCTGCCACTCTCCTT,1
30C,8,pos,1,CTAACTGTTACGGTAACAGCTGCGACGCTTCTC,14980
30C,8,pos,1,CTAACCGTCACAGTAACCGCAGCTACCCTGCTG,26
30C,8,pos,1,CTAACTGTTACGGTAACAGCTGCGACGCTTCTT,6
30C,8,pos,1,CTAACTGTTACGGTAACAGCTGCGACTCTTCTC,6
30C,8,pos,1,CTAACTGTTACGGTAACAGCTGCTACGCTTCTC,4
30C,8,pos,1,CTAACTGTTACCGTAACAGCTGCGACGCTTCTC,3
30C,8,pos,1,CTAACCGTTACAGTAACAGCAGCTACCCTGCTG,2
30C,8,pos,1,CTAACCGTAACTGTAACAGCGGCCACGCTCCTA,2
30C,8,pos,1,CTAACTGTTACTGTAACAGCTGCGACGCTTCTC,2
30C,8,pos,1,CTAACTGTTACGGTAACGGCTGCGACGCTTCTC,2
30C,8,pos,1,CTAACTGTTACGGTGACAGCTGCGACGCTTCTC,1
30C,8,pos,1,CTAACGGTTACGGTAACAGCTGCGACGCTTCTC,1
30C,8,pos,1,CTAACCGTCACAGTAACAGCAGCTACCCTGCTG,1
30C,8,pos,1,CTCACCGTTACTGTCACTGCAGCAACCCTACTT,1
30C,8,pos,1,CTAACTGTTACGGTAACAGCTGCGACGCTGCTC,1
30C,8,pos,1,CTAACCGTTACGGTAACAGCAGCTACGCTTCTG,1
30C,8,pos,1,CTAACTGTTACGGTAACAGCCGCGACGCTTCTC,1
30C,8,pos,1,CTAACTGTTACAGTAACAGCTGCGACGCTTCTC,1
30C,8,pos,1,CTAACTGTTACGGTAACAGCTGCGACGCTCCTC,1
30C,8,pos,1,CTAACTGTTACGGTAACAGCAGCGACGCTTCTC,1
30C,8,pos,2,CTAACTGTTACGGTAACAGCTGCGACGCTTCTC,5544
30C,8,pos,2,CTAACCGTCACAGTAACCGCAGCTACCCTGCTG,25
30C,8,pos,2,CTAACTGTTACTGTAACAGCTGCGACGCTTCTC,7
30C,8,pos,2,CTAACCGTAACTGTAACAGCGGCCACGCTCCTA,5
30C,8,pos,2,CTAACTGTCACGGTAACAGCTGCGACGCTTCTC,3
30C,8,pos,2,CTAACTGTTACGGTAACAGCTGCTACGCTTCTC,3
30C,8,pos,2,CTAACCGTTACGGTAACAGCTGCGACGCTTCTC,1
30C,8,pos,2,CTGACAGTTACCGTTACAGCAGCCACGCTTCTG,1
30C,8,pos,2,CTAACTGTTACGGTAACAGCTGCGACCCTTCTC,1
30C,8,pos,2,CTAACCGTTACAGTAACCGCAGCTACCCTGCTG,1
30C,8,pos,2,CTAACTGTTACGGTAACAGCTGCGACGCTTCTT,1
30C,8,pos,2,CTTACTGTTACGGTAACCGCAGCCACGCTCCTT,1
30C,8,pos,2,CTAACTGTTACGGTTACAGCTGCGACGCTTCTC,1
30C,8,pos,2,CTAACTGTTACGGTAACAGCTGCAACGCTTCTC,1
30C,8,pos,2,CTAACTGTTACAGTAACAGCTGCGACGCTTCTC,1
30C,8,pos,2,CTAACTGTTACGGTAACAGCTGCGACTCTTCTC,1
30C,8,pos,3,CTAACTGTTACGGTAACAGCTGCGACGCTTCTC,9052
30C,8,pos,3,CTAACCGTCACAGTAACCGCAGCTACCCTGCTG,46
30C,8,pos,3,CTAACCGTAACTGTAACAGCGGCCACGCTCCTA,5
30C,8,pos,3,CTAACTGTTACGGTAACAGCTGCTACGCTTCTC,4
30C,8,pos,3,CTAACTGTTACTGTAACAGCTGCGACGCTTCTC,3
30C,8,pos,3,CTGACAGTTACCGTTACAGCAGCCACGCTTCTG,2
30C,8,pos,3,CTAACCGTTACGGTAACAGCTGCGACGCTTCTC,2
30C,8,pos,3,CTAACTGTTACGGTAACAGCTGCGACGCTTCTT,2
30C,8,pos,3,CTAACCGTCACAGTAACAGCAGCTACCCTGCTG,1
30C,8,pos,3,CTCACCGTTACTGTCACTGCAGCAACCCTACTT,1
30C,8,pos,3,CTAACTGTTACGGTGACAGCTGCGACGCTTCTC,1
30C,8,pos,3,CTAACTGTTACCGTAACAGCTGCGACGCTTCTC,1
30C,8,pos,3,CTAACTGTTACGGTAACCGCAGCCACGCTCCTT,1
30C,8,pos,3,CTAACTGTTACGGTAACAGCTGCTACCCTGCTG,1
30C,8,pos,3,CTAACTGTCACGGTAACAGCTGCGACGCTTCTC,1
30C,8,pos,3,CTGACTGTTACTGTCACGGCTGCCACTCTCCTT,1
30C,8,pos,4,CTAACTGTTACGGTAACAGCTGCGACGCTTCTC,17867
30C,8,pos,4,CTAACCGTCACAGTAACCGCAGCTACCCTGCTG,39
30C,8,pos,4,CTAACTGTTACGGTAACAGCTGCGACGCTTCTT,4
30C,8,pos,4,CTGACAGTAACCGTTACAGCCGCTACTCTGCTT,3
30C,8,pos,4,CTAACTGTTACGGTGACAGCTGCGACGCTTCTC,3
30C,8,pos,4,CTAACTGTTACGGTAACAGCTGCTACGCTTCTC,3
30C,8,pos,4,CTAACTGTTACAGTAACAGCTGCGACGCTTCTC,2
30C,8,pos,4,CTAACTGTTACTGTAACAGCTGCGACGCTTCTC,2
30C,8,pos,4,CTAACTGTTACGGTAACAGCGGCGACGCTTCTC,1
30C,8,pos,4,CTAACTGTCACGGTAACAGCTGCGACGCTTCTC,1
30C,8,pos,4,CTAACAGTTACGGTAACAGCTGCTACGCTTCTC,1
30C,8,pos,4,CTAACTGTTACGGTAACGGCTGCGACGCTTCTC,1
30C,8,pos,4,CTAACTGTTACGGTAACAGCTGCGACGCTTCTA,1
30C,8,pos,4,CTAACTGTTACGGTAACAGCTGCGACACTTCTC,1
30C,8,pos,4,CTGACTGTTACGGTAACAGCTGCGACGCTTCTC,1
30C,8,pos,4,CTGACGGTAACAGTGACAGCAGCAACCCTACTT,1
30C,8,pos,4,CTAACTGTTACGGTAACAGCTGCGACTCTTCTC,1
30C,8,pos,4,CTAACTGTTACGGTTACAGCTGCTACGCTTCTT,1
30C,8,pos,5,CTAACTGTTACGGTAACAGCTGCGACGCTTCTC,18348
30C,8,pos,5,CTAACCGTCACAGTAACCGCAGCTACCCTGCTG,29
30C,8,pos,5,CTAACTGTTACGGTAACAGCTGCTACGCTTCTC,6
30C,8,pos,5,CTGACAGTAACCGTTACAGCCGCTACTCTGCTT,5
30C,8,pos,5,CTAACTGTTACGGTAACAGCTGCGACACTTCTC,5
30C,8,pos,5,CTAACTGTTACTGTAACAGCTGCGACGCTTCTC,4
30C,8,pos,5,CTAACTGTTACGGTAACAGCTGCAACGCTTCTC,3
30C,8,pos,5,CTAACTGTTACGGTAACAGCTGCCACGCTTCTC,3
30C,8,pos,5,CTAACTGTTACGGTAACAGCTGCGACGCTCCTC,2
30C,8,pos,5,CTAACGGTTACGGTAACAGCTGCGACGCTTCTC,2
30C,8,pos,5,CTAACTGTCACGGTAACAGCTGCGACGCTTCTC,2
30C,8,pos,5,CTGACGGTAACAGTGACAGCAGCAACCCTACTT,1
30C,8,pos,5,CTAACTGTTACAGTAACAGCTGCGACGCTTCTC,1
30C,8,pos,5,CTAACCGTTACGGTAACAGCTGCTACGCTTCTC,1
30C,8,pos,5,CTAACTGTTACGGTGACAGCTGCGACGCTTCTC,1
30C,8,pos,5,CTAACTGTTACGGTAACAGCTGCGACGCTTCTG,1
30C,8,pos,5,CTAACCGTCACAGTAACAGCAGCTACGCTGCTG,1
30C,8,pos,5,CTGACAGTTACCGTTACAGCTGCTACGCTTCTT,1
30C,8,pos,5,CTGACAGTAACCGTTACAGCTGCTACTCTCCTT,1
30C,8,pos,5,CTAACTGTTACGGTAACAGCTGCGACGCTTCTT,1
30C,8,pos,5,CTGACTGTAACAGTAACTGCAGCTACACTTCTT,1
30C,8,pos,6,CTAACTGTTACGGTAACAGCTGCGACGCTTCTC,5265
30C,8,pos,6,CTAACCGTCACAGTAACCGCAGCTACCCTGCTG,28
30C,8,pos,6,CTAACTGTTACTGTAACAGCTGCGACGCTTCTC,4
30C,8,pos,6,CTGACAGTAACCGTTACAGCCGCTACTCTGCTT,3
30C,8,pos,6,CTAACTGTTACGGTAACAGCTGCTACGCTTCTC,3
30C,8,pos,6,CTAACTGTTACGGTAACGGCTGCGACGCTTCTC,2
30C,8,pos,6,CTAACCGTTACGGTAACAGCTGCGACGCTTCTC,2
30C,8,pos,6,CTGACGGTAACAGTGACAGCAGCAACCCTACTT,1
30C,8,pos,6,CTAACTGTTACGGTAACAGCTGCGACGCTTCTT,1
30C,8,pos,6,CTAACTGTTACGGTAACAGCTGCGACCCTCCTT,1
30C,8,pos,6,CTAACTGTAACGGTAACAGCTGCGACGCTTCTC,1
30C,8,pos,6,CTAACTGTTACAGTAACAGCTGCGACGCTTCTC,1
30C,8,pos,7,CTAACTGTTACGGTAACAGCTGCGACGCTTCTC,2969
30C,8,pos,7,CTAACCGTCACAGTAACCGCAGCTACCCTGCTG,24
30C,8,pos,7,CTAACTGTTACGGTAACAGCAGCGACGCTTCTC,4
30C,8,pos,7,CTAACTGTTACGGTAACAGCTGCGACGCTTCTT,2
30C,8,pos,7,CTAACTGTTACGGTAACAGCTGCCACGCTTCTC,1
30C,8,pos,7,CTAACAGTTACCGTAACAGCCGCTACGCTGCTT,1
30C,8,pos,7,CTAACTGTTACGGTAACAGCTGCAACGCTTCTC,1
30C,8,pos,7,CTCACCGTTACTGTCACTGCAGCAACCCTACTT,1
30C,8,pos,7,CTAACTGTTACGGTAACGGCTGCGACGCTTCTC,1
30C,8,pos,8,CTAACTGTTACGGTAACAGCTGCGACGCTTCTC,7139
30C,8,pos,8,CTAACCGTCACAGTAACCGCAGCTACCCTGCTG,42
30C,8,pos,8,CTAACTGTTACGGTAACAGCTGCTACGCTTCTC,6
30C,8,pos,8,CTAACTGTTACTGTAACAGCTGCGACGCTTCTC,5
30C,8,pos,8,CTGACAGTAACCGTTACAGCCGCTACTCTGCTT,4
30C,8,pos,8,CTAACTGTTACGGTAACAGCTGCCACGCTTCTC,2
30C,8,pos,8,CTAACTGTTACGGTAACAGCTGCGACGCTTCTT,2
30C,8,pos,8,CTAACTGTTACGGTAACAGCTGCGACTCTTCTC,2
30C,8,pos,8,CTAACTGTTACGGTAACAGCTGCGACGCTGCTC,1
30C,8,pos,8,CTAACTGTTACAGTAACAGCTGCGACGCTTCTC,1
30C,8,pos,8,CTCACCGTTACTGTCACTGCAGCAACCCTACTT,1
30C,8,pos,8,CTAACTGTTACGGTAACAGCTGCGACGCTCCTC,1
30C,8,pos,8,CTGACTGTTACTGTCACGGCTGCCACTCTCCTT,1
30C,8,pos,8,CTGACGGTAACAGTGACAGCAGCAACCCTACTT,1
30C,8,pos,8,CTAACCGTTACGGTAACAGCTGCGACGCTTCTC,1
30C,8,pos,8,CTAACTGTTACGGTAACAGCCGCGACGCTTCTC,1
30C,8,pos,8,CTAACTGTTACGGTAACTGCTGCGACGCTTCTC,1
30C,8,pos,8,CTGACCGTCACAGTAACCGCAGCTACCCTGCTG,1
30C,8,pos,8,CTGACAGTTACCGTTACAGCCGCTACTCTGCTT,1
30C,8,pos,8,CTAACTGTTACGGTAACAGCGGCGACGCTTCTC,1
30C,8,pos,8,CTAACCGTTACCGTAACAGCAGCCACGCTGCTG,1
30C,8,pos,8,CTGACAGTAACCGTTACAGCCGCTACGCTGCTT,1
30C,8,pos,8,CTAACCGTTACAGTAACCGCAGCTACCCTGCTG,1
30C,8,pos,8,CTAACCGTTACTGTAACAGCTGCCACGCTCCTA,1
30C,8,pos,8,CTGACAGTTACCGTTACAGCAGCCACGCTTCTG,1
30C,8,pos,8,CTAACCGTTACAGTAACAGCAGCTACGCTTCTG,1
30C,8,pos,8,CTGACAGTTACCGTTACAGCTGCTACGCTTCTT,1
30C,8,pos,9,CTAACTGTTACGGTAACAGCTGCGACGCTTCTC,11720
30C,8,pos,9,CTAACCGTCACAGTAACCGCAGCTACCCTGCTG,30
30C,8,pos,9,CTAACTGTTACTGTAACAGCTGCGACGCTTCTC,6
30C,8,pos,9,CTAACTGTTACGGTAACAGCTGCGACGCTTCTT,5
30C,8,pos,9,CTAACTGTTACGGTAACAGCTGCGACTCTTCTC,4
30C,8,pos,9,CTAACTGTTACGGTAACAGCTGCGACACTTCTC,3
30C,8,pos,9,CTAACTGTTACGGTAACAGCTGCTACGCTTCTC,3
30C,8,pos,9,CTAACTGTAACGGTAACAGCTGCGACGCTTCTC,2
30C,8,pos,9,CTGACAGTAACCGTTACAGCCGCTACTCTGCTT,2
30C,8,pos,9,CTAACTGTTACGGTAACAGCTGCGACCCTTCTC,1
30C,8,pos,9,CTGACGGTAACAGTGACAGCAGCAACCCTACTT,1
30C,8,pos,9,CTAACCGTTACAGTAACCGCTGCTACCCTGCTG,1
30C,8,pos,9,CTAACGGTTACGGTAACAGCTGCGACGCTTCTC,1
30C,8,pos,9,CTAACAGTAACCGTAACAGCCGCTACGCTGCTT,1
30C,8,pos,9,CTGACTGTTACAGTAACTGCTGCTACACTACTG,1
30C,8,pos,9,CTAACTGTTACAGTAACAGCTGCGACGCTTCTC,1
30C,8,pos,9,CTAACTGTTACGGTAACAGCCGCGACGCTTCTC,1
30C,8,pos,9,CTGACAGTAACCGTAACAGCCGCTACGCTGCTT,1
30C,8,pos,9,CTAACAGTTACGGTAACAGCTGCTACGCTGCTC,1
30C,8,pos,9,CTAACTGTCACGGTAACAGCTGCGACGCTTCTC,1
30C,8,pos,9,CTAACTGTTACGGTGACAGCTGCGACGCTTCTC,1
30C,8,pos,10,CTAACTGTTACGGTAACAGCTGCGACGCTTCTC,20924
30C,8,pos,10,CTAACCGTCACAGTAACCGCAGCTACCCTGCTG,28
30C,8,pos,10,CTAACTGTCACGGTAACAGCTGCGACGCTTCTC,20
30C,8,pos,10,CTAACTGTTACTGTAACAGCTGCGACGCTTCTC,8
30C,8,pos,10,CTAACTGTTACGGTAACAGCTGCGACTCTTCTC,7
30C,8,pos,10,CTAACTGTTACGGTAACAGCTGCGACGCTTCTT,6
30C,8,pos,10,CTGACAGTAACCGTTACAGCCGCTACTCTGCTT,4
30C,8,pos,10,CTAACTGTTACGGTAACAGCTGCGACCCTTCTC,2
30C,8,pos,10,CTAACTGTTACGGTAACAGCTGCCACGCTTCTC,2
30C,8,pos,10,CTGACTGTAACAGTAACTGCAGCTACACTTCTT,2
30C,8,pos,10,CTAACTGTTACGGTAACAGCTGCTACGCTTCTC,2
30C,8,pos,10,CTAACCGTTACAGTAACCGCTGCTACCCTGCTG,2
30C,8,pos,10,CTAACTGTTACAGTAACAGCTGCGACGCTTCTC,2
30C,8,pos,10,CTAACCGTTACAGTAACCGCAGCTACCCTGCTG,1
30C,8,pos,10,CTTACTGTTACCGTTACAGCAGCAACGCTTCTT,1
30C,8,pos,10,CTAACAGTTACAGTAACAGCTGCTACCCTTCTG,1
30C,8,pos,10,CTAACTGTTACGGTAACGGCTGCGACGCTTCTC,1
30C,8,pos,10,CTGACAGTTACTGTAACAGCTGCTACCCTCCTC,1
30C,8,pos,10,CTAACCGTTACAGTAACAGCTGCTACGCTTCTG,1
30C,8,pos,10,CTAACAGTTACTGTAACTGCTGCTACCCTCCTA,1
30C,8,pos,10,CTAACTGTAACGGTAACAGCTGCGACGCTTCTT,1
30C,8,pos,10,CTGACAGTTACTGTCACTGCTGCTACCCTCCTA,1
30C,8,pos,10,CTAACTGTTACGGTAACAGCGGCGACGCTTCTC,1
30C,8,pos,10,CTAACTGTTACCGTAACAGCTGCGACGCTTCTC,1
30C,8,pos,10,CTAACTGTTACGGTAACAGCTGCAACCCTCCTT,1
30C,8,pos,10,CTAACTGTTACGGTCACAGCTGCGACGCTTCTC,1
30C,8,pos,10,CTAACTGTTACGGTAACTGCTGCGACGCTTCTC,1
30C,8,pos,10,CTAACTGTTACGGTAACAGCTGCGACGCTCCTC,1
30C,8,pos,10,CTGACTGTTACGGTAACAGCTGCGACGCTTCTC,1
30C,8,pos,10,CTAACCGTTACGGTAACAGCTGCGACGCTTCTC,1
30C,8,pos,10,CTGACAGTTACCGTTACAGCCGCTACTCTGCTT,1
30C,8,pos,10,CTGACAGTTACTGTTACAGCTGCTACCCTCCTA,1
30C,8,pos,10,CTTACGGTGACGGTCACAGCTGCTACCCTTCTC,1
30C,8,pos,11,CTAACTGTTACGGTAACAGCTGCGACGCTTCTC,4156
30C,8,pos,11,CTAACCGTCACAGTAACCGCAGCTACCCTGCTG,25
30C,8,pos,11,CTAACTGTTACGGTAACAGCTGCTACGCTTCTC,2
30C,8,pos,11,CTGACGGTAACAGTAACAGCAGCAACCCTACTT,1
30C,8,pos,11,CTAACTGTTACGGTAACAGCTGCGACTCTTCTC,1
30C,8,pos,11,CTAACTGTTACTGTAACAGCTGCGACGCTTCTC,1
30C,8,pos,11,CTAACCGTCACAGTAACAGCAGCTACGCTGCTG,1
30C,8,pos,11,CTAACTGTTACGGTAACGGCTGCGACGCTTCTC,1
30C,8,pos,11,CTGACAGTAACCGTTACAGCCGCTACTCTGCTT,1
30C,8,pos,12,CTAACTGTTACGGTAACAGCTGCGACGCTTCTC,6463
30C,8,pos,12,CTAACCGTCACAGTAACCGCAGCTACCCTGCTG,45
30C,8,pos,12,CTAACTGTTACTGTAACAGCTGCGACGCTTCTC,6
30C,8,pos,12,CTAACTGTTACGGTAACAGCTGCGACGCTTCTT,3
30C,8,pos,12,CTGACAGTAACCGTTACAGCCGCTACTCTGCTT,3
30C,8,pos,12,CTCACCGTTACTGTCACTGCAGCAACCCTACTT,3
30C,8,pos,12,CTAACTGTTACGGTAACAGCTGCTACGCTTCTC,2
30C,8,pos,12,CTAACCGTTACAGTAACAGCAGCTACCCTGCTG,1
30C,8,pos,12,CTAACAGTAACTGTAACAGCTGCTACGCTCCTA,1
30C,8,pos,12,CTGACAGTAACCGTTACAGCCGCTACGCTGCTT,1
30C,8,pos,12,CTAACTGTTACGGTAACAGCTGCCACGCTTCTC,1
30C,8,pos,12,CTAACTGTTACGGTGACAGCTGCGACGCTTCTC,1
30C,8,pos,12,CTAACTGTTACGGTAACAGCTGCGACTCTTCTC,1
30C,8,pos,12,CTAACCGTCACAGTAACAGCAGCTACCCTACTG,1
30C,8,pos,12,CTAACTGTTACGGTAACGGCTGCGACGCTTCTC,1
30C,8,pos,12,CTGACTGTTACGGTTACAGCAGCAACCCTACTC,1
30C,8,pos,12,CTAACCGTTACTGTAACAGCTGCTACCCTCCTA,1
30C,8,pos,12,CTAACCGTCACAGTAACAGCAGCTACCCTGCTG,1
30C,8,pos,12,CTTACAGTTACCGTTACAGCAGCCACACTCCTG,1
30C,8,pos,12,CTAACTGTGACGGTAACAGCTGCGACGCTTCTC,1
30C,8,pos,12,CTAACCGTTACGGTAACAGCAGCTACCCTGCTG,1
30C,8,pos,12,CTAACCGTTACGGTAACAGCTGCTACGCTTCTG,1
30C,8,pos,13,CTAACTGTTACGGTAACAGCTGCGACGCTTCTC,22948
30C,8,pos,13,CTAACCGTCACAGTAACCGCAGCTACCCTGCTG,36
30C,8,pos,13,CTAACTGTTACTGTAACAGCTGCGACGCTTCTC,18
30C,8,pos,13,CTAACTGTTACGGTAACAGCTGCGACGCTTCTT,8
30C,8,pos,13,CTAACTGTTACGGTAACAGCTGCTACGCTTCTC,8
30C,8,pos,13,CTAACTGTTACGGTAACAGCTGCGACTCTTCTC,5
30C,8,pos,13,CTAACCGTCACAGTAACAGCAGCTACCCTGCTG,3
30C,8,pos,13,CTGACTGTTACGGTTACAGCAGCAACCCTACTC,2
30C,8,pos,13,CTAACTGTCACGGTAACAGCTGCGACGCTTCTC,2
30C,8,pos,13,CTAACTGTTACGGTAACAGCTGCGACCCTTCTC,2
30C,8,pos,13,CTAACTGTTACCGTAACAGCTGCGACGCTTCTC,2
30C,8,pos,13,CTAACTGTTACGGTAACAGCTGCAACGCTTCTC,2
30C,8,pos,13,CTAACGGTTACGGTAACAGCTGCGACGCTTCTC,2
30C,8,pos,13,CTAACCGTTACTGTCACTGCAGCAACCCTACTT,1
30C,8,pos,13,CTAACTGTCACGGTAACAGCTGCCACGCTGCTC,1
30C,8,pos,13,CTAACTGTTACGGTAACTGCTGCGACGCTTCTC,1
30C,8,pos,13,CTCACCGTTACTGTCACTGCAGCAACCCTACTT,1
30C,8,pos,13,CTAACCGTTACGGTAACAGCTGCGACGCTTCTC,1
30C,8,pos,13,CTAACCGTTACGGTAACAGCTGCTACGCTTCTG,1
30C,8,pos,13,CTAACCGTAACTGTGACGGCTGCAACGCTTCTG,1
30C,8,pos,13,CTAACTGTTACGGTAACAGCCGCGACGCTTCTC,1
30C,8,pos,13,CTGACTGTTACGGTTACAGCAGCCACCCTCCTC,1
30C,8,pos,13,CTTACAGTTACCGTTACAGCAGCCACACTCCTG,1
30C,8,pos,13,CTAACTGTTACGGTAACAGCTGCGACGCTCCTC,1
30C,8,pos,14,CTAACTGTTACGGTAACAGCTGCGACGCTTCTC,17776
30C,8,pos,14,CTAACCGTCACAGTAACCGCAGCTACCCTGCTG,40
30C,8,pos,14,CTAACTGTCACGGTAACAGCTGCGACGCTTCTC,6
30C,8,pos,14,CTAACTGTTACTGTAACAGCTGCGACGCTTCTC,6
30C,8,pos,14,CTAACTGTTACGGTAACAGCTGCGACGCTTCTT,3
30C,8,pos,14,CTAACTGTTACGGTAACAGCTGCGACTCTTCTC,3
30C,8,pos,14,CTAACTGTTACGGTAACAGCTGCCACGCTTCTC,2
30C,8,pos,14,CTGACAGTAACCGTTACAGCCGCTACTCTGCTT,2
30C,8,pos,14,CTAACTGTTACGGTAACAGCTGCGACCCTTCTC,2
30C,8,pos,14,CTAACTGTTACGGTAACAGCAGCGACGCTTCTC,2
30C,8,pos,14,CTCACCGTTACTGTCACTGCAGCAACCCTACTT,1
30C,8,pos,14,CTAACTGTTACGGTAACAGCCGCGACGCTTCTC,1
30C,8,pos,14,CTAACCGTAACTGTGACGGCTGCAACGCTTCTG,1
30C,8,pos,14,CTAACTGTTACGGTAACAGCGGCGACGCTTCTC,1
30C,8,pos,14,CTGACTGTTACGGTAACAGCTGCGACGCTTCTC,1
30C,8,pos,14,CTAACTGTTACGGTAACGGCTGCGACGCTTCTC,1
30C,8,pos,14,CTAACCGTCACAGTAACAGCAGCTACCCTGCTG,1
30C,8,pos,14,CTAACTGTTACAGTAACAGCTGCGACGCTTCTC,1
30C,8,pos,14,CTGACAGTTACCGTTACAGCCGCTACGCTGCTT,1
30C,8,pos,14,CTGACAGTTACCGTTACAGCAGCCACGCTTCTG,1
30C,8,pos,14,CTAACTGTTACGGTAACAGCTGCTACGCTTCTG,1
30C,8,pos,14,CTAACTGTTACGGTAACAGCTGCGACACTTCTC,1
30C,8,pos,14,CTAACCGTTACGGTAACAGCTGCGACGCTTCTC,1
30C,8,pos,14,CTTACAGTTACCGTTACAGCAGCCACACTCCTG,1
30C,8,pos,14,CTAACTGTTACGGTGACAGCTGCGACGCTTCTC,1
30C,8,pos,14,CTAACCGTCACAGTAACAGCAGCTACGCTGCTG,1
30C,8,pos,15,CTAACTGTTACGGTAACAGCTGCGACGCTTCTC,17516
30C,8,pos,15,CTAACCGTCACAGTAACCGCAGCTACCCTGCTG,46
30C,8,pos,15,CTAACTGTTACTGTAACAGCTGCGACGCTTCTC,6
30C,8,pos,15,CTAACTGTTACGGTAACAGCTGCTACGCTTCTC,6
30C,8,pos,15,CTAACTGTTACGGTAACAGCTGCGACTCTTCTC,4
30C,8,pos,15,CTAACTGTTACGGTAACAGCTGCGACGCTCCTC,3
30C,8,pos,15,CTAACCGTTACAGTAACAGCAGCTACGCTTCTG,3
30C,8,pos,15,CTAACTGTTACGGTAACAGCTGCGACGCTTCTT,2
30C,8,pos,15,CTGACAGTAACCGTTACAGCCGCTACTCTGCTT,2
30C,8,pos,15,CTAACTGTTACGGTAACAGCTGCGACACTTCTC,2
30C,8,pos,15,CTAACTGTTACGGTAACAGCAGCCACGCTTCTC,1
30C,8,pos,15,CTTACAGTTACCGTTACAGCAGCCACACTCCTG,1
30C,8,pos,15,CTAACTGTTACAGTAACAGCTGCGACGCTTCTC,1
30C,8,pos,15,CTAACCGTCACAGTAACAGCAGCTACGCTGCTG,1
30C,8,pos,15,CTAACTGTTACGGTAACAGCTGCGACCCTTCTC,1
30C,8,pos,15,CTAACCGTAACTGTGACGGCTGCAACGCTTCTG,1
30C,8,pos,15,CTGACCGTAACGGTCACCGCGGCAACTCTACTG,1
30C,8,pos,15,CTAACTGTTACGGTAACAGCTGCGACGCTGCTC,1
30C,8,pos,15,CTAACTGTTACGGTAACAGCTGCCACGCTTCTC,1
30C,8,pos,15,CTAACCGTTACAGTAACCGCAGCTACCCTGCTG,1
30C,8,pos,15,CTAACTGTTACGGTAACAGCGGCGACGCTTCTC,1
30C,8,pos,15,CTCACCGTTACTGTCACTGCAGCAACCCTACTT,1
30C,8,pos,15,CTAACTGTTACGGTAACAGCCGCGACGCTTCTC,1
30C,8,pos,15,CTAACTGTTACGGTGACAGCTGCGACGCTTCTC,1
30C,8,pos,16,CTAACTGTTACGGTAACAGCTGCGACGCTTCTC,19647
30C,8,pos,16,CTAACCGTCACAGTAACCGCAGCTACCCTGCTG,24
30C,8,pos,16,CTAACTGTTACTGTAACAGCTGCGACGCTTCTC,9
30C,8,pos,16,CTAACCGTTACAGTAACAGCAGCTACCCTGCTG,3
30C,8,pos,16,CTAACTGTTACGGTAACAGCTGCGACGCTTCTG,3
30C,8,pos,16,CTAACTGTTACGGTAACAGCTGCGACGCTTCTT,3
30C,8,pos,16,CTAACCGTTACAGTAACAGCAGCTACGCTTCTG,3
30C,8,pos,16,CTAACTGTTACAGTAACAGCTGCGACGCTTCTC,2
30C,8,pos,16,CTAACTGTTACCGTAACAGCTGCGACGCTTCTC,2
30C,8,pos,16,CTAACCGTTACGGTAACAGCAGCTACGCTTCTG,2
30C,8,pos,16,CTAACTGTTACGGTAACAGCTGCGACCCTTCTC,2
30C,8,pos,16,CTAACTGTTACGGTAACAGCTGCGACTCTTCTC,2
30C,8,pos,16,CTAACTGTTACGGTAACAGCTGCTACGCTTCTC,2
30C,8,pos,16,CTGACAGTTACCGTTACAGCTGCTACGCTTCTT,1
30C,8,pos,16,CTAACCGTTACAGTAACCGCAGCTACCCTGCTG,1
30C,8,pos,16,CTAACCGTAACTGTGACGGCTGCAACGCTTCTG,1
30C,8,pos,16,CTGACAGTTACCGTTACAGCTGCTACGCTCCTA,1
30C,8,pos,16,CTGACAGTTACCGTTACAGCAGCCACGCTTCTT,1
30C,8,pos,16,CTAACTGTTACGGTAACAGCCGCGACGCTTCTC,1
30C,8,pos,16,CTAACTGTTACGGTAACAGCAGCTACGCTTCTG,1
30C,8,pos,16,CTAACCGTTACAGTAACAGCAGCTACCCTTCTG,1
30C,8,pos,16,CTAACTGTTACGGTAACAGCAGCGACGCTTCTC,1
30C,8,pos,16,CTAACGGTAACGGTAACAGCGGCAACCCTCCTT,1
30C,8,pos,16,CTAACTGTTACGGTAACGGCTGCGACGCTTCTC,1
30C,8,pos,17,CTAACTGTTACGGTAACAGCTGCGACGCTTCTC,11373
30C,8,pos,17,CTAACCGTCACAGTAACCGCAGCTACCCTGCTG,24
30C,8,pos,17,CTAACTGTTACGGTAACAGCTGCTACGCTTCTC,5
30C,8,pos,17,CTAACTGTTACGGTAACAGCTGCCACGCTTCTC,3
30C,8,pos,17,CTAACTGTTACTGTAACAGCTGCGACGCTTCTC,3
30C,8,pos,17,CTAACCGTTACGGTAACAGCTGCTACGCTTCTG,3
30C,8,pos,17,CTTACTGTTACGGTAACCGCAGCCACGCTCCTT,3
30C,8,pos,17,CTAACTGTTACGGTAACAGCTGCAACGCTTCTC,2
30C,8,pos,17,CTAACCGTCACAGTAACAGCAGCTACCCTGCTG,2
30C,8,pos,17,CTAACTGTTACCGTAACAGCTGCGACGCTTCTC,2
30C,8,pos,17,CTAACTGTTACGGTAACAGCTGCGACCCTTCTC,2
30C,8,pos,17,CTAACTGTGACGGTAACAGCTGCGACGCTTCTC,2
30C,8,pos,17,CTAACTGTTACGGTAACAGCTGCGACGCTTCTT,2
30C,8,pos,17,CTAACCGTCACAGTAACCGCAGCTACCCTGCTT,1
30C,8,pos,17,CTGACTGTTACGGTAACAGCTGCGACGCTTCTC,1
30C,8,pos,17,CTAACCGTCACAGTAACAGCAGCTACGCTGCTG,1
30C,8,pos,17,CTAACTGTTACGGTAACAGCTGCTACGCTTCTT,1
30C,8,pos,17,CTAACAGTTACGGTAACAGCTGCTACGCTTCTC,1
30C,8,pos,17,CTAACCGTTACGGTAACAGCAGCTACGCTTCTG,1
30C,8,pos,17,CTCACTGTTACCGTCACTGCAGCTACCCTGCTC,1
30C,8,pos,17,CTAACCGTTACGGTAACAGCTGCTACGCTTCTC,1
30C,8,pos,17,CTAACAGTAACCGTAACAGCCGCTACGCTGCTT,1
30C,8,pos,17,CTAACTGTCACGGTAACAGCTGCGACGCTTCTC,1
30C,8,pos,17,CTAACTGTTACGGTAACAGCTGCGACGCTCCTC,1
30C,8,pos,17,CTAACCGTTACAGTAACAGCAGCTACGCTGCTG,1
30C,8,pos,17,CTAACCGTTACGGTAACAGCTGCGACGCTTCTC,1
30C,8,neg,1,CTAACCGTCACAGTAACCGCAGCTACCCTGCTG,29
30C,8,neg,1,CTCACCGTTACTGTCACTGCAGCAACCCTACTT,1
30C,8,neg,2,CTAACCGTCACAGTAACCGCAGCTACCCTGCTG,13
30C,8,neg,2,CTCACCGTTACTGTCACTGCAGCAACCCTACTT,1
30C,8,neg,3,CTAACCGTCACAGTAACCGCAGCTACCCTGCTG,22
30C,8,neg,3,CTTACCGTTACTGTGACTGCGGCGACACTCCTT,2
