type,condition,number,sequence,count
pos,0H,10,CTGACAGTTACTGTCACTGCTGCTACCCTCCTA,5337
pos,0H,10,CTTACCGTCACCGTAACCGCAGCCACTCTACTC,144
pos,0H,10,CTTACCGTTACTGTAACTGCCGCTACCCTTCTG,84
pos,0H,10,CTAACCGTCACAGTAACCGCAGCTACCCTGCTG,12
pos,0H,10,CTTACGGTGACCGTAACGGCAGCTACTCTACTC,4
pos,0H,10,CTGACCGTGACGGTTACTGCGGCTACCCTGCTT,4
pos,0H,10,CTGACAGTCACTGTCACTGCTGCTACCCTCCTA,1
pos,0H,10,CTCACTGTTACTGTCACCGCCGCCACTCTTCTT,1
pos,0H,10,CTCACAGTCACCGTGACCGCTGCGACCCTACTT,1
pos,0H,10,CTGACAGTTACTGTCACCGCTGCTACCCTCCTA,1
pos,0H,10,CTCACTGTCACGGTCACCGCAGCCACACTGCTC,1
pos,0H,10,CTTACCGTTACTGTCACTGCTGCTACCCTTCTG,1
pos,0H,10,CTTACAGTTACTGTCACTGCTGCTACCCTCCTA,1
pos,0H,11,CTTACCGTCACCGTAACCGCAGCCACTCTACTC,4905
pos,0H,11,CTGACTGTTACGGTTACAGCAGCAACCCTACTC,51
pos,0H,11,CTAACCGTCACAGTAACCGCAGCTACCCTGCTG,19
pos,0H,11,CTTACGGTGACCGTAACGGCAGCTACTCTACTC,3
pos,0H,11,CTCACAGTCACCGTGACCGCTGCGACCCTACTT,3
pos,0H,11,CTGACCGTGACGGTTACTGCGGCTACCCTGCTT,2
pos,0H,11,CTTACCGTCACCGTGACCGCAGCCACTCTACTC,1
pos,0H,11,CTGACAGTTACTGTCACTGCTGCTACCCTCCTA,1
pos,0H,11,CTTACCGTCACCGTAACCGCAGCCACACTACTC,1
pos,0H,11,CTCACTGTCACTGTCACCGCCGCCACTCTTCTT,1
pos,0H,11,CTTACCGTCACCGTAACCGCGGCCACTCTACTC,1
pos,0H,11,CTTACCGTCACCGTAACCGCAGCCACCCTACTC,1
pos,0H,11,CTCACTGTCACGGTCACCGCAGCCACACTGCTC,1
pos,0H,12,CTTACCGTCACCGTAACCGCAGCCACTCTACTC,13626
pos,0H,12,CTGACAGTTACCGTTACAGCAGCCACGCTTCTG,5
pos,0H,12,CTTACCGTCACCGTAACCGCAGCCACTCTACTT,4
pos,0H,12,CTCACAGTCACCGTGACCGCTGCGACCCTACTT,3
pos,0H,12,CTTACTGTCACCGTAACCGCAGCCACTCTACTC,2
pos,0H,12,CTTACCGTCACTGTAACCGCAGCCACTCTACTC,2
pos,0H,12,CTAACCGTCACCGTAACCGCAGCTACCCTGCTG,1
pos,0H,12,CTGACAGTTACCGTTACAGCAGCCACTCTTCTG,1
pos,0H,12,CTTACCGTCACCGTAACCGCAGCTACTCTACTC,1
pos,0H,13,CTGACAGTTACCGTTACAGCAGCCACGCTTCTG,8087
pos,0H,13,CTTACTGTTACAGTAACTGCAGCCACTCTCCTT,319
pos,0H,13,CTAACCGTCACAGTAACCGCAGCTACCCTGCTG,149
pos,0H,13,CTCACAGTCACCGTGACCGCTGCGACCCTACTT,8
pos,0H,13,CTTACGGTGACCGTAACGGCAGCTACTCTACTC,7
pos,0H,13,CTGACCGTGACGGTTACTGCGGCTACCCTGCTT,5
pos,0H,13,CTAACGGTAACCGTGACAGCGGCCACCCTTCTA,3
pos,0H,13,CTGACAGTTACCGTTACAGCGGCCACGCTTCTG,1
pos,0H,13,CTAACAGTTACCGTTACAGCAGCCACGCTTCTG,1
pos,0H,13,CTGACGGTTACCGTTACAGCAGCCACGCTTCTG,1
pos,0H,13,CTTACTGTTACCGTCACCGCAGCGACCCTACTC,1
pos,0H,13,CTTACGGTGACCGTAACGGCAGCCACTCTACTC,1
pos,0H,13,CTGACAGTTACCGTTACAGCAGCCACGCTCCTG,1
pos,0H,13,CTTACCGTTACCGTAACTGCAGCCACGCTGCTT,1
pos,0H,13,CTGACAGTAACCGTGACTGCTGCGACCCTTCTA,1
pos,0H,13,CTGACAGTTACCGTCACAGCAGCCACGCTTCTG,1
pos,0H,13,CTGACCGTTACTGTCACAGCAGCCACCCTTCTT,1
pos,0H,13,CTGACAGTTACTGTAACCGCAGCCACTCTCCTT,1
pos,0H,13,CTGACCGTCACTGTAACTGCCGCTACTCTCCTT,1
pos,0H,13,CTGACAGTCACCGTTACAGCAGCCACGCTTCTG,1
pos,0H,13,CTGACCGTAACCGTGACTGCCGCAACCCTTCTC,1
pos,0H,13,CTCACTGTTACCGTCACTGCAGCTACCCTGCTC,1
pos,0H,13,CTAACCGTTACAGTAACCGCAGCTACCCTGCTG,1
pos,0H,13,CTGACAGTTACCGTTACAGCAGCCACCCTTCTG,1
pos,0H,14,CTCACTGTTACGGTAACTGCCGCCACCCTTCTC,3500
pos,0H,14,CTTACGGTGACCGTAACGGCAGCTACTCTACTC,8
pos,0H,14,CTCACAGTCACCGTGACCGCTGCGACCCTACTT,7
pos,0H,14,CTGACCGTGACGGTTACTGCGGCTACCCTGCTT,6
pos,0H,14,CTCACCGTTACTGTCACTGCAGCAACCCTACTT,2
pos,0H,14,CTGACAGTTACCGTTACAGCAGCCACGCTTCTG,2
pos,0H,14,CTAACCGTCACAGTAACCGCAGCTACCCTGCTG,2
pos,0H,14,CTAACGGTAACCGTGACAGCGGCCACCCTTCTA,2
pos,0H,14,CTCACTGTTACCGTAACTGCCGCCACCCTTCTC,2
pos,0H,14,CTCACTGTTACGGTAACTGCCGCCACCCTCCTC,2
pos,0H,14,CTGACTGTAACAGTGACTGCAGCAACCCTACTT,2
pos,0H,14,CTAACCGTCACAGTAACCGCTGCTACCCTGCTG,1
pos,0H,14,CTGACAGTAACCGTGACTGCTGCGACCCTTCTA,1
pos,0H,14,CTCACTGTTACGGTAACTGCCGCCACCCTTCTT,1
pos,0H,14,CTGACTGTAACCGTCACTGCAGCAACCCTACTC,1
pos,0H,14,CTCACTGTTACGGTAACGGCCGCCACCCTTCTC,1
pos,0H,14,CTTACCGTAACGGTAACTGCCGCCACGCTGCTT,1
pos,0H,14,CTGACCGTCACTGTAACTGCCGCTACTCTCCTT,1
pos,0H,14,CTCACTGTTACTGTAACTGCCGCCACCCTTCTC,1
pos,0H,14,CTCACTGTCACGGTAACTGCCGCCACCCTTCTC,1
pos,0H,14,CTCACTGTTACGGTGACTGCCGCCACCCTTCTC,1
pos,0H,14,CTGACTGTTACTGTCACTGCTGCCACTCTCCTT,1
pos,0H,14,CTCACGGTTACCGTTACTGCAGCAACTCTGCTG,1
pos,0H,15,CTCACCGTTACTGTCACTGCAGCAACCCTACTT,2205
pos,0H,15,CTGACAGTTACCGTTACAGCAGCCACGCTTCTG,1312
pos,0H,15,CTCACAGTCACCGTGACCGCTGCGACCCTACTT,7
pos,0H,15,CTAACCGTCACAGTAACCGCAGCTACCCTGCTG,6
pos,0H,15,CTGACCGTGACGGTTACTGCGGCTACCCTGCTT,3
pos,0H,15,CTCACGGTTACCGTTACTGCAGCAACTCTGCTG,3
pos,0H,15,CTGACGGTAACAGTGACAGCAGCAACCCTACTT,2
pos,0H,15,CTCACTGTTACGGTAACTGCCGCCACCCTTCTC,1
pos,0H,15,CTGACAGTTACCGTTACCGCAGCCACGCTACTT,1
pos,0H,15,CTCACCGTTACTGTCACTGCAGCAACCCTGCTT,1
pos,0H,15,CTTACTGTAACCGTCACCGCAGCGACCCTACTC,1
pos,0H,15,CTAACGGTAACCGTGACAGCGGCCACCCTTCTA,1
pos,0H,15,CTGACCGTCACTGTAACTGCCGCTACTCTCCTT,1
pos,0H,15,CTGACAGTAACCGTGACTGCTGCGACCCTTCTA,1
pos,0H,15,CTTACCGTAACGGTAACTGCCGCCACGCTGCTT,1
pos,0H,15,CTGACAGTTACTGTTACAGCAGCCACGCTTCTG,1
pos,0H,15,CTCACCGTTACTGTCACTGCAGCAACCCTTCTT,1
pos,0H,15,CTAACCGTCACAGTAACCGCTGCTACCCTGCTG,1
pos,0H,15,CTTACGGTGACCGTAACGGCAGCTACTCTACTC,1
pos,0H,16,CTCACGGTTACCGTTACTGCAGCAACTCTGCTG,9490
pos,0H,16,CTCACCGTTACTGTCACTGCAGCAACCCTACTT,386
pos,0H,16,CTAACCGTCACAGTAACCGCAGCTACCCTGCTG,337
pos,0H,16,CTCACAGTCACCGTGACCGCTGCGACCCTACTT,8
pos,0H,16,CTTACGGTGACCGTAACGGCAGCTACTCTACTC,5
pos,0H,16,CTGACCGTGACGGTTACTGCGGCTACCCTGCTT,5
pos,0H,16,CTAACGGTAACCGTGACAGCGGCCACCCTTCTA,4
pos,0H,16,CTCACGGTTACCGTTACTGCAGCAACCCTGCTG,3
pos,0H,16,CTTACTGTAACCGTCACCGCAGCGACCCTACTC,2
pos,0H,16,CTCACCGTTACTGTCACTGCAGCAACCCTGCTG,2
pos,0H,16,CTCACGGTTACCGTTACCGCAGCAACTCTGCTG,2
pos,0H,16,CTGACAGTTACCGTTACAGCAGCCACGCTTCTG,2
pos,0H,16,CTCACGGTCACCGTTACTGCAGCAACTCTGCTG,2
pos,0H,16,CTCACGGTTACCGTTACTGCAGCAACTCTACTG,1
pos,0H,16,CTGACGGTAACAGTGACAGCAGCAACCCTACTT,1
pos,0H,16,CTAACTGTTACCGTAACAGCTGCGACGCTTCTC,1
pos,0H,16,CTGACAGTAACCGTGACTGCTGCGACCCTTCTA,1
pos,0H,16,CTCACCGTTACAGTAACTGCAGCAACCCTGCTG,1
pos,0H,16,CTAACGGTTACCGTAACTGCAGCAACCCTGCTG,1
pos,0H,16,CTCACGGTTACTGTTACTGCAGCAACTCTGCTG,1
pos,0H,16,CTCACTGTTACCGTCACTGCAGCCACTCTGCTT,1
pos,0H,16,CTCACTGTTACGGTAACTGCCGCCACCCTTCTC,1
pos,0H,16,CTCACCGTCACAGTAACCGCAGCTACCCTGCTG,1
pos,0H,16,CTCACCGTTACAGTAACTGCAGCTACCCTGCTG,1
pos,0H,16,CTAACCGTCACCGTAACCGCTGCTACCCTGCTG,1
pos,0H,16,CTCACAGTTACCGTTACTGCAGCAACTCTGCTG,1
pos,0H,16,CTTACGGTTACCGTAACGGCAGCTACTCTACTC,1
pos,0H,16,CTCACGGTTACCGTTACTGCAGCAACTCTGCTT,1
pos,0H,16,CTCACAGTTACCGTTACTGCAGCCACTCTTCTG,1
pos,0H,16,CTGACGGTTACCGTTACTGCCGCAACCCTTCTC,1
pos,0H,16,CTGACAGTTACCGTTACAGCAGCCACTCTTCTG,1
pos,0H,16,CTTACCGTAACGGTAACTGCCGCCACGCTGCTT,1
pos,0H,16,CTCACCGTTACCGTCACTGCAGCAACCCTACTT,1
pos,0H,16,CTAACTGTTACGGTAACAGCTGCGACGCTTCTC,1
pos,0H,16,CTCACGGTTACCGTCACTGCAGCAACTCTGCTG,1
pos,0H,1,CTCACTGTAACCGTTACTGCAGCGACTCTGCTG,9302
pos,0H,1,CTCACAGTCACAGTCACTGCAGCTACGCTACTT,35
pos,0H,1,CTGACTGTAACCGTCACTGCCGCTACACTTCTC,8
pos,0H,1,CTCACAGTCACCGTGACCGCTGCGACCCTACTT,8
pos,0H,1,CTCACCGTTACTGTCACTGCAGCAACCCTACTT,7
pos,0H,1,CTGACTGTTACTGTCACGGCTGCCACTCTCCTT,6
pos,0H,1,CTGACCGTGACGGTTACTGCGGCTACCCTGCTT,6
pos,0H,1,CTTACAGTCACAGTTACCGCCGCCACCCTACTC,5
pos,0H,1,CTTACTGTCACGGTTACTGCTGCTACACTCCTT,4
pos,0H,1,CTAACCGTCACAGTAACCGCAGCTACCCTGCTG,4
pos,0H,1,CTTACGGTGACCGTAACGGCAGCTACTCTACTC,3
pos,0H,1,CTTACTGTCACTGTTACTGCTGCTACACTACTA,3
pos,0H,1,CTTACAGTCACTGTCACGGCTGCTACGCTCCTT,2
pos,0H,1,CTCACTGTCACGGTTACTGCTGCTACACTCCTT,2
pos,0H,1,CTCACTGTAACCGTCACTGCAGCGACTCTGCTG,2
pos,0H,1,CTGACAGTTACCGTTACAGCAGCCACGCTTCTG,2
pos,0H,1,CTCACTGTAACCGTTACTGCAGCGACTCTGCTT,2
pos,0H,1,CTGACAGTTACCGTTACTGCAGCCACGCTTCTG,1
pos,0H,1,CTCACTGTCACTGTTACTGCAGCTACTCTGCTG,1
pos,0H,1,CTGACCGTTACTGTCACTGCAGCTACCCTGCTT,1
pos,0H,1,CTCACTGTGACCGTTACTGCAGCTACTCTGCTG,1
pos,0H,1,CTCACTGTAACCGTTACTGCAGCGACCCTGCTG,1
pos,0H,1,CTCACTGTAACCGTTACTGCAGCGACTCTACTG,1
pos,0H,1,CTGACTGTGACCGTGACTGCTGCCACTCTACTA,1
pos,0H,1,CTCACTGTAACCGTCACTGCAGCTACTCTGCTG,1
pos,0H,1,CTCACTGTAACCGTTACTGCGGCGACTCTGCTG,1
pos,0H,1,CTCACTGTAACCGTTACCGCAGCGACTCTGCTG,1
pos,0H,1,CTCACTGTAACCGTTACTGCAGCCACTCTGCTG,1
pos,0H,1,CTCACTGTAACCGTTACTGCAGCGACTCTTCTG,1
pos,0H,1,CTCACTGTAACCGTTACTGCAGCTACTCTGCTG,1
pos,0H,1,CTTACAGTCACTGTCACTGCTGCTACGCTCCTT,1
pos,0H,1,CTCACCGTCACAGTTACTGCAGCTACCCTGCTG,1
pos,0H,1,CTCACAGTCACAGTTACTGCAGCCACCCTACTC,1
pos,0H,2,CTCACCGTTACTGTCACTGCAGCAACCCTACTT,4201
pos,0H,2,CTGACAGTTACCGTTACAGCAGCCACGCTTCTG,1676
pos,0H,2,CTCACAGTCACCGTGACCGCTGCGACCCTACTT,10
pos,0H,2,CTGACCGTGACGGTTACTGCGGCTACCCTGCTT,5
pos,0H,2,CTTACTGTCACGGTTACTGCTGCTACACTCCTT,4
pos,0H,2,CTTACTGTCACTGTTACTGCTGCTACACTACTA,3
pos,0H,2,CTTACAGTCACAGTTACCGCCGCCACCCTACTC,3
pos,0H,2,CTTACGGTGACCGTAACGGCAGCTACTCTACTC,3
pos,0H,2,CTTACAGTCACTGTCACGGCTGCTACGCTCCTT,3
pos,0H,2,CTCACCGTTACTGTCACTGCAGCAACCCTACTC,2
pos,0H,2,CTTACGGTAACTGTGACTGCTGCCACTCTGCTG,1
pos,0H,2,CTAACTGTAACCGTCACTGCGGCAACTCTGCTC,1
pos,0H,2,CTGACAGTTACCGTTACAGCAGCCACGCTCCTG,1
pos,0H,2,CTGACTGTGACCGTGACTGCTGCCACTCTACTA,1
pos,0H,2,CTGACAGTTACTGTTACAGCAGCCACGCTTCTG,1
pos,0H,2,CTGACAGTTACCGTTACAGCAGCCACGCTTCTT,1
pos,0H,2,CTGACAGTTACTGTCACTGCTGCTACCCTCCTA,1
pos,0H,2,CTGACTGTAACCGTCACTGCCGCTACACTTCTC,1
pos,0H,2,CTCACCGTTACGGTCACTGCAGCAACCCTACTT,1
pos,0H,2,CTGACAGTCACCGTTACAGCAGCCACGCTTCTG,1
pos,0H,2,CTAACCGTTACAGTAACCGCAGCTACCCTGCTG,1
pos,0H,2,CTGACTGTTACCGTCACTGCAGCTACCCTTCTC,1
pos,0H,2,CTTACGGTTACCGTAACGGCAGCTACTCTACTC,1
pos,0H,2,CTCACCGTTACTGTTACTGCAGCAACCCTACTT,1
pos,0H,2,CTCACAGTTACCGTCACCGCAGCAACCCTACTT,1
pos,0H,2,CTCACCGTTACCGTCACTGCAGCAACCCTACTT,1
pos,0H,2,CTAACGGTTACGGTAACGGCAGCAACCCTCCTT,1
pos,0H,3,CTCACCGTTACCGTCACGGCTGCTACCCTTCTT,3475
pos,0H,3,CTGACAGTTACCGTTACAGCAGCCACGCTTCTG,329
pos,0H,3,CTAACTGTAACCGTCACTGCGGCAACTCTGCTC,298
pos,0H,3,CTTACTGTCACCGTTACCGCAGCAACACTACTT,53
pos,0H,3,CTGACAGTCACAGTGACTGCCGCGACTCTTCTT,43
pos,0H,3,CTCACCGTTACTGTCACTGCAGCAACCCTACTT,35
pos,0H,3,CTGACTGTAACCGTCACTGCCGCTACACTTCTC,31
pos,0H,3,CTCACAGTCACCGTGACCGCTGCGACCCTACTT,8
pos,0H,3,CTTACGGTGACCGTAACGGCAGCTACTCTACTC,7
pos,0H,3,CTTACTGTCACGGTTACTGCTGCTACACTCCTT,5
pos,0H,3,CTCACCGTCACCGTCACCGCTGCTACACTACTC,5
pos,0H,3,CTTACAGTCACAGTTACCGCCGCCACCCTACTC,4
pos,0H,3,CTGACCGTGACGGTTACTGCGGCTACCCTGCTT,4
pos,0H,3,CTTACAGTCACTGTCACGGCTGCTACGCTCCTT,3
pos,0H,3,CTTACTGTCACTGTTACTGCTGCTACACTACTA,3
pos,0H,3,CTCACCGTTACCGTCACGGCTGCTACCCTTCTC,2
pos,0H,3,CTCACGGTTACTGTGACCGCGGCGACCCTACTT,2
pos,0H,3,CTCACTGTCACGGTCACCGCAGCCACACTGCTC,2
pos,0H,3,CTAACCGTCACAGTAACCGCAGCTACCCTGCTG,1
pos,0H,3,CTGACAGTTACCGTTACGGCAGCCACGCTTCTG,1
pos,0H,3,CTGACAGTTACCGTGACTGCCGCGACTCTTCTT,1
pos,0H,3,CTCACCGTTACCGTCACGGCTGCAACCCTTCTT,1
pos,0H,3,CTTACGGTAACTGTGACTGCTGCCACTCTGCTG,1
pos,0H,3,CTGACAGTTACCGTTACAGCAGCCACGCTTCTT,1
pos,0H,3,CTCACAGTCACAGTAACTGCTGCTACGCTCCTG,1
pos,0H,3,CTCACCGTTACCGTCACTGCGGCTACTCTTCTC,1
pos,0H,3,CTGACAGTTACTGTCACTGCTGCTACCCTCCTT,1
pos,0H,3,CTAACTGTTACCGTCACTGCGGCAACTCTTCTC,1
pos,0H,3,CTCACCGTTACCGTCACTGCAGCAACCCTTCTT,1
pos,0H,3,CTCACCGTCACCGTCACGGCTGCTACCCTTCTT,1
pos,0H,3,CTGACAGTTACCGTCACTGCTGCTACCCTTCTT,1
pos,0H,4,CTTACCGTAACTGTGACGGCTGCAACTCTACTG,9280
pos,0H,4,CTTACCGTAACTGTGACGGCTGCAACTCTACTT,4
pos,0H,4,CTCACAGTCACCGTGACCGCTGCGACCCTACTT,4
pos,0H,4,CTTACCGTAACTGTGACGGCTGCAACTCTCCTG,3
pos,0H,4,CTTACCGTAACTGTAACGGCTGCAACTCTACTG,2
pos,0H,4,CTTACAGTAACTGTGACGGCTGCAACTCTACTG,2
pos,0H,4,CTTACCGTCACTGTCACGGCTGCTACGCTCCTT,1
pos,0H,4,CTGACCGTAACTGTGACGGCTGCAACTCTACTG,1
pos,0H,4,CTTACCGTGACTGTGACGGCTGCAACTCTACTG,1
pos,0H,4,CTGACCGTGACGGTTACTGCGGCTACCCTGCTT,1
pos,0H,4,CTTACTGTCACTGTTACTGCTGCTACACTACTA,1
pos,0H,4,CTTACCGTAACTGTGACTGCTGCAACTCTACTG,1
pos,0H,4,CTTACGGTGACCGTAACGGCAGCTACTCTACTC,1
pos,0H,4,CTTACCGTAACAGTGACGGCTGCAACTCTACTG,1
pos,0H,4,CTTACAGTCACAGTTACCGCCGCCACCCTACTC,1
pos,0H,5,CTGACAGTTACCGTTACAGCAGCCACGCTTCTG,22508
pos,0H,5,CTAACCGTCACAGTAACCGCAGCTACCCTGCTG,10
pos,0H,5,CTTACCGTAACGGTAACTGCCGCCACGCTGCTT,8
pos,0H,5,CTTACGGTGACCGTAACGGCAGCTACTCTACTC,2
pos,0H,5,CTCACTGTTACTGTCACCGCCGCCACTCTTCTT,1
pos,0H,5,CTCACAGTCACCGTGACCGCTGCGACCCTACTT,1
pos,0H,5,CTAACCGTTACAGTAACCGCAGCTACCCTGCTG,1
pos,0H,5,CTTACAGTTACCGTGACCGCTGCCACGCTACTT,1
pos,0H,5,CTCACAGTTACCGTCACAGCAGCCACTCTCCTA,1
pos,0H,5,CTGACAGTTACCGTCACAGCAGCCACGCTTCTG,1
pos,0H,5,CTCACAGTGACCGTCACAGCAGCCACTCTCCTA,1
pos,0H,5,CTGACAGTTACCGTTACCGCAGCCACGCTTCTG,1
pos,0H,5,CTAACCGTCACCGTAACCGCAGCCACCCTGCTG,1
pos,0H,5,CTGACCGTGACGGTTACTGCGGCTACCCTGCTT,1
pos,0H,5,CTGACAGTCACCGTTACAGCAGCCACGCTTCTG,1
pos,0H,5,CTGACCGTTACCGTAACCGCAGCCACCCTGCTG,1
pos,0H,5,CTGACAGTTACTGTCACTGCTGCCACCCTCCTA,1
pos,0H,6,CTGACTGTAACAGTAACTGCAGCTACACTTCTT,3289
pos,0H,6,CTCACAGTCACCGTGACCGCTGCGACCCTACTT,3
pos,0H,6,CTTACGGTGACCGTAACGGCAGCTACTCTACTC,3
pos,0H,6,CTGACAGTTACTGTCACTGCTGCTACCCTCCTA,2
pos,0H,6,CTGACCGTGACGGTTACTGCGGCTACCCTGCTT,1
pos,0H,6,CTGACGGTAACAGTAACTGCAGCTACACTTCTT,1
pos,0H,6,CTGACTGTAACAGTAACTGCAGCAACACTTCTT,1
pos,0H,7,CTTACAGTTACCGTGACCGCTGCTACGCTACTT,5190
pos,0H,7,CTTACGGTGACCGTAACGGCAGCTACTCTACTC,3
pos,0H,7,CTTACAGTTACCGTGACCGCTGCTACGCTACTC,2
pos,0H,7,CTGACCGTGACGGTTACTGCGGCTACCCTGCTT,2
pos,0H,7,CTGACAGTTACTGTCACTGCTGCTACCCTCCTA,2
pos,0H,7,CTTACAGTTACCGTGACCGCTGCTACCCTACTT,2
pos,0H,7,CTTACAGTTACCGTTACCGCTGCTACGCTACTT,1
pos,0H,7,CTTACAGTTACTGTGACCGCTGCTACGCTACTT,1
pos,0H,7,CTTACAGTTACCGTGACCGCTGCTACACTACTT,1
pos,0H,7,CTCACAGTCACCGTGACCGCTGCGACCCTACTT,1
pos,0H,7,CTCACTGTCACTGTCACCGCCGCCACTCTTCTT,1
pos,0H,8,CTTACTGTTACGGTTACAGCCGCCACCCTTCTT,17803
pos,0H,8,CTTACAGTTACCGTGACCGCAGCAACCCTTCTA,62
pos,0H,8,CTGACCGTCACTGTAACTGCCGCTACTCTCCTT,49
pos,0H,8,CTCACTGTTACCGTCACTGCAGCTACCCTGCTC,39
pos,0H,8,CTCACAGTTACAGTCACCGCAGCCACTCTGCTG,33
pos,0H,8,CTGACAGTTACTGTCACTGCTGCTACCCTCCTA,29
pos,0H,8,CTTACCGTCACCGTAACCGCAGCCACTCTACTC,28
pos,0H,8,CTTACGGTTACTGTTACAGCTGCGACTCTGCTG,28
pos,0H,8,CTCACAGTGACTGTAACAGCAGCTACGCTGCTA,26
pos,0H,8,CTTACAGTTACCGTGACCGCTGCTACGCTACTT,15
pos,0H,8,CTAACCGTCACAGTAACCGCAGCTACCCTGCTG,15
pos,0H,8,CTGACCGTAACCGTGACTGCCGCAACCCTTCTC,13
pos,0H,8,CTCACGGTTACCGTCACCGCCGCCACTCTACTG,5
pos,0H,8,CTTACGGTGACCGTAACGGCAGCTACTCTACTC,4
pos,0H,8,CTGACAGTTACCGTTACAGCAGCCACGCTTCTG,4
pos,0H,8,CTCACTGTTACGGTTACAGCCGCCACCCTTCTT,2
pos,0H,8,CTTACTGTTACGGTTACGGCCGCCACCCTTCTT,2
pos,0H,8,CTAACTGTTACGGTAACAGCTGCGACGCTTCTC,2
pos,0H,8,CTGACCGTGACGGTTACTGCGGCTACCCTGCTT,2
pos,0H,8,CTTACTGTTACGGTTACAGCTGCCACCCTTCTT,2
pos,0H,8,CTGACCGTTACGGTTACTGCCGCTACCCTTCTT,1
pos,0H,8,CTTACTGTTACTGTTACAGCTGCCACTCTGCTG,1
pos,0H,8,CTCACAGTTACCGTCACAGCCGCCACTCTTCTA,1
pos,0H,8,CTCACTGTTACTGTCACTGCAGCTACCCTGCTC,1
pos,0H,8,CTTACTGTTACGGTAACAGCCGCCACCCTTCTT,1
pos,0H,8,CTTACAGTTACCGTGACCGCCGCAACCCTTCTT,1
pos,0H,8,CTCACAGTTACAGTCACCGCAGCCACCCTGCTG,1
pos,0H,8,CTTACTGTTACGGTTACAGCCGCCACCCTTCTC,1
pos,0H,8,CTTACTGTTACGGTTACAGCTGCGACTCTGCTG,1
pos,0H,8,CTTACTGTTACCGTTACAGCAGCTACCCTGCTC,1
pos,0H,8,CTTACTGTTACGGTCACAGCCGCCACCCTTCTT,1
pos,0H,8,CTTACTGTTACGGTTACCGCCGCCACCCTTCTT,1
pos,0H,8,CTTACTGTTACCGTCACAGCAGCCACCCTTCTC,1
pos,0H,8,CTTACTGTTACGGTTACAGCCGCCACCCTCCTT,1
pos,0H,8,CTTACGGTTACTGTTACAGCTGCCACTCTGCTG,1
pos,0H,8,CTTACTGTTACGGTTACAGCCGCTACCCTTCTT,1
pos,0H,8,CTCACTGTCACTGTCACCGCCGCCACTCTTCTT,1
pos,0H,8,CTTACTGTCACGGTTACAGCCGCCACCCTTCTT,1
pos,0H,8,CTAACTGTTACAGTAACCGCAGCTACCCTGCTG,1
pos,0H,8,CTTACCGTTACCGTTACAGCCGCCACCCTTCTT,1
pos,0H,8,CTTACTGTCACCGTAACTGCAGCCACACTTCTT,1
pos,0H,8,CTCACAGTCACCGTGACCGCTGCGACCCTACTT,1
pos,0H,8,CTCACTGTTACCGTCACTGCAGCTACCCTTCTC,1
pos,0H,8,CTTACAGTGACTGTAACAGCAGCCACGCTGCTA,1
neg,0H,1,CTGACAGTTACCGTTACAGCAGCCACGCTTCTG,4
neg,0H,1,CTCACAGTCACCGTGACCGCTGCGACCCTACTT,4
neg,0H,1,CTGACGGTAACAGTGACAGCAGCAACCCTACTT,2
neg,0H,1,CTGACCGTGACGGTTACTGCGGCTACCCTGCTT,2
neg,0H,1,CTTACCGTAACGGTAACTGCCGCCACGCTGCTT,2
neg,0H,2,CTTACAGTTACCGTGACCGCTGCTACGCTACTT,16
neg,0H,2,CTTACGGTTACTGTTACAGCTGCGACTCTGCTG,13
neg,0H,2,CTAACTGTTACGGTAACAGCTGCGACGCTTCTC,11
neg,0H,2,CTTACGGTGACCGTAACGGCAGCTACTCTACTC,5
neg,0H,2,CTGACAGTTACCGTTACAGCAGCCACGCTTCTG,4
neg,0H,2,CTCACTGTTACCGTCACTGCAGCTACCCTGCTC,4
neg,0H,2,CTCACAGTCACCGTGACCGCTGCGACCCTACTT,3
neg,0H,2,CTGACCGTAACCGTGACTGCCGCAACCCTTCTC,3
neg,0H,2,CTCACAGTTACAGTCACCGCAGCCACTCTGCTG,2
neg,0H,2,CTGACCGTCACTGTAACTGCCGCTACTCTCCTT,2
neg,0H,2,CTCACAGTGACTGTAACAGCAGCTACGCTGCTA,2
neg,0H,2,CTGACAGTTACTGTCACTGCTGCTACCCTCCTA,1
neg,0H,2,CTGACTGTTACCGTCACCGCAGCGACCCTACTC,1
neg,0H,2,CTCACGGTTACCGTCACCGCCGCCACTCTACTG,1
neg,0H,2,CTAACCGTCACAGTAACCGCAGCTACCCTGCTG,1
neg,0H,2,CTGACTGTTACTGTCACGGCTGCCACTCTCCTT,1
neg,0H,3,CTTACCGTCACCGTAACCGCAGCCACTCTACTC,2
neg,0H,3,CTAACCGTCACAGTAACCGCTGCTACCCTGCTG,2
neg,0H,3,CTGACTGTTACGGTTACAGCAGCAACCCTACTC,1
neg,0H,3,CTCACAGTCACCGTGACCGCTGCGACCCTACTT,1
neg,0H,4,CTAACCGTCACAGTAACCGCAGCTACCCTGCTG,349
neg,0H,4,CTGACAGTTACCGTTACAGCAGCCACGCTTCTG,34
neg,0H,4,CTCACCGTTACTGTCACTGCAGCAACCCTACTT,5
neg,0H,4,CTCACAGTCACCGTGACCGCTGCGACCCTACTT,2
neg,0H,4,CTTACGGTGACCGTAACGGCAGCTACTCTACTC,1
neg,0H,4,CTCACGGTTACCGTTACTGCAGCAACTCTGCTG,1
neg,0H,4,CTCACTGTTACGGTAACTGCCGCCACCCTTCTC,1
pos,1H,10,CTAACCGTAACTGTGACGGCTGCAACGCTTCTG,12807
pos,1H,10,CTAACAGTAACAGTCACTGCCGCTACTCTGCTC,41
pos,1H,10,CTGACAGTTACCGTTACAGCAGCCACGCTTCTG,36
pos,1H,10,CTTACGGTGACGGTCACAGCTGCTACCCTTCTC,7
pos,1H,10,CTAACCGTAACTGTGACTGCTGCAACGCTTCTG,3
pos,1H,10,CTAACCGTAACTGTGACGGCTGCAACGCTTCTT,3
pos,1H,10,CTAACCGTAACTGTTACGGCTGCAACGCTTCTG,2
pos,1H,10,CTTACGGTGACCGTAACGGCAGCTACTCTACTC,2
pos,1H,10,CTAACCGTAACTGTGACGGCTGCAACGCTCCTG,1
pos,1H,10,CTAACCGTAACTGTGACAGCTGCAACGCTTCTG,1
pos,1H,10,CTAACAGTAACTGTGACGGCTGCAACGCTTCTG,1
pos,1H,10,CTAACCGTAACTGTGACGGCCGCAACGCTTCTG,1
pos,1H,10,CTAACCGTAACTGTGACGGCGGCAACGCTTCTG,1
pos,1H,10,CTCACAGTCACCGTGACCGCTGCGACCCTACTT,1
pos,1H,10,CTGACCGTGACGGTTACTGCGGCTACCCTGCTT,1
pos,1H,10,CTAACCGTAACTGTGACGGCTGCGACGCTTCTG,1
pos,1H,10,CTAACCGTAACCGTGACGGCTGCAACGCTTCTG,1
pos,1H,11,CTAACCGTCACTGTTACTGCCGCAACTCTCCTT,4099
pos,1H,11,CTTACTGTAACAGTCACTGCAGCAACGCTTCTC,1173
pos,1H,11,CTCACAGTCACCGTGACCGCTGCGACCCTACTT,2
pos,1H,11,CTAACCGTCACAGTAACCGCAGCTACCCTGCTG,1
pos,1H,11,CTGACCGTGACGGTTACTGCGGCTACCCTGCTT,1
pos,1H,11,CTAACCGTCACTGTCACTGCCGCAACTCTCCTT,1
pos,1H,11,CTAACTGTCACTGTTACTGCCGCAACTCTCCTT,1
pos,1H,11,CTAACTGTAACAGTCACTGCAGCAACGCTCCTT,1
pos,1H,12,CTAACTGTAACCGTCACTGCGGCAACTCTGCTC,1933
pos,1H,12,CTAACTGTAACCGTCACTGCGGCAACTCTGCTT,3
pos,1H,12,CTTACGGTGACCGTAACGGCAGCTACTCTACTC,2
pos,1H,12,CTCACAGTCACCGTGACCGCTGCGACCCTACTT,2
pos,1H,12,CTGACCGTGACGGTTACTGCGGCTACCCTGCTT,1
pos,1H,12,CTAACTGTAACCGTCACTGCGGCAACCCTGCTC,1
pos,1H,13,CTCACAGTTACAGTCACCGCAGCCACTCTGCTG,7332
pos,1H,13,CTCACAGTCACCGTGACCGCTGCGACCCTACTT,2
pos,1H,13,CTCACAGTTACAGTCACTGCAGCCACTCTGCTG,1
pos,1H,13,CTCACAGTTACAGTCACCGCAGCCACTCTTCTG,1
pos,1H,13,CTAACTGTAACCGTCACTGCGGCAACTCTGCTC,1
pos,1H,14,CTAACCGTCACAGTAACCGCAGCTACCCTGCTG,6230
pos,1H,14,CTGACCGTCACAGTAACCGCAGCTACCCTGCTG,5
pos,1H,14,CTTACAGTTACCGTTACAGCAGCCACACTCCTG,4
pos,1H,14,CTGACAGTTACCGTTACAGCAGCCACGCTTCTG,4
pos,1H,14,CTCACAGTCACCGTGACCGCTGCGACCCTACTT,2
pos,1H,14,CTAACTGTCACCGTCACGGCAGCAACACTGCTC,2
pos,1H,14,CTAACCGTCACGGTAACCGCAGCTACCCTGCTG,1
pos,1H,14,CTAACCGTCACAGTAACCGCAGCTACCCTGCTT,1
pos,1H,14,CTAACCGTCACAGTAACCGCAGCTACCCTTCTG,1
pos,1H,15,CTGACAGTTACCGTTACAGCAGCCACGCTTCTG,2783
pos,1H,15,CTAACCGTCACAGTAACCGCAGCTACCCTGCTG,941
pos,1H,15,CTAACTGTCACCGTCACGGCAGCAACACTGCTC,494
pos,1H,15,CTCACAGTCACAGTCACTGCAGCTACGCTACTT,74
pos,1H,15,CTTACCGTCACCGTAACCGCAGCCACTCTACTC,73
pos,1H,15,CTAACAGTCACCGTTACAGCAGCCACGCTGCTG,5
pos,1H,15,CTAACTGTCACCGTCACGGCAGCAACACTGCTG,4
pos,1H,15,CTAACCGTCACCGTAACCGCAGCTACCCTGCTG,3
pos,1H,15,CTTACGGTGACCGTAACGGCAGCTACTCTACTC,2
pos,1H,15,CTGACAGTTACCGTCACAGCAGCCACGCTTCTG,2
pos,1H,15,CTAACCGTCACCGTAACCGCAGCCACGCTGCTG,1
pos,1H,15,CTTACCGTCACCGTCACCGCAGCCACTCTACTC,1
pos,1H,15,CTCACAGTCACCGTGACCGCTGCGACCCTACTT,1
pos,1H,15,CTAACTGTCACCGTCACGGCAGCCACACTGCTC,1
pos,1H,15,CTGACCGTGACGGTTACTGCGGCTACCCTGCTT,1
pos,1H,15,CTTACAGTTACCGTTACAGCAGCCACACTCCTG,1
pos,1H,15,CTGACAGTCACCGTTACAGCAGCCACGCTTCTG,1
pos,1H,15,CTGACAGTCACCGTCACAGCAGCCACGCTTCTG,1
pos,1H,15,CTGACAGTTACCGTAACAGCAGCCACGCTTCTG,1
pos,1H,15,CTAACCGTCACAGTAACCGCAGCAACCCTGCTG,1
pos,1H,15,CTGACAGTTACCGTTACAGCAGCCACGCTTCTT,1
pos,1H,16,CTTACCGTCACCGTAACCGCAGCCACTCTACTC,8549
pos,1H,16,CTCACCGTTACTGTCACTGCAGCAACCCTACTT,20
pos,1H,16,CTCACCGTCACCGTAACCGCAGCCACTCTACTC,2
pos,1H,16,CTTACGGTGACCGTAACGGCAGCTACTCTACTC,2
pos,1H,16,CTTACCGTCACCGTAACCGCAGCCACTCTGCTC,1
pos,1H,16,CTGACCGTGACGGTTACTGCGGCTACCCTGCTT,1
pos,1H,16,CTCACAGTCACCGTGACCGCTGCGACCCTACTT,1
pos,1H,16,CTTACCGTCACCGTAACCGCAGCCACCCTACTC,1
pos,1H,16,CTAACCGTCACAGTAACTGCAGCTACTCTTCTT,1
pos,1H,1,CTGACTGTTACTGTCACGGCTGCCACTCTCCTT,4800
pos,1H,1,CTCACAGTCACCGTGACCGCTGCGACCCTACTT,6
pos,1H,1,CTGACCGTGACGGTTACTGCGGCTACCCTGCTT,5
pos,1H,1,CTAACAGTCACGGTCACCGCCGCAACGCTTCTT,4
pos,1H,1,CTGACTGTTACTGTCACGGCTGCTACTCTCCTT,1
pos,1H,1,CTTACTGTTACTGTCACGGCTGCCACTCTCCTT,1
pos,1H,1,CTGACAGTCACAGTGACTGCCGCGACTCTTCTT,1
pos,1H,1,CTCACTGTTACTGTCACGGCTGCCACTCTCCTT,1
pos,1H,1,CTTACCGTTACGGTAACTGCCGCCACGCTGCTT,1
pos,1H,1,CTTACCGTTACTGTGACTGCGGCGACACTCCTT,1
pos,1H,1,CTGACTGTTACTGTCACGGCGGCCACTCTCCTT,1
pos,1H,1,CTGACTGTTACTGTCACGGCTGCCACCCTCCTT,1
pos,1H,2,CTGACTGTGACCGTGACTGCTGCCACTCTACTA,2888
pos,1H,2,CTAACAGTCACGGTCACCGCCGCAACGCTTCTT,9
pos,1H,2,CTCACAGTCACCGTGACCGCTGCGACCCTACTT,7
pos,1H,2,CTGACCGTGACGGTTACTGCGGCTACCCTGCTT,4
pos,1H,2,CTCACAGTGACTGTAACAGCAGCTACGCTGCTA,3
pos,1H,2,CTTACGGTGACCGTAACGGCAGCTACTCTACTC,3
pos,1H,2,CTGACAGTCACAGTGACTGCCGCGACTCTTCTT,2
pos,1H,2,CTAACCGTCACAGTAACCGCAGCTACCCTGCTG,1
pos,1H,3,CTCACGGTCACCGTGACTGCTGCCACGCTACTA,569
pos,1H,3,CTTACCGTAACGGTAACTGCCGCCACGCTGCTT,76
pos,1H,3,CTGACTGTTACTGTCACGGCTGCCACTCTCCTT,2
pos,1H,3,CTCACAGTCACCGTGACCGCTGCGACCCTACTT,1
pos,1H,4,CTAACCGTCACAGTAACCGCAGCTACCCTGCTG,13510
pos,1H,4,CTAACCGTCACAGTAACCGCAGCTACCCTGCTT,2
pos,1H,4,CTCACAGTCACCGTGACCGCTGCGACCCTACTT,2
pos,1H,4,CTAACCGTCACAGTAACCGCAGCCACCCTGCTG,2
pos,1H,4,CTTACCGTAACGGTAACTGCCGCCACGCTGCTT,1
pos,1H,4,CTGACTGTGACCGTGACTGCTGCCACTCTACTA,1
pos,1H,4,CTTACGGTGACCGTAACGGCAGCTACTCTACTC,1
pos,1H,4,CTCACGGTCACCGTGACTGCCGCCACGCTTCTG,1
pos,1H,4,CTCACGGTCACCGTAACTGCAGCCACCCTACTA,1
pos,1H,4,CTAACCGTCACAGTAACCGCAGCTACCCTGCTA,1
pos,1H,4,CTAACCGTCACAGTAACTGCAGCTACCCTGCTG,1
pos,1H,4,CTAACCGTCACAGTAACCGCAGCTACTCTGCTG,1
pos,1H,4,CTAACCGTCACAGTGACCGCAGCTACCCTGCTG,1
pos,1H,5,CTGACCGTGACGGTTACTGCGGCTACCCTGCTT,10030
pos,1H,5,CTTACAGTTACCGTGACCGCTGCTACGCTACTT,7
pos,1H,5,CTCACCGTTACTGTCACTGCAGCAACCCTACTT,3
pos,1H,5,CTCACAGTCACCGTGACCGCTGCGACCCTACTT,2
pos,1H,5,CTTACGGTGACCGTAACGGCAGCTACTCTACTC,2
pos,1H,5,CTGACCGTGACGGTTACCGCGGCTACCCTGCTT,2
pos,1H,5,CTGACCGTGACGGTTACTGCGGCTACCCTGCTC,1
pos,1H,5,CTGACCGTGACTGTTACTGCGGCTACCCTGCTT,1
pos,1H,5,CTGACCGTTACGGTTACTGCGGCTACCCTGCTT,1
pos,1H,5,CTTACCGTGACGGTTACTGCGGCTACCCTGCTT,1
pos,1H,5,CTCACGGTTACCGTGACTGCTGCCACCCTACTA,1
pos,1H,5,CTGACAGTTACCGTTACAGCAGCCACGCTTCTG,1
pos,1H,5,CTTACAGTTACTGTTACTGCAGCGACTCTGCTT,1
pos,1H,5,CTCACCGTAACGGTAACTGCAGCCACCCTGCTT,1
pos,1H,5,CTGACCGTGACGGTCACTGCGGCTACCCTGCTT,1
pos,1H,5,CTGACCGTGACGGTTACTGCGGCTACCCTACTT,1
pos,1H,5,CTGACCGTGACGGTTACTGCAGCTACCCTGCTT,1
pos,1H,6,CTGACAGTTACCGTTACAGCAGCCACGCTTCTG,6015
pos,1H,6,CTTACAGTTACCGTGACCGCTGCTACGCTACTT,6
pos,1H,6,CTCACCGTTACTGTCACTGCAGCAACCCTACTT,3
pos,1H,6,CTGACAGTTACCGTTACGGCAGCCACGCTTCTG,2
pos,1H,6,CTCACAGTCACCGTGACCGCTGCGACCCTACTT,2
pos,1H,6,CTAACAGTTACCGTTACAGCAGCCACGCTTCTG,1
pos,1H,6,CTCACGGTTACCGTGACTGCTGCCACGCTACTA,1
pos,1H,6,CTGACAGTTACCGTTACAGCAGCCACGCTTCTC,1
pos,1H,6,CTGACAGTCACCGTTACAGCAGCCACGCTTCTG,1
pos,1H,6,CTGACCGTTACGGTAACTGCAGCCACGCTGCTT,1
pos,1H,6,CTCACAGTTACCGTTACAGCAGCCACGCTTCTG,1
pos,1H,6,CTGACAGTTACCGTTACAGCAGCCACTCTTCTG,1
pos,1H,6,CTGACAGTTACTGTTACAGCAGCCACGCTTCTG,1
pos,1H,7,CTGACGGTAACAGTGACAGCAGCAACCCTACTT,1048
pos,1H,7,CTTACAGTTACCGTGACCGCTGCTACGCTACTT,24
pos,1H,7,CTCACCGTTACTGTCACTGCAGCAACCCTACTT,10
pos,1H,7,CTGACAGTTACCGTTACAGCAGCCACGCTTCTG,3
pos,1H,7,CTCACAGTCACCGTGACCGCTGCGACCCTACTT,2
pos,1H,7,CTGACCGTGACGGTTACTGCGGCTACCCTGCTT,2
pos,1H,7,CTCACTGTCACGGTCACCGCAGCCACACTGCTC,1
pos,1H,7,CTGACGGTAACGGTGACAGCAGCAACCCTACTT,1
pos,1H,8,CTGACGGTAACAGTGACAGCAGCAACCCTACTT,9368
pos,1H,8,CTGACGGTAACAGTGACAGCAGCAACCCTACTC,2
pos,1H,8,CTTACGGTAACAGTGACAGCAGCAACCCTACTT,2
pos,1H,8,CTGACTGTAACAGTGACAGCAGCAACCCTACTT,2
pos,1H,8,CTAACCGTTACAGTAACCGCAGCTACCCTGCTG,1
pos,1H,8,CTCACAGTCACCGTGACCGCTGCGACCCTACTT,1
pos,1H,8,CTGACGGTGACAGTGACAGCAGCAACCCTACTT,1
pos,1H,8,CTGACCGTAACAGTGACAGCAGCAACCCTACTT,1
pos,1H,9,CTTACCGTTACGGTAACCGCTGCGACACTCCTG,7136
pos,1H,9,CTGACCGTGACGGTTACTGCGGCTACCCTGCTT,3
pos,1H,9,CTCACCGTTACTGTCACTGCAGCAACCCTACTT,3
pos,1H,9,CTCACAGTCACCGTGACCGCTGCGACCCTACTT,2
pos,1H,9,CTTACGGTGACCGTAACGGCAGCTACTCTACTC,2
pos,1H,9,CTAACTGTAACCGTCACTGCGGCAACTCTGCTC,2
pos,1H,9,CTTACCGTTACGGTAACCGCTGCGACACTCCTT,1
pos,1H,9,CTTACCGTTACGGTAACCGCTGCGACACTACTG,1
pos,1H,9,CTTACCGTTACGGTGACCGCTGCGACACTCCTG,1
pos,1H,9,CTGACTGTTACCGTCACTGCTGCAACTCTCCTT,1
pos,1H,9,CTTACCGTTACGGTAACCGCTGCTACACTCCTG,1
pos,1H,9,CTTACCGTTACGGTAACTGCTGCGACACTCCTG,1
pos,1H,9,CTAACCGTCACAGTAACCGCAGCTACCCTGCTG,1
pos,1H,9,CTTACCGTTACGGTAACCGCTGCCACACTCCTG,1
pos,1H,9,CTTACCGTTACGGTAACCGCTGCGACACTTCTG,1
neg,1H,1,CTCACAGTCACCGTGACCGCTGCGACCCTACTT,4
neg,1H,1,CTAACCGTCACAGTAACCGCAGCTACCCTGCTG,1
neg,1H,2,CTTACGGTGACCGTAACGGCAGCTACTCTACTC,3
neg,1H,2,CTAACCGTCACAGTAACCGCAGCTACCCTGCTG,1
neg,1H,2,CTCACAGTCACCGTGACCGCTGCGACCCTACTT,1
neg,1H,3,CTCACAGTTACAGTCACCGCAGCCACTCTGCTG,49
neg,1H,3,CTTACGGTGACCGTAACGGCAGCTACTCTACTC,2
neg,1H,3,CTCACAGTCACCGTGACCGCTGCGACCCTACTT,2
neg,1H,3,CTGACAGTTACCGTTACAGCAGCCACGCTTCTG,1
neg,1H,4,CTTACGGTGACCGTAACGGCAGCTACTCTACTC,4
neg,1H,4,CTGACAGTTACCGTTACAGCAGCCACGCTTCTG,1
neg,1H,4,CTAACCGTCACAGTAACCGCAGCTACCCTGCTG,1
pos,24H,10,CTTACAGTTACGGTCACTGCAGCCACGCTTCTC,4110
pos,24H,10,CTGACCGTGACGGTTACTGCGGCTACCCTGCTT,6
pos,24H,10,CTGACTGTTACTGTCACGGCTGCCACTCTCCTT,1
pos,24H,10,CTGACAGTTACTGTCACTGCTGCTACCCTCCTA,1
pos,24H,10,CTCACAGTCACCGTGACCGCTGCGACCCTACTT,1
pos,24H,10,CTTACAGTTACGGTCACTGCAGCCACGCTTCTT,1
pos,24H,10,CTTACGGTGACCGTAACGGCAGCTACTCTACTC,1
pos,24H,1,CTAACCGTCACAGTAACCGCAGCTACCCTGCTG,17841
pos,24H,1,CTGACTGTAACCGTCACTGCCGCTACACTTCTC,6
pos,24H,1,CTCACAGTCACCGTGACCGCTGCGACCCTACTT,5
pos,24H,1,CTTACGGTGACCGTAACGGCAGCTACTCTACTC,4
pos,24H,1,CTGACCGTGACGGTTACTGCGGCTACCCTGCTT,3
pos,24H,1,CTTACTGTCACGGTTACTGCTGCTACACTCCTT,3
pos,24H,1,CTAACCGTCACGGTAACCGCAGCTACCCTGCTG,3
pos,24H,1,CTAACCGTCACAGTAACCGCAGCTACCCTGCTT,2
pos,24H,1,CTTACAGTCACAGTTACCGCCGCCACCCTACTC,2
pos,24H,1,CTTACTGTCACTGTTACTGCTGCTACACTACTA,2
pos,24H,1,CTCACCGTTACTGTCACTGCAGCAACCCTACTT,2
pos,24H,1,CTTACTGTCACAGTTACTGCTGCTACACTACTA,1
pos,24H,1,CTTACAGTCACAGTAACCGCAGCCACCCTACTC,1
pos,24H,1,CTGACAGTTACAGTCACTGCTGCTACCCTCCTA,1
pos,24H,1,CTAACCGTCACAGTAACCGCAGCTACCCTTCTG,1
pos,24H,1,CTAACCGTCACAGTAACCGCAGCTACTCTGCTG,1
pos,24H,1,CTTACAGTCACTGTCACGGCTGCTACGCTCCTT,1
pos,24H,1,CTCACCGTTACAGTCACTGCAGCAACCCTACTT,1
pos,24H,1,CTAACTGTCACAGTAACCGCAGCTACCCTGCTT,1
pos,24H,1,CTAACAGTCACAGTAACCGCAGCTACCCTCCTT,1
pos,24H,1,CTAACCGTCACAGTAACCGCAGCGACCCTGCTT,1
pos,24H,1,CTAACCGTCACAGTGACCGCAGCGACCCTACTT,1
pos,24H,1,CTAACAGTCACAGTTACCGCAGCCACCCTACTC,1
pos,24H,1,CTGACCGTCACAGTAACCGCAGCTACCCTGCTG,1
pos,24H,1,CTTACGGTGACAGTAACGGCAGCTACTCTACTC,1
pos,24H,1,CTGACCGTCACAGTAACTGCAGCAACCCTACTT,1
pos,24H,1,CTGACCGTCACAGTAACCGCAGCTACCCTTCTG,1
pos,24H,2,CTGACTGTTACTGTCACGGCTGCCACTCTCCTT,4252
pos,24H,2,CTCACAGTCACCGTGACCGCTGCGACCCTACTT,6
pos,24H,2,CTTACTGTCACTGTTACTGCTGCTACACTACTA,4
pos,24H,2,CTTACAGTCACTGTCACGGCTGCTACGCTCCTT,3
pos,24H,2,CTTACAGTCACAGTTACCGCCGCCACCCTACTC,2
pos,24H,2,CTTACTGTCACGGTTACTGCTGCTACACTCCTT,1
pos,24H,2,CTGACTGTTACTGTCACGGCTGCCACTCTTCTT,1
pos,24H,2,CTTACTGTTACGGTCACTGCTGCCACTCTCCTT,1
pos,24H,2,CTGACCGTGACGGTTACTGCGGCTACCCTGCTT,1
pos,24H,2,CTAACCGTCACAGTAACCGCAGCTACCCTGCTG,1
pos,24H,2,CTGACAGTTACTGTCACTGCTGCTACCCTCCTA,1
pos,24H,2,CTTACTGTCACGGTCACTGCTGCTACACTCCTT,1
pos,24H,2,CTGACTGTTACTGTCACGGCTGCTACTCTCCTT,1
pos,24H,3,CTAACCGTCACAGTAACCGCAGCTACCCTGCTG,2807
pos,24H,3,CTCACCGTTACTGTCACTGCAGCAACCCTACTT,21
pos,24H,3,CTGACAGTTACCGTTACAGCAGCCACGCTTCTG,3
pos,24H,3,CTCACCGTCACCGTGACCGCTGCGACCCTACTT,3
pos,24H,3,CTTACCGTCACTGTCACGGCTGCTACCCTCCTT,2
pos,24H,3,CTAACTGTCACAGTAACCGCAGCTACCCTGCTG,2
pos,24H,3,CTTACCGTCACAGTTACCGCCGCCACCCTACTC,2
pos,24H,3,CTTACCGTCACTGTTACTGCTGCTACCCTACTA,2
pos,24H,3,CTTACCGTCACGGTTACTGCTGCTACCCTCCTT,1
pos,24H,3,CTTACAGTCACTGTCACGGCTGCTACGCTCCTT,1
pos,24H,3,CTAACCGTCACAGTAACCGCAGCTACCCTGCTT,1
pos,24H,3,CTAACCGTCACAGTTACCGCAGCTACCCTGCTG,1
pos,24H,3,CTCACCGTCACCGTGACCGCAGCGACCCTACTT,1
pos,24H,3,CTGACCGTTACTGTCACTGCAGCTACCCTGCTG,1
pos,24H,3,CTAACCGTCACAGTAACCGCAGCCACCCTGCTG,1
pos,24H,3,CTAACCGTCACAGTAACCGCAGCTACTCTGCTG,1
pos,24H,3,CTTACAGTCACAGTTACCGCCGCCACCCTACTC,1
pos,24H,4,CTCACGGTGACGGTCACCGCCGCAACACTCCTC,28628
pos,24H,4,CTAACCGTCACAGTAACCGCAGCTACCCTGCTG,2115
pos,24H,4,CTCACCGTTACTGTCACTGCAGCAACCCTACTT,40
pos,24H,4,CTCACAGTCACCGTGACCGCTGCGACCCTACTT,6
pos,24H,4,CTCACCGTGACGGTCACCGCAGCAACCCTCCTC,5
pos,24H,4,CTCACGGTGACGGTCACCGCCGCAACCCTCCTC,5
pos,24H,4,CTCACCGTCACAGTAACCGCAGCTACCCTGCTG,5
pos,24H,4,CTGACTGTAACCGTCACTGCCGCTACACTTCTC,5
pos,24H,4,CTCACGGTGACAGTCACCGCCGCAACACTCCTC,4
pos,24H,4,CTTACTGTCACTGTTACTGCTGCTACACTACTA,3
pos,24H,4,CTGACCGTGACGGTTACTGCGGCTACCCTGCTT,3
pos,24H,4,CTTACAGTCACTGTCACGGCTGCTACGCTCCTT,3
pos,24H,4,CTAACTGTCACAGTAACCGCAGCTACCCTGCTG,3
pos,24H,4,CTCACGGTGACGGTCACCGCCGCAACACTCCTT,3
pos,24H,4,CTAACGGTGACGGTAACCGCCGCAACCCTCCTC,3
pos,24H,4,CTAACCGTCACAGTAACCGCCGCTACCCTGCTG,2
pos,24H,4,CTGACAGTTACCGTTACAGCAGCCACGCTTCTG,2
pos,24H,4,CTCACGGTGACGGTAACCGCCGCAACACTCCTC,2
pos,24H,4,CTCACGGTGACTGTCACCGCCGCAACACTCCTC,2
pos,24H,4,CTGACAGTTACTGTCACTGCTGCTACCCTCCTA,2
pos,24H,4,CTCACCGTTACTGTCACCGCAGCAACCCTACTT,2
pos,24H,4,CTCACCGTCACAGTCACCGCAGCAACCCTGCTG,2
pos,24H,4,CTTACGGTGACCGTAACGGCAGCTACTCTACTC,2
pos,24H,4,CTCACGGTGACGGTCACCGCAGCAACACTCCTC,1
pos,24H,4,CTCACAGTTACTGTCACTGCTGCTACCCTCCTA,1
pos,24H,4,CTGACTGTTACTGTCACGGCTGCCACTCTCCTT,1
pos,24H,4,CTAACGGTCACGGTAACCGCAGCAACCCTCCTG,1
pos,24H,4,CTGACCGTGACGGTTACCGCGGCTACCCTGCTT,1
pos,24H,4,CTCACGGTCACGGTAACCGCAGCAACCCTCCTC,1
pos,24H,4,CTCACGGTGACGGTCACCGCAGCAACCCTCCTC,1
pos,24H,4,CTCACGGTGACGGTCACCGCCGCAACACTCCTA,1
pos,24H,4,CTCACGGTTACGGTCACCGCCGCAACACTCCTC,1
pos,24H,4,CTCACGGTCACGGTCACCGCCGCTACACTCCTC,1
pos,24H,4,CTAACTGTCACGGTAACCGCAGCTACCCTGCTG,1
pos,24H,4,CTCACCGTCACAGTAACCGCCGCTACCCTGCTG,1
pos,24H,4,CTCACCGTCACAGTCACCGCAGCTACCCTGCTG,1
pos,24H,4,CTCACGGTCACTGTCACTGCTGCTACACTACTC,1
pos,24H,4,CTAACCGTTACAGTAACCGCAGCTACCCTGCTG,1
pos,24H,4,CTAACGGTAACGGTAACCGCGGCAACCCTCCTT,1
pos,24H,4,CTCACGGTGACGGTTACCGCCGCAACACTCCTC,1
pos,24H,4,CTCACGGTGACGGTCACTGCCGCAACACTCCTC,1
pos,24H,4,CTAACGGTGACAGTCACCGCAGCAACCCTCCTG,1
pos,24H,4,CTCACAGTCACCGTCACCGCTGCAACCCTACTT,1
pos,24H,4,CTCACGGTGACAGTCACCGCCGCAACCCTGCTG,1
pos,24H,4,CTAACCGTCACAGTCACCGCAGCTACCCTGCTG,1
pos,24H,4,CTCACGGTCACGGTCACCGCCGCAACCCTACTC,1
pos,24H,4,CTAACCGTCACGGTAACCGCAGCTACCCTGCTG,1
pos,24H,4,CTCACGGTGACGGTCACCGCTGCAACACTCCTC,1
pos,24H,4,CTCACGGTGACCGTCACCGCCGCAACACTACTC,1
pos,24H,5,CTCACCGTTACGGTAACAGCGGCAACACTCCTT,14661
pos,24H,5,CTGACCGTGACGGTTACTGCGGCTACCCTGCTT,4
pos,24H,5,CTAACCGTCACAGTAACCGCAGCTACCCTGCTG,3
pos,24H,5,CTTACGGTGACCGTAACGGCAGCTACTCTACTC,3
pos,24H,5,CTCACAGTCACCGTGACCGCTGCGACCCTACTT,3
pos,24H,5,CTAACGGTAACCGTGACAGCGGCCACCCTTCTA,2
pos,24H,5,CTGACAGTTACTGTCACTGCTGCTACCCTCCTA,2
pos,24H,5,CTCACCGTTACGGTAACAGCGGCGACACTCCTT,1
pos,24H,5,CTGACCGTCACTGTAACTGCCGCTACTCTCCTT,1
pos,24H,5,CTTACGGTAACTGTGACTGCTGCCACTCTGCTG,1
pos,24H,5,CTCACAGTCACCGTAACAGCTGCGACCCTACTT,1
pos,24H,5,CTCACTGTCACTGTCACCGCCGCCACTCTTCTT,1
pos,24H,5,CTGACTGTGACCGTGACTGCTGCCACTCTACTA,1
pos,24H,5,CTCACCGTGACGGTAACAGCGGCTACACTCCTT,1
pos,24H,5,CTCACCGTCACGGTAACAGCGGCAACACTCCTT,1
pos,24H,5,CTCACGGTGACCGTAACGGCAGCTACTCTACTC,1
pos,24H,6,CTCACAGTGACCGTCACAGCCGCCACTCTCCTA,2877
pos,24H,6,CTCACAGTGACCGTTACAGCCGCCACTCTCCTA,4
pos,24H,6,CTGACAGTTACTGTCACTGCTGCTACCCTCCTA,2
pos,24H,6,CTCACGGTTACTGTGACCGCGGCGACCCTACTT,2
pos,24H,6,CTGACTGTTACTGTCACGGCTGCCACTCTCCTT,2
pos,24H,6,CTCACAGTGACCGTCACAGCCGCCACTCTCCTG,1
pos,24H,6,CTCACAGTGACCGTCACAGCTGCCACTCTCCTA,1
pos,24H,6,CTCACAGTCACCGTGACCGCTGCGACCCTACTT,1
pos,24H,6,CTCACGGTGACCGTCACAGCCGCCACTCTCCTA,1
pos,24H,6,CTGACCGTGACGGTTACTGCGGCTACCCTGCTT,1
pos,24H,6,CTTACGGTGACCGTAACGGCAGCTACTCTACTC,1
pos,24H,6,CTGACAGTCACTGTCACCGCCGCCACTCTTCTT,1
pos,24H,7,CTGACAGTAACCGTGACTGCTGCGACCCTTCTA,2562
pos,24H,7,CTCACAGTCACCGTGACCGCTGCGACCCTACTT,4
pos,24H,7,CTTACGGTGACCGTAACGGCAGCTACTCTACTC,3
pos,24H,7,CTGACCGTGACGGTTACTGCGGCTACCCTGCTT,2
pos,24H,7,CTGACAGTAACCGTGACTGCTGCTACCCTTCTA,2
pos,24H,7,CTGACAGTTACTGTCACTGCTGCTACCCTCCTA,1
pos,24H,7,CTGACAGTAACCGTCACTGCTGCGACCCTTCTA,1
pos,24H,8,CTTACAGTGACGGTTACGGCAGCAACACTGCTT,26340
pos,24H,8,CTGACAGTCACAGTGACTGCCGCGACTCTTCTT,330
pos,24H,8,CTAACCGTCACAGTAACCGCAGCTACCCTGCTG,5
pos,24H,8,CTTACGGTGACCGTAACGGCAGCTACTCTACTC,4
pos,24H,8,CTTACTGTCACTGTTACTGCTGCTACACTACTA,2
pos,24H,8,CTTACAGTCACTGTCACGGCTGCTACGCTCCTT,2
pos,24H,8,CTCACAGTCACCGTGACCGCTGCGACCCTACTT,2
pos,24H,8,CTTACAGTGACGGTCACGGCAGCAACACTGCTT,2
pos,24H,8,CTCACAGTGACGGTTACGGCAGCAACACTGCTT,2
pos,24H,8,CTGACAGTTACTGTCACTGCTGCTACCCTCCTA,2
pos,24H,8,CTGACGGTAACAGTGACAGCAGCAACCCTACTT,2
pos,24H,8,CTTACTGTAACCGTCACCGCAGCGACCCTACTC,1
pos,24H,8,CTTACAGTGACGGTTACGGCCGCAACTCTTCTT,1
pos,24H,8,CTTACAGTGACGGTTACGGCAGCAACACTGCTC,1
pos,24H,8,CTGACAGTCACGGTGACTGCCGCGACTCTTCTT,1
pos,24H,8,CTGACCGTGACGGTTACTGCGGCTACCCTGCTT,1
pos,24H,8,CTTACAGTCACAGTTACGGCAGCAACACTGCTT,1
pos,24H,8,CTTACAGTGACGGTTACTGCAGCAACACTGCTT,1
pos,24H,8,CTTACAGTCACGGTTACTGCAGCAACACTGCTT,1
pos,24H,8,CTTACAGTGACGGTTACAGCAGCAACACTGCTT,1
pos,24H,8,CTTACAGTGACGGTTACGGCAGCAACGCTGCTT,1
pos,24H,8,CTCACTGTCACTGTCACCGCCGCCACTCTTCTT,1
pos,24H,8,CTTACAGTGACAGTTACGGCAGCAACACTGCTT,1
pos,24H,9,CTGACAGTCACAGTGACTGCCGCGACTCTTCTT,16667
pos,24H,9,CTTACTGTAACCGTCACCGCAGCGACCCTACTC,3838
pos,24H,9,CTTACAGTGACGGTTACGGCAGCAACACTGCTT,13
pos,24H,9,CTAACCGTCACAGTAACCGCAGCTACCCTGCTG,11
pos,24H,9,CTGACAGTCACAGTGACTGCCGCGACTCTTCTC,5
pos,24H,9,CTTACTGTCACCGTCACCGCAGCGACCCTACTC,3
pos,24H,9,CTTACGGTGACCGTAACGGCAGCTACTCTACTC,3
pos,24H,9,CTGACAGTCACAGTGACTGCAGCGACTCTTCTT,3
pos,24H,9,CTGACGGTCACAGTGACTGCCGCGACTCTTCTT,2
pos,24H,9,CTGACAGTCACAGTGACTGCCGCGACTCTCCTT,2
pos,24H,9,CTGACAGTCACAGTGACTGCCGCGACCCTTCTT,2
pos,24H,9,CTGACAGTCACAGTGACTGCCGCGACCCTACTT,1
pos,24H,9,CTGACCGTGACGGTTACTGCGGCTACCCTGCTT,1
pos,24H,9,CTTACTGTCACCGTCACCGCAGCGACCCTTCTC,1
pos,24H,9,CTTACTGTAACCGTTACCGCAGCGACCCTACTC,1
pos,24H,9,CTCACAGTCACCGTGACCGCTGCGACCCTACTT,1
pos,24H,9,CTGACTGTTACTGTCACGGCTGCCACTCTCCTT,1
pos,24H,9,CTAACGGTAACGGTAACGGCGGCGACCCTCCTT,1
pos,24H,9,CTGACAGTCACCGTGACTGCCGCGACTCTTCTT,1
pos,24H,9,CTCACTGTCACTGTCACCGCCGCGACTCTTCTT,1
pos,24H,9,CTTACTGTCACCGTCACTGCAGCGACCCTACTC,1
pos,24H,9,CTGACAGTCACAGTGACTGCCGCGACTCTGCTT,1
pos,24H,9,CTGACAGTTACCGTTACAGCAGCCACGCTTCTG,1
pos,24H,9,CTGACAGTCACAGTGACTGCCGCGACACTTCTT,1
pos,24H,9,CTTACCGTAACCGTCACCGCAGCGACCCTACTC,1
pos,24H,9,CTGACTGTAACCGTCACCGCAGCGACTCTACTT,1
pos,24H,9,CTTACTGTAACCGTCACCGCAGCGACTCTACTC,1
pos,24H,9,CTGACAGTCACAGTGACTGCCGCTACTCTTCTT,1
pos,24H,9,CTGACCGTCACAGTAACCGCAGCTACCCTGCTT,1
pos,24H,9,CTCACTGTCACAGTCACCGCCGCCACTCTTCTT,1
pos,24H,9,CTTACAGTCACAGTGACTGCCGCGACTCTTCTT,1
pos,24H,9,CTGACAGTCACAGTGACCGCCGCGACCCTTCTT,1
pos,24H,9,CTGACAGTCACAGTGACTGCAGCGACCCTTCTT,1
pos,24H,9,CTGACAGTTACTGTCACTGCTGCTACCCTCCTA,1
pos,24H,9,CTTACTGTAACCGTAACCGCAGCGACCCTACTC,1
pos,24H,9,CTGACAGTAACAGTGACTGCCGCGACCCTTCTT,1
pos,24H,9,CTGACAGTCACGGTGACTGCCGCGACTCTTCTT,1
pos,24H,9,CTGACAGTCACAGTGACTGCCGCCACTCTTCTT,1
neg,24H,1,CTAACCGTCACAGTAACCGCAGCTACCCTGCTG,55
neg,24H,1,CTTACGGTGACCGTAACGGCAGCTACTCTACTC,2
neg,24H,1,CTCACTGTCACGGTCACCGCAGCCACACTGCTC,1
neg,24H,1,CTGACCGTGACGGTTACTGCGGCTACCCTGCTT,1
neg,24H,2,CTGACAGTTACTGTCACTGCTGCTACCCTCCTA,3
neg,24H,2,CTGACCGTGACGGTTACTGCGGCTACCCTGCTT,1
neg,24H,2,CTCACAGTCACCGTGACCGCTGCGACCCTACTT,1
neg,24H,2,CTTACGGTGACCGTAACGGCAGCTACTCTACTC,1
neg,24H,3,CTAACGGTAACCGTGACAGCGGCCACCCTTCTA,6
neg,24H,3,CTGACAGTAACCGTGACTGCTGCGACCCTTCTA,4
neg,24H,3,CTCACAGTCACCGTGACCGCTGCGACCCTACTT,1
neg,24H,4,CTTACTGTAACCGTCACCGCAGCGACCCTACTC,91
neg,24H,4,CTGACAGTCACAGTGACTGCCGCGACTCTTCTT,34
neg,24H,4,CTGACTGTTACTGTCACGGCTGCCACTCTCCTT,22
neg,24H,4,CTGACAGTCACAGTGACTGCCGCTACTCTTCTT,1
neg,24H,4,CTGACCGTGACGGTTACTGCGGCTACCCTGCTT,1
neg,24H,4,CTAACCGTCACAGTAACCGCAGCTACCCTGCTG,1
pos,2H,10,CTGACTGTTACTGTCACGGCTGCCACTCTCCTT,1097
pos,2H,10,CTTACGGTGACCGTAACGGCAGCTACTCTACTC,3
pos,2H,10,CTGACCGTGACGGTTACTGCGGCTACCCTGCTT,2
pos,2H,10,CTGACTGTTACTGTCACGGCTGCCACCCTCCTT,1
pos,2H,11,CTGACAGTCACAGTGACTGCCGCGACTCTTCTT,8032
pos,2H,11,CTTACGGTGACCGTAACGGCAGCTACTCTACTC,2
pos,2H,11,CTTACAGTCACAGTGACTGCCGCGACTCTTCTT,2
pos,2H,11,CTGACAGTCACAGTCACTGCCGCGACTCTTCTT,2
pos,2H,11,CTGACAGTCACAGTGACTGCCGCGACTCTCCTT,2
pos,2H,11,CTGACAGTCACTGTGACTGCCGCGACTCTTCTT,1
pos,2H,11,CTGACAGTCACAGTGACTGCCGCGACTCTTCTC,1
pos,2H,11,CTGACAGTTACAGTGACTGCCGCGACTCTTCTT,1
pos,2H,11,CTGACAGTCACAGTGACTGCCGCTACTCTTCTT,1
pos,2H,12,CTAACAGTCACGGTCACCGCCGCAACGCTTCTT,14658
pos,2H,12,CTTACGGTGACCGTAACGGCAGCTACTCTACTC,6
pos,2H,12,CTAACAGTCACGGTCACCGCCGCAACGCTTCTC,4
pos,2H,12,CTAACAGTCACGGTCACCGCCGCAACGCTCCTT,1
pos,2H,12,CTAACAGTCACTGTCACCGCCGCAACGCTTCTT,1
pos,2H,12,CTAACAGTCACGGTTACCGCCGCAACGCTTCTT,1
pos,2H,12,CTCACAGTCACCGTGACCGCTGCGACCCTACTT,1
pos,2H,12,CTAACAGTTACGGTCACCGCCGCAACGCTTCTT,1
pos,2H,12,CTAACAGTCACAGTCACCGCCGCAACGCTTCTT,1
pos,2H,12,CTAACAGTCACGGTCACTGCCGCAACGCTTCTT,1
pos,2H,13,CTCACAGTGACTGTAACAGCAGCTACGCTGCTA,11902
pos,2H,13,CTCACAGTCACCGTGACCGCTGCGACCCTACTT,8
pos,2H,13,CTAACAGTCACGGTCACCGCCGCAACGCTTCTT,4
pos,2H,13,CTTACGGTGACCGTAACGGCAGCTACTCTACTC,3
pos,2H,13,CTGACCGTGACGGTTACTGCGGCTACCCTGCTT,2
pos,2H,13,CTCACCGTTACGGTAACAGCGGCAACACTCCTT,1
pos,2H,13,CTTACAGTGACCGTAACGGCAGCTACTCTACTC,1
pos,2H,13,CTCACAGTGACGGTAACAGCAGCTACGCTGCTA,1
pos,2H,13,CTCACAGTGACTGTAACAGCAGCTACTCTGCTA,1
pos,2H,13,CTGACAGTGACTGTAACAGCAGCTACGCTGCTA,1
pos,2H,13,CTCACAGTGACCGTAACAGCAGCTACGCTGCTA,1
pos,2H,13,CTTACGGTGACCGTAACGGCAGCCACTCTACTC,1
pos,2H,13,CTTACGGTTACCGTAACGGCAGCCACTCTACTC,1
pos,2H,13,CTCACAGTGACTGTAACAGCAGCGACGCTGCTA,1
pos,2H,13,CTCACAGTGACTGTAACAGCAGCTACGCTGCTG,1
pos,2H,13,CTCACCGTTACGGTAACAGCAGCCACACTCCTT,1
pos,2H,13,CTTACAGTGACTGTAACAGCAGCTACGCTGCTA,1
pos,2H,14,CTAACTGTGACTGTAACTGCAGCCACGCTCCTT,11545
pos,2H,14,CTGACCGTGACGGTTACTGCGGCTACCCTGCTT,6
pos,2H,14,CTTACGGTGACCGTAACGGCAGCTACTCTACTC,3
pos,2H,14,CTCACAGTCACCGTGACCGCTGCGACCCTACTT,3
pos,2H,14,CTAACTGTTACTGTAACTGCAGCCACGCTCCTT,2
pos,2H,14,CTCACCGTTACGGTAACAGCGGCAACACTCCTT,1
pos,2H,14,CTGACTGTAACGGTCACTGCTGCTACACTCCTT,1
pos,2H,14,CTAACTGTGACTGTAACTGCGGCCACGCTCCTT,1
pos,2H,14,CTAACTGTGACTGTAACTGCAGCCACGCTCCTC,1
pos,2H,14,CTGACTGTGACTGTAACTGCAGCCACGCTCCTT,1
pos,2H,14,CTAACTGTGACCGTAACTGCAGCCACGCTCCTT,1
pos,2H,14,CTAACCGTCACAGTAACCGCAGCTACCCTGCTG,1
pos,2H,14,CTAACTGTGACTGTAACTGCAGCCACGCTTCTT,1
pos,2H,15,CTGACTGTAACGGTCACCGCTGCTACACTCCTT,3772
pos,2H,15,CTCACAGTCACCGTGACCGCTGCGACCCTACTT,2
pos,2H,15,CTGACCGTGACGGTTACTGCGGCTACCCTGCTT,1
pos,2H,15,CTGACTGTAACGGTCACCGCTGCCACACTCCTT,1
pos,2H,15,CTTACGGTGACCGTAACGGCAGCTACTCTACTC,1
pos,2H,15,CTAACCGTCACAGTAACCGCAGCTACCCTGCTG,1
pos,2H,16,CTAACTGTCACTGTAACAGCCGCTACACTTCTC,6018
pos,2H,16,CTCACAGTCACCGTGACCGCTGCGACCCTACTT,6
pos,2H,16,CTTACGGTGACCGTAACGGCAGCTACTCTACTC,5
pos,2H,16,CTGACCGTGACGGTTACTGCGGCTACCCTGCTT,3
pos,2H,16,CTCACCGTTACGGTAACAGCGGCAACACTCCTT,2
pos,2H,16,CTAACCGTCACAGTAACCGCAGCTACCCTGCTG,2
pos,2H,16,CTAACTGTCACTGTAACAGCCGCTACACTCCTC,1
pos,2H,16,CTAACGGTCACTGTAACAGCCGCTACACTTCTC,1
pos,2H,16,CTGACCGTGACCGTTACTGCGGCTACCCTGCTT,1
pos,2H,16,CTAACTGTCACTGTAACGGCCGCTACACTTCTC,1
pos,2H,16,CTAACTGTCACTGTAACAGCCGCTACACTTCTT,1
pos,2H,16,CTCACCGTTACCGTAACAGCGGCAACACTCCTT,1
pos,2H,16,CTAACTGTCACCGTAACAGCCGCTACACTTCTC,1
pos,2H,1,CTGACCGTGACGGTTACTGCGGCTACCCTGCTT,3217
pos,2H,1,CTTACGGTGACCGTAACGGCAGCTACTCTACTC,2
pos,2H,1,CTCACAGTCACCGTGACCGCTGCGACCCTACTT,2
pos,2H,1,CTGACCGTGACGGTTACTGCGGCTACCCTGCTC,2
pos,2H,1,CTGACCGTGACGGTCACTGCGGCTACCCTGCTT,2
pos,2H,1,CTAACCGTCACAGTAACCGCAGCTACCCTGCTG,1
pos,2H,1,CTGACAGTTACCGTTACAGCAGCCACGCTTCTG,1
pos,2H,2,CTAACTGTTACGGTAACCGCTGCTACTCTGCTC,8391
pos,2H,2,CTAACTGTTACGGTAACGGCTGCTACTCTGCTC,108
pos,2H,2,CTCACAGTTACAGTCACCGCAGCCACTCTGCTG,8
pos,2H,2,CTAACTGTTACGGTAACCGCTGCTACTCTGCTT,7
pos,2H,2,CTGACCGTGACGGTTACTGCGGCTACCCTGCTT,3
pos,2H,2,CTCACAGTCACCGTGACCGCTGCGACCCTACTT,3
pos,2H,2,CTTACGGTGACCGTAACGGCAGCTACTCTACTC,3
pos,2H,2,CTAACCGTCACAGTAACCGCAGCTACCCTGCTG,2
pos,2H,2,CTAACTGTCACGGTAACCGCTGCTACTCTGCTC,2
pos,2H,2,CTAACTGTTACTGTAACCGCTGCTACTCTGCTC,2
pos,2H,2,CTAACTGTTACGGTAACCGCCGCTACTCTGCTC,1
pos,2H,2,CTAACAGTTACAGTAACCGCAGCCACTCTGCTG,1
pos,2H,2,CTCACAGTTACCGTGACCGCTGCGACCCTACTT,1
pos,2H,2,CTAACTGTTACAGTAACCGCTGCTACTCTGCTC,1
pos,2H,2,CTAACTGTTACGGTAACCGCTGCTACTCTTCTC,1
pos,2H,2,CTGACAGTTACCGTTACAGCAGCCACGCTTCTG,1
pos,2H,3,CTTACAGTGACGGTTACGGCAGCAACACTGCTT,3831
pos,2H,3,CTAACTGTTACGGTAACCGCTGCTACTCTGCTC,7
pos,2H,3,CTTACGGTGACCGTAACGGCAGCTACTCTACTC,3
pos,2H,3,CTGACCGTGACGGTTACTGCGGCTACCCTGCTT,2
pos,2H,3,CTCACAGTCACCGTGACCGCTGCGACCCTACTT,1
pos,2H,3,CTAACCGTCACAGTAACCGCAGCTACCCTGCTG,1
pos,2H,3,CTGACAGTTACCGTTACAGCAGCCACGCTTCTG,1
pos,2H,4,CTTACGGTTACTGTAACCGCCGCGACCCTCCTA,3682
pos,2H,4,CTCACCGTTACTGTCACTGCAGCAACCCTACTT,88
pos,2H,4,CTCACGGTTACGGTGACTGCTGCCACACTTCTG,48
pos,2H,4,CTTACTGTTACGGTAACCGCAGCCACGCTCCTT,33
pos,2H,4,CTCACAGTTACAGTCACCGCAGCCACTCTGCTG,24
pos,2H,4,CTGACGGTAACAGTGACAGCAGCAACCCTACTT,9
pos,2H,4,CTGACAGTTACCGTTACAGCAGCCACGCTTCTG,8
pos,2H,4,CTGACCGTAACCGTGACTGCCGCAACCCTTCTC,8
pos,2H,4,CTTACTGTTACAGTAACCGCTGCAACTCTTCTT,8
pos,2H,4,CTCACAGTCACCGTGACCGCTGCGACCCTACTT,7
pos,2H,4,CTTACCGTTACTGTGACTGCGGCGACACTCCTT,7
pos,2H,4,CTCACGGTTACCGTCACCGCCGCCACTCTACTG,6
pos,2H,4,CTCACGGTGACGGTCACCGCCGCAACACTCCTC,5
pos,2H,4,CTCACGGTTACTGTAACCGCCGCGACCCTCCTA,2
pos,2H,4,CTTACGGTGACCGTAACGGCAGCTACTCTACTC,2
pos,2H,4,CTCACTGTAACAGTTACTGCTGCTACTCTACTT,1
pos,2H,4,CTGACTGTTACTGTCACGGCTGCCACTCTCCTT,1
pos,2H,4,CTTACGGTTACTGTAACCGCCGCGACCCTCCTT,1
pos,2H,5,CTCACCGTTACTGTCACTGCAGCAACCCTACTT,6708
pos,2H,5,CTAACAGTCACGGTCACCGCCGCAACGCTTCTT,35
pos,2H,5,CTTACCGTCACCGTAACCGCAGCCACTCTACTC,3
pos,2H,5,CTCACAGTCACCGTGACCGCTGCGACCCTACTT,2
pos,2H,5,CTGACTGTTACTGTCACGGCTGCCACTCTCCTT,1
pos,2H,5,CTCACCGTTACTGTCACCGCAGCAACCCTACTT,1
pos,2H,5,CTTACAGTCACGGTCACCGCCGCAACGCTTCTT,1
pos,2H,5,CTGACCGTGACGGTTACTGCGGCTACCCTGCTT,1
pos,2H,5,CTCACCGTTACTGTCACTGCAGCAACCCTACTC,1
pos,2H,6,CTGACCGTCACTGTAACTGCCGCTACTCTCCTT,2404
pos,2H,6,CTGACCGTGACGGTTACTGCGGCTACCCTGCTT,4
pos,2H,6,CTAACCGTCACAGTAACCGCAGCTACCCTGCTG,1
pos,2H,6,CTCACAGTCACCGTGACCGCTGCGACCCTACTT,1
pos,2H,6,CTTACGGTGACCGTAACGGCAGCTACTCTACTC,1
pos,2H,6,CTGACTGTCACTGTAACTGCCGCTACTCTCCTT,1
pos,2H,7,CTGACAGTTACCGTTACAGCAGCCACGCTTCTG,10506
pos,2H,7,CTGACCGTAACCGTGACTGCCGCAACCCTTCTC,221
pos,2H,7,CTCACCGTTACTGTCACTGCAGCAACCCTACTT,187
pos,2H,7,CTGACGGTAACAGTGACAGCAGCAACCCTACTT,36
pos,2H,7,CTGACCGTCACTGTCACTGCCGCCACGCTTCTA,17
pos,2H,7,CTTACGGTAACTGTGACTGCTGCCACTCTGCTG,3
pos,2H,7,CTGACCGTTACCGTGACTGCAGCAACCCTTCTC,3
pos,2H,7,CTCACCGTAACAGTAACGGCGGCGACCCTGCTG,3
pos,2H,7,CTCACAGTCACCGTGACCGCTGCGACCCTACTT,3
pos,2H,7,CTGACCGTTACCGTTACTGCCGCCACGCTTCTG,2
pos,2H,7,CTTACCGTCACCGTAACCGCAGCCACTCTACTC,2
pos,2H,7,CTGACAGTTACCGTTACGGCAGCCACGCTTCTG,2
pos,2H,7,CTGACCGTTACTGTCACAGCAGCAACCCTACTT,1
pos,2H,7,CTGACGGTTACAGTGACAGCAGCAACCCTACTT,1
pos,2H,7,CTAACCGTCACAGTAACCGCAGCTACCCTGCTG,1
pos,2H,7,CTCACTGTAACAGTTACTGCTGCTACTCTACTT,1
pos,2H,7,CTGACCGTAACCGTGACAGCAGCAACCCTTCTC,1
pos,2H,7,CTGACAGTTACCGTTACTGCAGCCACGCTTCTG,1
pos,2H,7,CTGACTGTAACAGTGACAGCAGCAACCCTACTT,1
pos,2H,7,CTCACCGTGACTGTCACTGCAGCAACCCTACTT,1
pos,2H,7,CTGACAGTTACCGTTACAGCAGCTACGCTTCTG,1
pos,2H,7,CTGACCGTTACCGTTACTGCAGCAACCCTTCTG,1
pos,2H,7,CTTACAGTTACCGTTACAGCAGCCACACTCCTG,1
pos,2H,7,CTCACAGTTACTGTCACAGCAGCCACGCTTCTT,1
pos,2H,7,CTTACAGTTACCGTTACAGCAGCCACGCTTCTG,1
pos,2H,7,CTGACCGTTACCGTCACTGCAGCAACCCTTCTT,1
pos,2H,7,CTGACAGTTACCGTTACAGCAGCCACTCTTCTG,1
pos,2H,8,CTCACTGTTACCGTCACTGCAGCTACCCTGCTC,5019
pos,2H,8,CTCACCGTTACGGTAACAGCGGCAACACTCCTT,7
pos,2H,8,CTCACTGTTACAGTCACTGCAGCTACCCTGCTC,2
pos,2H,8,CTCACTGTTACCGTCACTGCAGCTACCCTGCTT,2
pos,2H,8,CTCACAGTCACCGTGACCGCTGCGACCCTACTT,2
pos,2H,8,CTGACCGTGACGGTTACTGCGGCTACCCTGCTT,2
pos,2H,8,CTCACTGTTACCGTCACTGCAGCTACCCTACTC,1
pos,2H,8,CTCACTGTTACCGTCACTGCAGCTACTCTGCTC,1
pos,2H,8,CTAACCGTCACAGTAACCGCAGCTACCCTGCTG,1
pos,2H,8,CTTACGGTGACCGTAACGGCAGCTACTCTACTC,1
pos,2H,8,CTCACTGTTACTGTCACTGCAGCTACCCTGCTC,1
pos,2H,8,CTCACTGTAACCGTCACTGCAGCTACCCTGCTC,1
pos,2H,8,CTCACTGTTACCGTCACCGCAGCTACCCTGCTC,1
pos,2H,9,CTAACTGTAACCGTCACTGCGGCAACTCTGCTC,5246
pos,2H,9,CTGACCGTGACGGTTACTGCGGCTACCCTGCTT,5
pos,2H,9,CTAACTGTAACCGTCACTGCGGCAACTCTGCTT,5
pos,2H,9,CTCACAGTCACCGTGACCGCTGCGACCCTACTT,2
pos,2H,9,CTGACAGTCACAGTGACTGCCGCGACTCTTCTT,1
pos,2H,9,CTAACTGTAACCGTCACTGCGGCAACTCTACTC,1
pos,2H,9,CTCACTGTTACTGTCACTGCAGCCACTCTCCTT,1
pos,2H,9,CTAACTGTGACCGTCACTGCGGCAACTCTGCTC,1
pos,2H,9,CTAACTGTAACCGTCACTGCGGCAACCCTGCTC,1
neg,2H,1,CTCACCGTTACGGTAACAGCGGCAACACTCCTT,6
neg,2H,1,CTGACCGTGACGGTTACTGCGGCTACCCTGCTT,2
neg,2H,1,CTCACAGTCACCGTGACCGCTGCGACCCTACTT,1
neg,2H,2,CTGACCGTGACGGTTACTGCGGCTACCCTGCTT,3
neg,2H,2,CTTACGGTGACCGTAACGGCAGCTACTCTACTC,2
neg,2H,3,CTTACAGTGACGGTTACGGCAGCAACACTGCTT,2
neg,2H,3,CTGACCGTGACGGTTACTGCGGCTACCCTGCTT,2
neg,2H,4,CTCACAGTCACCGTGACCGCTGCGACCCTACTT,6
neg,2H,4,CTTACGGTGACCGTAACGGCAGCTACTCTACTC,5
pos,6H,10,CTGACCGTCACTGTAACTGCCGCTACTCTCCTT,2595
pos,6H,10,CTCACAGTCACCGTGACCGCTGCGACCCTACTT,4
pos,6H,10,CTTACAGTCACAGTTACCGCCGCCACCCTACTC,2
pos,6H,10,CTTACTGTCACGGTTACTGCTGCTACACTCCTT,2
pos,6H,10,CTAACCGTCACAGTAACCGCAGCTACCCTGCTG,1
pos,6H,10,CTGACTGTCACTGTAACTGCCGCTACTCTCCTT,1
pos,6H,10,CTGACTGTTACCGTCACGGCTGCCACTCTCCTT,1
pos,6H,10,CTTACGGTGACCGTAACGGCAGCTACTCTACTC,1
pos,6H,11,CTGACTGTTACTGTCACGGCTGCCACTCTCCTT,229
pos,6H,11,CTGACAGTTACCGTTACAGCAGCCACGCTTCTG,138
pos,6H,11,CTAACTGTAACAGTTACTGCTGCGACTCTACTT,47
pos,6H,11,CTTACTGTCACTGTTACTGCTGCTACACTACTA,16
pos,6H,11,CTGACAGTAACCGTGACTGCTGCGACCCTTCTA,4
pos,6H,11,CTGACAGTTACTGTCACTGCTGCTACCCTCCTA,1
pos,6H,11,CTGACAGTTACCGTTACAGCAGCTACGCTTCTG,1
pos,6H,11,CTGACTGTTACCGTCACGGCTGCCACTCTCCTT,1
pos,6H,12,CTGACTGTGACCGTGACTGCTGCCACTCTACTA,9905
pos,6H,12,CTGACTGTTACTGTCACGGCTGCCACTCTCCTT,779
pos,6H,12,CTGACAGTTACCGTTACAGCAGCCACGCTTCTG,517
pos,6H,12,CTTACTGTCACTGTTACTGCTGCTACACTACTA,121
pos,6H,12,CTGACTGTTACCGTGACTGCTGCCACTCTACTA,22
pos,6H,12,CTGACTGTTACCGTCACGGCTGCCACTCTCCTT,14
pos,6H,12,CTGACTGTTACCGTTACAGCTGCCACTCTTCTG,10
pos,6H,12,CTCACTGTAACAGTTACTGCTGCTACTCTACTT,6
pos,6H,12,CTGACAGTTACTGTCACTGCTGCTACCCTCCTA,5
pos,6H,12,CTCACCGTTACTGTCACTGCAGCAACCCTACTT,5
pos,6H,12,CTGACTGTGACCGTTACTGCTGCCACTCTACTA,5
pos,6H,12,CTGACTGTGACTGTGACTGCTGCCACTCTACTA,4
pos,6H,12,CTGACTGTGACTGTAACTGCTGCTACCCTTCTC,4
pos,6H,12,CTCACAGTCACCGTGACCGCTGCGACCCTACTT,4
pos,6H,12,CTTACTGTTACAGTAACTGCAGCCACTCTCCTT,3
pos,6H,12,CTGACAGTCACAGTGACTGCCGCGACTCTTCTT,3
pos,6H,12,CTTACAGTCACTGTCACGGCTGCTACGCTCCTT,3
pos,6H,12,CTGACTGTCACTGTTACTGCTGCCACTCTACTA,3
pos,6H,12,CTAACCGTCACAGTAACCGCAGCTACCCTGCTG,2
pos,6H,12,CTAACTGTCACCGTCACGGCAGCAACACTGCTC,2
pos,6H,12,CTGACTGTGACCGTGACGGCTGCCACTCTACTA,2
pos,6H,12,CTTACGGTGACCGTAACGGCAGCTACTCTACTC,2
pos,6H,12,CTGACCGTGACGGTTACTGCGGCTACCCTGCTT,2
pos,6H,12,CTGACTGTGACCGTGACTGCCGCCACTCTACTA,2
pos,6H,12,CTGACTGTTACCGTTACAGCTGCCACGCTTCTG,1
pos,6H,12,CTGACTGTGACCGTGACTGCTGCCACTCTGCTA,1
pos,6H,12,CTGACTGTGACCGTGACCGCTGCCACTCTACTA,1
pos,6H,12,CTGACTGTGACGGTGACTGCTGCCACTCTACTA,1
pos,6H,12,CTGACTGTCACCGTTACTGCTGCCACACTACTA,1
pos,6H,12,CTGACTGTGACTGTTACTGCTGCCACTCTACTA,1
pos,6H,12,CTGACTGTCACTGTTACTGCTGCCACACTACTA,1
pos,6H,12,CTGACTGTTACCGTTACAGCAGCCACTCTTCTA,1
pos,6H,12,CTGACTGTTACTGTCACTGCTGCCACTCTACTT,1
pos,6H,12,CTGACTGTTACCGTGACTGCTGCCACTCTCCTA,1
pos,6H,12,CTGACTGTGACCGTGACTGCTGCCACTCTCCTT,1
pos,6H,12,CTGACTGTTACCGTCACTGCAGCCACCCTACTT,1
pos,6H,12,CTGACTGTGACCGTGACTGCTGCCACTCTTCTA,1
pos,6H,12,CTTACCGTAACGGTAACTGCCGCCACGCTGCTT,1
pos,6H,12,CTGACTGTTACCGTTACTGCTGCCACGCTACTA,1
pos,6H,12,CTGACTGTTACTGTCACTGCTGCCACTCTACTA,1
pos,6H,12,CTGACTGTTACCGTTACAGCAGCCACGCTTCTG,1
pos,6H,12,CTGACTGTTACCGTCACGGCTGCCACTCTACTT,1
pos,6H,12,CTGACTGTCACTGTTACTGCTGCTACACTACTA,1
pos,6H,12,CTGACTGTGACCGTAACGGCGGCCACCCTCCTT,1
pos,6H,12,CTGACTGTGACCGTGACTGCTGCCACTCTACTT,1
pos,6H,12,CTGACTGTTACTGTCACGGCTGCCACTCTACTT,1
pos,6H,12,CTGACTGTTACCGTGACTGCTGCCACTCTCCTT,1
pos,6H,13,CTGACGGTAACAGTGACAGCAGCAACCCTACTT,23511
pos,6H,13,CTAACCGTCACAGTAACCGCAGCTACCCTGCTG,643
pos,6H,13,CTGACTGTGACCGTGACTGCTGCCACTCTACTA,7
pos,6H,13,CTTACAGTTACCGTTACAGCAGCCACACTCCTG,7
pos,6H,13,CTGACGGTAACAGTGACAGCAGCAACCCTACTC,6
pos,6H,13,CTTACGGTAACAGTGACAGCAGCAACCCTACTT,3
pos,6H,13,CTGACGGTAACAGTGACCGCAGCAACCCTACTT,2
pos,6H,13,CTGACGGTAACAGTGACGGCAGCAACCCTACTT,2
pos,6H,13,CTGACGGTCACAGTGACAGCAGCAACCCTACTT,2
pos,6H,13,CTGACAGTAACAGTGACAGCAGCAACCCTACTT,1
pos,6H,13,CTAACCGTCACAGTAACCGCAGCTACCCTACTG,1
pos,6H,13,CTAACGGTCACAGTAACCGCAGCTACCCTGCTG,1
pos,6H,13,CTGACGGTCACAGTGACCGCAGCAACCCTACTT,1
pos,6H,13,CTGACGGTAACAGTGACAGCAGCTACCCTGCTT,1
pos,6H,13,CTAACGGTAACAGTAACAGCAGCAACCCTACTT,1
pos,6H,13,CTGACGGTAACAGTGACAGCAGCAACCCTACTG,1
pos,6H,13,CTGACGGTAACAGTAACGGCAGCAACCCTCCTT,1
pos,6H,13,CTCACAGTCACAGTGACCGCAGCGACCCTACTT,1
pos,6H,13,CTGACGGTAACAGTAACAGCAGCAACCCTACTT,1
pos,6H,13,CTGACGGTAACAGTGACCGCAGCTACCCTACTG,1
pos,6H,13,CTAACCGTCACAGTAACAGCAGCTACCCTGCTG,1
pos,6H,13,CTGACTGTCACAGTCACGGCAGCCACTCTCCTT,1
pos,6H,13,CTGACGGTAACAGTAACCGCAGCAACCCTGCTT,1
pos,6H,13,CTAACGGTAACAGTGACAGCAGCAACCCTACTT,1
pos,6H,13,CTAACCGTAACAGTAACCGCAGCTACCCTGCTG,1
pos,6H,13,CTCACAGTCACCGTGACCGCTGCGACCCTACTT,1
pos,6H,13,CTGACAGTTACCGTTACAGCAGCCACGCTTCTG,1
pos,6H,14,CTGACTGTGACCGTGACTGCTGCCACTCTACTA,6576
pos,6H,14,CTAACCGTCACAGTAACCGCAGCTACCCTGCTG,2301
pos,6H,14,CTTACAGTTACCGTTACAGCAGCCACACTCCTG,197
pos,6H,14,CTGACGGTAACAGTGACAGCAGCAACCCTACTT,175
pos,6H,14,CTGACTGTGACAGTGACTGCAGCCACCCTACTA,8
pos,6H,14,CTAACCGTCACCGTAACCGCAGCCACCCTGCTG,7
pos,6H,14,CTGACCGTCACAGTGACCGCAGCTACCCTACTG,7
pos,6H,14,CTGACTGTGACCGTGACTGCAGCCACTCTACTG,3
pos,6H,14,CTGACAGTTACCGTGACAGCAGCCACACTACTG,2
pos,6H,14,CTGACTGTGACCGTGACTGCCGCCACTCTACTA,2
pos,6H,14,CTAACCGTCACCGTAACCGCAGCTACCCTGCTG,2
pos,6H,14,CTCACAGTCACCGTGACCGCTGCGACCCTACTT,2
pos,6H,14,CTGACTGTGACCGTGACTGCAGCCACCCTACTG,1
pos,6H,14,CTGACCGTGACGGTTACTGCGGCTACCCTGCTT,1
pos,6H,14,CTAACCGTCACAGTAACCGCAGCTACCCTGCTT,1
pos,6H,14,CTGACGGTAACAGTGACAGCAGCCACCCTACTG,1
pos,6H,14,CTGACTGTTACTGTCACGGCTGCCACTCTCCTT,1
pos,6H,14,CTGACAGTTACCGTTACAGCAGCCACGCTTCTG,1
pos,6H,14,CTGACCGTGACCGTGACTGCAGCCACCCTACTA,1
pos,6H,14,CTGACTGTGACCGTCACTGCTGCCACTCTACTA,1
pos,6H,14,CTAACCGTCACAGTAACCGCTGCTACCCTGCTG,1
pos,6H,14,CTGACTGTTACCGTGACTGCTGCCACTCTACTA,1
pos,6H,14,CTGACAGTTACCGTCACAGCAGCCACGCTTCTG,1
pos,6H,14,CTTACGGTGACCGTAACGGCAGCTACTCTACTC,1
pos,6H,14,CTGACTGTTACTGTCACTGCTGCCACTCTCCTT,1
pos,6H,14,CTGACTGTGACCGTGACTGCAGCCACTCTACTA,1
pos,6H,15,CTCACCGTTACTGTCACTGCAGCAACCCTACTT,10381
pos,6H,15,CTAACCGTCACAGTAACCGCAGCTACCCTGCTG,30
pos,6H,15,CTGACGGTAACAGTGACAGCAGCAACCCTACTT,28
pos,6H,15,CTGACTGTAACCGTCACTGCCGCTACACTTCTC,6
pos,6H,15,CTTACAGTTACCGTTACAGCAGCCACACTCCTG,4
pos,6H,15,CTTACGGTGACCGTAACGGCAGCTACTCTACTC,2
pos,6H,15,CTGACTGTGACCGTGACTGCTGCCACTCTACTA,2
pos,6H,15,CTCACCGTTACTGTCACTGCAGCAACCCTACTC,2
pos,6H,15,CTGACCGTGACGGTTACTGCGGCTACCCTGCTT,2
pos,6H,15,CTCACCGTTACTGTTACTGCAGCAACCCTACTT,1
pos,6H,15,CTGACTGTGACCGTCACTGCCGCTACACTTCTC,1
pos,6H,15,CTCACCGTTACTGTCACTGCAGCAACTCTACTT,1
pos,6H,15,CTGACCGTTACCGTCACTGCAGCAACCCTTCTG,1
pos,6H,15,CTCACCGTTACTGTGACTGCAGCAACCCTACTT,1
pos,6H,15,CTCACCGTTACTGTCACTGCAGCAACACTACTT,1
pos,6H,15,CTCACCGTTACTGTCACTGCAGCAACCCTGCTT,1
pos,6H,16,CTCACCGTTACTGTCACTGCAGCAACCCTACTT,15291
pos,6H,16,CTGACGGTAACAGTGACAGCAGCAACCCTACTT,1325
pos,6H,16,CTGACTGTAACCGTCACTGCCGCTACACTTCTC,644
pos,6H,16,CTGACCGTAACTGTCACTGCAGCAACCCTACTT,32
pos,6H,16,CTGACTGTAACCGTCACTGCAGCAACCCTACTT,18
pos,6H,16,CTGACGGTAACAGTCACTGCAGCAACCCTACTT,18
pos,6H,16,CTCACCGTTACCGTCACTGCAGCAACCCTACTT,10
pos,6H,16,CTGACAGTTACTGTCACTGCTGCTACCCTCCTA,3
pos,6H,16,CTCACCGTTACTGTCACTGCAGCAACCCTACTC,3
pos,6H,16,CTCACCGTTACTGTCACTGCAGCAACCCTGCTT,2
pos,6H,16,CTCACGGTTACTGTCACTGCAGCAACCCTACTT,2
pos,6H,16,CTCACCGTCACTGTCACTGCAGCAACCCTACTT,2
pos,6H,16,CTGACCGTAACCGTCACTGCAGCAACCCTACTT,2
pos,6H,16,CTCACAGTCACCGTGACCGCTGCGACCCTACTT,2
pos,6H,16,CTCACCGTTACTGTTACTGCAGCAACCCTACTT,1
pos,6H,16,CTGACCGTGACGGTTACTGCGGCTACCCTGCTT,1
pos,6H,16,CTGACGGTAACCGTCACTGCAGCAACCCTACTT,1
pos,6H,16,CTGACTGTAACCGTCACTGCCGCCACACTTCTC,1
pos,6H,16,CTCACCGTTACTGTCACTGCAGCAACCCTTCTT,1
pos,6H,16,CTCACTGTTACTGTCACGGCTGCAACTCTCCTT,1
pos,6H,16,CTCACCGTTACGGTCACTGCAGCAACCCTACTT,1
pos,6H,16,CTGACTGTGACCGTCACTGCCGCTACACTTCTC,1
pos,6H,16,CTGACCGTTACTGTCACTGCAGCAACCCTACTT,1
pos,6H,16,CTCACCGTTACAGTCACTGCAGCAACCCTACTT,1
pos,6H,16,CTCACCGTTACTGTCACCGCAGCAACCCTACTT,1
pos,6H,16,CTTACGGTGACCGTAACGGCAGCTACTCTACTC,1
pos,6H,16,CTTACCGTTACTGTCACTGCAGCAACCCTACTT,1
pos,6H,16,CTGACCGTAACTGTCACTGCAGCTACCCTACTT,1
pos,6H,16,CTGACCGTTACTGTGACTGCAGCAACCCTACTT,1
pos,6H,16,CTGACCGTAACCGTCACTGCAGCTACCCTTCTC,1
pos,6H,16,CTGACAGTTACCGTCACTGCAGCAACACTTCTC,1
pos,6H,16,CTCACCGTAACTGTCACTGCAGCAACCCTACTT,1
pos,6H,16,CTGACTGTAACCGTCACTGCAGCTACCCTTCTC,1
pos,6H,16,CTCACTGTTACTGTCACTGCAGCAACCCTACTT,1
pos,6H,1,CTCACAGTGACTGTAACAGCAGCTACGCTGCTA,2228
pos,6H,1,CTCACAGTGACCGTCACAGCCGCCACTCTCCTA,1195
pos,6H,1,CTGACAGTTACCGTTACAGCAGCCACGCTTCTG,13
pos,6H,1,CTGACAGTTACCGTAACCGCCGCAACCCTTCTA,10
pos,6H,1,CTTACCGTTACTGTGACTGCGGCGACACTCCTT,9
pos,6H,1,CTTACCGTTACGGTAACCGCTGCGACACTCCTG,6
pos,6H,1,CTTACGGTGACCGTAACGGCAGCTACTCTACTC,3
pos,6H,1,CTTACAGTTACCGTTACAGCAGCCACACTCCTG,3
pos,6H,1,CTCACAGTGACCGTAACAGCCGCCACTCTCCTA,2
pos,6H,1,CTCACTGTAACCGTTACAGCTGCTACACTTCTC,2
pos,6H,1,CTAACCGTCACAGTAACCGCAGCTACCCTGCTG,2
pos,6H,1,CTCACAGTCACCGTGACCGCTGCGACCCTACTT,2
pos,6H,1,CTTACGGTGACGGTCACAGCTGCTACCCTTCTC,1
pos,6H,1,CTCACGGTGACTGTAACAGCAGCTACGCTGCTA,1
pos,6H,1,CTCACAGTGACTGTAACAGCAGCTACGCTGCTG,1
pos,6H,1,CTCACAGTGACTGTAACAGCAGCTACGCTCCTA,1
pos,6H,1,CTCACAGTGACTGTCACAGCCGCCACTCTCCTA,1
pos,6H,1,CTGACCGTGACGGTTACTGCGGCTACCCTGCTT,1
pos,6H,1,CTCACAGTGACTGTAACAGCAGCTACGCTACTA,1
pos,6H,2,CTGACAGTTACCGTTACAGCAGCCACGCTTCTG,6018
pos,6H,2,CTCACCGTTACTGTCACTGCAGCAACCCTACTT,174
pos,6H,2,CTGACCGTGACGGTTACTGCGGCTACCCTGCTT,3
pos,6H,2,CTTACCGTTACGGTAACCGCTGCGACACTCCTG,2
pos,6H,2,CTGACAGTCACCGTTACAGCAGCCACGCTTCTG,2
pos,6H,2,CTCACAGTCACCGTGACCGCTGCGACCCTACTT,2
pos,6H,2,CTGACTGTAACCGTCACTGCCGCTACACTTCTC,1
pos,6H,2,CTGACAGTTACTGTCACTGCTGCTACCCTCCTA,1
pos,6H,2,CTGACAGTTACCGTAACCGCCGCAACCCTTCTA,1
pos,6H,2,CTGACAGTTACCGTCACAGCAGCCACGCTTCTG,1
pos,6H,2,CTCACCGTTACGGTCACTGCAGCAACCCTACTT,1
pos,6H,2,CTGACGGTAACAGTAACTGCAGCAACTCTCCTG,1
pos,6H,2,CTGACAGTTACTGTTACAGCAGCCACGCTTCTG,1
pos,6H,2,CTTACCGTTACCGTAACGGCGGCGACACTCCTA,1
pos,6H,2,CTCACAGTTACGGTTACTGCAGCTACTCTTCTT,1
pos,6H,2,CTGACAGTTACCGTTACAGCTGCCACGCTTCTG,1
pos,6H,3,CTTACCGTAACGGTAACTGCCGCCACGCTGCTT,3878
pos,6H,3,CTCACCGTTACTGTCACTGCAGCAACCCTACTT,150
pos,6H,3,CTGACAGTTACCGTTACAGCAGCCACGCTTCTG,7
pos,6H,3,CTTACCGTAACGGTAACTGCCGCCACGCTGCTC,5
pos,6H,3,CTGACCGTGACGGTTACTGCGGCTACCCTGCTT,4
pos,6H,3,CTCACCGTAACGGTAACTGCCGCCACGCTGCTT,2
pos,6H,3,CTGACAGTCACAGTGACTGCCGCGACTCTTCTT,1
pos,6H,3,CTAACCGTCACAGTAACCGCAGCTACCCTGCTG,1
pos,6H,3,CTTACCGTTACTGTGACTGCGGCGACACTCCTT,1
pos,6H,3,CTTACCGTAACGGTAACTGCCGCTACGCTGCTT,1
pos,6H,3,CTCACCGTTACCGTCACTGCAGCAACCCTACTT,1
pos,6H,3,CTCACGGTAACCGTGACAGCAGCAACTCTCCTA,1
pos,6H,3,CTTACCGTAACGGTAACTGCCGCCACACTGCTT,1
pos,6H,3,CTGACCGTCACTGTAACTGCCGCTACTCTCCTT,1
pos,6H,3,CTTACCGTCACGGTAACTGCCGCCACGCTGCTT,1
pos,6H,3,CTTACCGTAACGGTAACTGCTGCCACGCTGCTT,1
pos,6H,3,CTTACTGTAACGGTAACTGCCGCCACGCTGCTT,1
pos,6H,3,CTGACAGTTACTGTCACTGCTGCTACCCTCCTA,1
pos,6H,4,CTAACCGTCACAGTAACCGCAGCTACCCTGCTG,10614
pos,6H,4,CTTACAGTTACCGTTACAGCAGCCACACTCCTG,559
pos,6H,4,CTGACGGTAACAGTAACTGCAGCAACTCTCCTG,54
pos,6H,4,CTCACAGTCACCGTGACCGCTGCGACCCTACTT,3
pos,6H,4,CTGACCGTGACGGTTACTGCGGCTACCCTGCTT,3
pos,6H,4,CTTACTGTCACTGTTACTGCTGCTACACTACTA,2
pos,6H,4,CTAACCGTCACTGTTACTGCTGCGACCCTACTA,2
pos,6H,4,CTTACAGTCACTGTCACGGCTGCTACGCTCCTT,2
pos,6H,4,CTGACTGTGACTGTAACTGCTGCTACCCTTCTC,1
pos,6H,4,CTTACAGTTACCGTTACCGCAGCCACACTCCTG,1
pos,6H,4,CTGACCGTGACGGTTACTGCAGCTACCCTGCTT,1
pos,6H,4,CTAACCGTCACCGTTACCGCAGCCACCCTCCTG,1
pos,6H,4,CTAACCGTCACAGTAACCGCAGCTACCCTCCTG,1
pos,6H,4,CTGACTGTAACCGTCACTGCCGCTACACTTCTC,1
pos,6H,4,CTAACCGTCACAGTAACCGCAGCTACCCTTCTG,1
pos,6H,4,CTTACAGTTACCGTTACAGCAGCCACACTGCTG,1
pos,6H,4,CTAACCGTCACAGTAACCGCAGCAACCCTGCTG,1
pos,6H,4,CTAACCGTTACAGTAACCGCAGCTACCCTGCTG,1
pos,6H,4,CTTACAGTTACTGTTACTGCAGCGACTCTGCTT,1
pos,6H,4,CTTACCGTCACAGTTACCGCAGCTACACTGCTG,1
pos,6H,4,CTAACCGTCACAGTAACCGCAGCTACCCTGCTT,1
pos,6H,4,CTAACCGTCACAGTAACCGCAGCCACCCTGCTG,1
pos,6H,4,CTAACCGTCACGGTAACCGCAGCTACCCTGCTG,1
pos,6H,5,CTAACTGTTACGGTAACAGCTGCGACGCTTCTC,10532
pos,6H,5,CTGACTGTGACCGTGACTGCTGCCACTCTACTA,44
pos,6H,5,CTTACGGTAACTGTGACTGCTGCCACTCTGCTG,4
pos,6H,5,CTAACTGTTACGGTAACAGCTGCGACGCTCCTC,2
pos,6H,5,CTTACGGTGACCGTAACGGCAGCTACTCTACTC,1
pos,6H,5,CTAACCGTTACGGTAACAGCTGCGACCCTGCTT,1
pos,6H,5,CTAACCGTCACAGTAACCGCAGCTACCCTGCTG,1
pos,6H,5,CTGACCGTGACGGTTACTGCGGCTACCCTGCTT,1
pos,6H,5,CTTACTGTCACGGTTACTGCTGCTACACTCCTT,1
pos,6H,5,CTAACTGTTACCGTAACAGCTGCGACGCTTCTC,1
pos,6H,5,CTAACTGTCACGGTAACAGCTGCGACGCTTCTC,1
pos,6H,5,CTAACTGTTACGGTAACAGCCGCGACGCTTCTC,1
pos,6H,5,CTAACTGTTACGGTAACAGCTGCGACACTTCTC,1
pos,6H,5,CTAACTGTTACAGTAACAGCTGCGACGCTTCTC,1
pos,6H,6,CTCACCGTTACCGTCACGGCTGCTACCCTTCTT,4649
pos,6H,6,CTGACAGTTACCGTTACAGCAGCCACGCTTCTG,107
pos,6H,6,CTTACAGTCACAGTTACCGCCGCCACCCTACTC,16
pos,6H,6,CTTACTGTCACCGTTACCGCAGCAACACTACTT,7
pos,6H,6,CTGACCGTGACGGTTACTGCGGCTACCCTGCTT,4
pos,6H,6,CTTACTGTCACGGTTACTGCTGCTACACTCCTT,4
pos,6H,6,CTCACAGTCACCGTGACCGCTGCGACCCTACTT,3
pos,6H,6,CTCACCGTTACCGTCACGGCTGCTACCCTTCTC,2
pos,6H,6,CTAACCGTCACAGTAACCGCAGCTACCCTGCTG,1
pos,6H,6,CTGACCGTTACGGTCACGGCTGCTACCCTTCTT,1
pos,6H,6,CTGACAGTTACTGTCACTGCTGCTACCCTCCTA,1
pos,6H,6,CTCACCGTTACCGTCACGGCGGCTACCCTTCTT,1
pos,6H,7,CTGACCGTAACCGTGACTGCCGCAACCCTTCTC,9889
pos,6H,7,CTCACCGTTACTGTCACTGCAGCAACCCTACTT,610
pos,6H,7,CTGACTGTTACTGTCACGGCTGCCACTCTCCTT,199
pos,6H,7,CTGACTGTAACCGTCACTGCCGCTACACTTCTC,42
pos,6H,7,CTCACGGTTACCGTCACCGCCGCCACTCTACTG,19
pos,6H,7,CTGACCGTTACTGTCACTGCCGCAACCCTTCTT,7
pos,6H,7,CTGACCGTAACCGTCACTGCCGCAACCCTTCTC,7
pos,6H,7,CTGACCGTTACTGTCACTGCTGCAACCCTCCTT,7
pos,6H,7,CTGACCGTGACGGTTACTGCGGCTACCCTGCTT,6
pos,6H,7,CTCACCGTTACCGTCACTGCCGCAACCCTACTC,2
pos,6H,7,CTCACCGTAACCGTGACTGCCGCAACCCTTCTC,2
pos,6H,7,CTGACCGTAACCGTGACTGCCGCAACCCTCCTC,2
pos,6H,7,CTGACCGTTACCGTCACTGCAGCAACCCTACTT,1
pos,6H,7,CTGACCGTAACCGTGACTGCCGCAACCCTTCTT,1
pos,6H,7,CTCACCGTTACTGTCACTGCAGCTACCCTGCTT,1
pos,6H,7,CTGACCGTTACCGTCACTGCCGCAACCCTTCTC,1
pos,6H,7,CTGACCGTAACCGTTACTGCCGCAACCCTTCTC,1
pos,6H,7,CTCACAGTCACCGTGACCGCTGCGACCCTACTT,1
pos,6H,7,CTGACCGTTACTGTCACTGCCGCAACCCTCCTT,1
pos,6H,7,CTGACTGTTACTGTCACGGCTGCCACCCTCCTT,1
pos,6H,7,CTGACTGTTACTGTCACGGCCGCCACTCTCCTT,1
pos,6H,7,CTAACCGTAACGGTAACTGCGGCAACCCTCCTT,1
pos,6H,7,CTCACCGTTACTGTCACTGCCGCAACCCTACTT,1
pos,6H,7,CTAACCGTAACCGTGACTGCCGCAACCCTTCTC,1
pos,6H,7,CTGACCGTTACTGTCACTGCAGCAACCCTACTT,1
pos,6H,7,CTGACAGTTACTGTCACTGCTGCTACCCTCCTA,1
pos,6H,7,CTGACCGTGACCGTGACTGCCGCAACCCTTCTC,1
pos,6H,7,CTGACCGTAACTGTGACTGCCGCAACCCTTCTC,1
pos,6H,7,CTCACCGTAACTGTCACTGCAGCAACCCTACTT,1
pos,6H,8,CTTACTGTCACTGTTACTGCTGCTACACTACTA,7220
pos,6H,8,CTCACAGTCACCGTGACCGCTGCGACCCTACTT,6
pos,6H,8,CTGACCGTGACGGTTACTGCGGCTACCCTGCTT,3
pos,6H,8,CTTACGGTGACCGTAACGGCAGCTACTCTACTC,3
pos,6H,8,CTTACAGTCACTGTCACGGCTGCTACGCTCCTT,1
pos,6H,8,CTTACTGTCACCGTTACTGCTGCTACACTACTA,1
pos,6H,8,CTTACTGTCACTGTCACTGCTGCTACACTACTA,1
pos,6H,8,CTAACCGTCACAGTAACCGCAGCTACCCTGCTG,1
pos,6H,8,CTTACTGTAACCGTCACCGCAGCGACCCTACTC,1
pos,6H,8,CTTACTGTTACTGTTACTGCTGCTACACTACTA,1
pos,6H,8,CTAACGGTAACCGTGACAGCGGCCACCCTTCTA,1
pos,6H,8,CTCACTGTCACTGTTACTGCTGCTACACTACTA,1
pos,6H,8,CTTACTGTCACTGTTACTGCTGCTACGCTACTA,1
pos,6H,8,CTTACTGTCACAGTTACTGCTGCTACACTACTA,1
pos,6H,8,CTCACAGTCACAGTAACTGCTGCTACGCTCCTG,1
pos,6H,8,CTGACAGTTACCGTTACAGCAGCCACGCTTCTG,1
pos,6H,9,CTGACTGTGACCGTGACTGCTGCCACTCTACTA,2107
pos,6H,9,CTTACGGTGACCGTAACGGCAGCTACTCTACTC,2
pos,6H,9,CTGACTGTGACTGTGACTGCTGCCACTCTACTA,1
pos,6H,9,CTGACCGTGACGGTTACTGCGGCTACCCTGCTT,1
pos,6H,9,CTCACAGTCACCGTGACCGCTGCGACCCTACTT,1
neg,6H,1,CTGACCGTGACGGTTACTGCGGCTACCCTGCTT,4
neg,6H,1,CTTACGGTGACCGTAACGGCAGCTACTCTACTC,4
neg,6H,1,CTCACAGTCACCGTGACCGCTGCGACCCTACTT,3
neg,6H,1,CTTACGGTAACTGTGACTGCTGCCACTCTGCTG,2
neg,6H,1,CTGACTGTGACCGTGACTGCTGCCACTCTACTA,1
neg,6H,2,CTTACAGTCACAGTTACCGCCGCCACCCTACTC,13
neg,6H,2,CTGACAGTTACCGTTACAGCAGCCACGCTTCTG,11
neg,6H,2,CTTACTGTCACGGTTACTGCTGCTACACTCCTT,9
neg,6H,2,CTCACAGTCACCGTGACCGCTGCGACCCTACTT,6
neg,6H,2,CTAACCGTCACAGTAACCGCAGCTACCCTGCTG,1
neg,6H,2,CTTACTGTCACCGTTACCGCAGCAACACTACTT,1
neg,6H,3,CTGACTGTAACCGTCACTGCCGCTACACTTCTC,49
neg,6H,3,CTCACCGTTACTGTCACTGCAGCAACCCTACTT,34
neg,6H,3,CTGACTGTTACTGTCACGGCTGCCACTCTCCTT,6
neg,6H,3,CTCACAGTCACCGTGACCGCTGCGACCCTACTT,2
neg,6H,3,CTTACGGTGACCGTAACGGCAGCTACTCTACTC,2
neg,6H,3,CTCACGGTTACCGTCACCGCCGCCACTCTACTG,1
neg,6H,3,CTGACCGTGACGGTTACTGCGGCTACCCTGCTT,1
neg,6H,4,CTTACTGTCACTGTTACTGCTGCTACACTACTA,6
neg,6H,4,CTTACAGTCACTGTCACGGCTGCTACGCTCCTT,5
neg,6H,4,CTCACAGTCACCGTGACCGCTGCGACCCTACTT,2
pos,untreated,10,CTGACTGTTACGGTTACAGCAGCAACCCTACTC,4591
pos,untreated,10,CTTACCGTCACCGTAACCGCAGCCACTCTACTC,48
pos,untreated,10,CTGACAGTTACTGTCACTGCTGCTACCCTCCTA,4
pos,untreated,10,CTGACTGTTACGGTCACAGCAGCAACCCTACTC,3
pos,untreated,10,CTCACAGTCACCGTGACCGCTGCGACCCTACTT,3
pos,untreated,10,CTTACGGTGACCGTAACGGCAGCTACTCTACTC,3
pos,untreated,10,CTGACTGTTACTGTCACTGCTGCCACTCTCCTT,2
pos,untreated,10,CTGACAGTTACCGTAACTGCAGCCACGCTTCTG,1
pos,untreated,10,CTGACTGTTACAGTTACAGCAGCAACCCTACTC,1
pos,untreated,10,CTCACCGTCACCGTAACCGCAGCCACTCTACTC,1
pos,untreated,10,CTGACTGTCACGGTTACAGCAGCAACCCTACTC,1
pos,untreated,11,CTAACTGTAACCGTCACTGCGGCAACTCTGCTC,2941
pos,untreated,11,CTGACTGTGACCGTGACTGCTGCCACTCTACTA,30
pos,untreated,11,CTGACAGTTACTGTCACTGCTGCTACCCTCCTA,20
pos,untreated,11,CTTACCGTCACCGTAACCGCAGCCACTCTACTC,20
pos,untreated,11,CTTACAGTTACCGTGACCGCTGCTACGCTACTT,12
pos,untreated,11,CTCACGGTTACTGTGACCGCGGCGACCCTACTT,8
pos,untreated,11,CTCACAGTTACAGTCACCGCAGCCACTCTGCTG,7
pos,untreated,11,CTTACTGTTACGGTAACCGCAGCCACGCTCCTT,7
pos,untreated,11,CTGACCGTGACGGTTACTGCGGCTACCCTGCTT,5
pos,untreated,11,CTTACTGTAACCGTCACCGCAGCGACCCTACTC,3
pos,untreated,11,CTCACAGTCACAGTAACTGCTGCTACGCTCCTG,3
pos,untreated,11,CTAACCGTCACTGTTACTGCTGCGACCCTACTA,2
pos,untreated,11,CTAACTGTAACCGTCACTGCGGCAACTCTGCTT,2
pos,untreated,11,CTCACAGTCACCGTGACCGCTGCGACCCTACTT,2
pos,untreated,11,CTAACTGTGACCGTCACTGCGGCAACTCTGCTC,1
pos,untreated,11,CTTACCGTAACGGTAACTGCCGCCACGCTGCTT,1
pos,untreated,11,CTTACGGTGACCGTAACGGCAGCTACTCTACTC,1
pos,untreated,11,CTGACAGTCACAGTGACTGCCGCGACTCTTCTT,1
pos,untreated,11,CTGACTGTTACTGTCACGGCTGCCACTCTCCTT,1
pos,untreated,11,CTAACCGTCACAGTAACCGCAGCTACCCTGCTG,1
pos,untreated,11,CTAACTGTAACAGTCACTGCGGCAACTCTGCTC,1
pos,untreated,11,CTCACCGTTACTGTCACTGCAGCAACCCTACTT,1
pos,untreated,11,CTAACTGTAACCGTCACTGCGGCAACCCTGCTC,1
pos,untreated,11,CTGACAGTTACCGTTACAGCAGCCACGCTTCTG,1
pos,untreated,11,CTAACTGTAACAGTTACTGCTGCGACTCTACTT,1
pos,untreated,12,CTTACGGTCACCGTGACGGCCGCGACACTTCTG,2270
pos,untreated,12,CTGACAGTTACCGTAACCGCCGCAACCCTTCTA,1730
pos,untreated,12,CTGACTGTAACCGTCACTGCCGCTACACTTCTC,647
pos,untreated,12,CTGACAGTTACCGTTACAGCAGCCACGCTTCTG,205
pos,untreated,12,CTCACAGTGACTGTAACAGCAGCTACGCTGCTA,192
pos,untreated,12,CTCACCGTTACTGTCACTGCAGCAACCCTACTT,26
pos,untreated,12,CTAACTGTAACAGTTACTGCTGCGACTCTACTT,22
pos,untreated,12,CTAACCGTCACAGTAACCGCAGCTACCCTGCTG,18
pos,untreated,12,CTGACGGTCACCGTGACGGCCGCGACACTTCTG,9
pos,untreated,12,CTGACTGTTACTGTCACGGCTGCCACTCTCCTT,5
pos,untreated,12,CTTACGGTGACCGTAACGGCAGCTACTCTACTC,5
pos,untreated,12,CTGACAGTTACCGTAACCGCCGCAACACTTCTA,4
pos,untreated,12,CTGACAGTTACCGTTACAGCCGCCACGCTTCTG,3
pos,untreated,12,CTAACTGTTACGGTAACAGCTGCGACGCTTCTC,3
pos,untreated,12,CTGACAGTTACCGTAACCGCCGCTACCCTTCTA,3
pos,untreated,12,CTCACAGTGACCGTAACAGCAGCTACGCTTCTA,2
pos,untreated,12,CTGACAGTTACCGTGACCGCCGCAACCCTTCTA,2
pos,untreated,12,CTTACCGTTACTGTGACTGCGGCGACACTCCTT,2
pos,untreated,12,CTAACAGTCACGGTCACCGCCGCAACGCTTCTT,2
pos,untreated,12,CTGACAGTTACCGTAACCGCCGCAACCCTTCTG,2
pos,untreated,12,CTGACCGTGACGGTTACTGCGGCTACCCTGCTT,2
pos,untreated,12,CTAACCGTAACTGTGACGGCTGCAACGCTTCTG,2
pos,untreated,12,CTTACGGTTACCGTGACGGCCGCGACACTTCTG,1
pos,untreated,12,CTTACTGTAACCGTTACTGCCGCGACACTTCTT,1
pos,untreated,12,CTTACAGTTACCGTGACTGCCGCGACACTTCTT,1
pos,untreated,12,CTGACAGTAACCGTCACTGCCGCTACACTTCTC,1
pos,untreated,12,CTCACAGTGACCGTCACTGCAGCTACACTTCTA,1
pos,untreated,12,CTAACAGTAACAGTAACTGCTGCGACTCTACTA,1
pos,untreated,12,CTGACAGTCACCGTAACCGCCGCTACCCTTCTG,1
pos,untreated,12,CTGACAGTTACCGTCACTGCCGCTACACTTCTG,1
pos,untreated,12,CTTACAGTCACCGTAACGGCCGCGACACTTCTA,1
pos,untreated,12,CTTACGGTCACCGTGACGGCCGCTACACTTCTG,1
pos,untreated,12,CTGACAGTTACCGTTACAGCCGCCACACTTCTG,1
pos,untreated,12,CTGACTGTCACCGTCACTGCCGCTACACTTCTG,1
pos,untreated,12,CTGACAGTTACCGTAACCGCCGCAACACTTCTG,1
pos,untreated,12,CTTACGGTCACCGTGACGGCCGCGACACTCCTG,1
pos,untreated,12,CTTACGGTCACCGTGACTGCCGCGACACTTCTG,1
pos,untreated,12,CTGACTGTAACCGTCACTGCCGCTACACTTCTT,1
pos,untreated,12,CTGACGGTCACCGTGACGGCCGCAACACTTCTG,1
pos,untreated,12,CTGACAGTTACCGTAACCGCCGCGACACTTCTA,1
pos,untreated,12,CTGACAGTTACCGTGACAGCCGCGACACTTCTG,1
pos,untreated,12,CTCACAGTCACCGTGACCGCTGCGACCCTACTT,1
pos,untreated,12,CTCACCGTTACTGTCACTGCAGCAACCCTTCTT,1
pos,untreated,12,CTGACAGTTACCGTAACGGCCGCAACCCTTCTG,1
pos,untreated,12,CTCACCGTTACCGTCACTGCAGCAACCCTTCTT,1
pos,untreated,12,CTGACAGTTACCGTAACAGCCGCCACGCTTCTG,1
pos,untreated,12,CTGACAGTGACCGTAACAGCCGCTACACTTCTA,1
pos,untreated,13,CTCACCGTTACTGTCACTGCAGCAACCCTACTT,13997
pos,untreated,13,CTTACCGTCACCGTAACCGCAGCCACTCTACTC,45
pos,untreated,13,CTTACAGTTACCGTTACAGCAGCCACACTCCTG,4
pos,untreated,13,CTAACCGTCACTGTTACTGCTGCGACCCTACTA,3
pos,untreated,13,CTGACCGTGACGGTTACTGCGGCTACCCTGCTT,3
pos,untreated,13,CTCACCGTTACTGTCACTGCAGCAACCCTACTG,1
pos,untreated,13,CTCACCGTTACTGTCACTGCAGCAACCCTACTC,1
pos,untreated,13,CTCACCGTTACTGTCACTGCGGCAACCCTACTT,1
pos,untreated,13,CTCACCGTTACTGTCACTGCAGCAACCCTTCTT,1
pos,untreated,13,CTCACCGTCACCGTGACCGCTGCGACCCTACTT,1
pos,untreated,13,CTCACAGTCACCGTGACCGCTGCGACCCTACTT,1
pos,untreated,13,CTCACTGTTACTGTCACTGCAGCAACCCTACTT,1
pos,untreated,13,CTCACCGTCACTGTCACTGCAGCAACCCTACTT,1
pos,untreated,13,CTCACCGTTACCGTTACAGCAGCCACTCTACTC,1
pos,untreated,13,CTCACCGTTACTGTCACCGCAGCAACCCTACTT,1
pos,untreated,14,CTGACAGTTACCGTTACAGCAGCCACGCTTCTG,5706
pos,untreated,14,CTTACGGTGACCGTAACGGCAGCTACTCTACTC,7
pos,untreated,14,CTTACAGTTACCGTTACAGCAGCCACACTCCTG,6
pos,untreated,14,CTCACAGTCACCGTGACCGCTGCGACCCTACTT,6
pos,untreated,14,CTGACTGTTACTGTCACGGCTGCCACTCTCCTT,2
pos,untreated,14,CTTACCGTCACCGTAACCGCAGCCACTCTACTC,2
pos,untreated,14,CTGACAGTTACCGTCACAGCAGCCACGCTTCTG,1
pos,untreated,14,CTTACAGTTACCGTTACAGCAGCCACGCTTCTG,1
pos,untreated,15,CTGACCGTCACTGTAACTGCCGCTACTCTCCTT,2045
pos,untreated,15,CTGACTGTTACTGTCACGGCTGCCACTCTCCTT,1845
pos,untreated,15,CTGACCGTGACGGTTACTGCGGCTACCCTGCTT,3
pos,untreated,15,CTCACAGTAACAGTGACCGCAGCCACTCTCCTG,3
pos,untreated,15,CTGACTGTTACTGTCACGGCTGCCACCCTCCTT,2
pos,untreated,15,CTCACAGTCACCGTGACCGCTGCGACCCTACTT,2
pos,untreated,15,CTTACTGTTACTGTCACGGCTGCCACTCTCCTT,1
pos,untreated,15,CTGACCGTCACTGTAACTGCCGCTACTCTCCTG,1
pos,untreated,15,CTGACTGTTACCGTCACGGCTGCCACTCTTCTT,1
pos,untreated,15,CTGACTGTTACTGTCACGGCTGCCACTCTTCTT,1
pos,untreated,15,CTGACCGTCACTGTAACTGCCGCCACTCTCCTT,1
pos,untreated,15,CTGACTGTCACTGTCACGGCTGCCACTCTCCTT,1
pos,untreated,15,CTAACCGTCACAGTAACCGCAGCTACCCTGCTG,1
pos,untreated,15,CTGACTGTCACTGTAACTGCCGCTACTCTCCTT,1
pos,untreated,15,CTGACTGTTACTGTCACGGCTGCCACTCTCCTC,1
pos,untreated,16,CTTACCGTCACCGTAACCGCAGCCACTCTACTC,5295
pos,untreated,16,CTTACAGTTACCGTTACAGCAGCCACACTCCTG,5175
pos,untreated,16,CTCACAGTGACTGTAACAGCAGCTACGCTGCTA,2749
pos,untreated,16,CTAACCGTCACTGTTACTGCTGCGACCCTACTA,2244
pos,untreated,16,CTCACCGTTACCGTTACAGCAGCCACTCTACTC,2100
pos,untreated,16,CTCACAGTAACAGTGACCGCAGCCACTCTCCTG,929
pos,untreated,16,CTTACCGTTACCGTTACAGCAGCCACTCTACTC,282
pos,untreated,16,CTTACCGTCACCGTTACCGCAGCCACTCTACTC,153
pos,untreated,16,CTTACCGTCACCGTTACAGCAGCCACTCTACTC,133
pos,untreated,16,CTTACCGTCACCGTAACAGCAGCCACTCTACTC,120
pos,untreated,16,CTAACCGTCACTGTTACTGCAGCGACCCTACTA,117
pos,untreated,16,CTTACAGTCACCGTAACAGCAGCCACTCTACTC,75
pos,untreated,16,CTCACCGTTACTGTCACTGCAGCAACCCTACTT,73
pos,untreated,16,CTCACAGTTACCGTTACAGCAGCCACTCTCCTG,64
pos,untreated,16,CTCACAGTTACCGTTACAGCAGCCACTCTACTC,58
pos,untreated,16,CTTACAGTTACCGTTACAGCAGCCACTCTCCTG,58
pos,untreated,16,CTTACAGTTACCGTAACAGCAGCCACACTCCTG,55
pos,untreated,16,CTGACCGTCACTGTAACTGCCGCTACTCTCCTT,54
pos,untreated,16,CTTACAGTGACCGTAACAGCAGCCACGCTGCTA,52
pos,untreated,16,CTCACAGTGACTGTAACAGCAGCCACGCTGCTA,52
pos,untreated,16,CTCACCGTCACCGTAACAGCAGCCACTCTACTC,51
pos,untreated,16,CTCACCGTCACCGTTACAGCAGCCACTCTACTC,48
pos,untreated,16,CTTACCGTTACCGTTACAGCAGCCACACTACTG,46
pos,untreated,16,CTAACCGTCACTGTTACTGCAGCCACCCTACTA,45
pos,untreated,16,CTTACAGTTACCGTTACCGCAGCCACTCTCCTG,41
pos,untreated,16,CTCACCGTTACCGTAACAGCAGCCACTCTACTC,40
pos,untreated,16,CTTACCGTCACCGTTACAGCAGCCACACTACTG,39
pos,untreated,16,CTTACCGTCACCGTTACTGCAGCCACCCTACTA,38
pos,untreated,16,CTTACAGTTACCGTTACAGCAGCCACACTTCTG,37
pos,untreated,16,CTTACAGTTACCGTTACAGCAGCCACACTACTG,32
pos,untreated,16,CTCACCGTCACCGTAACCGCAGCCACTCTACTC,32
pos,untreated,16,CTTACCGTCACTGTAACCGCAGCCACTCTACTA,29
pos,untreated,16,CTCACAGTTACCGTTACAGCAGCCACACTCCTG,28
pos,untreated,16,CTTACCGTCACCGTAACAGCAGCCACTCTACTA,27
pos,untreated,16,CTTACCGTCACCGTTACAGCAGCCACTCTACTA,26
pos,untreated,16,CTGACTGTTACTGTCACGGCTGCCACTCTCCTT,25
pos,untreated,16,CTCACAGTGACCGTAACAGCAGCCACGCTGCTA,24
pos,untreated,16,CTCACAGTAACCGTGACCGCAGCCACTCTCCTG,24
pos,untreated,16,CTTACCGTCACCGTTACAGCAGCCACCCTACTA,23
pos,untreated,16,CTCACCGTCACTGTTACAGCAGCCACTCTACTA,19
pos,untreated,16,CTTACAGTTACCGTTACAGCAGCCACTCTACTC,18
pos,untreated,16,CTCACCGTCACTGTAACAGCAGCTACGCTACTA,18
pos,untreated,16,CTTACAGTCACCGTAACAGCAGCCACTCTACTA,17
pos,untreated,16,CTTACCGTCACTGTAACAGCAGCCACTCTACTA,17
pos,untreated,16,CTCACAGTTACCGTTACAGCAGCCACGCTGCTA,17
pos,untreated,16,CTCACAGTGACTGTAACAGCAGCCACTCTGCTA,16
pos,untreated,16,CTTACAGTTACCGTAACAGCAGCCACTCTACTC,16
pos,untreated,16,CTCACCGTCACTGTTACAGCAGCGACCCTACTA,16
pos,untreated,16,CTCACCGTTACCGTTACAGCAGCCACTCTACTA,16
pos,untreated,16,CTTACAGTTACCGTTACAGCAGCCACACTCCTA,15
pos,untreated,16,CTCACAGTGACTGTTACAGCAGCTACGCTGCTA,15
pos,untreated,16,CTTACCGTTACCGTAACAGCAGCCACTCTACTC,15
pos,untreated,16,CTAACCGTCACTGTTACAGCAGCGACCCTACTA,15
pos,untreated,16,CTAACCGTCACTGTAACTGCAGCGACCCTACTA,15
pos,untreated,16,CTTACAGTTACTGTTACAGCAGCCACACTCCTA,14
pos,untreated,16,CTCACAGTAACAGTTACCGCAGCCACTCTCCTG,14
pos,untreated,16,CTCACCGTTACTGTTACAGCAGCCACTCTACTA,13
pos,untreated,16,CTTACCGTTACCGTTACAGCAGCCACTCTACTG,13
pos,untreated,16,CTCACAGTGACTGTAACAGCAGCTACGCTACTA,13
pos,untreated,16,CTTACAGTCACTGTTACAGCAGCCACCCTACTA,13
pos,untreated,16,CTTACCGTCACCGTTACCGCAGCCACTCTACTA,13
pos,untreated,16,CTTACAGTTACCGTAACAGCAGCCACTCTCCTG,12
pos,untreated,16,CTTACAGTCACCGTAACCGCAGCCACTCTCCTG,12
pos,untreated,16,CTAACAGTCACTGTTACAGCAGCGACCCTACTA,12
pos,untreated,16,CTCACCGTCACTGTAACAGCAGCCACTCTACTA,11
pos,untreated,16,CTCACCGTCACCGTTACAGCAGCCACTCTACTA,11
pos,untreated,16,CTTACCGTCACCGTTACAGCAGCCACTCTACTG,11
pos,untreated,16,CTCACCGTTACCGTTACCGCAGCCACTCTACTC,11
pos,untreated,16,CTCACAGTCACCGTAACCGCAGCCACTCTACTC,11
pos,untreated,16,CTAACCGTCACTGTTACAGCAGCCACCCTACTA,11
pos,untreated,16,CTCACAGTAACAGTAACCGCAGCCACTCTCCTG,11
pos,untreated,16,CTTACAGTTACCGTTACAGCAGCCACACTACTA,11
pos,untreated,16,CTTACAGTCACCGTTACCGCAGCCACTCTCCTG,10
pos,untreated,16,CTTACCGTCACTGTTACTGCAGCCACCCTACTA,10
pos,untreated,16,CTCACCGTCACCGTTACCGCAGCCACTCTACTC,10
pos,untreated,16,CTTACAGTCACCGTTACAGCAGCCACACTACTA,10
pos,untreated,16,CTTACCGTCACCGTTACCGCAGCCACTCTACTG,10
pos,untreated,16,CTCACAGTCACTGTAACAGCAGCCACTCTACTA,9
pos,untreated,16,CTCACAGTCACTGTAACAGCAGCTACGCTACTA,9
pos,untreated,16,CTCACCGTGACCGTAACAGCAGCCACTCTACTC,9
pos,untreated,16,CTTACAGTCACCGTAACCGCAGCCACTCTACTC,9
pos,untreated,16,CTTACCGTCACCGTTACTGCAGCCACTCTACTC,9
pos,untreated,16,CTCACAGTAACCGTTACCGCAGCCACTCTCCTG,9
pos,untreated,16,CTCACCGTCACTGTAACAGCAGCCACGCTACTA,8
pos,untreated,16,CTCACAGTTACCGTAACAGCAGCCACTCTACTC,8
pos,untreated,16,CTTACAGTAACCGTGACCGCAGCCACTCTCCTG,8
pos,untreated,16,CTAACCGTTACCGTTACAGCAGCCACCCTACTA,8
pos,untreated,16,CTCACAGTGACCGTAACAGCAGCCACTCTACTC,8
pos,untreated,16,CTTACAGTCACCGTTACAGCAGCCACACTACTG,8
pos,untreated,16,CTTACCGTCACCGTTACAGCAGCCACACTACTA,8
pos,untreated,16,CTCACAGTTACCGTAACAGCAGCCACTCTCCTG,8
pos,untreated,16,CTCACAGTAACAGTGACAGCAGCCACTCTCCTG,8
pos,untreated,16,CTCACAGTTACCGTTACAGCAGCCACTCTACTA,8
pos,untreated,16,CTTACCGTCACCGTAACCGCAGCCACTCTCCTC,8
pos,untreated,16,CTAACCGTCACCGTTACTGCAGCCACTCTACTC,7
pos,untreated,16,CTTACAGTTACCGTTACAGCAGCCACTCTACTG,7
pos,untreated,16,CTCACAGTTACCGTTACAGCAGCCACGCTACTA,7
pos,untreated,16,CTAACCGTCACCGTTACTGCAGCCACCCTACTA,7
pos,untreated,16,CTTACAGTCACTGTAACAGCAGCCACGCTACTA,6
pos,untreated,16,CTCACAGTTACCGTTACAGCAGCCACTCTACTG,6
pos,untreated,16,CTCACAGTAACCGTAACCGCAGCCACTCTCCTG,6
pos,untreated,16,CTCACAGTCACTGTAACAGCAGCCACGCTACTA,6
pos,untreated,16,CTAACAGTCACTGTTACAGCAGCCACCCTACTA,6
pos,untreated,16,CTTACCGTCACTGTTACAGCAGCCACCCTACTA,6
pos,untreated,16,CTCACAGTGACTGTAACAGCAGCCACTCTCCTG,6
pos,untreated,16,CTAACCGTCACTGTTACTGCAGCCACTCTACTA,6
pos,untreated,16,CTTACAGTTACCGTAACAGCAGCCACACTCCTA,5
pos,untreated,16,CTCACAGTTACTGTTACAGCAGCCACGCTGCTA,5
pos,untreated,16,CTCACAGTCACCGTAACCGCAGCCACTCTCCTG,5
pos,untreated,16,CTAACCGTCACCGTTACAGCAGCCACCCTACTA,5
pos,untreated,16,CTCACCGTCACTGTTACAGCAGCCACCCTACTA,5
pos,untreated,16,CTCACAGTGACCGTAACAGCAGCCACTCTACTA,5
pos,untreated,16,CTTACCGTCACCGTAACCGCAGCCACTCTACTA,5
pos,untreated,16,CTTACAGTCACTGTTACAGCAGCCACACTACTA,5
pos,untreated,16,CTTACCGTCACTGTTACAGCAGCCACTCTACTA,5
pos,untreated,16,CTTACAGTCACCGTTACAGCAGCCACTCTACTG,5
pos,untreated,16,CTTACAGTCACCGTTACCGCAGCCACTCTACTG,4
pos,untreated,16,CTTACCGTCACTGTAACAGCAGCCACCCTACTA,4
pos,untreated,16,CTTACCGTTACCGTTACAGCAGCCACTCTCCTC,4
pos,untreated,16,CTCACAGTTACCGTAACAGCAGCCACTCTACTA,4
pos,untreated,16,CTTACCGTCACCGTAACCGCAGCCACTCTACTG,4
pos,untreated,16,CTTACAGTCACCGTTACAGCAGCCACTCTACTA,4
pos,untreated,16,CTCACAGTGACTGTAACAGCAGCCACGCTACTA,4
pos,untreated,16,CTCACAGTGACTGTAACAGCAGCCACGCTCCTA,4
pos,untreated,16,CTCACAGTGACTGTAACAGCAGCCACGCTCCTG,4
pos,untreated,16,CTCACCGTTACCGTTACAGCAGCCACTCTACTG,4
pos,untreated,16,CTTACAGTCACCGTTACAGCAGCCACACTCCTG,4
pos,untreated,16,CTTACAGTCACTGTTACAGCAGCCACGCTACTA,4
pos,untreated,16,CTCACAGTTACTGTTACAGCAGCCACGCTACTA,4
pos,untreated,16,CTCACCGTGACTGTTACAGCAGCTACGCTACTA,4
pos,untreated,16,CTCACAGTCACTGTTACAGCAGCCACGCTACTA,4
pos,untreated,16,CTAACAGTCACTGTTACTGCAGCCACCCTCCTG,4
pos,untreated,16,CTCACCGTCACCGTAACAGCAGCCACTCTACTA,4
pos,untreated,16,CTCACAGTGACTGTAACCGCAGCCACTCTGCTA,4
pos,untreated,16,CTCACAGTCACTGTTACAGCAGCCACTCTACTA,4
pos,untreated,16,CTCACAGTAACTGTTACAGCAGCCACTCTCCTG,4
pos,untreated,16,CTCACCGTCACAGTGACCGCAGCCACTCTACTG,4
pos,untreated,16,CTCACAGTCACTGTTACCGCAGCCACTCTCCTG,3
pos,untreated,16,CTCACAGTCACCGTAACAGCAGCCACTCTACTC,3
pos,untreated,16,CTAACCGTCACCGTTACAGCAGCCACTCTACTC,3
pos,untreated,16,CTTACAGTCACCGTTACAGCAGCCACTCTCCTG,3
pos,untreated,16,CTCACAGTGACTGTTACAGCAGCTACGCTACTA,3
pos,untreated,16,CTCACCGTCACTGTTACTGCAGCCACTCTACTA,3
pos,untreated,16,CTCACCGTGACTGTAACAGCAGCTACGCTACTA,3
pos,untreated,16,CTCACCGTTACCGTAACCGCAGCCACTCTACTC,3
pos,untreated,16,CTCACAGTTACTGTTACAGCAGCCACACTCCTG,3
pos,untreated,16,CTTACCGTCACCGTTACTGCAGCCACTCTACTA,3
pos,untreated,16,CTTACAGTCACCGTAACAGCAGCCACGCTACTA,3
pos,untreated,16,CTAACCGTCACCGTTACAGCAGCCACTCTACTA,3
pos,untreated,16,CTTACCGTCACCGTAACAGCAGCCACTCTCCTG,3
pos,untreated,16,CTAACGGTAACGGTAACGGCAGCAACCCTCCTT,3
pos,untreated,16,CTCACAGTGACTGTTACAGCAGCCACGCTGCTA,3
pos,untreated,16,CTCACAGTGACCGTAACAGCAGCCACTCTCCTG,3
pos,untreated,16,CTCACAGTGACTGTTACAGCAGCCACGCTACTA,3
pos,untreated,16,CTCACCGTTACTGTTACAGCAGCCACCCTACTA,3
pos,untreated,16,CTTACCGTTACCGTTACAGCAGCCACCCTACTA,3
pos,untreated,16,CTTACAGTCACCGTAACAGCAGCCACTCTCCTG,3
pos,untreated,16,CTCACAGTGACTGTGACAGCAGCTACGCTGCTA,3
pos,untreated,16,CTCACCGTCACTGTTACTGCAGCGACCCTACTA,3
pos,untreated,16,CTCACAGTCACTGTTACTGCAGCGACCCTACTA,3
pos,untreated,16,CTTACCGTTACCGTTACCGCAGCCACTCTACTC,3
pos,untreated,16,CTCACAGTCACTGTTACAGCAGCTACGCTACTA,3
pos,untreated,16,CTCACAGTTACCGTTACAGCAGCCACACTACTA,3
pos,untreated,16,CTTACCGTTACCGTTACAGCAGCCACTCTACTA,2
pos,untreated,16,CTCACCGTCACTGTAACCGCAGCCACTCTACTA,2
pos,untreated,16,CTCACAGTCACCGTAACAGCAGCCACTCTACTA,2
pos,untreated,16,CTTACAGTCACCGTAACCGCAGCCACTCTACTG,2
pos,untreated,16,CTAACCGTCACTGTTACAGCAGCCACTCTACTA,2
pos,untreated,16,CTTACCGTCACTGTAACCGCAGCCACTCTACTC,2
pos,untreated,16,CTAACCGTCACCGTTACTGCAGCCACTCTACTA,2
pos,untreated,16,CTTACAGTTACCGTAACAGCAGCCACGCTGCTA,2
pos,untreated,16,CTGACCGTCACTGTAACTGCAGCTACTCTCCTT,2
pos,untreated,16,CTCACAGTCACTGTTACAGCAGCCACCCTACTA,2
pos,untreated,16,CTCACAGTGACCGTAACAGCAGCCACGCTACTA,2
pos,untreated,16,CTTACCGTTACCGTAACCGCAGCCACTCTCCTC,2
pos,untreated,16,CTCACCGTTACTGTCACTGCAGCCACCCTACTT,2
pos,untreated,16,CTTACGGTAACCGTAACGGCAGCCACCCTCCTT,2
pos,untreated,16,CTCACCGTCACTGTAACAGCAGCGACCCTACTA,2
pos,untreated,16,CTTACCGTCACCGTAACTGCAGCCACTCTACTC,2
pos,untreated,16,CTCACAGTTACTGTTACAGCAGCCACACTACTA,2
pos,untreated,16,CTCACAGTGACCGTAACAGCAGCTACGCTGCTA,2
pos,untreated,16,CTCACAGTTACTGTAACAGCAGCCACTCTCCTA,2
pos,untreated,16,CTCACCGTTACTGTTACTGCAGCAACCCTACTT,2
pos,untreated,16,CTCACAGTCACCGTAACCGCAGCCACTCTACTA,2
pos,untreated,16,CTCACAGTTACCGTTACCGCAGCCACTCTCCTG,2
pos,untreated,16,CTTACAGTTACCGTTACAGCAGCCACTCTACTA,2
pos,untreated,16,CTCACAGTAACCGTAACAGCAGCCACTCTCCTG,2
pos,untreated,16,CTTACAGTTACCGTTACAGCAGCCACACTCCTT,2
pos,untreated,16,CTTACAGTTACCGTAACAGCAGCCACTCTACTA,2
pos,untreated,16,CTTACCGTCACCGTTACAGCAGCCACTCTCCTG,2
pos,untreated,16,CTCACAGTCACTGTTACCGCAGCCACTCTACTA,2
pos,untreated,16,CTCACCGTTACTGTAACAGCAGCCACGCTACTA,2
pos,untreated,16,CTTACCGTTACCGTTACAGCAGCCACACTCCTG,2
pos,untreated,16,CTCACCGTGACTGTAACAGCAGCCACTCTACTA,2
pos,untreated,16,CTCACAGTAACCGTAACCGCAGCCACTCTACTC,2
pos,untreated,16,CTCACAGTGACCGTAACAGCAGCCACGCTCCTG,2
pos,untreated,16,CTTACCGTCACTGTTACCGCAGCCACTCTACTA,2
pos,untreated,16,CTCACAGTGACTGTAACAGCAGCCACTCTACTA,2
pos,untreated,16,CTCACAGTCACTGTTACAGCAGCCACTCTCCTG,2
pos,untreated,16,CTCACCGTTACCGTTACAGCAGCCACTCTACTT,2
pos,untreated,16,CTTACAGTTACCGTAACCGCAGCCACTCTCCTG,2
pos,untreated,16,CTCACCGTCACCGTTACCGCAGCCACTCTACTG,2
pos,untreated,16,CTCACAGTTACTGTTACAGCAGCCACCCTACTA,2
pos,untreated,16,CTCACAGTGACTGTAACCGCAGCCACTCTCCTG,2
pos,untreated,16,CTCACCGTTACCGTTACAGCAGCCACCCTACTG,2
pos,untreated,16,CTCACAGTTACTGTTACAGCAGCCACTCTCCTG,2
pos,untreated,16,CTAACCGTCACTGTTACCGCAGCCACTCTACTA,2
pos,untreated,16,CTTACCGTCACCGTTACAGCAGCCACTCTCCTC,1
pos,untreated,16,CTTACCGTTACCGTTACAGCAGCCACCCTACTC,1
pos,untreated,16,CTCACCGTCACTGTAACTGCAGCTACCCTACTA,1
pos,untreated,16,CTCACCGTTACTGTCACTGCAGCAACCCTACTA,1
pos,untreated,16,CTTACAGTGACCGTAACAGCAGCCACGCTGCTC,1
pos,untreated,16,CTTACAGTCACCGTAACAGCAGCCACTCTCCTC,1
pos,untreated,16,CTTACAGTTACCGTAACAGCAGCCACTCTCCTC,1
pos,untreated,16,CTCACCGTCACCGTTACAGCAGCCACTCTCCTA,1
pos,untreated,16,CTCACCGTTACTGTAACAGCAGCTACGCTACTA,1
pos,untreated,16,CTCACCGTCACTGTTACTGCAGCCACCCTACTA,1
pos,untreated,16,CTCACCGTCACTGTTACCGCAGCCACTCTACTC,1
pos,untreated,16,CTTACCGTTACCGTTACCGCAGCCACTCTCCTG,1
pos,untreated,16,CTCACAGTGACTGTAACAGCAGCTACCCTACTA,1
pos,untreated,16,CTCACAGTAACTGTTACCGCAGCCACTCTCCTG,1
pos,untreated,16,CTAACAGTAACGGTAACCGCAGCCACTCTCCTG,1
pos,untreated,16,CTCACAGTAACTGTGACAGCAGCCACTCTCCTG,1
pos,untreated,16,CTCACCGTCACCGTTACAGCAGCCACTCTACTG,1
pos,untreated,16,CTCACTGTCACTGTCACCGCAGCCACTCTTCTT,1
pos,untreated,16,CTTACAGTTACCGTTACAGCAGCCACACTGCTA,1
pos,untreated,16,CTCACCGTCACCGTGACCGCAGCCACTCTACTC,1
pos,untreated,16,CTTACAGTGACTGTAACAGCAGCTACGCTGCTA,1
pos,untreated,16,CTCACAGTCACTGTAACAGCAGCTACTCTCCTA,1
pos,untreated,16,CTTACCGTCACCGTTACTGCAGCCACACTACTG,1
pos,untreated,16,CTCACAGTAACTGTGACCGCAGCCACTCTCCTG,1
pos,untreated,16,CTTACCGTCACTGTTACTGCAGCCACACTCCTG,1
pos,untreated,16,CTCACAGTCACCGTTACAGCAGCCACTCTACTA,1
pos,untreated,16,CTCACCGTGACCGTAACAGCAGCCACTCTACTA,1
pos,untreated,16,CTTACCGTCACTGTAACTGCAGCCACCCTACTC,1
pos,untreated,16,CTCACCGTTACTGTCACAGCAGCAACCCTACTT,1
pos,untreated,16,CTAACCGTCACTGTAACAGCAGCTACCCTACTA,1
pos,untreated,16,CTCACCGTTACTGTAACAGCAGCCACCCTACTA,1
pos,untreated,16,CTTACCGTCACCGTGACCGCAGCCACTCTACTC,1
pos,untreated,16,CTCACAGTAACAGTGACCGCAGCCACTCTCCTT,1
pos,untreated,16,CTCACAGTCACTGTAACCGCAGCCACTCTACTA,1
pos,untreated,16,CTTACCGTCACTGTAACAGCAGCCACGCTACTA,1
pos,untreated,16,CTCACCGTCACTGTAACAGCAGCTACGCTGCTA,1
pos,untreated,16,CTTACAGTCACTGTAACAGCAGCTACTCTCCTA,1
pos,untreated,16,CTCACAGTCACTGTAACCGCAGCCACTCTCCTA,1
pos,untreated,16,CTCACCGTCACTGTAACAGCAGCTACTCTACTA,1
pos,untreated,16,CTCACAGTTACCGTAACAGCAGCCACTCTGCTA,1
pos,untreated,16,CTCACCGTAACCGTGACCGCAGCCACTCTACTC,1
pos,untreated,16,CTCACAGTTACCGTTACAGCAGCCACACTACTG,1
pos,untreated,16,CTTACCGTCACCGTAACAGCAGCCACTCTCCTC,1
pos,untreated,16,CTAACCGTCACTGTTACAGCCGCAACCCTACTT,1
pos,untreated,16,CTTACTGTCACCGTAACCGCAGCCACTCTACTC,1
pos,untreated,16,CTAACAGTTACTGTTACAGCAGCCACCCTACTA,1
pos,untreated,16,CTTACCGTTACCGTTACAGCAGCCACTCTCCTG,1
pos,untreated,16,CTCACAGTTACCGTTACAGCAGCCACGCTCCTG,1
pos,untreated,16,CTCACCGTCACTGTTACAGCAGCCACGCTACTA,1
pos,untreated,16,CTCACAGTTACCGTTACAGCAGCCACGCTCCTA,1
pos,untreated,16,CTAACCGTCACTGTTACTGCTGCCACTCTACTA,1
pos,untreated,16,CTGACCGTGACGGTTACTGCGGCTACCCTGCTT,1
pos,untreated,16,CTTACAGTGACTGTAACAGCAGCCACGCTGCTA,1
pos,untreated,16,CTTACCGTTACTGTTACAGCAGCCACCCTACTA,1
pos,untreated,16,CTTACAGTCACTGTTACAGCAGCCACACTCCTA,1
pos,untreated,16,CTCACCGTTACCGTTACAGCAGCCACACTACTA,1
pos,untreated,16,CTTACCGTTACTGTTACTGCAGCCACCCTACTG,1
pos,untreated,16,CTGACCGTCACTGTAACTGCCGCTACTCTCCTA,1
pos,untreated,16,CTTACAGTCACCGTTACAGCAGCCACCCTCCTG,1
pos,untreated,16,CTCACAGTCACCGTAACCGCAGCCACTCTACTG,1
pos,untreated,16,CTTACAGTTACTGTTACAGCAGCCACCCTACTG,1
pos,untreated,16,CTTACCGTCACCGTAACCGCAGCCACCCTCCTT,1
pos,untreated,16,CTAACCGTCACTGTAACTGCAGCCACCCTACTA,1
pos,untreated,16,CTAACGGTAACGGTAACGGCGGCAACCCTCCTT,1
pos,untreated,16,CTTACAGTCACCGTAACAGCAGCCACGCTGCTA,1
pos,untreated,16,CTGACTGTTACTGTCACGGCAGCCACTCTCCTT,1
pos,untreated,16,CTTACCGTCACTGTAACTGCAGCCACCCTACTA,1
pos,untreated,16,CTAACCGTCACTGTTACTGCTGCGACTCTACTA,1
pos,untreated,16,CTCACAGTCACTGTAACTGCAGCGACCCTACTA,1
pos,untreated,16,CTTACAGTTACCGTAACAGCAGCCACTCTACTG,1
pos,untreated,16,CTCACAGTGACCGTAACAGCAGCCACGCTCCTA,1
pos,untreated,16,CTTACAGTCACCGTAACAGCAGCCACTCTACTG,1
pos,untreated,16,CTTACCGTTACCGTTACAGCAGCCACCCTACTT,1
pos,untreated,16,CTCACAGTAACCGTTACAGCAGCCACTCTCCTG,1
pos,untreated,16,CTTACAGTTACTGTTACAGCAGCCACACTACTA,1
pos,untreated,16,CTTACAGTAACCGTTACCGCAGCCACTCTCCTG,1
pos,untreated,16,CTCACCGTTACTGTTACTGCAGCCACCCTACTT,1
pos,untreated,16,CTTACAGTTACCGTAACAGCAGCCACACTGCTG,1
pos,untreated,16,CTTACAGTAACAGTGACCGCAGCCACTCTCCTG,1
pos,untreated,16,CTAACCGTCACAGTAACCGCAGCTACCCTGCTG,1
pos,untreated,16,CTAACCGTCACTGTTACTGCAGCCACCCTCCTA,1
pos,untreated,16,CTTACAGTCACCGTTACAGCAGCCACGCTACTA,1
pos,untreated,16,CTCACCGTAACAGTTACCGCAGCCACTCTACTG,1
pos,untreated,16,CTTACAGTCACCGTTACTGCAGCCACCCTCCTG,1
pos,untreated,16,CTCACAGTCACTGTAACCGCAGCCACTCTCCTG,1
pos,untreated,16,CTTACCGTCACCGTTACTGCAGCCACCCTACTC,1
pos,untreated,16,CTTACCGTTACCGTAACCGCAGCCACTCTACTC,1
pos,untreated,16,CTCACAGTTACAGTGACCGCAGCCACTCTCCTG,1
pos,untreated,16,CTGACAGTTACTGTCACAGCAGCCACTCTCCTT,1
pos,untreated,16,CTTACCGTCACCGTTACAGCAGCCACCCTACTG,1
pos,untreated,16,CTCACAGTTACTGTAACAGCAGCTACGCTACTA,1
pos,untreated,16,CTAACTGTCACTGTTACTGCTGCGACCCTACTA,1
pos,untreated,16,CTCACAGTGACTGTAACAGCAGCTACGCTCCTA,1
pos,untreated,16,CTCACCGTTACTGTAACTGCAGCCACCCTACTC,1
pos,untreated,16,CTAACCGTTACCGTTACAGCAGCCACTCTACTC,1
pos,untreated,16,CTCACAGTCACCGTGACCGCTGCGACCCTACTT,1
pos,untreated,16,CTTACCGTCACCGTAACCGCAGCCACCCTACTC,1
pos,untreated,16,CTTACAGTCACCGTTACCGCAGCCACTCTACTA,1
pos,untreated,16,CTCACCGTCACTGTAACCGCAGCCACTCTACTC,1
pos,untreated,16,CTCACCGTGACTGTAACAGCAGCCACTCTACTC,1
pos,untreated,16,CTCACAGTTACCGTTACAGCAGCCACACTCCTA,1
pos,untreated,16,CTCACAGTTACCGTTACCGCAGCCACTCTACTG,1
pos,untreated,16,CTCACCGTCACTGTTACTGCTGCGACCCTACTA,1
pos,untreated,16,CTAACCGTCACCGTTACCGCAGCCACTCTACTA,1
pos,untreated,16,CTCACAGTTACTGTAACAGCAGCCACGCTGCTA,1
pos,untreated,16,CTTACCGTTACCGTTACAGCAGCCACACTACTA,1
pos,untreated,16,CTCACAGTGACTGTAACAGCAGCTACGCTGCTT,1
pos,untreated,16,CTCACAGTCACAGTTACCGCAGCCACTCTCCTG,1
pos,untreated,16,CTCACAGTTACTGTTACAGCAGCCACACTCCTA,1
pos,untreated,16,CTCACCGTCACAGTGACCGCAGCCACTCTCCTG,1
pos,untreated,16,CTTACCGTTACCGTTACAGCAGCCACCCTACTG,1
pos,untreated,16,CTCACAGTTACTGTCACAGCAGCCACTCTCCTT,1
pos,untreated,16,CTCACCGTTACTGTTACTGCAGCCACCCTACTA,1
pos,untreated,16,CTCACCGTTACCGTCACTGCAGCCACTCTACTC,1
pos,untreated,16,CTTACCGTGACCGTAACCGCAGCCACTCTACTC,1
pos,untreated,16,CTCACAGTCACCGTTACCGCTGCGACCCTACTT,1
pos,untreated,16,CTCACAGTCACTGTAACAGCAGCTACTCTACTA,1
pos,untreated,16,CTTACCGTCACCGTTACCGCAGCCACCCTACTA,1
pos,untreated,16,CTAACCGTCACTGTTACTGCAGCCACTCTCCTA,1
pos,untreated,16,CTAACCGTCACTGTTACTGCTGCAACCCTACTA,1
pos,untreated,16,CTCACAGTCACTGTGACCGCAGCCACTCTCCTG,1
pos,untreated,16,CTCACCGTTACCGTTACAGCAGCCACCCTACTA,1
pos,untreated,16,CTCACAGTGACCGTAACAGCAGCCACGCTGCTC,1
pos,untreated,16,CTTACCGTCACTGTAACTGCAGCTACTCTACTA,1
pos,untreated,16,CTCACAGTCACCGTTACCGCAGCCACTCTCCTG,1
pos,untreated,16,CTAACCGTTACCGTTACAGCAGCCACCCTACTC,1
pos,untreated,16,CTAACCGTCACCGTTACTGCAGCCACCCTACTC,1
pos,untreated,16,CTAACCGTCACCGTTACCGCAGCCACTCTACTC,1
pos,untreated,16,CTAACAGTCACTGTTACAGCAGCCACCCTCCTG,1
pos,untreated,16,CTCACAGTAACAGTAACAGCAGCCACTCTCCTG,1
pos,untreated,16,CTCACCGTCACTGTTACCGCAGCCACTCTACTG,1
pos,untreated,16,CTCACCGTCACTGTAACAGCAGCCACTCTGCTA,1
pos,untreated,16,CTAACAGTCACTGTTACTGCAGCGACCCTACTA,1
pos,untreated,16,CTTACCGTTACTGTTACTGCAGCCACCCTACTT,1
pos,untreated,16,CTCACCGTCACTGTTACCGCAGCCACTCTACTA,1
pos,untreated,16,CTCACAGTCACTGTGACCGCAGCCACTCTCCTA,1
pos,untreated,16,CTCACAGTAACTGTAACCGCAGCCACTCTCCTA,1
pos,untreated,16,CTCACAGTTACCGTTACAGCAGCCACTCTCCTA,1
pos,untreated,16,CTCACCGTCACCGTTACAGCAGCCACACTCCTC,1
pos,untreated,16,CTCACCGTCACTGTAACAGCAGCCACTCTCCTA,1
pos,untreated,16,CTAACCGTCACTGTTACTGCTGCTACTCTACTA,1
pos,untreated,16,CTCACAGTAACTGTAACAGCAGCCACTCTCCTG,1
pos,untreated,16,CTCACCGTCACAGTTACCGCAGCCACTCTACTG,1
pos,untreated,16,CTTACAGTTACCGTTACTGCAGCCACACTCCTG,1
pos,untreated,16,CTCACAGTTACTGTAACAGCAGCTACGCTGCTA,1
pos,untreated,16,CTCACAGTGACCGTAACAGCAGCCACTCTCCTA,1
pos,untreated,16,CTCACCGTCACTGTAACAGCAGCCACTCTACTC,1
pos,untreated,16,CTCACCGTTACTGTTACAGCAGCCACTCTACTC,1
pos,untreated,1,CTGACTGTTACTGTCACGGCTGCCACTCTCCTT,17484
pos,untreated,1,CTAACTGTAACCGTCACTGCGGCAACTCTGCTC,139
pos,untreated,1,CTCACCGTTACTGTCACTGCAGCAACCCTACTT,51
pos,untreated,1,CTCACTGTTACCGTCACTGCAGCTACCCTGCTC,47
pos,untreated,1,CTCACTGTAACAGTTACTGCTGCTACTCTACTT,36
pos,untreated,1,CTCACGGTTACTGTGACCGCGGCGACCCTACTT,14
pos,untreated,1,CTAACGGTGACGGTCACTGCGGCTACACTGCTG,11
pos,untreated,1,CTTACAGTTACCGTGACCGCTGCTACGCTACTT,11
pos,untreated,1,CTTACCGTCACTGTCACAGCTGCGACGCTCCTG,10
pos,untreated,1,CTGACAGTCACAGTGACTGCCGCGACTCTTCTT,9
pos,untreated,1,CTTACAGTTACCGTTACAGCAGCCACACTCCTG,9
pos,untreated,1,CTGACAGTTACCGTAACCGCCGCAACCCTTCTA,8
pos,untreated,1,CTGACAGTTACTGTCACTGCTGCTACCCTCCTA,7
pos,untreated,1,CTAACAGTCACAGTTACTGCAGCTACCCTGCTC,6
pos,untreated,1,CTCACAGTCACAGTAACTGCTGCTACGCTCCTG,6
pos,untreated,1,CTGACTGTTACGGTTACAGCAGCAACCCTACTC,5
pos,untreated,1,CTGACGGTAACAGTGACAGCAGCAACCCTACTT,5
pos,untreated,1,CTCACAGTCACCGTGACCGCTGCGACCCTACTT,5
pos,untreated,1,CTGACCGTGACGGTTACTGCGGCTACCCTGCTT,4
pos,untreated,1,CTTACCGTTACGGTAACCGCTGCGACACTCCTG,4
pos,untreated,1,CTGACCGTCACTGTAACTGCCGCTACTCTCCTT,3
pos,untreated,1,CTCACAGTTACGGTTACTGCAGCTACTCTTCTT,3
pos,untreated,1,CTCACGGTGACCGTAACCGCAGCGACTCTGCTC,3
pos,untreated,1,CTAACTGTAACAGTTACTGCTGCGACTCTACTT,3
pos,untreated,1,CTGACCGTTACTGTCACGGCTGCCACTCTCCTT,2
pos,untreated,1,CTTACGGTGACCGTAACGGCAGCTACTCTACTC,2
pos,untreated,1,CTGACTGTTACTGTCACTGCTGCCACTCTCCTT,2
pos,untreated,1,CTGACGGTTACGGTTACAGCAGCCACTCTTCTT,2
pos,untreated,1,CTGACTGTTACTGTTACGGCTGCCACTCTCCTT,2
pos,untreated,1,CTAACTGTCACCGTCACGGCAGCAACACTGCTC,2
pos,untreated,1,CTAACTGTTACTGTCACGGCTGCCACTCTCCTT,1
pos,untreated,1,CTGACAGTTACCGTAACCGCCGCCACCCTTCTA,1
pos,untreated,1,CTTACTGTCACCGTTACCGCAGCAACACTACTT,1
pos,untreated,1,CTGACTGTTACCGTCACTGCGGCAACTCTGCTC,1
pos,untreated,1,CTGACAGTTACTGTCACTGCTGCCACCCTCCTT,1
pos,untreated,1,CTGACTGTTACTGTCACAGCTGCCACTCTCCTT,1
pos,untreated,1,CTGACTGTTACTGTCACGGCTGCAACTCTCCTC,1
pos,untreated,1,CTGACAGTTACCGTTACAGCAGCCACGCTTCTG,1
pos,untreated,1,CTGACTGTCACTGTCACGGCTGCCACTCTCCTT,1
pos,untreated,1,CTGACAGTTACTGTCACCGCTGCCACTCTCCTT,1
pos,untreated,1,CTGACAGTTACCGTAACAGCAGCCACTCTCCTG,1
pos,untreated,1,CTCACTGTTACTGTCACGGCTGCCACTCTACTT,1
pos,untreated,1,CTGACTGTTACTGTCACGGCTGCCACTCTCCTC,1
pos,untreated,1,CTTACCGTTACTGTCACAGCTGCGACGCTCCTG,1
pos,untreated,1,CTCACAGTTACTGTAACAGCAGCCACGCTGCTA,1
pos,untreated,1,CTAACCGTCACTGTTACTGCCGCAACTCTCCTT,1
pos,untreated,1,CTGACCGTCACTGTCACTGCCGCCACGCTTCTA,1
pos,untreated,1,CTTACAGTCACTGTCACGGCTGCTACGCTCCTT,1
pos,untreated,1,CTGACTGTTACAGTTACTGCTGCCACTCTACTT,1
pos,untreated,1,CTGACTGTTACTGTCACAGCTGCGACGCTCCTG,1
pos,untreated,2,CTAACTGTAACCGTCACTGCGGCAACTCTGCTC,10316
pos,untreated,2,CTTACCGTTACGGTAACCGCTGCGACACTCCTG,132
pos,untreated,2,CTCACTGTTACCGTCACTGCAGCTACCCTGCTC,42
pos,untreated,2,CTGACTGTTACTGTCACGGCTGCCACTCTCCTT,28
pos,untreated,2,CTCACCGTTACTGTCACTGCAGCAACCCTACTT,23
pos,untreated,2,CTGACTGTGACCGTGACTGCTGCCACTCTACTA,17
pos,untreated,2,CTCACGGTTACCGTCACCGCCGCCACTCTACTG,13
pos,untreated,2,CTAACTGTAACCGTCACCGCGGCAACTCTGCTC,8
pos,untreated,2,CTAACTGTTACGGTAACAGCTGCGACGCTTCTC,8
pos,untreated,2,CTAACGGTGACGGTCACTGCGGCTACACTGCTG,7
pos,untreated,2,CTGACGGTAACAGTGACAGCAGCAACCCTACTT,6
pos,untreated,2,CTTACAGTTACCGTGACCGCTGCTACGCTACTT,5
pos,untreated,2,CTCACGGTTACTGTGACCGCGGCGACCCTACTT,5
pos,untreated,2,CTGACAGTTACCGTAACCGCCGCAACCCTTCTA,4
pos,untreated,2,CTAACTGTAACCGTCACTGCGGCAACTCTGCTT,4
pos,untreated,2,CTCACAGTCACAGTAACTGCTGCTACGCTCCTG,3
pos,untreated,2,CTGACCGTGACGGTTACTGCGGCTACCCTGCTT,3
pos,untreated,2,CTAACTGTAACAGTCACTGCGGCAACTCTGCTC,2
pos,untreated,2,CTAACTGTAACCGTCACGGCGGCAACTCTGCTC,2
pos,untreated,2,CTTACAGTTACCGTTACAGCAGCCACACTCCTG,2
pos,untreated,2,CTCACGGTGACCGTAACCGCAGCGACTCTGCTC,1
pos,untreated,2,CTGACAGTCACAGTGACTGCCGCGACTCTTCTT,1
pos,untreated,2,CTAACTGTCACTGTAACAGCCGCTACACTTCTC,1
pos,untreated,2,CTCACTGTTACCGTCACTGCAGCAACCCTGCTC,1
pos,untreated,2,CTTACGGTGACCGTAACGGCAGCTACTCTACTC,1
pos,untreated,2,CTCACGGTTACTGTCACCGCAGCCACTCTCCTT,1
pos,untreated,2,CTAACTGTAACCGTCACTGCTGCAACTCTGCTC,1
pos,untreated,2,CTGACAGTTACTGTCACTGCTGCTACCCTCCTA,1
pos,untreated,2,CTAACTGTAACCGTCACTGCGGCTACTCTGCTC,1
pos,untreated,2,CTAACTGTAACCGTCACTGCGGCAACTCTACTC,1
pos,untreated,2,CTCACAGTTACGGTTACTGCAGCTACTCTTCTT,1
pos,untreated,2,CTAACAGTCACAGTTACTGCAGCTACCCTGCTC,1
pos,untreated,2,CTAACTGTAACCGTCACTGCAGCAACTCTGCTC,1
pos,untreated,2,CTCACTGTAACAGTTACTGCTGCTACTCTACTT,1
pos,untreated,2,CTAACCGTAACCGTCACTGCTGCAACTCTCCTG,1
pos,untreated,2,CTGACCGTCACTGTAACTGCCGCTACTCTCCTT,1
pos,untreated,3,CTGACAGTCACTGTGACTGCAGCCACCCTACTT,4213
pos,untreated,3,CTTACGGTGACCGTAACGGCAGCTACTCTACTC,9
pos,untreated,3,CTCACAGTCACCGTGACCGCTGCGACCCTACTT,5
pos,untreated,3,CTGACCGTGACGGTTACTGCGGCTACCCTGCTT,4
pos,untreated,3,CTGACAGTTACTGTGACTGCAGCCACCCTACTT,2
pos,untreated,3,CTGACAGTCACTGTGACTGCGGCCACCCTACTT,1
pos,untreated,3,CTGACAGTCACTGTGACCGCAGCCACCCTACTT,1
pos,untreated,3,CTGACAGTCACTGTGACTGCAGCCACCCTACTC,1
pos,untreated,3,CTGACAGTTACTGTCACTGCTGCTACCCTCCTA,1
pos,untreated,4,CTCACTGTAACAGTTACTGCTGCTACTCTACTT,10591
pos,untreated,4,CTGACAGTTACCGTTACAGCAGCCACGCTTCTG,77
pos,untreated,4,CTGACGGTAACAGTGACAGCAGCAACCCTACTT,59
pos,untreated,4,CTGACCGTGACGGTTACTGCGGCTACCCTGCTT,5
pos,untreated,4,CTCACCGTTACTGTCACTGCAGCAACCCTACTT,3
pos,untreated,4,CTTACGGTGACCGTAACGGCAGCTACTCTACTC,3
pos,untreated,4,CTCACTGTAACAGTCACTGCTGCTACTCTACTT,2
pos,untreated,4,CTCACTGTAACAGTTACCGCTGCTACTCTACTT,2
pos,untreated,4,CTGACAGTTACTGTCACTGCTGCTACCCTCCTA,1
pos,untreated,4,CTAACCGTCACTGTGACCGCGGCCACCCTACTG,1
pos,untreated,4,CTCACTGTAACAGTTACTGCTGCTACTCTACTC,1
pos,untreated,4,CTCACTGTAACAGTTACTGCTGCGACTCTACTT,1
pos,untreated,4,CTCACTGTGACAGTTACTGCTGCTACTCTACTT,1
pos,untreated,4,CTCACAGTGACTGTAACAGCAGCTACGCTGCTA,1
pos,untreated,4,CTAACCGTCACAGTAACCGCAGCTACCCTGCTG,1
pos,untreated,5,CTGACAGTTACTGTCACTGCTGCTACCCTCCTA,1490
pos,untreated,5,CTCACGGTTACTGTGACCGCGGCGACCCTACTT,84
pos,untreated,5,CTGACCGTAACCGTCACAGCGGCGACTCTGCTA,41
pos,untreated,5,CTTACAGTGACGGTTACGGCAGCAACACTGCTT,27
pos,untreated,5,CTCACAGTGACCGTCACTGCTGCGACACTTCTG,13
pos,untreated,5,CTGACCGTAACCGTGACTGCCGCAACCCTTCTC,9
pos,untreated,5,CTCACCGTTACTGTCACTGCAGCAACCCTACTT,8
pos,untreated,5,CTCACCGTTACCGTTACAGCAGCCACTCTACTC,7
pos,untreated,5,CTAACTGTAACCGTCACTGCGGCAACTCTGCTC,3
pos,untreated,5,CTCACAGTCACCGTGACCGCTGCGACCCTACTT,3
pos,untreated,5,CTCACTGTAACAGTTACTGCTGCTACTCTACTT,3
pos,untreated,5,CTTACAGTTACGGTCACTGCAGCCACGCTTCTC,2
pos,untreated,5,CTGACAGTTACCGTTACAGCAGCCACGCTTCTG,2
pos,untreated,5,CTGACCGTGACGGTTACTGCGGCTACCCTGCTT,2
pos,untreated,5,CTTACGGTGACCGTAACGGCAGCTACTCTACTC,2
pos,untreated,5,CTCACGGTGACCGTAACCGCAGCGACTCTGCTC,1
pos,untreated,5,CTCACGGTTACAGTTACAGCAGCTACGCTGCTA,1
pos,untreated,5,CTCACAGTTACGGTTACTGCAGCTACTCTTCTT,1
pos,untreated,5,CTTACCGTGACTGTTACCGCCGCCACTCTTCTG,1
pos,untreated,5,CTTACCGTAACGGTAACTGCCGCCACGCTGCTT,1
pos,untreated,5,CTAACCGTCACAGTAACCGCAGCTACCCTGCTG,1
pos,untreated,5,CTAACGGTAACTGTAACTGCGGCCACGCTCCTG,1
pos,untreated,5,CTGACTGTCACTGTTACAGCTGCTACACTACTT,1
pos,untreated,5,CTGACAGTAACCGTTACAGCCGCTACTCTGCTT,1
pos,untreated,6,CTCACCGTTACTGTCACTGCAGCAACCCTACTT,5894
pos,untreated,6,CTCACAGTGACGGTCACCGCAGCCACCCTCCTT,11
pos,untreated,6,CTCACAGTCACCGTGACCGCTGCGACCCTACTT,9
pos,untreated,6,CTCACCGTTACTGTCACTGCAGCAACCCTACTC,2
pos,untreated,6,CTTACGGTGACCGTAACGGCAGCTACTCTACTC,1
pos,untreated,6,CTCACCGTTACGGTCACTGCAGCAACCCTACTT,1
pos,untreated,6,CTCACCGTCACTGTCACTGCAGCAACCCTACTT,1
pos,untreated,6,CTGACAGTTACTGTCACTGCTGCTACCCTCCTA,1
pos,untreated,6,CTGACTGTTACTGTCACGGCTGCCACTCTCCTT,1
pos,untreated,6,CTTACAGTTACGGTAACGGCGGCCACCCTACTA,1
pos,untreated,6,CTTACCGTTACTGTCACTGCAGCAACCCTACTT,1
pos,untreated,6,CTCACCGTTACCGTCACTGCAGCAACCCTACTT,1
pos,untreated,6,CTAACCGTCACAGTAACCGCAGCTACCCTGCTG,1
pos,untreated,6,CTGACCGTGACGGTTACTGCGGCTACCCTGCTT,1
pos,untreated,7,CTAACTGTAACAGTTACTGCTGCGACTCTACTT,23817
pos,untreated,7,CTTACCGTAACGGTAACTGCCGCCACGCTGCTT,543
pos,untreated,7,CTGACTGTTACTGTCACGGCTGCCACTCTCCTT,474
pos,untreated,7,CTGACAGTTACCGTTACAGCAGCCACGCTTCTG,252
pos,untreated,7,CTGACTGTTACGGTAACAGCCGCCACGCTACTA,205
pos,untreated,7,CTCACAGTGACCGTCACTGCTGCGACACTTCTG,142
pos,untreated,7,CTCACTGTAACAGTTACTGCTGCTACTCTACTT,109
pos,untreated,7,CTGACCGTAACCGTCACAGCGGCGACTCTGCTA,107
pos,untreated,7,CTCACCGTTACCGTTACAGCAGCCACTCTACTC,83
pos,untreated,7,CTCACCGTTACCGTCACGGCTGCTACCCTTCTT,81
pos,untreated,7,CTTACGGTCACGGTAACTGCAGCTACCCTTCTA,66
pos,untreated,7,CTTACCGTTACGGTAACCGCTGCGACACTCCTG,63
pos,untreated,7,CTCACGGTTACTGTGACCGCGGCGACCCTACTT,59
pos,untreated,7,CTGACTGTCACTGTTACAGCTGCTACACTACTT,53
pos,untreated,7,CTGACAGTTACTGTCACTGCTGCTACCCTCCTA,51
pos,untreated,7,CTCACGGTAACTGTAACTGCGGCAACGCTACTG,36
pos,untreated,7,CTTACAGTGACGGTTACGGCAGCAACACTGCTT,32
pos,untreated,7,CTAACTGTTACGGTAACCGCTGCTACTCTGCTC,30
pos,untreated,7,CTGACTGTGACCGTGACTGCTGCCACTCTACTA,19
pos,untreated,7,CTCACCGTTACTGTCACTGCAGCAACCCTACTT,19
pos,untreated,7,CTTACAGTTACGGTCACTGCAGCCACGCTTCTC,19
pos,untreated,7,CTAACTGTAACAGTTACTGCTGCCACTCTACTT,19
pos,untreated,7,CTCACGGTTACAGTTACAGCAGCTACGCTGCTA,12
pos,untreated,7,CTGACAGTCACAGTGACTGCCGCGACTCTTCTT,8
pos,untreated,7,CTGACTGTTACAGTTACTGCTGCCACTCTACTT,7
pos,untreated,7,CTGACAGTAACCGTTACAGCCGCTACTCTGCTT,7
pos,untreated,7,CTAACTGTAACAGTCACTGCTGCGACTCTACTT,6
pos,untreated,7,CTCACAGTTACTGTGACAGCAGCAACCCTCCTA,6
pos,untreated,7,CTTACTGTAACGGTAACTGCTGCCACTCTGCTT,5
pos,untreated,7,CTGACTGTTACTGTCACTGCTGCCACTCTCCTT,5
pos,untreated,7,CTAACTGTTACAGTTACTGCTGCGACTCTACTT,5
pos,untreated,7,CTCACTGTAACAGTTACTGCTGCGACTCTACTT,5
pos,untreated,7,CTTACCGTAACGGTAACTGCTGCCACGCTGCTT,4
pos,untreated,7,CTAACCGTGACCGTGACTGCCGCAACTCTACTT,4
pos,untreated,7,CTCACGGTGACCGTAACCGCAGCGACTCTGCTC,4
pos,untreated,7,CTGACTGTAACAGTTACTGCTGCCACTCTACTT,4
pos,untreated,7,CTAACTGTAACCGTCACTGCGGCAACTCTGCTC,4
pos,untreated,7,CTGACTGTAACTGTCACTGCTGCCACTCTCCTT,4
pos,untreated,7,CTAACTGTAACGGTAACTGCCGCCACGCTACTT,3
pos,untreated,7,CTAACCGTAACAGTTACTGCTGCGACTCTGCTT,3
pos,untreated,7,CTTACTGTAACGGTAACTGCCGCCACGCTACTT,3
pos,untreated,7,CTTACCGTAACGGTAACTGCTGCGACGCTGCTT,3
pos,untreated,7,CTAACTGTAACAGTTACTGCTGCGACTCTACTC,3
pos,untreated,7,CTAACTGTAACAGTTACTGCTGCTACTCTACTT,3
pos,untreated,7,CTGACTGTTACCGTTACAGCTGCCACTCTTCTT,3
pos,untreated,7,CTGACAGTTACCGTTACAGCTGCCACGCTTCTT,3
pos,untreated,7,CTCACAGTTACGGTTACTGCAGCTACTCTTCTT,2
pos,untreated,7,CTGACTGTTACAGTTACAGCTGCCACGCTACTT,2
pos,untreated,7,CTTACAGTTACCGTTACAGCAGCCACACTCCTG,2
pos,untreated,7,CTCACGGTTACTGTGACTGCGGCGACCCTACTT,2
pos,untreated,7,CTGACCGTAACCGTCACAGCTGCGACTCTGCTT,2
pos,untreated,7,CTGACCGTGACGGTTACTGCGGCTACCCTGCTT,2
pos,untreated,7,CTGACTGTAACGGTAACTGCCGCCACGCTACTT,2
pos,untreated,7,CTTACCGTAACGGTAACTGCTGCGACTCTGCTT,2
pos,untreated,7,CTAACCGTAACAGTTACTGCTGCGACTCTACTT,2
pos,untreated,7,CTCACTGTGACCGTCACTGCTGCGACTCTTCTT,2
pos,untreated,7,CTGACTGTTACTGTCACGGCTGCGACTCTACTT,2
pos,untreated,7,CTGACTGTAACAGTTACTGCTGCGACTCTACTT,2
pos,untreated,7,CTTACCGTAACGGTAACTGCTGCGACTCTACTT,2
pos,untreated,7,CTAACTGTAACAGTTACTGCTGCGACTCTTCTT,2
pos,untreated,7,CTCACTGTGACCGTCACTGCTGCGACACTACTG,2
pos,untreated,7,CTAACTGTAACAGTTACTGCTGCCACGCTACTT,2
pos,untreated,7,CTGACTGTAACTGTTACTGCTGCTACACTACTT,2
pos,untreated,7,CTTACTGTAACGGTTACTGCTGCCACGCTGCTT,2
pos,untreated,7,CTGACTGTAACCGTTACAGCTGCGACTCTACTT,2
pos,untreated,7,CTAACTGTAACGGTTACTGCTGCGACTCTACTT,2
pos,untreated,7,CTCACTGTTACCGTTACAGCTGCCACTCTACTT,2
pos,untreated,7,CTTACCGTAACGGTAACTGCCGCGACGCTACTT,2
pos,untreated,7,CTGACAGTAACCGTTACTGCAGCCACGCTTCTT,2
pos,untreated,7,CTCACCGTCACCGTCACCGCTGCTACACTACTC,2
pos,untreated,7,CTAACTGTAACGGTAACTGCTGCTACTCTGCTT,2
pos,untreated,7,CTTACCGTAACGGTTACTGCCGCCACTCTACTT,1
pos,untreated,7,CTGACAGTTACTGTTACTGCTGCTACCCTCCTT,1
pos,untreated,7,CTAACCGTAACCGTTACTGCAGCCACTCTACTT,1
pos,untreated,7,CTGACAGTTACCGTTACTGCTGCGACGCTTCTG,1
pos,untreated,7,CTAACAGTAACCGTTACTGCTGCGACTCTACTT,1
pos,untreated,7,CTCACTGTGACCGTCACTGCTGCGACACTTCTG,1
pos,untreated,7,CTAACTGTAACTGTAACTGCTGCAACGCTACTG,1
pos,untreated,7,CTAACTGTGACAGTTACTGCTGCGACTCTACTT,1
pos,untreated,7,CTTACCGTAACCGTAACTGCTGCGACGCTGCTT,1
pos,untreated,7,CTAACTGTTACAGTAACAGCCGCCACGCTACTA,1
pos,untreated,7,CTGACTGTTACTGTCACTGCTGCTACCCTACTA,1
pos,untreated,7,CTGACTGTAACAGTCACTGCTGCGACTCTACTT,1
pos,untreated,7,CTAACTGTAACTGTAACTGCTGCCACTCTACTT,1
pos,untreated,7,CTCACCGTTACCGTTACTGCTGCGACTCTACTT,1
pos,untreated,7,CTAACTGTAACAGTAACTGCCGCCACGCTGCTT,1
pos,untreated,7,CTGACTGTTACGGTAACAGCCGCCACGCTACTT,1
pos,untreated,7,CTCACGGTTACTGTTACCGCGGCGACTCTACTT,1
pos,untreated,7,CTAACTGTAACGGTTACTGCTGCGACTCTGCTT,1
pos,untreated,7,CTGACTGTTACTGTTACTGCTGCCACTCTACTT,1
pos,untreated,7,CTGACTGTAACGGTAACTGCTGCCACTCTACTT,1
pos,untreated,7,CTGACAGTTACCGTTACTGCAGCCACGCTTCTT,1
pos,untreated,7,CTGACAGTTACCGTTACAGCTGCGACGCTTCTG,1
pos,untreated,7,CTTACCGTAACGGTTACTGCCGCCACGCTGCTT,1
pos,untreated,7,CTGACTGTTACCGTTACAGCAGCCACGCTACTG,1
pos,untreated,7,CTTACCGTAACGGTAACCGCTGCGACTCTCCTG,1
pos,untreated,7,CTGACAGTTACCGTTACAGCAGCCACTCTACTG,1
pos,untreated,7,CTCACCGTTACCGTTACAGCAGCGACTCTACTC,1
pos,untreated,7,CTGACTGTAACTGTCACGGCTGCGACTCTCCTT,1
pos,untreated,7,CTTACCGTTACGGTAACTGCTGCGACACTCCTT,1
pos,untreated,7,CTAACTGTAACAGTTACTGCTGCGACTCTGCTT,1
pos,untreated,7,CTAACTGTAACAGTTACTGCTGCGACCCTACTT,1
pos,untreated,7,CTGACTGTTACGGTAACAGCTGCCACTCTACTT,1
pos,untreated,7,CTAACAGTTACAGTTACAGCAGCGACTCTACTT,1
pos,untreated,7,CTTACAGTAACGGTTACTGCAGCAACACTGCTT,1
pos,untreated,7,CTAACTGTAACAGTTACTGCTGCGACTCTCCTT,1
pos,untreated,7,CTCACAGTGACCGTTACTGCTGCGACACTACTT,1
pos,untreated,7,CTCACGGTTACTGTGACCGCTGCGACCCTACTT,1
pos,untreated,7,CTAACTGTAACAGTTACTGCTGCGACGCTACTT,1
pos,untreated,7,CTAACTGTTACGGTTACTGCTGCGACTCTACTT,1
pos,untreated,7,CTGACTGTTACTGTTACGGCTGCCACTCTCCTT,1
pos,untreated,7,CTGACCGTTACTGTTACTGCAGCCACGCTACTT,1
pos,untreated,7,CTCACTGTTACTGTCACTGCTGCGACTCTACTT,1
pos,untreated,7,CTGACTGTAACAGTCACTGCTGCGACTCTACTA,1
pos,untreated,7,CTGACAGTTACCGTTACAGCAGCCACGCTTCTT,1
pos,untreated,7,CTGACTGTTACCGTTACAGCTGCCACGCTACTG,1
pos,untreated,7,CTAACCGTCACAGTAACCGCTGCTACCCTGCTG,1
pos,untreated,7,CTCACCGTTACCGTCACTGCTGCGACCCTTCTT,1
pos,untreated,7,CTCACGGTAACTGTGACTGCGGCGACCCTACTT,1
pos,untreated,7,CTCACCGTAACCGTCACTGCTGCTACCCTTCTT,1
pos,untreated,7,CTAACTGTAACAGTTACTGCTGCTACCCTTCTT,1
pos,untreated,7,CTAACGGTAACAGTTACTGCTGCGACTCTACTT,1
pos,untreated,7,CTAACTGTAACAGTAACTGCTGCGACGCTACTT,1
pos,untreated,7,CTAACTGTAACAGTTACTGCTGCAACTCTACTT,1
pos,untreated,7,CTGACAGTCACAGTTACTGCCGCGACTCTTCTT,1
pos,untreated,7,CTGACTGTTACTGTTACGGCTGCCACTCTACTT,1
pos,untreated,7,CTAACTGTAACCGTCACTGCTGCGACTCTACTT,1
pos,untreated,7,CTGACTGTTACCGTTACAGCAGCCACGCTTCTT,1
pos,untreated,7,CTGACTGTTACCGTTACTGCTGCCACTCTACTT,1
pos,untreated,7,CTCACAGTGACCGTCACTGCTGCGACACTACTT,1
pos,untreated,7,CTGACTGTTACTGTCACTGCTGCTACTCTCCTT,1
pos,untreated,7,CTTACCGTAACGGTAACTGCCGCCACTCTGCTT,1
pos,untreated,7,CTCACCGTTACCGTCACTGCTGCTACCCTTCTT,1
pos,untreated,7,CTAACTGTAACAGTTACTGCTGCGACGCTACTG,1
pos,untreated,7,CTGACTGTTACTGTCACTGCTGCGACTCTCCTT,1
pos,untreated,7,CTAACTGTAACAGTTACTGCAGCGACTCTTCTT,1
pos,untreated,7,CTAACCGTAACCGTCACTGCTGCGACTCTGCTT,1
pos,untreated,7,CTGACTGTTACGGTAACTGCTGCCACGCTACTT,1
pos,untreated,7,CTGACTGTTACGGTTACAGCCGCCACGCTACTA,1
pos,untreated,7,CTCACGGTAACTGTTACTGCGGCAACGCTACTG,1
pos,untreated,7,CTAACTGTTACTGTCACGGCTGCCACTCTCCTT,1
pos,untreated,7,CTTACTGTAACGGTTACTGCTGCGACTCTGCTT,1
pos,untreated,7,CTGACTGTAACCGTTACAGCCGCTACTCTGCTT,1
pos,untreated,7,CTCACAGTGACCGTTACTGCTGCGACTCTACTG,1
pos,untreated,7,CTTACTGTAACAGTTACTGCTGCGACTCTACTT,1
pos,untreated,7,CTCACTGTAACAGTTACTGCTGCGACACTACTT,1
pos,untreated,7,CTGACCGTAACCGTCACTGCTGCGACTCTGCTT,1
pos,untreated,7,CTTACGGTGACCGTAACGGCAGCTACTCTACTC,1
pos,untreated,7,CTAACAGTTACAGTTACTGCAGCCACGCTTCTT,1
pos,untreated,7,CTAACCGTGACCGTTACTGCCGCAACTCTACTT,1
pos,untreated,7,CTCACTGTTACCGTTACAGCTGCCACTCTACTC,1
pos,untreated,7,CTTACTGTAACGGTAACTGCTGCGACTCTACTT,1
pos,untreated,7,CTGACAGTTACTGTCACTGCTGCTACCCTACTT,1
pos,untreated,7,CTTACAGTGACGGTTACGGCTGCGACACTGCTT,1
pos,untreated,7,CTCACCGTTACCGTTACGGCTGCTACTCTACTT,1
pos,untreated,7,CTCACTGTTACAGTTACAGCTGCTACTCTGCTT,1
pos,untreated,7,CTCACAGTTACCGTCACTGCTGCGACCCTTCTT,1
pos,untreated,7,CTAACTGTAACAGTTACTGCCGCGACTCTGCTT,1
pos,untreated,7,CTCACTGTTACAGTTACTGCTGCGACCCTACTT,1
pos,untreated,7,CTCACAGTGACAGTCACTGCTGCGACTCTTCTT,1
pos,untreated,7,CTGACTGTTACGGTAACAGCTGCGACGCTACTA,1
pos,untreated,7,CTCACTGTAACAGTCACTGCTGCGACTCTACTT,1
pos,untreated,7,CTTACCGTAACGGTAACTGCTGCGACCCTACTT,1
pos,untreated,7,CTCACTGTTACCGTTACAGCAGCCACTCTACTC,1
pos,untreated,7,CTAACTGTAACAGTAACTGCTGCGACTCTACTT,1
pos,untreated,7,CTCACTGTTACCGTTACTGCAGCCACTCTACTT,1
pos,untreated,7,CTAACTGTTACTGTTACTGCTGCGACTCTACTT,1
pos,untreated,7,CTGACTGTAACCGTTACTGCTGCGACTCTACTT,1
pos,untreated,7,CTAACAGTAACCGTTACTGCTGCGACTCTTCTG,1
pos,untreated,7,CTCACAGTAACCGTCACTGCTGCGACACTTCTT,1
pos,untreated,7,CTTACTGTAACAGTTACTGCTGCCACTCTACTT,1
pos,untreated,7,CTAACTGTAACGGTTACTGCTGCCACTCTACTT,1
pos,untreated,7,CTGACAGTCACAGTGACTGCCGCGACTCTACTT,1
pos,untreated,7,CTGACTGTTACAGTTACAGCTGCCACTCTACTT,1
pos,untreated,7,CTGACTGTAACAGTTACAGCTGCGACTCTACTT,1
pos,untreated,7,CTGACTGTAACAGTTACTGCTGCTACTCTACTT,1
pos,untreated,7,CTCACCGTAACCGTTACTGCAGCCACTCTACTT,1
pos,untreated,7,CTTACGGTCACGGTTACTGCAGCTACCCTTCTA,1
pos,untreated,8,CTGACCGTGACGGTTACTGCGGCTACCCTGCTT,3
pos,untreated,8,CTGACAGTTACTGTCACTGCTGCTACCCTCCTA,3
pos,untreated,9,CTTACCGTCACCGTAACCGCAGCCACTCTACTC,6882
pos,untreated,9,CTTACCGTCACCGTAACCGCAGCCACTCTACTT,2
pos,untreated,9,CTTACCGTCACTGTAACCGCAGCCACTCTACTC,2
pos,untreated,9,CTGACTGTTACTGTCACGGCTGCCACTCTCCTT,1
pos,untreated,9,CTTACCGTCACCGTAACTGCAGCCACTCTACTC,1
pos,untreated,9,CTTACCGTCACCGTCACCGCAGCCACTCTACTC,1
pos,untreated,9,CTGACCGTTACCGTAACCGCAGCCACTCTACTC,1
pos,untreated,9,CTTACCGTTACCGTCACCGCAGCCACTCTCCTT,1
pos,untreated,9,CTTACCGTCACCGTAACCGCAGCAACTCTACTC,1
pos,untreated,9,CTTACCGTCACCGTGACCGCAGCCACTCTACTC,1
neg,untreated,1,CTCACAGTGACGGTCACCGCAGCCACCCTCCTT,267
neg,untreated,1,CTCACAGTCACCGTGACCGCTGCGACCCTACTT,124
neg,untreated,1,CTGACTGTTACTGTCACGGCTGCCACTCTCCTT,78
neg,untreated,1,CTCACCGTTACTGTCACTGCAGCAACCCTACTT,62
neg,untreated,1,CTTACAGTTACGGTAACGGCGGCCACCCTACTA,9
neg,untreated,1,CTGACCGTGACGGTTACTGCGGCTACCCTGCTT,7
neg,untreated,1,CTTACAGTCACAGTTACCGCCGCCACCCTACTC,7
neg,untreated,1,CTTACTGTCACGGTTACTGCTGCTACACTCCTT,6
neg,untreated,1,CTGACTGTAACCGTCACTGCCGCTACACTTCTC,5
neg,untreated,1,CTGACAGTTACCGTTACAGCAGCCACGCTTCTG,4
neg,untreated,1,CTTACTGTCACTGTTACTGCTGCTACACTACTA,4
neg,untreated,1,CTTACAGTCACTGTCACGGCTGCTACGCTCCTT,3
neg,untreated,1,CTAACCGTCACAGTAACCGCAGCTACCCTGCTG,2
neg,untreated,1,CTTACGGTGACCGTAACGGCAGCTACTCTACTC,2
neg,untreated,1,CTTACGGTTACCGTAACGGCAGCTACTCTACTC,1
neg,untreated,1,CTTACGGTAACTGTGACTGCTGCCACTCTGCTG,1
neg,untreated,1,CTCACCGTTACTGTCACTGCAGCCACCCTACTT,1
neg,untreated,1,CTCACAGTTACGGTCACCGCAGCCACCCTCCTT,1
neg,untreated,1,CTCACAGTTACCGTGACCGCTGCGACCCTACTT,1
neg,untreated,1,CTCACAGTCACCGTCACCGCTGCCACCCTACTT,1
neg,untreated,1,CTCACAGTGACGGTCACCGCAGCCACCCTCCTC,1
neg,untreated,1,CTGACAGTTACTGTCACTGCTGCCACCCTCCTA,1
neg,untreated,1,CTGACTGTGACCGTCACCGCTGCCACTCTCCTA,1
neg,untreated,2,CTGACAGTTACTGTCACTGCTGCTACCCTCCTA,35
neg,untreated,2,CTCACAGTCACCGTGACCGCTGCGACCCTACTT,2
neg,untreated,2,CTTACCGTCACCGTAACCGCAGCCACTCTACTC,1
neg,untreated,3,CTCACAGTCACCGTGACCGCTGCGACCCTACTT,9
neg,untreated,3,CTGACCGTGACGGTTACTGCGGCTACCCTGCTT,5
neg,untreated,3,CTTACAGTCACAGTTACCGCCGCCACCCTACTC,4
neg,untreated,3,CTTACTGTCACTGTTACTGCTGCTACACTACTA,4
neg,untreated,3,CTTACTGTCACGGTTACTGCTGCTACACTCCTT,3
neg,untreated,3,CTTACAGTCACTGTCACGGCTGCTACGCTCCTT,3
neg,untreated,3,CTCACTGTCACGGTCACCGCAGCCACACTGCTC,1
neg,untreated,3,CTCACCGTTACTGTCACTGCAGCAACCCTACTT,1
neg,untreated,3,CTGACAGTTACTGTCACTGCTGCTACCCTCCTA,1
neg,untreated,3,CTAACCGTCACAGTAACCGCAGCTACCCTGCTG,1
neg,untreated,4,CTTACCGTCACCGTAACCGCAGCCACTCTACTC,13
neg,untreated,4,CTCACAGTCACCGTGACCGCTGCGACCCTACTT,7
neg,untreated,4,CTTACAGTTACCGTTACAGCAGCCACACTCCTG,6
neg,untreated,4,CTTACGGTGACCGTAACGGCAGCTACTCTACTC,2
neg,untreated,4,CTTACAGTCACAGTTACCGCCGCCACCCTACTC,2
neg,untreated,4,CTGACCGTGACGGTTACTGCGGCTACCCTGCTT,2
neg,untreated,4,CTGACAGTTACCGTCACTGCTGCTACCCTCCTA,1
neg,untreated,4,CTTACAGTCACTGTCACGGCTGCTACGCTCCTT,1
neg,untreated,4,CTTACTGTCACTGTTACTGCTGCTACACTACTA,1
neg,untreated,4,CTTACTGTCACGGTTACTGCTGCTACACTCCTT,1
neg,untreated,4,CTAACCGTCACAGTAACCGCAGCTACCCTGCTG,1
