bird,dpi,type,number,sequence,count
63191,3,pos,1,CTTACCGTAACGGTAACTGCCGCCACGCTGCTT,21209
63191,3,pos,1,CTTACCGTAACGGTGACTGCCGCCACGCTGCTT,8
63191,3,pos,1,CTTACCGTAACGGTAACTGCCGCCACTCTGCTT,8
63191,3,pos,1,CTTACCGTAACTGTAACTGCCGCCACGCTGCTT,6
63191,3,pos,1,CTTACCGTAACCGTAACTGCCGCCACGCTGCTT,4
63191,3,pos,1,CTTACCGTAACAGTAACTGCCGCCACGCTGCTT,3
63191,3,pos,1,CTTACCGTAACGGTAACTGCCGCCACGCTGCTC,3
63191,3,pos,1,CTTACCGTAACGGTAACTGCCGCCACCCTGCTT,3
63191,3,pos,1,CTTACCGTAACGGTAACCGCCGCCACGCTGCTT,2
63191,3,pos,1,CTTACCGTAACGGTAACTGCCGCCACGCTTCTT,2
63191,3,pos,1,CTTACCGTGACGGTAACTGCCGCCACGCTGCTT,2
63191,3,pos,1,CTTACCGTAACGGTAACTGCCGCCACACTGCTT,2
63191,3,pos,1,CTTACAGTTACGGTCACTGCCGCCACGCTCCTT,1
63191,3,pos,1,CTTACCGTAACGGTAACTGCCGCCACGCTCCTT,1
63191,3,pos,1,CTTACTGTAACGGTAACTGCCGCCACGCTGCTT,1
63191,3,pos,1,CTCACAGTCACCGTGACCGCTGCGACCCTACTT,1
63191,3,pos,1,CTTACCGTAACGGTAACGGCCGCCACGCTGCTT,1
63191,3,pos,1,CTTACCGTAACGGTCACTGCCGCCACGCTGCTT,1
63191,3,pos,1,CTTACCGTAACGGTAACTGCCGCAACGCTGCTT,1
63191,3,pos,1,CTTACAGTTACCGTGACCGCTGCCACGCTACTT,1
63191,3,pos,1,CTTACCGTCACGGTAACTGCCGCCACGCTGCTT,1
63191,3,pos,1,CTCACGGTAACCGTGACAGCAGCAACTCTCCTA,1
63191,3,pos,1,CTTACCGTTACGGTAACTGCCGCCACGCTGCTT,1
63191,3,pos,2,CTGACAGTTACCGTTACAGCAGCCACGCTTCTG,10115
63191,3,pos,2,CTAACAGTCACGGTCACCGCCGCAACGCTTCTT,15
63191,3,pos,2,CTGACAGTTACCGTTACAGCAGCCACTCTTCTG,8
63191,3,pos,2,CTGACAGTTACTGTTACAGCAGCCACGCTTCTG,5
63191,3,pos,2,CTGACAGTTACCGTTACAGCAGCCACGCTTCTT,4
63191,3,pos,2,CTGACAGTTACCGTCACAGCAGCCACGCTTCTG,3
63191,3,pos,2,CTGACAGTTACCGTTACAGCAGCCACGCTCCTG,3
63191,3,pos,2,CTCACAGTTACCGTTACAGCAGCCACGCTTCTG,2
63191,3,pos,2,CTGACGGTTACCGTTACAGCAGCCACGCTTCTG,2
63191,3,pos,2,CTCACAGTCACCGTGACCGCTGCGACCCTACTT,1
63191,3,pos,2,CTAACAGTTACCGTTACAGCAGCCACGCTTCTG,1
63191,3,pos,2,CTTACAGTTACCGTTACAGCAGCCACGCTTCTG,1
63191,3,pos,2,CTGACAGTTACCGTTACAGCAGCTACGCTTCTG,1
63191,3,pos,2,CTTACAGTTACCGTTACAGCAGCCACACTCCTG,1
63191,3,pos,2,CTGACAGTTACCGTTACAGCAGCCACGCTTCTA,1
63191,3,pos,2,CTCACGGTAACCGTGACAGCAGCAACTCTCCTA,1
63191,3,pos,2,CTAACTGTAACCGTCACTGCGGCAACTCTGCTC,1
63191,3,pos,2,CTGACTGTTACCGTTACAGCAGCCACGCTTCTG,1
63191,3,pos,2,CTGACAGTTACCGTTACAGCAGCCACCCTTCTG,1
63191,3,pos,2,CTGACAGTTACCGTTACAGCCGCCACGCTTCTG,1
63191,3,pos,3,CTAACAGTCACGGTCACCGCCGCAACGCTTCTT,2316
63191,3,pos,3,CTAACAGTCACTGTCACCGCCGCAACGCTTCTT,3
63191,3,pos,3,CTAACAGTCACCGTCACCGCCGCAACGCTTCTT,2
63191,3,pos,3,CTCACAGTTACCGTGACCGCAGCCACGCTACTT,1
63191,3,pos,3,CTAACAGTCACGGTCACCGCCGCAACGCTTCTC,1
63191,3,pos,3,CTAACTGTAACCGTCACTGCGGCAACTCTGCTC,1
63191,3,pos,3,CTAACAGTCACGGTCACCGCCGCAACGCTCCTT,1
63191,3,pos,3,CTAACAGTCACGGTCACTGCCGCAACGCTTCTT,1
63191,3,pos,3,CTAACAGTCACAGTCACCGCCGCAACGCTTCTT,1
63191,3,pos,3,CTGACCGTCACTGTAACTGCCGCTACTCTCCTT,1
63191,3,pos,3,CTGACAGTTACCGTTACAGCAGCCACGCTTCTG,1
63191,3,pos,3,CTAACAGTCACGGTCACCGCCGCAACTCTTCTT,1
63191,3,pos,4,CTGACTGTTACTGTCACGGCTGCCACTCTCCTT,14885
63191,3,pos,4,CTTACTGTTACTGTCACGGCTGCCACTCTCCTT,8
63191,3,pos,4,CTGACTGTTACTGTCACTGCTGCCACTCTCCTT,6
63191,3,pos,4,CTGACTGTCACTGTCACGGCTGCCACTCTCCTT,2
63191,3,pos,4,CTGACTGTTACTGTTACGGCTGCCACTCTCCTT,2
63191,3,pos,4,CTGACTGTTACTGTCACGGCTGCTACTCTCCTT,2
63191,3,pos,4,CTGACTGTTACTGTCACGGCTGCCACCCTCCTT,2
63191,3,pos,4,CTCACTGTTACTGTCACGGCTGCCACTCTCCTT,2
63191,3,pos,4,CTGACTGTTACTGTCACCGCTGCCACTCTCCTT,1
63191,3,pos,4,CTGACTGTTACTGTCACGGCTGCCACTCTCCTC,1
63191,3,pos,4,CTGACTGTTACTGTCACAGCTGCCACTCTCCTT,1
63191,3,pos,4,CTGACTGTTACTGTCACGGCTGCCACTCTTCTT,1
63191,3,pos,4,CTGACTGTTACTGTCACGGCTGCAACTCTCCTT,1
63191,3,pos,4,CTGACTGTTACTGTCACGGCTGCCACTCTCCTA,1
63191,3,pos,4,CTGACTGTTACTGTCACGGCTGCCACTCTACTT,1
63191,3,pos,4,CTGACCGTTACTGTCACGGCTGCCACTCTCCTT,1
63191,3,pos,4,CTGACTGTTACCGTCACGGCTGCCACTCTCCTT,1
63191,3,pos,4,CTGACTGTTACTGTCACGGCTGCCACGCTCCTT,1
63191,3,pos,4,CTAACTGTTACTGTCACGGCTGCCACTCTCCTT,1
63191,3,pos,5,CTGACAGTTACCGTTACAGCAGCCACGCTTCTG,22107
63191,3,pos,5,CTGACAGTTACCGTTACAGCAGCCACTCTTCTG,8
63191,3,pos,5,CTGACAGTTACCGTTACAGCAGCCACGCTTCTT,8
63191,3,pos,5,CTGACAGTTACTGTTACAGCAGCCACGCTTCTG,6
63191,3,pos,5,CTGACAGTTACCGTTACAGCAGCTACGCTTCTG,5
63191,3,pos,5,CTGACAGTTACCGTTACAGCAGCCACCCTTCTG,4
63191,3,pos,5,CTGACAGTTACCGTTACGGCAGCCACGCTTCTG,3
63191,3,pos,5,CTGACAGTTACCGTTACAGCTGCCACGCTTCTG,3
63191,3,pos,5,CTGACAGTTACCGTCACAGCAGCCACGCTTCTG,3
63191,3,pos,5,CTTACAGTTACCGTTACAGCAGCCACGCTTCTG,3
63191,3,pos,5,CTCACAGTTACCGTTACAGCAGCCACGCTTCTG,2
63191,3,pos,5,CTGACAGTTACCGTTACAGCAGCCACACTTCTG,2
63191,3,pos,5,CTGACAGTTACCGTTACAGCAGCCACGCTTCTC,2
63191,3,pos,5,CTGACAGTCACCGTTACAGCAGCCACGCTTCTG,2
63191,3,pos,5,CTGACTGTTACCGTTACAGCAGCCACGCTTCTG,1
63191,3,pos,5,CTGACAGTTACCGTTACAGCAGCGACGCTTCTG,1
63191,3,pos,5,CTGACAGTTACCGTTACAGCAGCCACGCTCCTG,1
63191,3,pos,5,CTGACAGTTACCGTTACAGCAGCAACGCTTCTG,1
63191,3,pos,5,CTGACAGTTACCGTTACAGCAGCCACGCTACTG,1
63191,3,pos,5,CTGACAGTTACCGTTACAGCAGCCACGCTGCTG,1
63191,3,pos,5,CTGACAGTTACCGTTACTGCAGCCACGCTTCTG,1
63191,3,pos,6,CTTACAGTTACCGTTACAGCAGCCACACTCCTG,41360
63191,3,pos,6,CTTACAGTTACCGTTACAGCAGCCACACTCCTT,36
63191,3,pos,6,CTTACAGTTACCGTTACAGCGGCCACACTCCTG,4
63191,3,pos,6,CTTACAGTTACCGTTACGGCAGCCACACTCCTG,3
63191,3,pos,6,CTTACGGTTACCGTTACAGCAGCCACACTCCTG,3
63191,3,pos,6,CTTACAGTTACTGTTACAGCAGCCACACTCCTG,3
63191,3,pos,6,CTTACAGTTACCGTTACAGCAGCCACCCTCCTG,2
63191,3,pos,6,CTTACAGTTACCGTCACAGCAGCCACACTCCTG,2
63191,3,pos,6,CTTACTGTTACCGTTACAGCAGCCACACTCCTG,1
63191,3,pos,6,CTTACAGTCACCGTTACAGCAGCCACACTCCTG,1
63191,3,pos,6,CTCACAGTTACCGTTACAGCAGCCACACTCCTG,1
63191,3,pos,6,CTTACAGTTACCGTTACTGCAGCCACACTCCTG,1
63191,3,pos,6,CTTACAGTTACCGTTACAGCAGCCACACTCCTC,1
63191,3,pos,6,CTTACAGTTACCGTTACAGCAGCTACACTCCTG,1
63191,3,pos,7,CTAACTGTAACCGTCACTGCGGCAACTCTGCTC,19593
63191,3,pos,7,CTAACTGTAACCGTCACTGCGGCAACTCTGCTT,15
63191,3,pos,7,CTAACTGTAACCGTCACTGCTGCAACTCTGCTC,14
63191,3,pos,7,CTAACTGTAACCGTCACTGCGGCAACTCTTCTC,6
63191,3,pos,7,CTAACTGTAACTGTCACTGCGGCAACTCTGCTC,6
63191,3,pos,7,CTAACTGTAACCGTTACTGCGGCAACTCTGCTC,5
63191,3,pos,7,CTAACTGTAACCGTCACTGCAGCAACTCTGCTC,4
63191,3,pos,7,CTAACTGTGACCGTCACTGCGGCAACTCTGCTC,3
63191,3,pos,7,CTAACTGTAACCGTCACTGCGGCAACTCTCCTC,3
63191,3,pos,7,CTAACCGTAACCGTCACTGCGGCAACTCTGCTC,2
63191,3,pos,7,CTAACTGTAACCGTCACTGCCGCAACTCTGCTC,2
63191,3,pos,7,CTAACTGTAACAGTCACTGCGGCAACTCTGCTC,1
63191,3,pos,7,CTAACTGTAACCGTCACTGCGGCAACTCTACTC,1
63191,3,pos,7,CTAACCGTCACAGTAACCGCAGCTACCCTGCTG,1
63191,3,pos,7,CTAACTGTAACCGTCACGGCGGCAACTCTGCTC,1
63191,3,pos,7,CTAACTGTAACCGTCACCGCGGCAACCCTGCTC,1
63191,3,pos,7,CTAACGGTAACCGTCACTGCGGCAACTCTGCTC,1
63191,3,pos,7,CTAACTGTAACCGTCACTGCGGCGACTCTGCTC,1
63191,3,pos,7,CTAACCGTGACTGTAACAGCAGCTACGCTGCTA,1
63191,3,pos,7,CTAACTGTAACCGTCACTGCGGCTACTCTGCTC,1
63191,3,pos,8,CTTACCGTAACGGTAACTGCCGCCACGCTGCTT,3108
63191,3,pos,8,CTTACCGTAACGGTAACTGCCGCTACGCTGCTT,2
63191,3,pos,8,CTTACCGTAACGGTAACTGCCGCCACGCTTCTT,2
63191,3,pos,8,CTCACTGTTACCGTCACTGCAGCTACCCTGCTC,2
63191,3,pos,8,CTTACCGTAACGGTAACTGCCGCCACTCTGCTT,2
63191,3,pos,8,CTTACCGTAACGGTAACTGCCGCCACACTGCTT,2
63191,3,pos,8,CTTACCGTAACGGTAACTGCCGCCACGCTGCTC,2
63191,3,pos,8,CTTACTGTTACGGTAACCGCAGCCACGCTCCTT,1
63191,3,pos,8,CTTACCGTAACGGTAACTGCCGCCACGCTCCTT,1
63191,3,pos,8,CTTACTGTAACGGTAACTGCCGCCACGCTGCTT,1
63191,3,pos,8,CTTACCGTGACGGTAACTGCCGCCACGCTGCTT,1
63191,3,pos,8,CTGACTGTAACGGTCACCGCTGCTACACTCCTT,1
63191,3,pos,8,CTTACCGTAACTGTAACTGCCGCCACGCTGCTT,1
63191,3,pos,8,CTTACCGTAACGGTAACTGCTGCCACGCTGCTT,1
63191,3,pos,9,CTAACCGTCACAGTAACCGCAGCTACCCTGCTG,1447
63191,3,pos,9,CTAACCGTCACAGTAACCGCAGCTACCCTGCTA,2
63191,3,pos,9,CTAACCGTCACAGTTACCGCAGCTACCCTGCTG,1
63191,3,pos,9,CTAACCGTCACAGTAACCGCAGCTACCCTGCTT,1
63191,3,pos,9,CTAACCGTTACAGTAACCGCAGCTACCCTGCTG,1
63191,3,neg,1,CTTACGGTCACCGTGACGGCCGCGACACTTCTG,1
63191,3,neg,2,CTCACGGTAACCGTGACAGCAGCAACTCTCCTA,4
63191,3,neg,3,CTTACAGTTACCGTGACCGCTGCTACGCTACTT,5
63191,3,neg,3,CTTACTGTCACCGTTACCGCAGCAACACTACTT,1
63193,1,neg,1,CTTACAGTTACCGTTACAGCAGCCACACTCCTG,13
63193,1,neg,1,CTTACTGTTACAGTAACTGCAGCCACTCTCCTT,12
63193,1,neg,1,CTTACCGTAACGGTAACTGCCGCCACGCTGCTT,1
63193,1,neg,1,CTGACAGTTACCGTTACAGCAGCCACGCTTCTG,1
63193,1,neg,1,CTAACCGTCACTGTTACCGCTGCTACTCTGCTT,1
63193,1,neg,1,CTCACTGTAACCGTTACTGCAGCGACTCTGCTG,1
63193,1,neg,1,CTTACTGTAACCGTCACCGCAGCGACCCTACTC,1
63193,1,neg,1,CTAACCGTCACAGTAACCGCAGCTACCCTGCTG,1
63193,1,neg,1,CTTACGGTCACCGTGACGGCCGCGACACTTCTG,1
63193,3,neg,1,CTAACCGTAACTGTGACGGCTGCAACGCTTCTG,3
63193,3,neg,1,CTTACCGTAACGGTAACTGCCGCCACGCTGCTT,3
63193,3,neg,1,CTCACGGTAACCGTGACAGCAGCAACTCTCCTA,2
63193,3,neg,1,CTCACAGTCACCGTGACCGCTGCGACCCTACTT,2
63193,3,neg,1,CTAACTGTTACGGTAACAGCTGCGACGCTTCTC,2
63193,3,neg,1,CTAACCGTCACAGTAACCGCAGCTACCCTGCTG,2
63193,3,neg,1,CTCACCGTTACTGTCACTGCAGCAACCCTACTT,2
63193,3,neg,1,CTGACAGTTACCGTTACAGCAGCCACGCTTCTG,1
63193,3,neg,1,CTCACAGTTACAGTCACCGCAGCCACTCTGCTG,1
63193,3,neg,1,CTGACAGTTACCGTTACCGCCGCAACCCTTCTA,1
63193,3,neg,1,CTTACAGTTACCGTGACCGCTGCTACGCTACTT,1
63193,3,neg,1,CTAACCGTCACTGTGACCGCGGCCACCCTACTG,1
63193,3,neg,1,CTGACTGTTACGGTTACAGCAGCAACCCTACTC,1
63193,3,neg,1,CTCACTGTCACGGTCACCGCAGCCACACTGCTC,1
63193,3,neg,1,CTGACAGTTACCGTTACAGCAGCCACCCTTCTT,1
63193,3,neg,1,CTGACTGTTACAGTAACTGCTGCTACACTACTG,1
63193,3,neg,1,CTAACAGTCACGGTCACCGCCGCAACGCTTCTT,1
63193,3,neg,1,CTTACTGTCACTGTTACTGCTGCTACACTACTA,1
63193,3,neg,1,CTTACCGTGACTGTTACCGCCGCCACTCTTCTG,1
63193,3,neg,1,CTTACGGTCACCGTGACGGCCGCGACACTTCTG,1
63193,3,neg,1,CTAACGGTTACTGTAACCGCCGCGACCCTCCTA,1
63193,3,neg,1,CTTACGGTCACGGTAACTGCAGCTACCCTTCTA,1
63193,3,neg,1,CTGACCGTCACTGTAACTGCCGCTACTCTCCTT,1
63193,1,neg,2,CTTACCGTAACGGTAACTGCCGCCACGCTGCTT,2
63193,1,neg,2,CTTACTGTAACCGTCACCGCAGCGACCCTACTC,2
63193,3,neg,2,CTCACTGTCACCGTAACCGCAGCAACCCTTCTA,1
63193,3,neg,2,CTTACGGTCACCGTGACGGCCGCGACACTTCTG,1
63193,3,neg,2,CTTACAGTTACCGTTACAGCAGCCACACTCCTG,1
63193,3,neg,2,CTAACTGTAACCGTCACTGCGGCAACTCTGCTC,1
63193,1,neg,3,CTTACGGTCACCGTGACGGCCGCGACACTTCTG,4
63193,3,neg,3,CTCACCGTTACTGTCACTGCAGCAACCCTACTT,2
63193,3,neg,3,CTGACAGTTACTGTCACTGCTGCTACCCTCCTA,1
63193,1,pos,1,CTAACCGTCACAGTAACCGCAGCTACCCTGCTG,13743
63193,1,pos,1,CTAACCGTCACAGTAACCGCAGCTACCCTGCTT,8
63193,1,pos,1,CTAACCGTCACAGTAACTGCAGCTACCCTGCTG,5
63193,1,pos,1,CTAACCGTCACAGTGACCGCAGCTACCCTGCTG,4
63193,1,pos,1,CTAACCGTCACAGTAACCGCAGCTACCCTCCTG,3
63193,1,pos,1,CTAACCGTCACGGTAACCGCAGCTACCCTGCTG,3
63193,1,pos,1,CTAACCGTCACAGTAACCGCGGCTACCCTGCTG,3
63193,1,pos,1,CTAACCGTCACAGTAACCGCAGCTACCCTACTG,3
63193,1,pos,1,CTAACCGTCACAGTAACCGCAGCTACTCTGCTG,2
63193,1,pos,1,CTAACAGTCACCGTAACCGCAGCGACCCTACTG,1
63193,1,pos,1,CTGACCGTCACAGTAACAGCAGCTACCCTGCTG,1
63193,1,pos,1,CTAACTGTCACTGTAACAGCCGCTACACTTCTC,1
63193,1,pos,1,CTAACCGTTACAGTAACCGCAGCTACCCTGCTG,1
63193,1,pos,1,CTCACAGTTACAGTCACCGCAGCCACTCTGCTG,1
63193,1,pos,1,CTGACTGTAACTGTTACAGCCGCTACGCTTCTA,1
63193,1,pos,1,CTCACCGTCACAGTAACCGCAGCCACCCTGCTT,1
63193,1,pos,1,CTGACCGTCACAGTAACCGCAGCTACCCTGCTG,1
63193,1,pos,1,CTAACCGTCACCGTAACCGCAGCTACCCTGCTG,1
63193,1,pos,1,CTAACCGTCACAGTAACCGCAGCAACCCTACTG,1
63193,1,pos,1,CTTACAGTTACGGTCACTGCTGCAACCCTCCTG,1
63193,1,pos,1,CTAACAGTCACAGTAACCGCAGCTACCCTGCTG,1
63193,1,pos,1,CTAACAGTTACCGTAACAGCAGCTACGCTGCTG,1
63193,1,pos,1,CTCACGGTGACCGTAACCGCAGCGACTCTGCTC,1
63193,1,pos,1,CTAACCGTTACAGTAACCGCCGCTACCCTGCTT,1
63193,3,pos,1,CTGACAGTTACCGTTACAGCAGCCACGCTTCTG,21886
63193,3,pos,1,CTTACAGTTACCGTTACAGCAGCCACGCTTCTG,18
63193,3,pos,1,CTGACAGTTACCGTTACAGCAGCCACGCTTCTT,18
63193,3,pos,1,CTGACAGTTACCGTTACAGCAGCCACTCTTCTG,17
63193,3,pos,1,CTGACAGTTACTGTTACAGCAGCCACGCTTCTG,12
63193,3,pos,1,CTCACAGTTACCGTTACAGCAGCCACGCTTCTG,10
63193,3,pos,1,CTGACAGTTACCGTTACAGCAGCTACGCTTCTG,5
63193,3,pos,1,CTGACAGTTACAGTTACAGCAGCCACGCTTCTG,4
63193,3,pos,1,CTGACAGTTACCGTTACAGCAGCCACACTTCTG,3
63193,3,pos,1,CTGACAGTTACCGTTACAGCAGCCACCCTTCTG,3
63193,3,pos,1,CTGACAGTTACCGTTACAGCTGCCACGCTTCTG,3
63193,3,pos,1,CTGACAGTCACCGTTACAGCAGCCACGCTTCTG,3
63193,3,pos,1,CTAACAGTTACCGTTACAGCAGCCACGCTTCTG,3
63193,3,pos,1,CTGACAGTTACCGTTACTGCAGCCACGCTTCTG,2
63193,3,pos,1,CTGACGGTTACCGTTACAGCAGCCACGCTTCTG,2
63193,3,pos,1,CTGACAGTTACCGTTACGGCAGCCACGCTTCTG,2
63193,3,pos,1,CTGACAGTTACCGTCACAGCAGCCACGCTTCTG,2
63193,3,pos,1,CTGACAGTTACCGTTACAGCAGCCACGCTCCTG,1
63193,3,pos,1,CTGACGGTAACAGTGACAGCAGCAACCCTACTT,1
63193,3,pos,1,CTGACAGTTACCGTTACAGCGGCCACGCTTCTG,1
63193,3,pos,1,CTGACTGTTACCGTTACAGCAGCCACGCTTCTG,1
63193,3,pos,1,CTGACAGTTACCGTTACAGCAGCCACGCTTCTC,1
63193,3,pos,2,CTAACAGTTACCGTCACCGCCGCAACCCTACTA,38543
63193,3,pos,2,CTAACAGTTACCGTCACCGCCGCAACCCTACTT,19
63193,3,pos,2,CTAACAGTTACTGTCACCGCCGCAACCCTACTA,6
63193,3,pos,2,CTAACAGTTACCGTTACCGCCGCAACCCTACTA,4
63193,3,pos,2,CTAACAGTTACCGTCACTGCCGCAACCCTACTA,4
63193,3,pos,2,CTAACAGTTACCGTCACCGCCGCTACCCTACTA,3
63193,3,pos,2,CTAACAGTTACCGTCACCGCTGCAACCCTACTA,3
63193,3,pos,2,CTAACAGTCACCGTCACCGCCGCAACCCTACTA,3
63193,3,pos,2,CTGACAGTTACCGTCACCGCCGCAACCCTACTA,2
63193,3,pos,2,CTAACAGTTACCGTCACCGCCGCGACCCTACTA,2
63193,3,pos,2,CTAACAGTTACCGTAACCGCCGCAACCCTACTA,2
63193,3,pos,2,CTAACAGTTACAGTCACCGCCGCAACCCTACTA,2
63193,3,pos,2,CTAACAGTCACGGTCACCGCCGCAACCCTTCTT,1
63193,3,pos,2,CTTACAGTTACCGTCACCGCCGCAACCCTACTA,1
63193,3,pos,2,CTAACAGTTACCGTAACGGCGGCAACCCTCCTT,1
63193,3,pos,2,CTAACAGTTACCGTCACCGCAGCAACCCTACTT,1
63193,3,pos,2,CTAACAGTTACCGTCACAGCCGCAACCCTACTA,1
63193,3,pos,2,CTTACGGTCACCGTGACGGCCGCGACACTTCTG,1
63193,3,pos,2,CTAACAGTTACCGTCACGGCCGCAACCCTACTA,1
63193,3,pos,2,CTCACAGTTACCGTCACCGCCGCAACCCTACTA,1
63193,3,pos,2,CTAACGGTTACCGTCACCGCCGCAACCCTACTA,1
63193,3,pos,2,CTAACAGTTACCGTCACCGCCGCAACACTACTA,1
63193,3,pos,2,CTAACAGTTACCGTCACCGCCGCCACCCTACTA,1
63193,3,pos,2,CTAACAGTTACCGTCACCGCCGCAACCCTCCTA,1
63193,3,pos,2,CTAACAGTTACCGTCACCGCCGCAACCCTTCTA,1
63194,1,neg,1,CTTACTGTCACGGTTACTGCTGCTACACTCCTT,1
63194,1,neg,1,CTTACGGTCACCGTGACGGCCGCGACACTTCTG,1
63194,1,neg,1,CTGACAGTCACAGTGACTGCCGCGACTCTTCTT,1
63194,1,neg,1,CTGACTGTGACCGTGACTGCTGCCACTCTACTA,1
63194,1,neg,2,CTGACAGTTACCGTAACCGCCGCAACCCTTCTA,2
63194,1,neg,2,CTCACCGTCACCGTCACCGCTGCTACACTACTC,1
63194,1,neg,2,CTCACAGTGACTGTAACAGCAGCTACGCTGCTA,1
63194,1,neg,2,CTCACGGTAACCGTGACAGCAGCAACTCTCCTA,1
63194,1,neg,2,CTTACCGTCACCGTAACCGCAGCCACTCTACTC,1
63194,1,neg,2,CTGACAGTCACAGTGACTGCCGCGACTCTTCTT,1
63194,1,neg,2,CTGACCGTTACAGTTACCGCAGCAACTCTGCTT,1
63194,1,neg,2,CTAACTGTAACCGTCACTGCGGCAACTCTGCTC,1
63194,1,neg,2,CTTACAGTGACGGTTACTGCAGCAACACTGCTT,1
63194,1,neg,3,CTCACCGTTACTGTCACTGCAGCAACCCTACTT,3
63194,1,neg,3,CTGACAGTTACCGTAACCGCCGCAACCCTTCTA,2
63194,1,neg,3,CTAACCGTCACAGTAACCGCAGCTACCCTGCTG,2
63194,1,neg,3,CTTACAGTAACCGTAACCGCGGCGACCCTACTT,1
63194,1,neg,3,CTAACCGTCACTGTTACTGCCGCAACTCTCCTT,1
63194,1,neg,3,CTCACGGTTACTGTGACCGCGGCGACCCTACTT,1
63194,1,neg,3,CTTACTGTCACCGTTACCGCAGCAACACTACTT,1
63194,1,neg,3,CTGACTGTGACCGTGACTGCTGCCACTCTACTA,1
63194,1,neg,3,CTGACGGTAACAGTGACAGCAGCAACCCTACTC,1
63194,1,neg,3,CTGACAGTCACCGTGACTGCCGCAACTCTTCTA,1
63194,1,pos,1,CTGACTGTGACCGTGACTGCTGCCACTCTACTA,1129
63194,1,pos,1,CTGACAGTCACCGTGACCGCTGCGACCCTTCTT,1
63194,1,pos,1,CTGACAGTTACCGTAACAGCTGCGACGCTTCTA,1
63194,1,pos,1,CTTACCGTAACGGTAACTGCCGCCACGCTGCTT,1
63194,1,pos,1,CTGACAGTCACAGTGACTGCCGCGACTCTTCTT,1
63194,1,pos,1,CTGACTGTGACCGTGACTGCTGCAACTCTACTA,1
63194,1,pos,1,CTGACAGTTACAGTAACAGCCGCAACCCTTCTT,1
63194,1,pos,2,CTAACTGTTACGGTAACAGCTGCGACGCTTCTC,5442
63194,1,pos,2,CTAACTGTTACGGTAACAGCTGCGACGCTTCTT,7
63194,1,pos,2,CTAACTGTTACCGTAACAGCTGCGACGCTTCTC,2
63194,1,pos,2,CTAACTGTTACTGTAACAGCTGCGACGCTTCTC,2
63194,1,pos,2,CTAACTGTCACGGTAACAGCTGCGACGCTTCTC,1
63194,1,pos,2,CTAACGGTTACGGTAACGGCGGCAACCCTCCTT,1
63194,1,pos,2,CTAACTGTTACGGTAACTGCTGCGACGCTTCTC,1
63194,1,pos,2,CTAACTGTTACGGTAACAGCAGCGACGCTTCTC,1
63194,1,pos,2,CTAACTGTTACGGTGACAGCTGCGACGCTTCTC,1
63194,1,pos,2,CTTACTGTTACGGTAACAGCTGCGACGCTTCTC,1
63194,1,pos,2,CTAACTGTTACGGTAACAGCTGCCACGCTTCTC,1
63194,1,pos,2,CTAACTGTTACGGTAACGGCGGCAACCCTCCTT,1
63194,1,pos,2,CTAACTGTTACGGTAACAGCTGCGACGCTCCTC,1
63194,1,pos,2,CTAACTGTTACGGTAACAGCTGCGACTCTTCTC,1
63194,1,pos,3,CTGACAGTTACCGTAACCGCCGCAACCCTTCTA,10606
63194,1,pos,3,CTGACAGTTACCGTAACCGCCGCAACTCTTCTA,3
63194,1,pos,3,CTGACTGTTACCGTAACCGCCGCAACCCTTCTA,2
63194,1,pos,3,CTTACAGTTACCGTAACCGCCGCAACCCTTCTA,2
63194,1,pos,3,CTGACAGTTACTGTAACCGCCGCAACCCTTCTA,2
63194,1,pos,3,CTGACAGTTACCGTAACCGCCGCAACCCTTCTT,2
63194,1,pos,3,CTGACAGTTACCGTAACCGCCGCAACCCTTCTG,2
63194,1,pos,3,CTGACAGTTACCGTGACCGCCGCAACCCTTCTA,2
63194,1,pos,3,CTGACAGTTACCGTAACCGCCGCGACCCTTCTA,2
63194,1,pos,3,CTGACAGTTACCGTAACCGCCGCAACCCTACTA,2
63194,1,pos,3,CTTACAGTTACGGTCACTGCAGCCACGCTTCTC,1
63194,1,pos,3,CTCACAGTTACCGTAACCGCCGCAACCCTTCTA,1
63194,1,pos,3,CTGACAGTTACAGTAACCGCCGCAACCCTTCTA,1
63194,1,pos,3,CTGACTGTGACCGTGACTGCTGCCACTCTACTA,1
63194,1,pos,3,CTGACAGTCACCGTAACCGCCGCAACCCTTCTA,1
63194,1,pos,3,CTTACCGTAACGGTAACTGCCGCCACGCTGCTT,1
63195,3,neg,1,CTCACAGTGACTGTAACAGCAGCTACGCTGCTA,4
63195,3,neg,1,CTCACTGTAACAGTTACTGCTGCTACTCTACTT,3
63195,3,neg,1,CTGACGGTAACAGTGACAGCAGCAACCCTACTT,2
63195,3,neg,1,CTAACTGTCACTGTAACAGCCGCTACACTTCTC,2
63195,3,neg,1,CTCACAGTTACAGTCACCGCAGCCACTCTGCTG,1
63195,3,neg,1,CTTACAGTTACGGTCACTGCTGCAACCCTCCTG,1
63195,3,neg,1,CTCACGGTTACTGTGACCGCGGCGACCCTACTT,1
63195,3,neg,2,CTTACTGTTACAGTAACTGCAGCCACTCTCCTT,16
63195,3,neg,2,CTTACAGTTACCGTTACAGCAGCCACACTCCTG,11
63195,3,neg,2,CTGACGGTAACAGTGACAGCAGCAACCCTACTT,3
63195,3,neg,2,CTTACTGTCACCGTTACCGCAGCAACACTACTT,2
63195,3,neg,2,CTTACCGTAACGGTAACTGCCGCCACGCTGCTT,2
63195,3,neg,2,CTGACAGTTACCGTTACAGCAGCCACGCTTCTG,2
63195,3,neg,2,CTCACAGTCACAGTAACTGCTGCTACGCTCCTG,2
63195,3,neg,2,CTCACTGTAACAGTTACTGCTGCTACTCTACTT,2
63195,3,neg,2,CTCACAGTTACAGTCACCGCAGCCACTCTGCTG,1
63195,3,neg,2,CTGACTGTTACTGTCACGGCTGCCACTCTCCTT,1
63195,3,neg,2,CTTACAGTTACGGTCACTGCTGCAACCCTCCTG,1
63195,3,neg,2,CTCACCGTTACAGTTACGGCGGCCACGCTCCTT,1
63195,3,neg,2,CTTACTGTCACTGTTACTGCTGCTACACTACTA,1
63195,3,neg,2,CTCACGGTTACTGTGACCGCGGCGACCCTACTT,1
63195,3,neg,2,CTTACTGTCACGGTTACTGCTGCTACACTCCTT,1
63195,3,neg,2,CTTACCGTTACTGTAACGGCCGCAACGCTGCTT,1
63195,3,neg,2,CTTACAGTAACGGTAACTGCCGCCACGCTGCTT,1
63195,3,neg,2,CTCACTGTAACCGTTACTGCAGCGACTCTGCTG,1
63195,3,neg,2,CTAACTGTCACTGTAACAGCCGCTACACTTCTC,1
63195,3,neg,2,CTTACAGTTACCGTGACCGCTGCTACGCTACTT,1
63195,3,neg,2,CTGACAGTTACCGTAACCGCCGCAACCCTTCTA,1
63195,3,neg,2,CTTACTGTAACCGTCACCGCAGCGACCCTACTC,1
63195,3,neg,2,CTTACAGTTACGGTCACTGCAGCCACGCTTCTC,1
63195,3,neg,2,CTCACAGTGACTGTAACAGCAGCTACGCTGCTA,1
63195,3,neg,2,CTAACCGTAACTGTGACGGCTGCAACGCTTCTG,1
63195,3,neg,2,CTTACCGTTACTGTGACTGCGGCGACACTCCTT,1
63195,3,neg,2,CTAACCGTCACAGTAACCGCAGCTACCCTGCTG,1
63195,3,neg,2,CTCACTGTTACCGTCACTGCAGCTACCCTGCTC,1
63195,3,neg,2,CTTACCGTTACTGTCACGGCCGCAACGCTGCTT,1
63195,3,neg,2,CTCACCGTTACTGTCACTGCAGCAACCCTACTT,1
63195,3,neg,3,CTGACTGTTACTGTCACGGCTGCCACTCTCCTT,1
63195,3,neg,3,CTGACAGTTACCGTTACAGCAGCCACGCTTCTG,1
63195,3,neg,3,CTTACAGTTACGGTCACTGCAGCCACGCTTCTC,1
63195,3,pos,1,CTCACAGTGACTGTAACAGCAGCTACGCTGCTA,46117
63195,3,pos,1,CTGACTGTTACTGTCACGGCTGCCACTCTCCTT,28
63195,3,pos,1,CTCACAGTGACTGTAACAGCAGCCACGCTGCTA,7
63195,3,pos,1,CTCACAGTTACTGTAACAGCAGCTACGCTGCTA,7
63195,3,pos,1,CTCACAGTGACTGTAACAGCAGCTACCCTGCTA,3
63195,3,pos,1,CTAACAGTCACAGTTACTGCAGCTACCCTGCTC,3
63195,3,pos,1,CTCACTGTGACTGTAACAGCAGCTACGCTGCTA,3
63195,3,pos,1,CTTACAGTGACTGTAACAGCAGCTACGCTGCTA,3
63195,3,pos,1,CTCACAGTGACTGTAACAGCAGCTACGCTGCTG,2
63195,3,pos,1,CTGACGGTAACAGTAACTGCAGCAACTCTCCTG,2
63195,3,pos,1,CTCACAGTGACTGTAACAGCAGCTACGCTGCTT,2
63195,3,pos,1,CTTACAGTTACCGTTACAGCAGCCACACTCCTG,2
63195,3,pos,1,CTCACAGTGACTGTAACAGCAGCTACTCTGCTA,2
63195,3,pos,1,CTCACAGTGACTGTAACGGCAGCTACGCTGCTA,1
63195,3,pos,1,CTGACTGTTACTGTCACGGCTGCTACTCTGCTT,1
63195,3,pos,1,CTAACCGTCACAGTAACCGCAGCTACCCTGCTG,1
63195,3,pos,1,CTGACAGTGACTGTAACAGCAGCTACGCTGCTT,1
63195,3,pos,1,CTCACAGTGACTGTAACAGCAGCTACCCTCCTT,1
63195,3,pos,1,CTAACGGTTACTGTAACAGCTGCGACGCTACTT,1
63195,3,pos,1,CTCACAGTTACTGTAACAGCAGCAACGCTGCTT,1
63195,3,pos,1,CTCACAGTGACTGTAACAGCAGCTACACTGCTA,1
63195,3,pos,1,CTCACGGTGACTGTAACAGCAGCTACGCTGCTA,1
63195,3,pos,1,CTGACAGTTACTGTCACAGCAGCCACGCTCCTA,1
63195,3,pos,1,CTCACAGTGACTGTGACAGCAGCTACGCTGCTA,1
63195,3,pos,1,CTCACGGTAACTGTAACGGCGGCAACCCTCCTT,1
63195,3,pos,1,CTCACGGTTACTGTGACCGCGGCGACCCTACTT,1
63195,3,pos,1,CTAACTGTCACTGTAACAGCCGCTACACTTCTC,1
63195,3,pos,1,CTGACAGTTACTGTTACAGCAGCCACGCTGCTT,1
63195,3,pos,1,CTGACAGTTACTGTCACAGCAGCCACGCTGCTT,1
63195,3,pos,1,CTCACAGTGACTGTTACAGCAGCTACGCTGCTA,1
63195,3,pos,1,CTCACAGTTACTGTCACAGCAGCTACGCTGCTA,1
63195,3,pos,1,CTAACAGTGACTGTAACAGCAGCTACGCTGCTA,1
63195,3,pos,1,CTAACGGTAACTGTAACGGCGGCAACCCTCCTT,1
63195,3,pos,1,CTCACTGTGACTGTCACAGCAGCCACTCTGCTT,1
63195,3,pos,1,CTCACAGTGACTGTAACAGCGGCTACGCTGCTA,1
63195,3,pos,1,CTCACAGTTACTGTCACAGCAGCCACGCTCCTT,1
63195,3,pos,1,CTCACAGTTACAGTCACCGCAGCCACTCTGCTG,1
63195,3,pos,1,CTCACAGTTACTGTAACAGCAGCTACGCTCCTA,1
63195,3,pos,1,CTCACAGTGACTGTAACAGCAGCTACGCTCCTA,1
63195,3,pos,1,CTGACTGTTACTGTCACGGCTGCCACGCTCCTT,1
63195,3,pos,1,CTCACTGTTACTGTCACGGCAGCCACTCTCCTT,1
63195,3,pos,1,CTCACAGTCACCGTGACCGCTGCGACCCTACTT,1
63195,3,pos,1,CTCACAGTGACTGTCACAGCAGCTACGCTGCTT,1
63195,3,pos,1,CTGACAGTTACTGTAACGGCAGCCACGCTCCTT,1
63195,3,pos,1,CTCACAGTGACTGTAACAGCAGCCACGCTGCTT,1
63195,3,pos,2,CTGACAGTTACCGTTACAGCAGCCACGCTTCTG,19072
63195,3,pos,2,CTGACAGTTACCGTTACAGCAGCCACGCTTCTT,18
63195,3,pos,2,CTGACAGTTACCGTTACAGCAGCCACTCTTCTG,13
63195,3,pos,2,CTTACTGTTACAGTAACTGCAGCCACTCTCCTT,10
63195,3,pos,2,CTTACAGTTACCGTTACAGCAGCCACGCTTCTG,6
63195,3,pos,2,CTCACAGTTACCGTTACAGCAGCCACGCTTCTG,5
63195,3,pos,2,CTGACAGTTACCGTTACAGCAGCCACCCTTCTG,5
63195,3,pos,2,CTGACAGTTACCGTTACAGCTGCCACGCTTCTG,4
63195,3,pos,2,CTGACAGTTACCGTTACAGCAGCCACACTTCTG,3
63195,3,pos,2,CTGACAGTTACCGTTACAGCAGCCACGCTCCTG,3
63195,3,pos,2,CTTACAGTTACCGTTACAGCAGCCACACTCCTG,2
63195,3,pos,2,CTGACAGTTACCGTTACAGCAGCAACGCTTCTG,2
63195,3,pos,2,CTGACAGTTACCGTTACCGCAGCCACGCTTCTG,2
63195,3,pos,2,CTGACAGTTACCGTCACAGCAGCCACGCTTCTG,2
63195,3,pos,2,CTGACAGTTACCGTTACAGCAGCTACGCTTCTG,2
63195,3,pos,2,CTGACAGTTACTGTTACAGCAGCCACGCTTCTG,2
63195,3,pos,2,CTGACAGTTACCGTTACAGCAGCCACGCTTCTC,2
63195,3,pos,2,CTGACAGTTACGGTTACAGCAGCCACGCTTCTG,2
63195,3,pos,2,CTGACGGTTACCGTTACAGCAGCCACGCTTCTG,2
63195,3,pos,2,CTGACGGTTACCGTTACTGCAGCAACCCTTCTT,1
63195,3,pos,2,CTGACAGTTACCGTTACTGCAGCCACGCTTCTG,1
63195,3,pos,2,CTGACTGTTACCGTTACAGCAGCCACGCTTCTG,1
63195,3,pos,2,CTGACAGTTACCGTTACAGCGGCCACGCTTCTG,1
63195,3,pos,2,CTGACAGTTACCGTTACAGCCGCCACGCTTCTG,1
63195,3,pos,2,CTGACAGTTACCGTTACGGCAGCCACGCTTCTG,1
63195,3,pos,2,CTGACAGTTACCGTTACAGCGGCAACCCTCCTT,1
63195,3,pos,2,CTGACGGTAACAGTAACTGCAGCAACTCTCCTG,1
63195,3,pos,2,CTTACTGTCACCGTTACCGCAGCAACACTACTT,1
63195,3,pos,2,CTGACTGTTACCGTTACTGCAGCCACTCTTCTT,1
63195,3,pos,3,CTGACAGTTACCGTTACAGCAGCCACGCTTCTG,42996
63195,3,pos,3,CTGACAGTTACCGTTACAGCAGCCACGCTTCTT,20
63195,3,pos,3,CTGACAGTAACCGTTACAGCAGCCACGCTTCTG,19
63195,3,pos,3,CTGACAGTTACCGTTACAGCAGCCACTCTTCTG,16
63195,3,pos,3,CTTACAGTTACCGTTACAGCAGCCACGCTTCTG,11
63195,3,pos,3,CTGACAGTTACTGTTACAGCAGCCACGCTTCTG,7
63195,3,pos,3,CTGACAGTTACCGTTACAGCAGCTACGCTTCTG,7
63195,3,pos,3,CTCACAGTTACCGTTACAGCAGCCACGCTTCTG,6
63195,3,pos,3,CTGACAGTTACCGTTACAGCAGCCACCCTTCTG,6
63195,3,pos,3,CTGACAGTTACCGTTACAGCAGCCACGCTTCTC,5
63195,3,pos,3,CTGACAGTTACCGTTACGGCAGCCACGCTTCTG,4
63195,3,pos,3,CTAACAGTTACCGTTACAGCAGCCACGCTTCTG,2
63195,3,pos,3,CTGACAGTTACCGTTACAGCTGCCACGCTTCTG,2
63195,3,pos,3,CTGACAGTTACCGTTACAGCAGCCACACTTCTG,2
63195,3,pos,3,CTGACAGTCACCGTTACAGCAGCCACGCTTCTG,2
63195,3,pos,3,CTGACAGTTACCGTTACAGCGGCCACGCTTCTG,2
63195,3,pos,3,CTGACGGTTACCGTTACAGCAGCCACGCTTCTG,2
63195,3,pos,3,CTGACTGTTACCGTTACAGCAGCCACGCTTCTG,2
63195,3,pos,3,CTGACAGTTACCGTTACAGCAGCCACGCTCCTG,2
63195,3,pos,3,CTGACAGTTACGGTTACAGCAGCCACGCTTCTG,1
63195,3,pos,3,CTTACAGTTACGGTCACTGCAGCCACGCTTCTC,1
63195,3,pos,3,CTGACTGTTACTGTCACGGCTGCCACTCTCCTT,1
63195,3,pos,3,CTTACCGTAACGGTAACTGCCGCCACGCTGCTT,1
63195,3,pos,3,CTAACCGTCACAGTAACCGCAGCTACCCTGCTG,1
63195,3,pos,3,CTGACAGTTACCGTCACAGCAGCCACGCTTCTG,1
63195,3,pos,3,CTGACAGTTACCGTTACAGCAGCCACGCTGCTG,1
63195,3,pos,3,CTGACAGTTACCGTTACCGCAGCCACGCTTCTG,1
63195,3,pos,3,CTGACAGTTACCGTTACAGCAGCGACGCTTCTG,1
63195,3,pos,3,CTGACAGTTACCGTTACAGCAGCAACGCTTCTG,1
63195,3,pos,3,CTGACAGTTACCGTCACAGCAGCCACGCTTCTA,1
63195,3,pos,3,CTGACAGTTACCGTTACAGCAGCCACGCTTCTA,1
63195,3,pos,4,CTGACCGTAACCGTGACTGCCGCAACCCTTCTC,50198
63195,3,pos,4,CTGACCGTAACCGTGACTGCCGCAACCCTTCTT,25
63195,3,pos,4,CTTACCGTAACCGTGACTGCCGCAACCCTTCTC,15
63195,3,pos,4,CTGACCGTAACCGTGACTGCCGCAACTCTTCTC,14
63195,3,pos,4,CTGACCGTAACCGTTACTGCCGCAACCCTTCTC,12
63195,3,pos,4,CTGACCGTAACTGTGACTGCCGCAACCCTTCTC,11
63195,3,pos,4,CTCACCGTAACCGTGACTGCCGCAACCCTTCTC,7
63195,3,pos,4,CTGACCGTAACCGTGACTGCTGCAACCCTTCTC,6
63195,3,pos,4,CTGACTGTAACCGTGACTGCCGCAACCCTTCTC,4
63195,3,pos,4,CTGACCGTGACCGTGACTGCCGCAACCCTTCTC,4
63195,3,pos,4,CTGACCGTAACCGTGACTGCCGCAACCCTCCTC,4
63195,3,pos,4,CTAACCGTAACCGTGACTGCCGCAACCCTTCTC,3
63195,3,pos,4,CTTACCGTTACGGTAACCGCTGCGACACTCCTG,3
63195,3,pos,4,CTGACCGTTACCGTGACTGCCGCAACCCTTCTC,2
63195,3,pos,4,CTGACCGTAACCGTCACTGCCGCAACCCTTCTC,2
63195,3,pos,4,CTGACCGTAACCGTGACTGCAGCAACCCTTCTC,2
63195,3,pos,4,CTGACCGTAACCGTAACTGCCGCAACCCTTCTC,1
63195,3,pos,4,CTGACAGTAACCGTGACTGCCGCAACCCTTCTC,1
63195,3,pos,4,CTTACGGTCACCGTGACGGCCGCGACACTTCTG,1
63195,3,pos,4,CTGACCGTAACCGTGACTGCGGCAACCCTTCTC,1
63195,3,pos,4,CTGACCGTTACCGTCACTGCAGCCACGCTTCTT,1
63195,3,pos,4,CTTACCGTTACGGTAACTGCCGCCACGCTTCTG,1
63195,3,pos,4,CTGACCGTAACCGTGACCGCCGCAACCCTTCTC,1
63195,3,pos,4,CTGACCGTAACAGTGACTGCCGCAACCCTTCTC,1
63195,3,pos,4,CTGACCGTAACCGTGACTGCCGCAACGCTTCTC,1
63195,3,pos,5,CTAACAGTTACCGTCACTGCAGCGACACTACTT,26881
63195,3,pos,5,CTAACAGTTACCGTCACTGCAGCTACACTACTT,14
63195,3,pos,5,CTAACAGTTACCGTCACTGCAGCGACACTGCTT,8
63195,3,pos,5,CTAACAGTTACCGTCACTGCAGCCACACTACTT,8
63195,3,pos,5,CTGACAGTCACAGTGACTGCCGCGACTCTTCTT,5
63195,3,pos,5,CTAACAGTTACTGTCACTGCAGCGACACTACTT,4
63195,3,pos,5,CTCACGGTTACTGTGACCGCGGCGACCCTACTT,4
63195,3,pos,5,CTAACAGTTACCGTCACTGCAGCGACACTACTC,4
63195,3,pos,5,CTAACAGTTACCGTCACTGCTGCGACACTACTT,3
63195,3,pos,5,CTAACAGTTACCGTTACTGCAGCGACACTACTT,3
63195,3,pos,5,CTAACGGTTACCGTCACTGCAGCGACACTACTT,3
63195,3,pos,5,CTAACAGTCACCGTCACTGCAGCGACACTACTT,3
63195,3,pos,5,CTAACAGTTACCGTCACTGCAGCAACACTACTT,2
63195,3,pos,5,CTAACAGTTACCGTCACTGCAGCGACACTCCTT,2
63195,3,pos,5,CTTACAGTTACCGTTACAGCAGCCACACTCCTG,2
63195,3,pos,5,CTAACAGTTACCGTCACTGCAGCGACACTTCTT,2
63195,3,pos,5,CTAACAGTTACCGTAACTGCAGCGACACTACTT,1
63195,3,pos,5,CTAACAGTTACCGTCACTGCGGCGACACTACTT,1
63195,3,pos,5,CTAACAGTTACCGTCACTGCAGCGACACTACTA,1
63195,3,pos,5,CTAACAGTTACCGTCACCGCAGCGACACTACTT,1
63195,3,pos,5,CTTACCGTAACGGTAACTGCCGCCACGCTGCTT,1
63195,3,pos,5,CTAACAGTTACCGTTACTGCAGCGACCCTACTA,1
63195,3,pos,5,CTGACTGTTACCGTCACTGCAGCGACACTTCTT,1
63195,3,pos,5,CTCACCGTTACTGTCACTGCAGCAACCCTACTT,1
63195,3,pos,5,CTCACGGTAACCGTGACAGCAGCAACTCTCCTA,1
63195,3,pos,5,CTAACAGTTACCGTCACTGCAGCGACTCTACTT,1
63195,3,pos,5,CTAACAGTTACTGTCACTGCAGCTACACTACTT,1
63195,3,pos,5,CTTACAGTTACCGTGACCGCTGCTACGCTACTT,1
63195,3,pos,5,CTGACTGTTACTGTCACGGCTGCCACTCTCCTT,1
63195,3,pos,6,CTAACTGTTACGGTCACTGCAGCGACACTCCTA,39026
63195,3,pos,6,CTGACTGTGACCGTGACTGCTGCCACTCTACTA,50
63195,3,pos,6,CTAACTGTTACGGTCACTGCAGCGACACTCCTT,12
63195,3,pos,6,CTAACTGTTACTGTCACTGCAGCGACACTCCTA,12
63195,3,pos,6,CTCACTGTCACGGTCACCGCAGCCACACTGCTC,11
63195,3,pos,6,CTAACTGTTACGGTCACTGCAGCTACACTCCTA,7
63195,3,pos,6,CTAACTGTTACGGTTACTGCAGCGACACTCCTA,3
63195,3,pos,6,CTAACTGTTACCGTCACTGCAGCGACACTCCTA,3
63195,3,pos,6,CTAACTGTCACGGTCACTGCAGCGACACTCCTA,3
63195,3,pos,6,CTAACTGTTACGGTCACTGCTGCGACACTCCTA,3
63195,3,pos,6,CTCACCGTTACTGTCACTGCAGCAACCCTACTT,2
63195,3,pos,6,CTGACTGTGACTGTAACTGCTGCTACCCTTCTC,2
63195,3,pos,6,CTAACTGTTACGGTCACTGCAGCGACACTTCTA,2
63195,3,pos,6,CTGACCGTCACTGTCACTGCCGCCACGCTTCTA,2
63195,3,pos,6,CTAACTGTTACAGTCACTGCAGCGACACTACTA,1
63195,3,pos,6,CTTACAGTTACCGTTACAGCAGCCACACTCCTG,1
63195,3,pos,6,CTGACAGTTACCGTCACTGCAGCTACCCTCCTA,1
63195,3,pos,6,CTAACTGTTACGGTCACAGCAGCGACACTCCTA,1
63195,3,pos,6,CTAACCGTTACTGTTACTGCAGCAACTCTCCTT,1
63195,3,pos,6,CTAACTGTTACGGTCACTGCAGCAACACTCCTT,1
63195,3,pos,6,CTGACGGTAACAGTGACAGCAGCAACCCTACTC,1
63195,3,pos,6,CTAACTGTTACGGTCACTGCAGCAACACTCCTA,1
63195,3,pos,6,CTCACGGTTACCGTCACCGCCGCCACTCTACTG,1
63195,3,pos,6,CTTACAGTTACGGTCACTGCAGCCACGCTTCTC,1
63195,3,pos,6,CTGACTGTGACCGTGACTGCTGCCACTCTACTT,1
63195,3,pos,6,CTTACTGTCACCGTTACCGCAGCAACACTACTT,1
63195,3,pos,6,CTAACTGTTACGGTCACTGCAGCCACACTCCTA,1
63195,3,pos,6,CTGACGGTAACAGTGACAGCAGCAACCCTACTT,1
63195,3,pos,6,CTAACTGTTACGGTCACTGCAGCCACGCTCCTT,1
63195,3,pos,6,CTAACTGTTACGGTCACTGCAGCGACACTGCTA,1
63195,3,pos,6,CTAACTGTTACGGTCACTGCGGCGACACTCCTA,1
63195,3,pos,6,CTAACTGTTACCGTTACAGCAGCGACACTCCTA,1
63195,3,pos,6,CTGACTGTTACCGTCACTGCTGCCACTCTCCTA,1
63195,3,pos,6,CTAACTGTAACGGTAACTGCGGCAACCCTCCTA,1
63195,3,pos,6,CTGACTGTTACGGTCACTGCAGCGACACTCCTA,1
63195,3,pos,6,CTAACTGTTACAGTCACTGCAGCGACACTCCTA,1
63195,3,pos,6,CTAACAGTTACGGTCACCGCAGCAACGCTTCTT,1
63195,3,pos,6,CTGACAGTAACCGTTACAGCCGCTACTCTGCTT,1
63195,3,pos,6,CTCACTGTTACGGTCACTGCAGCGACACTCCTA,1
63195,3,pos,6,CTGACAGTTACTGTCACTGCTGCTACCCTCCTA,1
63195,3,pos,6,CTGACGGTAACAGTGACTGCAGCAACCCTACTT,1
63195,3,pos,6,CTAACTGTTACGGTCACTGCCGCGACACTCCTA,1
63195,3,pos,6,CTGACTGTTACTGTCACTGCAGCGACACTCCTT,1
63195,3,pos,6,CTCACTGTCACTGTCACTGCCGCCACTCTTCTT,1
63195,3,pos,6,CTAACTGTTACGGTCACTGCAGCGACCCTCCTT,1
63195,3,pos,6,CTGACGGTTACAGTTACAGCAGCAACCCTACTT,1
63195,3,pos,6,CTTACTGTTACCGTAACCGCCGCTACTCTCCTT,1
63195,3,pos,6,CTAACTGTTACAGTTACTGCAGCGACTCTACTT,1
63195,3,pos,6,CTAACTGTTACGGTAACTGCAGCGACACTCCTA,1
63195,3,pos,6,CTAACTGTAACGGTCACTGCAGCAACACTCCTA,1
63195,3,pos,6,CTAACCGTCACAGTAACCGCAGCTACCCTGCTG,1
63195,3,pos,6,CTCACAGTTACGGTCACCGCAGCCACCCTCCTT,1
63195,3,pos,7,CTGACTGTTACTGTCACGGCTGCCACTCTCCTT,29815
63195,3,pos,7,CTTACTGTTACTGTCACGGCTGCCACTCTCCTT,20
63195,3,pos,7,CTCACTGTTACTGTCACGGCTGCCACTCTCCTT,8
63195,3,pos,7,CTGACTGTTACTGTCACTGCTGCCACTCTCCTT,7
63195,3,pos,7,CTGACTGTGACTGTAACTGCTGCTACCCTTCTC,6
63195,3,pos,7,CTGACCGTTACTGTCACGGCTGCCACTCTCCTT,4
63195,3,pos,7,CTGACTGTTACTGTCACGGCTGCCACTCTCCTC,4
63195,3,pos,7,CTGACTGTTACTGTTACGGCTGCCACTCTCCTT,3
63195,3,pos,7,CTGACTGTTACTGTCACGGCTGCTACTCTCCTT,3
63195,3,pos,7,CTAACGGTAACGGTAACGGCGGCAACCCTCCTT,2
63195,3,pos,7,CTAACTGTTACTGTCACGGCTGCCACTCTCCTT,2
63195,3,pos,7,CTGACTGTTACTGTCACGGCCGCCACTCTCCTT,2
63195,3,pos,7,CTGACTGTTACCGTCACGGCTGCCACTCTCCTT,2
63195,3,pos,7,CTCACAGTCACAGTAACTGCTGCTACGCTCCTG,2
63195,3,pos,7,CTGACTGTTACTGTCACCGCTGCCACTCTCCTT,2
63195,3,pos,7,CTGACTGTTACTGTCACGGCTGCCACTCTTCTT,2
63195,3,pos,7,CTCACAGTTACAGTCACCGCAGCCACTCTGCTG,1
63195,3,pos,7,CTGACTGTTACTGTCACGGCTGCCACTCTACTT,1
63195,3,pos,7,CTGACGGTAACAGTGACAGCAGCAACCCTACTT,1
63195,3,pos,7,CTGACAGTCACAGTGACTGCCGCGACTCTTCTT,1
63195,3,pos,7,CTCACCGTTACTGTCACTGCAGCAACCCTACTT,1
63195,3,pos,7,CTGACTGTTACTGTAACGGCTGCCACTCTCCTT,1
63195,3,pos,7,CTAACCGTTACTGTGACGGCTGCAACGCTTCTG,1
63195,3,pos,7,CTGACTGTTACTGTCACGGCTGCCACACTCCTT,1
63195,3,pos,7,CTTACCGTCACCGTAACCGCAGCCACTCTACTC,1
63195,3,pos,7,CTCACGGTTACCGTCACCGCCGCCACTCTACTG,1
63195,3,pos,7,CTGACTGTTACTGTTACTGCTGCCACTCTACTT,1
63195,3,pos,7,CTGACTGTTACAGTCACGGCTGCCACTCTCCTT,1
63195,3,pos,7,CTGACTGTTACTGTCACGGCTGCCACTCTCCTG,1
63195,3,pos,7,CTAACCGTAACTGTGACGGCTGCAACGCTTCTG,1
63195,3,pos,7,CTGACTGTTACTGTCACGGCTGCAACTCTCCTT,1
63195,3,pos,7,CTGACTGTTACTGTCACGGCTGCCACCCTCCTT,1
63195,3,pos,7,CTCACTGTTACCGTCACTGCAGCTACCCTGCTC,1
63195,3,pos,7,CTGACGGTTACTGTCACGGCTGCCACTCTCCTT,1
63195,3,pos,7,CTAACCGTCACTGTGACCGCGGCCACCCTACTG,1
63195,3,pos,8,CTCACCGTTACTGTCACTGCAGCAACCCTACTT,45801
63195,3,pos,8,CTCACCGTTACTGTCACTGCAGCAACCCTACTC,8
63195,3,pos,8,CTTACCGTTACTGTCACTGCAGCAACCCTACTT,6
63195,3,pos,8,CTCACCGTTACTGTCACTGCGGCAACCCTACTT,5
63195,3,pos,8,CTCACGGTGACCGTAACCGCAGCGACTCTGCTC,4
63195,3,pos,8,CTCACCGTTACTGTCACTGCAGCAACCCTCCTT,3
63195,3,pos,8,CTCACTGTTACTGTCACTGCAGCAACCCTACTT,3
63195,3,pos,8,CTCACCGTTACTGTCACTGCAGCGACCCTACTT,3
63195,3,pos,8,CTCACCGTTACTGTCACTGCAGCAACTCTACTT,2
63195,3,pos,8,CTAACCGTTACTGTCACTGCAGCAACCCTACTT,2
63195,3,pos,8,CTCACCGTTACTGTCACTGCAGCAACCCTGCTT,2
63195,3,pos,8,CTCACCGTTACTGTTACTGCAGCAACCCTACTT,2
63195,3,pos,8,CTCACCGTTACTGTCACTGCCGCAACCCTACTT,2
63195,3,pos,8,CTCACCGTTACCGTCACTGCAGCAACCCTACTT,2
63195,3,pos,8,CTCACCGTTACTGTCACCGCAGCAACCCTACTT,2
63195,3,pos,8,CTAACTGTTACGGTAACAGCTGCGACGCTTCTC,1
63195,3,pos,8,CTCACGGTTACTGTAACTGCAGCAACCCTACTT,1
63195,3,pos,8,CTCACCGTTACTGTCACTGCAGCAACCCTACTG,1
63195,3,pos,8,CTTACAGTTACCGTTACAGCAGCCACACTCCTG,1
63195,3,pos,8,CTCACCGTTACTGTAACTGCAGCAACCCTACTT,1
63195,3,pos,8,CTAACTGTAACCGTCACTGCGGCAACTCTGCTC,1
63195,3,pos,8,CTCACCGTTACTGTCACTGCTGCAACCCTACTT,1
63195,3,pos,8,CTCACCGTTACTGTCACTGCAGCAACACTACTT,1
63195,3,pos,8,CTGACCGTCACTGTCACTGCCGCCACGCTTCTA,1
63195,3,pos,8,CTGACCGTTACTGTCACTGCAGCAACGCTTCTT,1
63195,3,pos,8,CTCACCGTTACGGTCACTGCAGCAACCCTCCTT,1
63195,3,pos,8,CTCACTGTTACCGTCACTGCAGCAACCCTTCTA,1
63195,3,pos,8,CTCACGGTTACTGTGACCGCGGCGACCCTACTT,1
63195,3,pos,8,CTCACCGTTACTGTCACTGCAGCCACCCTACTT,1
63195,3,pos,8,CTCACCGTTACTGTCACTGCAGCAACCCTACTA,1
63195,3,pos,9,CTGACAGTTACCGTTACAGCAGCCACGCTTCTG,17705
63195,3,pos,9,CTGACAGTTACCGTTACAGCAGCCACGCTTCTT,18
63195,3,pos,9,CTGACAGTTACCGTTACAGCAGCCACTCTTCTG,15
63195,3,pos,9,CTTACAGTTACCGTTACAGCAGCCACGCTTCTG,6
63195,3,pos,9,CTGACAGTTACTGTTACAGCAGCCACGCTTCTG,6
63195,3,pos,9,CTGACAGTTACCGTTACAGCAGCCACCCTTCTG,4
63195,3,pos,9,CTCACAGTTACCGTTACAGCAGCCACGCTTCTG,4
63195,3,pos,9,CTGACAGTTACCGTTACAGCGGCCACGCTTCTG,2
63195,3,pos,9,CTGACCGTTACCGTTACAGCAGCCACGCTTCTG,2
63195,3,pos,9,CTGACAGTTACCGTTACAGCAGCCACGCTTCTC,2
63195,3,pos,9,CTGACGGTTACCGTTACAGCAGCCACGCTTCTG,2
63195,3,pos,9,CTGACAGTTACAGTTACAGCAGCCACGCTTCTG,1
63195,3,pos,9,CTGACAGTTACCGTTACAGCAGCTACGCTTCTG,1
63195,3,pos,9,CTGACAGTTACCGTTACGGCAGCCACGCTTCTG,1
63195,3,pos,9,CTGACAGTCACCGTTACAGCAGCCACGCTTCTG,1
63195,3,pos,9,CTGACCGTTACTGTCACTGCAGCCACCCTACTT,1
63195,3,pos,9,CTGACAGTTACCGTTACAGCAGCCACGCTCCTG,1
63195,3,pos,9,CTGACAGTTACCGTTACAGCAGCCACGCTACTG,1
63195,3,pos,9,CTGACAGTTACCGTTACAGCAGCCACACTTCTG,1
63195,3,pos,10,CTTACCGTAACGGTAACTGCCGCCACGCTGCTT,19291
63195,3,pos,10,CTAACAGTCACGGTCACCGCCGCAACGCTTCTT,10125
63195,3,pos,10,CTAACCGTAACGGTAACTGCCGCAACGCTGCTT,72
63195,3,pos,10,CTAACAGTAACGGTAACCGCCGCAACGCTTCTT,60
63195,3,pos,10,CTAACAGTCACGGTCACCGCCGCCACGCTTCTT,48
63195,3,pos,10,CTAACGGTAACGGTAACGGCCGCAACGCTCCTT,39
63195,3,pos,10,CTTACCGTAACGGTAACTGCCGCCACGCTTCTT,34
63195,3,pos,10,CTTACCGTAACGGTAACTGCCGCAACGCTGCTT,27
63195,3,pos,10,CTTACCGTCACGGTCACCGCCGCCACGCTTCTT,26
63195,3,pos,10,CTAACAGTCACGGTCACTGCCGCAACGCTTCTT,13
63195,3,pos,10,CTTACCGTAACGGTAACTGCCGCCACTCTGCTT,12
63195,3,pos,10,CTAACAGTCACGGTCACCGCCGCAACGCTGCTT,10
63195,3,pos,10,CTTACCGTCACGGTAACTGCCGCCACGCTGCTT,10
63195,3,pos,10,CTTACCGTAACGGTAACCGCCGCAACGCTTCTT,9
63195,3,pos,10,CTTACCGTAACGGTAACTGCCGCAACGCTTCTT,9
63195,3,pos,10,CTAACAGTCACGGTCACCGCCGCAACTCTTCTT,8
63195,3,pos,10,CTTACCGTAACGGTAACTGCCGCCACCCTGCTT,7
63195,3,pos,10,CTTACCGTAACGGTAACTGCCGCCACGCTCCTT,7
63195,3,pos,10,CTAACAGTCACGGTCACCGCCGCAACGCTCCTT,7
63195,3,pos,10,CTCACTGTCACGGTCACCGCCGCCACGCTTCTT,7
63195,3,pos,10,CTAACCGTAACGGTAACTGCCGCAACGCTTCTT,7
63195,3,pos,10,CTTACCGTAACGGTAACTGCCGCTACGCTGCTT,6
63195,3,pos,10,CTAACCGTCACGGTCACCGCCGCAACGCTTCTT,6
63195,3,pos,10,CTAACCGTCACGGTCACCGCCGCCACGCTTCTT,6
63195,3,pos,10,CTAACAGTCACTGTCACCGCCGCAACGCTTCTT,6
63195,3,pos,10,CTAACCGTAACGGTAACTGCCGCCACGCTGCTT,5
63195,3,pos,10,CTTACCGTAACGGTAACGGCCGCAACGCTCCTT,5
63195,3,pos,10,CTTACCGTAACGGTCACTGCCGCCACGCTGCTT,5
63195,3,pos,10,CTTACTGTAACGGTAACTGCCGCCACGCTGCTT,5
63195,3,pos,10,CTAACAGTCACGGTAACGGCCGCAACGCTCCTT,4
63195,3,pos,10,CTAACAGTCACGGTAACCGCCGCAACGCTTCTT,4
63195,3,pos,10,CTAACAGTCACGGTCACCGCCGCAACCCTTCTT,4
63195,3,pos,10,CTAACAGTCACGGTCACCGCCGCAACGCTTCTC,4
63195,3,pos,10,CTTACCGTAACGGTAACTGCTGCCACGCTGCTT,4
63195,3,pos,10,CTAACCGTAACGGTCACCGCCGCCACGCTTCTT,4
63195,3,pos,10,CTTACCGTAACGGTCACCGCCGCAACGCTTCTT,4
63195,3,pos,10,CTTACCGTAACTGTAACTGCCGCCACGCTGCTT,4
63195,3,pos,10,CTTACCGTAACGGTAACTGCCGCAACGCTCCTT,4
63195,3,pos,10,CTTACCGTAACGGTAACCGCCGCCACGCTTCTT,3
63195,3,pos,10,CTTACAGTAACGGTAACCGCCGCCACGCTTCTT,3
63195,3,pos,10,CTAACCGTGACGGTCACCGCCGCGACGCTTCTT,3
63195,3,pos,10,CTAACAGTAACGGTCACCGCCGCAACGCTTCTT,3
63195,3,pos,10,CTAACAGTAACGGTAACGGCCGCAACGCTCCTT,3
63195,3,pos,10,CTTACAGTCACGGTCACCGCCGCAACGCTTCTT,3
63195,3,pos,10,CTTACCGTAACGGTAACTGCCGCCACGCTGCTC,3
63195,3,pos,10,CTTACCGTCACGGTCACTGCCGCCACGCTTCTT,3
63195,3,pos,10,CTTACCGTAACGGTAACCGCCGCCACGCTGCTT,3
63195,3,pos,10,CTTACCGTAACAGTAACTGCCGCCACGCTGCTT,3
63195,3,pos,10,CTAACCGTAACGGTAACCGCCGCAACGCTTCTT,2
63195,3,pos,10,CTGACAGTGACGGTGACGGCCGCCACGCTTCTT,2
63195,3,pos,10,CTTACCGTCACGGTCACTGCCGCCACGCTGCTT,2
63195,3,pos,10,CTTACCGTAACGGTGACTGCCGCCACGCTGCTT,2
63195,3,pos,10,CTAACAGTCACGGTCACCGCCGCAACACTTCTT,2
63195,3,pos,10,CTAACAGTCACGGTCACCGCCGCGACGCTTCTT,2
63195,3,pos,10,CTAACCGTCACGGTCACTGCCGCCACGCTTCTT,2
63195,3,pos,10,CTAACAGTCACGGTCACTGCCGCCACGCTGCTT,2
63195,3,pos,10,CTAACAGTCACGGTCACAGCCGCAACGCTTCTT,2
63195,3,pos,10,CTTACCGTTACGGTTACCGCCGCCACGCTTCTT,2
63195,3,pos,10,CTTACCGTAACCGTAACTGCCGCCACGCTGCTT,2
63195,3,pos,10,CTTACAGTAACGGTAACTGCCGCCACGCTGCTT,2
63195,3,pos,10,CTTACCGTCACGGTCACCGCCGCAACGCTTCTT,2
63195,3,pos,10,CTAACAGTCACGGTTACCGCCGCAACGCTTCTT,2
63195,3,pos,10,CTAACAGTCACGGTAACTGCCGCAACGCTGCTT,2
63195,3,pos,10,CTAACTGTCACGGTCACCGCCGCCACGCTTCTT,2
63195,3,pos,10,CTAACAGTAACGGTAACCGCCGCAACGCTCCTT,2
63195,3,pos,10,CTAACGGTCACGGTCACCGCCGCAACGCTTCTT,2
63195,3,pos,10,CTTACCGTAACGGTAACTGCCGCCACGCTACTT,2
63195,3,pos,10,CTTACCGTTACGGTAACTGCCGCCACGCTGCTT,2
63195,3,pos,10,CTTACCGTGACGGTAACTGCCGCCACGCTGCTT,2
63195,3,pos,10,CTTACCGTAACGGTAACGGCCGCAACGCTTCTT,1
63195,3,pos,10,CTAACAGTAACGGTAACTGCCGCCACGCTGCTT,1
63195,3,pos,10,CTAACGGTAACGGTAACGGCCGCAACCCTCCTT,1
63195,3,pos,10,CTTACGGTAACGGTAACGGCCGCAACGCTCCTT,1
63195,3,pos,10,CTAACCGTAACGGTAACTGCCGCAACCCTGCTT,1
63195,3,pos,10,CTCACCGTAACGGTAACTGCCGCCACGCTGCTT,1
63195,3,pos,10,CTAACAGTCACGGTCACTGCCGCAACGCTGCTT,1
63195,3,pos,10,CTAACAGTCACGGTCACCGCAGCAACGCTTCTT,1
63195,3,pos,10,CTTACCGTAACGGTCACCGCCGCCACGCTTCTT,1
63195,3,pos,10,CTAACAGTCACGGTCACCGCCGCTACGCTTCTT,1
63195,3,pos,10,CTTACCGTAACGGTAACTGCCGCCACTCTTCTT,1
63195,3,pos,10,CTAACCGTAACGGTAACGGCCGCAACGCTCCTT,1
63195,3,pos,10,CTGACTGTTACTGTCACGGCTGCCACTCTCCTT,1
63195,3,pos,10,CTTACAGTAACGGTCACCGCCGCCACGCTTCTT,1
63195,3,pos,10,CTAACAGTAACGGTAACCGCCGCCACGCTTCTT,1
63195,3,pos,10,CTTACCGTGACGGTCACCGCCGCCACGCTTCTT,1
63195,3,pos,10,CTAACCGTAACGGTCACTGCCGCAACGCTTCTT,1
63195,3,pos,10,CTAACGGTAACGGTAACGGCGGCAACCCTCCTT,1
63195,3,pos,10,CTAACAGTCACGGTCACCGCTGCAACGCTTCTT,1
63195,3,pos,10,CTGACAGTCACGGTCACTGCCGCAACGCTTCTT,1
63195,3,pos,10,CTAACCGTAACGGTCACCGCCGCAACGCTTCTT,1
63195,3,pos,10,CTTACCGTAACGGTAACTGCCGCCACACTGCTT,1
63195,3,pos,10,CTTACCGTAACGGTTACTGCCGCCACGCTGCTT,1
63195,3,pos,10,CTAACAGTCACGGTCACTGCCGCCACGCTTCTT,1
63195,3,pos,10,CTAACCGTCACGGTCACTGCCGCAACGCTGCTT,1
63195,3,pos,10,CTAACCGTAACGGTAACTGCCGCAACGCTCCTT,1
63195,3,pos,10,CTAACCGTCACGGTCACTGCCGCAACGCTTCTT,1
63195,3,pos,10,CTAACAGTAACGGTAACTGCCGCAACGCTTCTT,1
63195,3,pos,10,CTAACTGTCACGGTCACCGCCGCAACGCTTCTT,1
63195,3,pos,10,CTGACCGTCACGGTCACTGCCGCCACGCTTCTT,1
63195,3,pos,10,CTAACAGTCACGGTCACGGCCGCAACGCTTCTT,1
63195,3,pos,10,CTTACCGTCACGGTAACTGCCGCAACGCTGCTT,1
63195,3,pos,10,CTAACAGTAACGGTAACCGCCGCAACGCTGCTT,1
63195,3,pos,10,CTTACAGTCACGGTCACCGCCGCCACGCTTCTT,1
63195,3,pos,10,CTCACAGTGACGGTTACCGCCGCGACGCTTCTT,1
63195,3,pos,10,CTAACAGTCACGGTCACCGCCGCCACGCTGCTT,1
63195,3,pos,11,CTGACGGTCACAGTTACTGCTGCTACCCTGCTC,33984
63195,3,pos,11,CTGACGGTCACAGTTACTGCTGCTACCCTGCTT,32
63195,3,pos,11,CTTACGGTCACAGTTACTGCTGCTACCCTGCTC,21
63195,3,pos,11,CTGACTGTCACAGTTACTGCTGCTACCCTGCTC,19
63195,3,pos,11,CTCACGGTCACAGTTACTGCTGCTACCCTGCTC,13
63195,3,pos,11,CTGACCGTCACAGTTACTGCTGCTACCCTGCTC,11
63195,3,pos,11,CTGACGGTCACAGTTACTGCTGCTACCCTTCTC,9
63195,3,pos,11,CTGACGGTCACAGTCACTGCTGCTACCCTGCTC,5
63195,3,pos,11,CTGACGGTCACAGTTACTGCTGCTACTCTGCTC,5
63195,3,pos,11,CTGACGGTCACAGTTACTGCCGCTACCCTGCTC,4
63195,3,pos,11,CTGACAGTCACAGTTACTGCTGCTACCCTGCTC,3
63195,3,pos,11,CTGACGGTCACAGTTACAGCTGCTACCCTGCTC,3
63195,3,pos,11,CTGACGGTCACGGTTACTGCTGCTACCCTGCTC,3
63195,3,pos,11,CTGACGGTCACAGTTACTGCTGCTACCCTCCTC,2
63195,3,pos,11,CTGACTGTGACCGTGACTGCTGCCACTCTACTA,1
63195,3,pos,11,CTGACGGTCACAGTTACTGCGGCTACCCTGCTC,1
63195,3,pos,11,CTGACGGTCACAGTTACTGCTGCTACCCTACTC,1
63195,3,pos,11,CTAACGGTCACAGTTACTGCTGCTACCCTGCTC,1
63195,3,pos,11,CTGACGGTCACAGTTACTGCTGCTACGCTGCTC,1
63195,3,pos,11,CTGACGGTCACAGTTACTGCTGCGACCCTGCTC,1
63195,3,pos,11,CTGACGGTTACAGTTACTGCTGCTACCCTGCTC,1
63195,3,pos,11,CTCACTGTCACAGTTACTGCTGCTACCCTGCTC,1
63195,3,pos,11,CTGACGGTCACAGTTACTGCTGCCACCCTGCTC,1
63195,3,pos,11,CTGACGGTAACGGTAACGGCGGCAACCCTCCTT,1
63195,3,pos,12,CTCACCGTTACTGTCACTGCAGCAACCCTACTT,27740
63195,3,pos,12,CTCACTGTTACTGTCACTGCAGCAACCCTACTT,12
63195,3,pos,12,CTCACCGTTACTGTCACTGCAGCGACCCTACTT,5
63195,3,pos,12,CTCACCGTTACTGTCACTGCAGCAACCCTGCTT,4
63195,3,pos,12,CTCACCGTTACTGTCACTGCAGCAACTCTACTT,4
63195,3,pos,12,CTCACCGTCACTGTCACTGCAGCAACCCTACTT,3
63195,3,pos,12,CTAACCGTTACTGTCACTGCAGCAACCCTACTT,2
63195,3,pos,12,CTTACCGTTACTGTCACTGCAGCAACCCTACTT,2
63195,3,pos,12,CTCACCGTTACTGTCACTGCGGCAACCCTACTT,2
63195,3,pos,12,CTCACCGTTACTGTCACTGCAGCAACCCTTCTT,2
63195,3,pos,12,CTCACCGTTACTGTCACTGCAGCTACCCTACTT,1
63195,3,pos,12,CTGACAGTTACCGTTACAGCAGCCACGCTTCTT,1
63195,3,pos,12,CTCACCGTTACTGTCACGGCAGCAACCCTACTT,1
63195,3,pos,12,CTCACCGTTACTGTCACTGCAGCAACCCTACTA,1
63195,3,pos,12,CTCACCGTTACTGTCACTGCAGCAACGCTACTT,1
63195,3,pos,12,CTCACAGTTACTGTCACTGCAGCAACCCTACTT,1
63195,3,pos,12,CTCACCGTTACTGTCACTGCAGCAACCCTCCTT,1
63195,3,pos,12,CTGACCGTCACTGTAACTGCCGCTACTCTCCTT,1
63195,3,pos,12,CTCACCGTTACTGTAACTGCAGCAACCCTACTT,1
63195,3,pos,12,CTCACCGTTACTGTCACTGCTGCAACCCTACTT,1
63195,3,pos,12,CTCACCGTTACTGTCACTGCAGCAACCCTACTC,1
63195,3,pos,12,CTCACCGTTACCGTCACTGCAGCAACCCTACTT,1
63195,3,pos,13,CTTACTGTTACAGTCACTGCAGCCACTCTGCTT,36466
63195,3,pos,13,CTGACTGTTACTGTCACGGCTGCCACTCTCCTT,18
63195,3,pos,13,CTTACTGTTACAGTCACTGCAGCTACTCTGCTT,9
63195,3,pos,13,CTTACTGTTACAGTCACTGCAGCCACTCTCCTT,7
63195,3,pos,13,CTTACGGTTACTGTTACAGCTGCGACTCTGCTG,7
63195,3,pos,13,CTTACTGTTACAGTCACTGCAGCCACTCTGCTC,5
63195,3,pos,13,CTTACTGTTACAGTCACTGCAGCCACTCTTCTT,5
63195,3,pos,13,CTTACTGTTACAGTCACTGCAGCCACACTGCTT,4
63195,3,pos,13,CTTACTGTTACAGTCACTGCTGCCACTCTGCTT,3
63195,3,pos,13,CTTACTGTCACAGTCACTGCAGCCACTCTGCTT,3
63195,3,pos,13,CTTACCGTTACAGTCACTGCAGCCACTCTGCTT,2
63195,3,pos,13,CTCACTGTTACAGTCACTGCAGCCACTCTGCTT,2
63195,3,pos,13,CTTACTGTTACAGTCACTGCGGCCACTCTGCTT,2
63195,3,pos,13,CTTACTGTTACGGTCACTGCAGCCACTCTGCTT,2
63195,3,pos,13,CTTACTGTTACAGTCACGGCAGCCACTCTCCTT,2
63195,3,pos,13,CTCACAGTCACCGTGACCGCTGCGACCCTACTT,2
63195,3,pos,13,CTTACTGTTACAGTCACCGCAGCCACTCTGCTT,2
63195,3,pos,13,CTTACTGTTACTGTCACTGCAGCCACTCTGCTT,1
63195,3,pos,13,CTCACTGTTACAGTTACTGCTGCCACTCTACTT,1
63195,3,pos,13,CTGACGGTTACAGTGACAGCAGCAACCCTACTT,1
63195,3,pos,13,CTTACTGTTACAGTGACTGCAGCCACTCTGCTT,1
63195,3,pos,13,CTTACTGTTACAGTTACTGCAGCCACTCTGCTT,1
63195,3,pos,13,CTTACTGTAACAGTCACTGCAGCCACTCTGCTT,1
63195,3,pos,13,CTTACTGTTACAGTCACTGCAGCCACCCTGCTT,1
63195,3,pos,13,CTGACAGTTACCGTTACAGCAGCCACGCTTCTG,1
63195,3,pos,13,CTGACTGTTACTGTCACCGCTGCCACTCTCCTT,1
63195,3,pos,13,CTTACTGTTACAGTCACGGCAGCCACTCTGCTT,1
63195,3,pos,13,CTTACTGTTACAGTCACTGCAGCCACTCTACTT,1
63195,3,pos,13,CTGACTGTTACTGTCACGGCAGCCACTCTCCTT,1
63195,3,pos,13,CTAACTGTCACTGTAACAGCCGCTACACTTCTC,1
63195,3,pos,13,CTCACAGTTACTGTCACAGCAGCCACGCTGCTT,1
63195,3,pos,13,CTAACCGTCACAGTAACCGCAGCTACCCTGCTG,1
63195,3,pos,13,CTTACTGTTACCGTCACTGCAGCCACTCTGCTT,1
63195,3,pos,13,CTTACTGTTACAGTCACTGCAGCAACTCTGCTT,1
63195,3,pos,13,CTCACGGTTACTGTGACCGCGGCGACCCTACTT,1
63195,3,pos,14,CTAACCGTCACTGTTACCGCTGCTACTCTGCTT,35575
63195,3,pos,14,CTAACTGTCACTGTTACCGCTGCTACTCTGCTT,8
63195,3,pos,14,CTAACCGTCACTGTTACCGCTGCTACTCTCCTT,7
63195,3,pos,14,CTAACCGTCACTGTTACCGCTGCTACTCTGCTC,5
63195,3,pos,14,CTAACCGTCACTGTTACCGCTGCTACTCTTCTT,3
63195,3,pos,14,CTAACCGTCACTGTTACTGCTGCTACTCTGCTT,3
63195,3,pos,14,CTAACCGTCACTGTTACCGCTGCTACCCTGCTT,3
63195,3,pos,14,CTAACCGTCACTGTTACCGCCGCTACTCTGCTT,2
63195,3,pos,14,CTAACCGTCACTGTCACCGCTGCTACTCTGCTT,2
63195,3,pos,14,CTGACCGTCACTGTTACCGCTGCTACTCTGCTT,2
63195,3,pos,14,CTTACAGTTACCGTTACAGCAGCCACACTCCTG,2
63195,3,pos,14,CTAACCGTCACCGTTACCGCTGCTACTCTGCTT,2
63195,3,pos,14,CTAACCGTGACTGTTACCGCTGCTACTCTGCTT,1
63195,3,pos,14,CTAACCGTCACGGTTACCGCTGCTACTCTGCTT,1
63195,3,pos,14,CTAACCGTCACAGTTACCGCTGCTACTCTGCTT,1
63195,3,pos,14,CTAACCGTAACTGTTACCGCTGCTACTCTGCTT,1
63195,3,pos,14,CTAACCGTTACTGTTACCGCTGCTACTCTGCTT,1
63195,3,pos,14,CTAACCGTCACTGTTACGGCTGCTACTCTGCTT,1
63195,3,pos,14,CTTACTGTTACAGTAACTGCAGCCACTCTCCTT,1
63195,3,pos,14,CTAACCGTCACTGTTACCGCTGCTACACTCCTT,1
63195,3,pos,18,CTAACCGTAACTGTGACGGCTGCAACGCTTCTG,14339
63195,3,pos,18,CTAACCGTAACTGTGACGGCTGCAACGCTTCTT,8
63195,3,pos,18,CTAACTGTAACTGTGACGGCTGCAACGCTTCTG,8
63195,3,pos,18,CTAACCGTAACTGTTACGGCTGCAACGCTTCTG,4
63195,3,pos,18,CTAACCGTAACTGTGACTGCTGCAACGCTTCTG,3
63195,3,pos,18,CTAACCGTAACTGTGACCGCTGCAACGCTTCTG,3
63195,3,pos,18,CTAACCGTAACTGTGACGGCTGCAACACTTCTG,3
63195,3,pos,18,CTAACCGTGACTGTGACGGCTGCAACGCTTCTG,3
63195,3,pos,18,CTAACCGTAACTGTGACGGCTGCAACCCTTCTG,2
63195,3,pos,18,CTCACCGTTACTGTCACTGCAGCAACCCTACTT,2
63195,3,pos,18,CTAACCGTAACTGTCACGGCTGCAACGCTTCTG,2
63195,3,pos,18,CTAACCGTAACTGTGACGGCTGCAACTCTTCTG,2
63195,3,pos,18,CTGACGGTAACAGTGACAGCAGCAACCCTACTC,1
63195,3,pos,18,CTAACCGTAACCGTGACCGCTGCAACGCTTCTG,1
63195,3,pos,18,CTAACCGTAACCGTGACGGCTGCAACGCTTCTG,1
63195,3,pos,18,CTAACCGTAACTGTGACGGCCGCAACGCTTCTG,1
63195,3,pos,18,CTGACTGTGACCGTGACTGCTGCCACTCTACTA,1
63195,3,pos,18,CTTACCGTAACTGTGACGGCTGCAACGCTTCTG,1
63195,3,pos,18,CTAACCGTAACTGTAACGGCTGCAACGCTTCTG,1
63195,3,pos,18,CTAACGGTAACGGTAACGGCGGCAACCCTCCTT,1
63195,3,pos,18,CTCACAGTTACAGTCACCGCAGCCACTCTGCTG,1
63195,3,pos,18,CTGACGGTAACAGTGACAGCAGCAACCCTACTT,1
63195,3,pos,18,CTGACCGTAACCGTGACTGCCGCAACCCTTCTC,1
63195,3,pos,18,CTAACTGTTACGGTAACAGCTGCGACGCTTCTC,1
63195,3,pos,18,CTAACTGTTACCGTTACTGCAGCCACTCTACTT,1
63195,3,pos,18,CTAACCGTTACTGTGACGGCTGCAACGCTTCTG,1
63195,3,pos,18,CTTACAGTTACCGTGACCGCTGCTACGCTACTT,1
63195,3,pos,18,CTGACCGTAACCGTCACAGCTGCGACTCTGCTG,1
63195,3,pos,18,CTGACCGTCACTGTAACTGCCGCTACTCTCCTT,1
63195,3,pos,18,CTAACCGTAACTGTGACGGCGGCAACGCTTCTG,1
63195,3,pos,18,CTAACCGTAACTGTGACAGCTGCAACGCTTCTG,1
63195,3,pos,19,CTCACGGTTACCGTCACCGCCGCCACTCTACTG,19535
63195,3,pos,19,CTCACGGTTACCGTCACCGCCGCCACTCTACTT,35
63195,3,pos,19,CTCACTGTTACCGTCACCGCCGCCACTCTACTG,7
63195,3,pos,19,CTCACGGTTACTGTCACCGCCGCCACTCTACTG,6
63195,3,pos,19,CTCACCGTTACCGTCACCGCCGCCACTCTACTG,4
63195,3,pos,19,CTCACGGTTACCGTCACTGCCGCCACTCTACTG,3
63195,3,pos,19,CTCACGGTTACAGTCACCGCCGCCACTCTACTG,3
63195,3,pos,19,CTCACGGTTACCGTCACCGCCGCCACTCTCCTG,3
63195,3,pos,19,CTCACGGTTACCGTCACCGCCGCCACCCTACTG,2
63195,3,pos,19,CTCACGGTTACCGTCACCGCAGCCACTCTACTG,2
63195,3,pos,19,CTTACGGTTACCGTCACCGCCGCCACTCTACTG,2
63195,3,pos,19,CTCACGGTTACCGTCACCGCCGCTACTCTACTG,2
63195,3,pos,19,CTCACGGTTACCGTCACCGCCGCCACTCTGCTG,2
63195,3,pos,19,CTCACGGTTACCGTCACCGCTGCCACTCTACTG,2
63195,3,pos,19,CTCACGGTTACCGTCACAGCCGCCACTCTACTG,2
63195,3,pos,19,CTCACGGTTACCGTTACCGCCGCCACTCTACTG,2
63195,3,pos,19,CTCACGGTCACCGTCACCGCCGCCACTCTACTG,2
63195,3,pos,19,CTCACGGTTACCGTCACCGCCGCCACACTACTG,1
63195,3,pos,19,CTGACAGTTACCGTCACTGCTGCTACCCTTCTC,1
63195,3,pos,19,CTCACGGTTACCGTGACCGCCGCCACTCTACTG,1
63195,3,pos,19,CTCACGGTTACCGTCACCGCCGCCACTCTACTC,1
63195,3,pos,19,CTCACAGTTACAGTCACCGCAGCCACTCTGCTG,1
63195,3,pos,19,CTCACGGTTACGGTCACCGCCGCCACTCTACTG,1
63195,3,pos,19,CTGACTGTCACTGTTACAGCTGCTACACTACTT,1
63195,3,pos,19,CTTACAGTTACCGTGACCGCTGCTACGCTACTT,1
63195,3,pos,19,CTAACCGTCACTGTGACCGCGGCCACCCTACTG,1
63195,3,pos,19,CTGACGGTAACAGTGACAGCAGCAACCCTACTT,1
63195,3,pos,20,CTGACAGTTACCGTTACAGCAGCCACGCTTCTG,24756
63195,3,pos,20,CTGACAGTTACCGTCACAGCAGCCACGCTTCTG,943
63195,3,pos,20,CTGACAGTTACCGTTACAGCAGCCACTCTTCTG,19
63195,3,pos,20,CTGACAGTTACCGTTACAGCAGCCACGCTTCTT,19
63195,3,pos,20,CTCACAGTTACCGTTACAGCAGCCACGCTTCTG,8
63195,3,pos,20,CTGACAGTTACTGTTACAGCAGCCACGCTTCTG,8
63195,3,pos,20,CTTACAGTTACCGTTACAGCAGCCACGCTTCTG,8
63195,3,pos,20,CTGACAGTTACCGTTACAGCAGCCACACTTCTG,7
63195,3,pos,20,CTGACAGTTACCGTTACAGCAGCCACCCTTCTG,5
63195,3,pos,20,CTGACAGTTACCGTTACAGCAGCTACGCTTCTG,4
63195,3,pos,20,CTGACAGTTACCGTTACAGCTGCCACGCTTCTG,3
63195,3,pos,20,CTGACAGTTACCGTAACAGCAGCCACGCTTCTG,3
63195,3,pos,20,CTGACGGTTACCGTTACAGCAGCCACGCTTCTG,3
63195,3,pos,20,CTGACAGTTACCGTTACTGCAGCCACGCTTCTG,3
63195,3,pos,20,CTGACAGTTACCGTTACAGCGGCCACGCTTCTG,2
63195,3,pos,20,CTGACAGTTACCGTTACAGCAGCCACGCTTCTC,2
63195,3,pos,20,CTAACAGTTACCGTTACAGCAGCCACGCTTCTG,2
63195,3,pos,20,CTGACAGTTACCGTCACGGCAGCCACGCTTCTG,2
63195,3,pos,20,CTGACGGTTACCGTCACAGCAGCCACGCTTCTG,1
63195,3,pos,20,CTGACTGTAACTGTTACAGCCGCTACGCTTCTA,1
63195,3,pos,20,CTGACAGTTACCGTTACAGCAGCAACGCTTCTG,1
63195,3,pos,20,CTAACTGTAACCGTCACTGCGGCAACTCTGCTC,1
63195,3,pos,20,CTGACAGTTACCGTTACAGCAGCCACGCTCCTG,1
63195,3,pos,20,CTCACTGTCACCGTAACCGCAGCAACCCTTCTA,1
63195,3,pos,20,CTGACAGTCACCGTTACAGCAGCCACGCTTCTG,1
63195,3,pos,20,CTGACAGTTACAGTTACAGCAGCCACGCTTCTG,1
63195,3,pos,20,CTGACAGTTACCGTTACGGCAGCCACGCTTCTG,1
63195,3,pos,20,CTGACAGTTACCGTTACAGCAGCCACGCTTCTA,1
63195,3,pos,20,CTTACAGTTACCGTTACAGCAGCCACACTCCTG,1
63195,3,pos,20,CTTACTGTTACAGTCACTGCAGCCACTCTGCTT,1
63195,3,pos,20,CTGACAGTTACCGTTACAGCCGCCACGCTTCTG,1
63195,3,pos,20,CTGACAGTTACCGTCACAGCTGCCACGCTTCTG,1
63195,3,pos,21,CTGACAGTTACCGTTACAGCAGCCACGCTTCTG,21886
63195,3,pos,21,CTGACAGTTACCGTTACAGCAGCCACGCTTCTT,12
63195,3,pos,21,CTGACAGTTACCGTTACAGCAGCCACTCTTCTG,12
63195,3,pos,21,CTCACAGTTACCGTTACAGCAGCCACGCTTCTG,9
63195,3,pos,21,CTTACAGTTACCGTTACAGCAGCCACGCTTCTG,8
63195,3,pos,21,CTGACAGTTACCGTTACGGCAGCCACGCTTCTG,6
63195,3,pos,21,CTGACAGTTACTGTTACAGCAGCCACGCTTCTG,5
63195,3,pos,21,CTGACGGTTACCGTTACAGCAGCCACGCTTCTG,5
63195,3,pos,21,CTGACAGTTACCGTCACAGCAGCCACGCTTCTG,4
63195,3,pos,21,CTGACAGTCACCGTTACAGCAGCCACGCTTCTG,4
63195,3,pos,21,CTGACAGTTACCGTTACAGCAGCCACACTTCTG,3
63195,3,pos,21,CTGACAGTTACCGTTACAGCAGCTACGCTTCTG,2
63195,3,pos,21,CTGACGGTAACAGTGACAGCAGCAACCCTACTT,1
63195,3,pos,21,CTGACTGTTACCGTTACAGCAGCCACGCTTCTG,1
63195,3,pos,21,CTGACAGTGACCGTTACAGCAGCCACGCTTCTG,1
63195,3,pos,21,CTCACCGTTACTGTCACTGCAGCAACCCTACTT,1
63195,3,pos,21,CTTACCGTTACTGTAACGGCCGCAACGCTGCTT,1
63195,3,pos,21,CTGACAGTTACCGTTACAGCAGCCACCCTTCTG,1
63195,3,pos,21,CTGACAGTTACCGTTACTGCAGCCACGCTTCTG,1
63195,3,pos,21,CTAACAGTTACCGTTACAGCAGCCACGCTTCTG,1
63195,3,pos,21,CTGACAGTTACCGTTACAGCTGCCACGCTTCTG,1
63195,3,pos,21,CTGACAGTTACCGTTACAGCGGCCACGCTTCTG,1
63195,3,pos,21,CTGACCGTAACCGTGACTGCCGCAACCCTTCTC,1
63195,3,pos,21,CTGACAGTTACCGTTACAGCCGCCACGCTTCTG,1
63195,3,pos,22,CTAACAGTTACCGTCACCGCCGCAACCCTACTA,11203
63195,3,pos,22,CTAACAGTTACCGTCACCGCCGCAACCCTACTT,8
63195,3,pos,22,CTAACAGTTACCGTCACTGCCGCAACCCTACTA,5
63195,3,pos,22,CTAACAGTTACCGTCACCGCCGCAACTCTACTA,3
63195,3,pos,22,CTAACAGTTACTGTCACCGCCGCAACCCTACTA,3
63195,3,pos,22,CTAACAGTTACCGTCACCGCTGCAACCCTACTA,2
63195,3,pos,22,CTAACAGTTACCGTCACCGCCGCAACCCTGCTA,1
63195,3,pos,22,CTAACAGTCACCGTCACCGCCGCAACCCTACTA,1
63195,3,pos,22,CTAACAGTTACCGTCACCGCAGCAACCCTACTA,1
63195,3,pos,22,CTAACGGTTACCGTCACCGCCGCAACCCTACTA,1
63195,3,pos,22,CTAACAGTTACCGTCACCGCCGCAACGCTACTA,1
63195,3,pos,22,CTAACAGTTACCGTTACCGCCGCAACCCTACTA,1
63195,3,pos,23,CTCACAGTCACCGTGACCGCTGCGACCCTACTT,4163
63195,3,pos,23,CTGACCGTGACGGTTACTGCGGCTACCCTGCTT,2068
63195,3,pos,23,CTCACAGTCACGGTGACCGCGGCGACCCTACTT,4
63195,3,pos,23,CTGACCGTGACGGTTACTGCTGCTACCCTGCTT,4
63195,3,pos,23,CTCACAGTCACCGTGACCGCTGCTACCCTACTT,4
63195,3,pos,23,CTAACGGTAACGGTAACGGCGGCAACCCTCCTT,3
63195,3,pos,23,CTCACAGTCACCGTGACCGCTGCGACCCTACTA,3
63195,3,pos,23,CTGACCGTGACTGTTACTGCGGCTACCCTGCTT,2
63195,3,pos,23,CTGACCGTGACGGTTACTGCGGCTACCCTACTT,2
63195,3,pos,23,CTCACAGTCACCGTGACCGCTGCCACCCTACTT,2
63195,3,pos,23,CTCACAGTCACCGTGACCGCTGCGACCCTACTC,2
63195,3,pos,23,CTCACAGTCACCGTGACTGCTGCGACCCTACTT,1
63195,3,pos,23,CTCACAGTTACCGTGACCGCTGCGACCCTACTT,1
63195,3,pos,23,CTTACTGTCACCGTTACCGCAGCAACACTACTT,1
63195,3,pos,23,CTTACCGTGACGGTTACTGCGGCTACCCTGCTT,1
63195,3,pos,23,CTAACAGTCACCGTGACCGCTGCGACCCTACTT,1
63195,3,pos,23,CTGACTGTGACGGTTACTGCGGCTACCCTGCTT,1
63195,3,pos,23,CTCACAGTCACCGTGACCGCCGCGACCCTACTT,1
63195,3,pos,23,CTGACCGTTACGGTTACTGCGGCTACCCTGCTT,1
63195,3,pos,23,CTCACAGTCACTGTGACCGCTGCGACCCTACTT,1
63195,3,pos,23,CTCACAGTCACCGTGACCGCTGCGACACTACTT,1
63195,3,pos,23,CTCACAGTCACCGTGACCGCTGCGACCCTTCTT,1
63195,3,pos,23,CTCACAGTGACGGTTACCGCGGCTACCCTGCTT,1
63195,3,pos,23,CTCACAGTCACCGTCACCGCTGCGACCCTACTT,1
63195,3,pos,23,CTGACCGTGACGGTTACTGCCGCTACCCTGCTT,1
63195,3,pos,23,CTCACTGTCACCGTGACCGCTGCGACCCTACTT,1
63195,3,pos,24,CTGACGGTAACAGTGACAGCAGCAACCCTACTT,22114
63195,3,pos,24,CTGACTGTAACAGTGACAGCAGCAACCCTACTT,20
63195,3,pos,24,CTTACGGTAACAGTGACAGCAGCAACCCTACTT,15
63195,3,pos,24,CTGACGGTAACAGTTACAGCAGCAACCCTACTT,14
63195,3,pos,24,CTGACCGTAACAGTGACAGCAGCAACCCTACTT,7
63195,3,pos,24,CTCACGGTAACAGTGACAGCAGCAACCCTACTT,5
63195,3,pos,24,CTGACGGTAACAGTCACAGCAGCAACCCTACTT,5
63195,3,pos,24,CTGACGGTGACAGTGACAGCAGCAACCCTACTT,3
63195,3,pos,24,CTGACGGTAACAGTGACAGCAGCAACCCTGCTT,3
63195,3,pos,24,CTGACGGTAACAGTGACAGCAGCAACTCTACTT,3
63195,3,pos,24,CTGACGGTAACAGTGACAGCAGCAACCCTACTC,3
63195,3,pos,24,CTGACAGTAACAGTGACAGCAGCAACCCTACTT,2
63195,3,pos,24,CTGACGGTAACGGTGACAGCAGCAACCCTACTT,2
63195,3,pos,24,CTGACGGTAACAGTAACAGCAGCAACCCTACTT,2
63195,3,pos,24,CTGACGGTAACAGTGACTGCAGCAACCCTACTT,2
63195,3,pos,24,CTGACGGTAACAGTGACAGCAGCGACCCTACTT,1
63195,3,pos,24,CTGACGGTAACAGTGACAGCAGCAACCCTTCTT,1
63195,3,pos,24,CTGACGGTCACAGTGACAGCAGCAACCCTACTT,1
63195,3,pos,24,CTGACGGTAACAGTGACAGCAGCAACCCTACTA,1
63195,3,pos,24,CTGACGGTAACAGTGACAGCAGCCACCCTACTT,1
63195,3,pos,24,CTGACGGTAACAGTGACAGCGGCAACCCTACTT,1
63195,3,pos,24,CTGACGGTAACAGTGACGGCAGCAACCCTACTT,1
63195,3,pos,24,CTGACGGTAACAGTGACAGCAGCTACCCTACTT,1
63195,3,pos,24,CTGACGGTAACAGTGACCGCAGCAACCCTACTT,1
63195,3,pos,25,CTAACAGTCACGGTCACCGCCGCAACGCTTCTT,32753
63195,3,pos,25,CTGACTGTTACTGTCACGGCTGCCACTCTCCTT,17
63195,3,pos,25,CTAACAGTCACTGTCACCGCCGCAACGCTTCTT,10
63195,3,pos,25,CTAACAGTCACGGTCACTGCCGCAACGCTTCTT,10
63195,3,pos,25,CTAACAGTCACGGTCACCGCCGCAACTCTTCTT,9
63195,3,pos,25,CTAACAGTCACGGTCACCGCCGCAACGCTTCTC,8
63195,3,pos,25,CTTACAGTTACCGTTACAGCAGCCACACTCCTG,6
63195,3,pos,25,CTAACAGTCACGGTCACCGCCGCGACGCTTCTT,6
63195,3,pos,25,CTAACAGTCACGGTCACCGCCGCAACGCTCCTT,5
63195,3,pos,25,CTAACAGTCACGGTCACCGCCGCAACCCTTCTT,4
63195,3,pos,25,CTAACAGTCACGGTCACGGCCGCAACGCTCCTT,3
63195,3,pos,25,CTAACAGTTACGGTCACCGCCGCAACGCTTCTT,3
63195,3,pos,25,CTCACAGTCACGGTCACCGCCGCAACGCTTCTT,2
63195,3,pos,25,CTAACAGTCACGGTCACCGCTGCAACGCTTCTT,2
63195,3,pos,25,CTCACAGTCACCGTGACCGCTGCGACCCTACTT,2
63195,3,pos,25,CTAACGGTCACGGTCACCGCCGCAACGCTTCTT,2
63195,3,pos,25,CTAACAGTCACGGTCACCGCGGCAACGCTTCTT,2
63195,3,pos,25,CTTACCGTTACTGTAACGGCCGCAACGCTGCTT,2
63195,3,pos,25,CTAACAGTAACGGTCACCGCGGCAACGCTTCTT,1
63195,3,pos,25,CTCACGGTTACTGTGACCGCGGCGACCCTACTT,1
63195,3,pos,25,CTAACAGTCACAGTCACCGCCGCAACGCTTCTT,1
63195,3,pos,25,CTCACTGTAACAGTTACTGCTGCTACTCTACTT,1
63195,3,pos,25,CTGACTGTTACTGTCACGGCCGCCACTCTCCTT,1
63195,3,pos,25,CTAACAGTCACGGTCACCGCCGCAACACTTCTT,1
63195,3,pos,25,CTAACTGTCACTGTAACAGCCGCTACACTTCTC,1
63195,3,pos,25,CTTACAGTCACGGTCACCGCCGCAACGCTTCTT,1
63195,3,pos,25,CTAACCGTCACAGTAACCGCAGCTACCCTGCTG,1
63195,3,pos,25,CTGACAGTCACGGTCACCGCCGCAACGCTTCTT,1
63195,3,pos,25,CTAACAGTCACGGTCACCGCAGCAACGCTTCTT,1
63195,3,pos,25,CTGACAGTTACTGTAACAGCAGCTACGCTGCTT,1
63195,3,pos,25,CTAACAGTCACGGTTACCGCCGCAACGCTTCTT,1
63195,3,pos,25,CTGACTGTTACTGTCACGGCTGCCACTCTTCTT,1
63195,3,pos,25,CTAACAGTCACGGTCACCGCGGCAACCCTCCTT,1
63195,3,pos,25,CTAACAGTCACGGTAACGGCGGCAACGCTCCTT,1
63195,3,pos,25,CTAACAGTCACGGTGACCGCCGCAACGCTTCTT,1
63195,3,pos,25,CTCACAGTTACAGTCACCGCAGCCACTCTGCTG,1
63195,3,pos,25,CTAACGGTAACGGTCACGGCGGCAACCCTCCTT,1
63195,3,pos,25,CTGACAGTAACGGTCACAGCCGCAACCCTTCTT,1
63195,3,pos,25,CTCACCGTTACTGTCACTGCAGCAACCCTACTT,1
63195,3,pos,25,CTAACAGTCACCGTCACCGCCGCAACGCTTCTT,1
63195,3,pos,25,CTAACAGTCACGGTAACCGCCGCAACGCTTCTT,1
63195,3,pos,26,CTGACTGTTACTGTCACGGCTGCCACTCTCCTT,47494
63195,3,pos,26,CTGACTGTTACTGTCACTGCTGCCACTCTCCTT,5
63195,3,pos,26,CTGACTGTTACTGTCACGGCTGCCACTCTCCTC,4
63195,3,pos,26,CTTACTGTTACTGTCACGGCTGCCACTCTCCTT,4
63195,3,pos,26,CTTACTGTTACAGTAACTGCAGCCACTCTCCTT,3
63195,3,pos,26,CTCACTGTTACTGTCACGGCTGCCACTCTCCTT,3
63195,3,pos,26,CTGACTGTTACTGTCACGGCTGCCACTCTTCTT,2
63195,3,pos,26,CTTACAGTTACCGTTACAGCAGCCACACTCCTG,2
63195,3,pos,26,CTGACTGTTACTGTCACTGCAGCCACTCTCCTT,2
63195,3,pos,26,CTTACTGTTACAGTCACTGCAGCCACTCTCCTT,1
63195,3,pos,26,CTGACTGTTACTGTCACGGCTGCCACCCTCCTT,1
63195,3,pos,26,CTGACTGTTACTGTAACGGCTGCAACTCTCCTT,1
63195,3,pos,26,CTGACTGTTACTGTCACGGCTGCAACTCTCCTT,1
63195,3,pos,26,CTAACTGTTACTGTCACGGCTGCCACTCTCCTT,1
63195,3,pos,26,CTGACTGTCACTGTCACGGCTGCCACTCTCCTT,1
63195,3,pos,26,CTGACTGTTACTGTTACGGCTGCCACTCTCCTT,1
63195,3,pos,26,CTGACTGTTACTGTAACGGCTGCCACTCTCCTT,1
63195,3,pos,26,CTGACTGTTACTGTCACCGCTGCCACTCTCCTT,1
63195,3,pos,26,CTGACTGTTACGGTAACGGCTGCCACCCTCCTT,1
63195,3,pos,26,CTGACCGTTACTGTCACGGCTGCCACTCTCCTT,1
63195,3,pos,27,CTTACTGTTACGGTTACAGCCGCCACCCTTCTT,55698
63195,3,pos,27,CTTACTGTTACTGTTACAGCCGCCACCCTTCTT,4
63195,3,pos,27,CTTACTGTTACGGTTACAGCTGCCACCCTTCTT,2
63195,3,pos,27,CTTACTGTTACGGTTACAGCCGCCACCCTTCTC,2
63195,3,pos,27,CTGACAGTTACCGTTACAGCCGCCACGCTTCTT,1
63195,3,pos,27,CTTACTGTTACGGTTACAGCCGCAACCCTTCTT,1
63195,3,pos,27,CTTACTGTCACTGTTACCGCCGCCACCCTTCTT,1
63195,3,pos,27,CTTACTGTTACGGTTACAGCAGCCACCCTTCTT,1
63195,3,pos,27,CTTACTGTTACGGTTACAGCCGCCACCCTCCTT,1
63195,3,pos,27,CTGACTGTTACGGTTACGGCCGCCACCCTTCTT,1
63195,3,pos,27,CTCACTGTTACGGTTACAGCCGCCACCCTTCTT,1
63195,3,pos,27,CTTACCGTTACGGTTACTGCCGCCACGCTTCTT,1
63195,3,pos,27,CTTACAGTTACGGTCACTGCAGCCACGCTTCTC,1
63195,3,pos,27,CTTACTGTTACGGTTACAGCCGCTACCCTTCTT,1
63195,3,pos,28,CTTACAGTGACGGTTACGGCAGCAACACTGCTT,25643
63195,3,pos,28,CTTACAGTGACGGTTACTGCAGCAACACTGCTT,13
63195,3,pos,28,CTGACTGTTACTGTCACGGCTGCCACTCTCCTT,9
63195,3,pos,28,CTTACAGTGACGGTTACGGCAGCAACACTGCTC,5
63195,3,pos,28,CTTACAGTGACGGTTACCGCAGCAACACTGCTT,4
63195,3,pos,28,CTTACAGTTACGGTTACGGCAGCAACACTGCTT,4
63195,3,pos,28,CTTACAGTGACGGTTACGGCAGCAACACTTCTT,4
63195,3,pos,28,CTTACAGTGACGGTTACGGCAGCAACACTCCTT,4
63195,3,pos,28,CTTACAGTGACTGTTACGGCAGCAACACTGCTT,4
63195,3,pos,28,CTTACAGTGACGGTTACGGCAGCAACACTACTT,3
63195,3,pos,28,CTTACAGTGACCGTTACGGCAGCAACACTGCTT,2
63195,3,pos,28,CTTACAGTGACGGTTACGGCAGCAACCCTGCTT,1
63195,3,pos,28,CTGACCGTCACTGTCACTGCCGCCACGCTTCTT,1
63195,3,pos,28,CTTACAGTGACGGTTACGGCGGCAACACTGCTT,1
63195,3,pos,28,CTTACCGTTACTGTAACGGCCGCAACGCTGCTT,1
63195,3,pos,28,CTTACAGTGACGGTTACGGCAGCTACACTGCTT,1
63195,3,pos,28,CTTACAGTGACAGTTACGGCAGCAACACTGCTT,1
63195,3,pos,28,CTGACAGTCACAGTTACTGCCGCAACTCTTCTT,1
63195,3,pos,28,CTCACGGTTACCGTCACCGCCGCCACTCTACTG,1
63195,3,pos,28,CTTACAGTGACGGTCACGGCAGCAACACTGCTT,1
63195,3,pos,28,CTTACAGTTACCGTTACGGCAGCAACACTGCTT,1
63195,3,pos,28,CTTACTGTCACTGTTACTGCTGCTACACTTCTA,1
63195,3,pos,28,CTTACGGTCACCGTTACGGCCGCGACACTTCTT,1
63195,3,pos,28,CTCACAGTCACAGTAACTGCTGCTACGCTCCTG,1
63195,3,pos,28,CTCACAGTCACCGTGACCGCTGCGACCCTACTT,1
63195,3,pos,28,CTTACTGTGACGGTTACGGCAGCAACACTGCTT,1
63195,3,pos,28,CTTACAGTTACGGTTACGGCCGCCACTCTACTT,1
63195,3,pos,29,CTTACAGTTACCGTTACAGCAGCCACACTCCTG,35048
63195,3,pos,29,CTTACAGTTACCGTTACAGCAGCCACACTCCTT,36
63195,3,pos,29,CTCACGGTTACTGTGACCGCGGCGACCCTACTT,20
63195,3,pos,29,CTGACAGTCACAGTGACTGCCGCGACTCTTCTT,19
63195,3,pos,29,CTTACGGTTACCGTTACAGCAGCCACACTCCTG,5
63195,3,pos,29,CTTACAGTTACTGTTACAGCAGCCACACTCCTG,4
63195,3,pos,29,CTTACAGTCACCGTTACAGCAGCCACACTCCTG,3
63195,3,pos,29,CTTACAGTTACCGTAACAGCAGCCACACTCCTG,2
63195,3,pos,29,CTTACAGTTACCGTTACTGCAGCCACACTCCTG,2
63195,3,pos,29,CTTACAGTTACCGTTACAGCAGCCACACTACTG,2
63195,3,pos,29,CTTACAGTTACCGTTACAGCAGCCACACTCCTA,2
63195,3,pos,29,CTAACTGTAACCGTCACTGCGGCAACTCTGCTC,1
63195,3,pos,29,CTCACAGTGACTGTAACAGCAGCTACGCTGCTA,1
63195,3,pos,29,CTTACTGTTACCGTTACAGCAGCCACACTCCTG,1
63195,3,pos,29,CTTACAGTTACCGTCACAGCAGCCACACTCCTG,1
63195,3,pos,29,CTTACCGTTACCGTTACAGCAGCCACACTCCTG,1
63195,3,pos,29,CTTACTGTCACCGTTACCGCAGCAACACTACTT,1
63195,3,pos,29,CTTACAGTTACCGTTACAGCAGCCACTCTCCTG,1
63195,3,pos,29,CTTACCGTAACGGTAACTGCCGCCACGCTGCTT,1
63195,3,pos,29,CTTACAGTTACCGTTACAGCTGCCACACTCCTG,1
63195,3,pos,29,CTCACGGTAACCGTGACAGCAGCAACTCTCCTA,1
63195,3,pos,29,CTTACCGTTACCGTTACCGCCGCCACACTTCTT,1
63195,3,pos,29,CTTACAGTAACCGTTACAGCAGCCACACTCCTG,1
63195,3,pos,29,CTTACAGTTACCGTTACCGCAGCCACACTCCTG,1
63195,3,pos,29,CTTACAGTTACCGTTACGGCAGCCACACTCCTG,1
63195,3,pos,29,CTTACAGTTACCGTTACAGCAGCTACACTCCTG,1
63195,3,pos,29,CTTACAGTTACGGTTACAGCAGCCACCCTCCTT,1
63195,3,pos,29,CTTACAGTTACCGTCACAGCAGCCACACTCCTT,1
63195,3,pos,29,CTGACGGTAACAGTAACTGCAGCAACTCTCCTG,1
63195,3,pos,30,CTGACTGTAACCGTCACTGCCGCTACACTTCTC,21387
63195,3,pos,30,CTGACAGTCACAGTGACTGCCGCGACTCTTCTT,16880
63195,3,pos,30,CTGACTGTAACCGTCACTGCCGCTACACTTCTT,238
63195,3,pos,30,CTGACAGTAACAGTGACTGCCGCGACTCTTCTT,121
63195,3,pos,30,CTGACGGTAACGGTAACTGCCGCAACCCTTCTT,43
63195,3,pos,30,CTGACTGTCACCGTCACTGCCGCTACTCTTCTT,41
63195,3,pos,30,CTGACTGTCACAGTCACTGCCGCGACTCTTCTT,33
63195,3,pos,30,CTGACAGTCACCGTGACTGCCGCGACTCTTCTT,26
63195,3,pos,30,CTGACAGTCACAGTGACTGCCGCTACTCTTCTT,25
63195,3,pos,30,CTGACTGTCACCGTCACTGCCGCTACACTTCTC,23
63195,3,pos,30,CTGACTGTAACCGTCACTGCCGCTACTCTTCTT,22
63195,3,pos,30,CTGACTGTCACTGTCACTGCCGCCACTCTTCTT,20
63195,3,pos,30,CTGACAGTCACAGTCACTGCCGCGACTCTTCTT,20
63195,3,pos,30,CTGACTGTAACCGTCACTGCCGCGACTCTTCTT,19
63195,3,pos,30,CTGACAGTCACAGTGACTGCCGCGACTCTTCTC,16
63195,3,pos,30,CTGACAGTAACCGTCACTGCCGCTACACTTCTC,15
63195,3,pos,30,CTGACAGTCACCGTCACTGCCGCTACTCTTCTT,13
63195,3,pos,30,CTGACAGTAACAGTGACTGCCGCTACTCTTCTT,10
63195,3,pos,30,CTGACAGTCACAGTGACTGCCGCTACACTTCTC,10
63195,3,pos,30,CTGACAGTCACAGTGACTGCCGCTACACTTCTT,9
63195,3,pos,30,CTGACTGTCACAGTGACTGCCGCGACTCTTCTT,9
63195,3,pos,30,CTGACAGTCACAGTGACTGCCGCAACCCTTCTT,8
63195,3,pos,30,CTTACAGTCACAGTGACTGCCGCGACTCTTCTT,7
63195,3,pos,30,CTGACTGTAACCGTCACTGCCGCAACCCTTCTT,7
63195,3,pos,30,CTGACAGTAACCGTCACTGCCGCTACACTTCTT,6
63195,3,pos,30,CTGACAGTCACAGTTACTGCCGCGACTCTTCTT,6
63195,3,pos,30,CTTACTGTAACCGTCACTGCCGCTACACTTCTC,6
63195,3,pos,30,CTGACTGTAACGGTAACTGCCGCAACCCTTCTT,4
63195,3,pos,30,CTGACTGTAACTGTCACTGCCGCTACACTTCTC,4
63195,3,pos,30,CTGACAGTCACAGTGACTGCCGCGACACTTCTT,4
63195,3,pos,30,CTGACCGTTACCGTTACTGCCGCCACCCTTCTT,4
63195,3,pos,30,CTGACTGTCACCGTCACTGCCGCTACACTTCTT,4
63195,3,pos,30,CTGACTGTAACCGTAACTGCCGCAACCCTTCTT,3
63195,3,pos,30,CTGACAGTCACCGTTACTGCCGCAACTCTTCTT,3
63195,3,pos,30,CTGACTGTCACCGTCACTGCCGCGACTCTTCTT,3
63195,3,pos,30,CTGACAGTCACAGTAACTGCCGCAACCCTTCTT,3
63195,3,pos,30,CTGACAGTCACGGTGACTGCCGCGACTCTTCTT,3
63195,3,pos,30,CTGACTGTAACCGTCACTGCCGCTACTCTTCTC,3
63195,3,pos,30,CTGACTGTAACCGTCACTGCCGCGACACTTCTT,3
63195,3,pos,30,CTGACTGTCACAGTCACTGCCGCGACACTTCTT,3
63195,3,pos,30,CTGACCGTAACGGTTACTGCCGCTACTCTTCTT,2
63195,3,pos,30,CTGACTGTAACAGTCACTGCCGCTACACTTCTC,2
63195,3,pos,30,CTGACAGTAACGGTAACTGCCGCAACCCTTCTT,2
63195,3,pos,30,CTAACGGTAACGGTAACGGCGGCAACCCTCCTT,2
63195,3,pos,30,CTGACTGTTACCGTCACTGCCGCTACACTTCTC,2
63195,3,pos,30,CTGACTGTAACGGTCACTGCCGCGACACTTCTT,2
63195,3,pos,30,CTCACAGTCACAGTGACTGCCGCGACTCTTCTT,2
63195,3,pos,30,CTGACAGTAACAGTGACTGCCGCGACCCTTCTT,2
63195,3,pos,30,CTGACTGTGACCGTGACTGCTGCCACTCTACTA,2
63195,3,pos,30,CTGACTGTAACAGTGACTGCCGCGACTCTTCTT,2
63195,3,pos,30,CTGACAGTAACCGTGACTGCCGCTACTCTTCTT,2
63195,3,pos,30,CTGACAGTCACTGTCACTGCCGCCACTCTTCTT,2
63195,3,pos,30,CTGACTGTGACCGTCACTGCCGCTACACTTCTC,2
63195,3,pos,30,CTGACAGTCACAGTGACTGCCGCCACTCTTCTT,2
63195,3,pos,30,CTGACTGTAACCGTCACTGCCGCCACACTTCTC,2
63195,3,pos,30,CTGACAGTAACCGTGACTGCCGCGACTCTTCTT,2
63195,3,pos,30,CTGACTGTAACCGTGACTGCCGCGACTCTTCTT,2
63195,3,pos,30,CTGACTGTCACAGTCACTGCCGCTACACTTCTC,2
63195,3,pos,30,CTTACAGTTACCGTGACCGCTGCTACGCTACTT,2
63195,3,pos,30,CTGACTGTAACCGTCACTGCTGCTACACTTCTC,2
63195,3,pos,30,CTGACAGTCACAGTGACTGCCGCAACTCTTCTT,2
63195,3,pos,30,CTGACAGTCACAGTCACTGCCGCTACACTTCTT,2
63195,3,pos,30,CTGACAGTCACAGTGACTGCCGCTACCCTTCTT,1
63195,3,pos,30,CTCACTGTAACCGTCACTGCCGCTACACTTCTC,1
63195,3,pos,30,CTTACTGTCACCGTTACCGCAGCAACACTACTT,1
63195,3,pos,30,CTGACTGTAACCGTCACTGCCGCTACACTCCTC,1
63195,3,pos,30,CTGACTGTCACCGTGACTGCCGCGACTCTTCTT,1
63195,3,pos,30,CTGACTGTAACCGTCACTGCCGCGACACTTCTC,1
63195,3,pos,30,CTGACAGTAACAGTGACTGCCGCAACCCTTCTT,1
63195,3,pos,30,CTAACCGTCACTGTCACTGCCGCAACTCTTCTT,1
63195,3,pos,30,CTGACAGTAACAGTCACTGCCGCTACACTTCTC,1
63195,3,pos,30,CTGACTGTAACCGTCACTGCCGCTACGCTTCTC,1
63195,3,pos,30,CTGACAGTAACAGTCACTGCCGCGACTCTTCTT,1
63195,3,pos,30,CTGACGGTAACGGTAACTGCCGCTACTCTTCTT,1
63195,3,pos,30,CTGACTGTAACCGTCACTGCCGCCACTCTTCTT,1
63195,3,pos,30,CTGACGGTAACCGTCACTGCCGCTACACTTCTC,1
63195,3,pos,30,CTGACTGTCACTGTAACTGCCGCCACTCTTCTT,1
63195,3,pos,30,CTGACTGTAACCGTCACTGCCGCAACCCTTCTC,1
63195,3,pos,30,CTGACAGTCACAGTCACTGCCGCTACTCTTCTT,1
63195,3,pos,30,CTGACGGTCACAGTGACTGCCGCGACTCTTCTT,1
63195,3,pos,30,CTGACGGTTACCGTCACTGCCGCCACTCTTCTG,1
63195,3,pos,30,CTGACAGTCACCGTGACTGCCGCGACACTTCTT,1
63195,3,pos,30,CTGACTGTCACAGTCACTGCCGCTACCCTTCTT,1
63195,3,pos,30,CTGACAGTCACCGTCACTGCCGCTACACTTCTT,1
63195,3,pos,30,CTGACTGTGACCGTCACTGCCGCGACCCTTCTC,1
63195,3,pos,30,CTGACTGTCACAGTCACTGCCGCTACACTTCTT,1
63195,3,pos,30,CTGACAGTCACGGTCACTGCCGCAACGCTTCTT,1
63195,3,pos,30,CTGACAGTCACAGTGACTGCCGCGACACTTCTC,1
63195,3,pos,30,CTGACTGTCACCGTCACTGCCGCTACTCTTCTC,1
63195,3,pos,30,CTGACTGTCACAGTGACTGCCGCTACACTTCTC,1
63195,3,pos,30,CTGACAGTGACGGTCACTGCCGCCACCCTTCTT,1
63195,3,pos,30,CTGACAGTCACAGTGACTGCCGCTACTCTTCTC,1
63195,3,pos,30,CTGACTGTAACAGTCACTGCCGCGACTCTTCTT,1
63195,3,pos,30,CTGACTGTAACCGTGACTGCCGCTACACTTCTC,1
63195,3,pos,30,CTGACAGTCACCGTGACTGCCGCTACACTTCTC,1
63195,3,pos,30,CTGACAGTCACTGTCACTGCCGCTACTCTTCTT,1
63195,3,pos,30,CTGACAGTAACTGTGACTGCCGCAACCCTTCTT,1
63195,3,pos,30,CTGACAGTAACAGTGACTGCCGCAACTCTTCTT,1
63195,3,pos,30,CTGACAGTAACAGTGACTGCCGCCACCCTTCTT,1
63195,3,pos,30,CTGACAGTAACAGTAACTGCCGCGACTCTTCTT,1
63195,3,pos,30,CTGACCGTGACGGTCACTGCGGCTACCCTGCTT,1
63195,3,pos,30,CTGACTGTAACAGTGACTGCCGCTACACTTCTC,1
63195,3,pos,30,CTGACAGTCACAGTGACTGCTGCGACTCTTCTT,1
63195,3,pos,30,CTGACAGTAACCGTGACTGCCGCGACTCTTCTC,1
63195,3,pos,30,CTGACTGTAACCGTTACTGCCGCTACACTTCTC,1
63195,3,pos,30,CTGACCGTTACAGTTACGGCCGCCACGCTTCTT,1
63195,3,pos,30,CTGACAGTCACAGTCACTGCCGCTACACTTCTC,1
63195,3,pos,30,CTGACAGTTACTGTCACTGCTGCTACCCTCCTA,1
63195,3,pos,30,CTGACTGTAACAGTTACTGCCGCGACTCTTCTT,1
63195,3,pos,30,CTGACAGTAACCGTGACTGCCGCTACACTTCTT,1
63195,3,pos,30,CTGACAGTCACAGTGACTGCCGCGACCCTTCTT,1
63195,3,pos,30,CTGACTGTCACTGTCACTGCCGCGACTCTTCTT,1
63195,3,pos,30,CTGACAGTCACAGTAACTGCCGCGACTCTTCTT,1
63195,3,pos,30,CTGACTGTAACCGTTACTGCCGCTACTCTTCTT,1
63195,3,pos,30,CTGACAGTGACAGTGACTGCCGCCACCCTTCTT,1
63195,3,pos,30,CTTACAGTTACCGTTACAGCAGCCACACTCCTG,1
63195,3,pos,30,CTGACGGTAACGGTCACTGCCGCTACACTTCTT,1
63195,3,pos,30,CTGACGGTAACGGTAACTGCCGCAACCCTCCTT,1
63195,3,pos,30,CTGACTGTCACCGTCACTGCCGCCACTCTTCTT,1
63195,3,pos,30,CTGACAGTCACCGTGACTGCCGCAACTCTTCTT,1
63195,3,pos,30,CTGACTGTAACCGTCACTGCCGCTACCCTTCTT,1
63195,3,pos,30,CTGACAGTAACAGTGACTGCCGCTACACTTCTT,1
63195,3,pos,31,CTTACCGTTACTGTAACGGCCGCAACGCTGCTT,34088
63195,3,pos,31,CTTACCGTTACTGTAACGGCCGCAACTCTGCTT,16
63195,3,pos,31,CTTACCGTTACTGTAACTGCCGCAACGCTGCTT,9
63195,3,pos,31,CTTACCGTTACTGTAACGGCTGCAACGCTGCTT,7
63195,3,pos,31,CTTACCGTTACTGTAACGGCCGCAACGCTCCTT,6
63195,3,pos,31,CTCACCGTTACTGTCACTGCAGCAACCCTACTT,5
63195,3,pos,31,CTTACCGTCACTGTAACGGCCGCAACGCTGCTT,4
63195,3,pos,31,CTTACCGTTACTGTAACGGCCGCAACGCTGCTC,4
63195,3,pos,31,CTTACCGTTACTGTAACCGCCGCAACGCTGCTT,3
63195,3,pos,31,CTTACCGTTACTGTAACGGCAGCAACGCTGCTT,3
63195,3,pos,31,CTTACCGTTACCGTAACGGCCGCAACGCTGCTT,3
63195,3,pos,31,CTGACTGTCACTGTTACAGCTGCTACACTACTT,2
63195,3,pos,31,CTTACCGTTACTGTAACGGCCGCAACCCTGCTT,2
63195,3,pos,31,CTTACTGTTACTGTAACGGCCGCAACGCTGCTT,2
63195,3,pos,31,CTTACCGTTACTGTCACGGCCGCAACGCTGCTT,2
63195,3,pos,31,CTTACAGTTACCGTGACCGCAGCAACCCTTCTA,2
63195,3,pos,31,CTTACCGTTACTGTAACGGCCGCTACGCTGCTT,2
63195,3,pos,31,CTTACCGTTACTGTAACGGCCGCAACGCTTCTT,2
63195,3,pos,31,CTTACCGTGACTGTTACCGCCGCCACTCTTCTG,1
63195,3,pos,31,CTTACCGTTACTGTAACGGCCGCAACTCTGCTC,1
63195,3,pos,31,CTGACAGTCACAGTTACTGCCGCAACTCTTCTT,1
63195,3,pos,31,CTAACTGTTACTGTCACCGCCGCAACGCTTCTT,1
63195,3,pos,31,CTTACCGTTACTGTAACGGCGGCAACGCTGCTT,1
63195,3,pos,31,CTAACGGTAACGGTAACGGCGGCAACCCTCCTT,1
63195,3,pos,31,CTGACGGTAACAGTGACAGCAGCAACCCTACTT,1
63195,3,pos,31,CTTACGGTTACTGTAACTGCCGCAACCCTGCTT,1
63195,3,pos,31,CTTACCGTTACGGTAACGGCCGCAACGCTGCTT,1
63195,3,pos,31,CTGACAGTTACTGTCACTGCTGCTACCCTTCTT,1
63195,3,pos,31,CTCACCGTAACAGTAACGGCGGCGACCCTGCTT,1
63195,3,pos,31,CTGACTGTAACCGTCACTGCCGCTACACTTCTC,1
63195,3,pos,31,CTGACTGTGACCGTCACTGCCGCCACGCTTCTT,1
63195,3,pos,31,CTGACCGTTACGGTTACCGCGGCAACTCTTCTG,1
63195,3,pos,31,CTTACCGTTACTGTGACGGCCGCAACGCTGCTT,1
63195,3,pos,31,CTAACCGTCACTGTGACCGCGGCCACCCTACTG,1
63195,3,pos,31,CTCACCGTTACTGTAACGGCCGCAACGCTGCTT,1
63195,3,pos,31,CTTACAGTTACTGTAACGGCCGCAACGCTGCTT,1
63195,3,pos,31,CTTACAGTTACTGTTACAGCAGCAACGCTTCTT,1
63195,3,pos,31,CTGACCGTCACTGTCACTGCCGCCACGCTTCTA,1
63195,3,pos,32,CTGACGGTCACAGTTACTGCTGCTACCCTGCTC,48707
63195,3,pos,32,CTGACGGTCACAGTTACTGCTGCTACCCTGCTT,17
63195,3,pos,32,CTGACTGTCACAGTTACTGCTGCTACCCTGCTC,9
63195,3,pos,32,CTCACGGTCACAGTTACTGCTGCTACCCTGCTC,8
63195,3,pos,32,CTGACGGTCACAGTTACTGCTGCTACCCTTCTC,7
63195,3,pos,32,CTGACGGTCACAGTTACTGCTGCTACCCTACTC,3
63195,3,pos,32,CTGACGGTCACAGTTACTGCTGCTACCCTCCTC,3
63195,3,pos,32,CTTACGGTCACAGTTACTGCTGCTACCCTGCTC,3
63195,3,pos,32,CTGACGGTCACAGTCACTGCTGCTACCCTGCTC,2
63195,3,pos,32,CTGACGGTCACAGTTACCGCTGCTACCCTGCTC,2
63195,3,pos,32,CTGACGGTTACAGTTACTGCTGCTACCCTGCTC,1
63195,3,pos,32,CTCACAGTCACAGTCACTGCTGCTACGCTCCTG,1
63195,3,pos,32,CTCACGGTCACTGTCACTGCTGCTACCCTGCTT,1
63195,3,pos,32,CTGACAGTCACAGTGACTGCCGCGACCCTTCTT,1
63195,3,pos,32,CTTACAGTTACCGTTACAGCAGCCACACTCCTG,1
63195,3,pos,32,CTCACCGTTACTGTCACTGCAGCAACCCTACTT,1
63195,3,pos,32,CTGACGGTCACAGTTACTGCTGCCACCCTGCTC,1
63195,3,pos,32,CTGACAGTTACCGTTACTGCAGCCACCCTTCTG,1
63195,3,pos,33,CTCACCGTTACTGTCACTGCAGCAACCCTACTT,42545
63195,3,pos,33,CTGACGGTCACAGTTACTGCTGCTACCCTGCTC,7
63195,3,pos,33,CTGACTGTAACCGTCACTGCCGCTACACTTCTC,7
63195,3,pos,33,CTCACTGTTACTGTCACTGCAGCAACCCTACTT,5
63195,3,pos,33,CTCACCGTTACCGTCACTGCAGCAACCCTACTT,4
63195,3,pos,33,CTCACCGTTACTGTCACTGCAGCGACCCTACTT,3
63195,3,pos,33,CTCACCGTTACTGTCACTGCAGCAACCCTACTC,3
63195,3,pos,33,CTCACCGTTACTGTCACTGCAGCAACCCTGCTT,3
63195,3,pos,33,CTCACCGTTACTGTCACTGCGGCAACCCTACTT,3
63195,3,pos,33,CTTACCGTTACTGTCACTGCAGCAACCCTACTT,3
63195,3,pos,33,CTCACCGTTACTGTCACTGCAGCAACCCTCCTT,2
63195,3,pos,33,CTCACCGTTACTGTTACTGCAGCAACCCTACTT,2
63195,3,pos,33,CTCACCGTTACTGTCACTGCAGCAACACTACTT,2
63195,3,pos,33,CTCACCGTTACTGTCACTGCTGCAACCCTACTT,2
63195,3,pos,33,CTCACGGTTACTGTCACCGCCGCAACCCTACTT,1
63195,3,pos,33,CTCACTGTAACTGTCACTGCCGCAACCCTTCTT,1
63195,3,pos,33,CTAACAGTCACGGTCACCGCCGCAACGCTTCTT,1
63195,3,pos,33,CTGACAGTTACCGTTACAGCAGCCACGCTTCTG,1
63195,3,pos,33,CTCACCGTTACTGTCACTGCCGCAACCCTACTT,1
63195,3,pos,33,CTCACCGTTACTGTAACTGCAGCAACCCTACTT,1
63195,3,pos,33,CTCACCGTTACTGTCACTGCAGCCACCCTACTT,1
63195,3,pos,33,CTGACCGTAACCGTGACTGCCGCAACCCTTCTC,1
63195,3,pos,33,CTCACCGTTACTGTCACTGCAGCAACCCTACTA,1
63195,3,pos,33,CTCACTGTTACCGTTACAGCAGCCACACTTCTT,1
63195,3,pos,34,CTGACTGTAACCGTCACTGCCGCTACACTTCTC,34193
63195,3,pos,34,CTCACCGTTACTGTCACTGCAGCAACCCTACTT,45
63195,3,pos,34,CTTACTGTAACCGTCACTGCCGCTACACTTCTC,22
63195,3,pos,34,CTGACTGTAACCGTCACTGCCGCTACACTTCTT,18
63195,3,pos,34,CTCACTGTAACCGTCACTGCCGCTACACTTCTC,15
63195,3,pos,34,CTGACTGTAACTGTCACTGCCGCTACACTTCTC,7
63195,3,pos,34,CTGACTGTAACCGTCACTGCTGCTACACTTCTC,5
63195,3,pos,34,CTGACTGTTACCGTCACTGCCGCTACACTTCTC,4
63195,3,pos,34,CTGACTGTAACCGTTACTGCCGCTACACTTCTC,3
63195,3,pos,34,CTGACTGTAACCGTCACTGCCGCCACACTTCTC,3
63195,3,pos,34,CTGACCGTAACCGTCACTGCCGCTACACTTCTC,3
63195,3,pos,34,CTGACTGTAACCGTCACTGCCGCTACCCTTCTC,3
63195,3,pos,34,CTGACTGTGACCGTCACTGCCGCTACACTTCTC,2
63195,3,pos,34,CTGACGGTAACCGTCACTGCCGCTACACTTCTC,2
63195,3,pos,34,CTGACTGTAACCGTCACTGCCGCTACACTCCTC,2
63195,3,pos,34,CTGACTGTAACCGTCACTGCCGCAACCCTTCTT,1
63195,3,pos,34,CTCACCGTTACCGTCACTGCAGCAACCCTACTT,1
63195,3,pos,34,CTGACTGTAACCGTCACTGCCGCAACCCTCCTT,1
63195,3,pos,34,CTGACTGTAACCGTCACTGCAGCTACACTTCTC,1
63195,3,pos,34,CTGACGGTCACAGTTACTGCTGCTACCCTGCTC,1
63195,3,pos,34,CTAACCGTCACAGTAACCGCAGCTACCCTGCTG,1
63195,3,pos,34,CTGACTGTAACCGTCACCGCCGCTACACTTCTT,1
63195,3,pos,34,CTGACTGTAACCGTCACTGCCGCGACACTTCTC,1
63195,3,pos,34,CTGACTGTAACCGTCACGGCCGCTACCCTCCTT,1
63195,3,pos,34,CTGACTGTCACCGTCACTGCCGCAACACTTCTT,1
63195,3,pos,34,CTGACTGTCACCGTCACTGCCGCTACACTTCTC,1
63195,3,pos,34,CTGACAGTTACCGTTACAGCAGCCACGCTTCTG,1
63195,3,pos,34,CTGACTGTAACCGTCACTGCCGCTACGCTTCTC,1
63195,3,pos,35,CTGACAGTTACCGTTACAGCAGCCACGCTTCTG,31250
63195,3,pos,35,CTTACAGTTACCGTTACAGCAGCCACGCTTCTG,13
63195,3,pos,35,CTGACAGTTACCGTTACAGCAGCCACTCTTCTG,10
63195,3,pos,35,CTGACAGTTACCGTTACAGCAGCCACGCTTCTT,10
63195,3,pos,35,CTCACAGTTACCGTTACAGCAGCCACGCTTCTG,4
63195,3,pos,35,CTGACAGTTACTGTTACAGCAGCCACGCTTCTG,3
63195,3,pos,35,CTGACAGTTACCGTTACAGCAGCCACACTTCTG,3
63195,3,pos,35,CTAACAGTTACCGTTACAGCAGCCACGCTTCTG,1
63195,3,pos,35,CTGACAGTCACCGTTACAGCAGCCACGCTTCTG,1
63195,3,pos,35,CTGACAGTTACCGTTACAGCGGCCACGCTTCTG,1
63195,3,pos,35,CTGACAGTTACCGTTACAGCAGCCACCCTTCTG,1
63195,3,pos,35,CTGACAGTTACCGTTACAGCAGCTACGCTTCTG,1
63195,3,pos,35,CTGACGGTTACCGTTACAGCAGCCACGCTTCTG,1
63195,3,pos,35,CTGACAGTTACCGTTACGGCAGCCACGCTTCTG,1
63195,3,pos,35,CTGACTGTTACCGTTACAGCAGCCACGCTTCTG,1
63195,3,pos,35,CTGACAGTTACGGTTACAGCAGCCACGCTTCTG,1
63195,3,pos,35,CTGACAGTTACAGTTACAGCAGCCACGCTTCTG,1
63195,3,pos,35,CTGACTGTGACCGTGACTGCTGCCACTCTACTA,1
63195,3,pos,35,CTGACAGTTACCGTCACAGCAGCCACGCTTCTG,1
63195,3,pos,35,CTGACAGTTACCGTTACAGCAGCCACGCTTCTC,1
63195,3,pos,35,CTGACAGTTACCGTTACTGCAGCCACGCTTCTG,1
63195,3,pos,35,CTGACTGTAACCGTCACTGCCGCTACACTTCTC,1
63195,1,neg,1,CTTACTGTTACAGTAACTGCAGCCACTCTCCTT,2
63195,1,neg,2,CTGACAGTTACCGTTACAGCAGCCACGCTTCTG,1
63195,1,neg,2,CTTACAGTTACGGTCACTGCAGCCACGCTTCTC,1
63195,1,neg,2,CTTACCGTAACCGTAACTGCCGCCACGCTGCTT,1
63195,1,neg,2,CTGACTGTTACTGTCACGGCTGCCACTCTCCTT,1
63195,1,neg,2,CTAACCGTCACAGTAACCGCAGCTACCCTGCTG,1
63195,1,neg,3,CTTACGGTCACCGTGACGGCCGCGACACTTCTG,1
63195,1,neg,3,CTCACAGTCACAGTAACTGCTGCTACGCTCCTG,1
63195,1,pos,1,CTTACTGTAACCGTCACCGCAGCGACCCTACTC,42797
63195,1,pos,1,CTTACTGTAACCGTCACCGCAGCGACCCTACTT,16
63195,1,pos,1,CTTACTGTAACTGTCACCGCAGCGACCCTACTC,11
63195,1,pos,1,CTTACTGTAACCGTCACCGCAGCTACCCTACTC,10
63195,1,pos,1,CTTACTGTAACCGTCACTGCAGCGACCCTACTC,6
63195,1,pos,1,CTGACTGTTACTGTCACGGCTGCCACTCTCCTT,5
63195,1,pos,1,CTTACTGTAACCGTCACCGCAGCCACCCTACTC,4
63195,1,pos,1,CTTACTGTAACCGTCACCGCAGCGACCCTGCTC,4
63195,1,pos,1,CTTACTGTAACCGTCACCGCAGCGACCCTCCTC,3
63195,1,pos,1,CTTACTGTAACCGTAACCGCAGCGACCCTACTC,3
63195,1,pos,1,CTTACTGTGACCGTCACCGCAGCGACCCTACTC,3
63195,1,pos,1,CTCACTGTAACCGTCACCGCAGCGACCCTACTC,2
63195,1,pos,1,CTTACCGTAACCGTCACCGCAGCGACCCTACTC,2
63195,1,pos,1,CTTACTGTAACCGTCACCGCAGCGACTCTACTC,2
63195,1,pos,1,CTTACTGTAACCGTTACCGCAGCGACCCTACTC,2
63195,1,pos,1,CTTACTGTAACCGTCACCGCAGCGACCCTACTA,2
63195,1,pos,1,CTTACTGTAACCGTCACCGCAGCAACCCTCCTC,1
63195,1,pos,1,CTTACTGTAACCGTCACCGCAGCGACCCTTCTC,1
63195,1,pos,1,CTTACTGTTACCGTCACCGCAGCGACCCTACTC,1
63195,1,pos,1,CTCACAGTCACCGTGACCGCTGCGACCCTACTT,1
63195,1,pos,1,CTTACAGTTACGGTCACTGCTGCAACCCTCCTG,1
63195,1,pos,1,CTGACGGTAACCGTGACCGCAGCAACCCTACTT,1
63195,1,pos,1,CTAACTGTAACGGTCACGGCGGCAACCCTCCTT,1
63195,1,pos,1,CTTACTGTAACCGTCACCGCTGCGACCCTACTC,1
63195,1,pos,1,CTTACTGTAACCGTCACCGCGGCGACCCTACTC,1
63195,1,pos,1,CTTACTGTAACCGTAACGGCGGCGACCCTACTC,1
63195,1,pos,1,CTCACTGTAACAGTTACTGCTGCTACTCTACTT,1
63195,1,pos,1,CTTACTGTAACAGTCACCGCAGCGACCCTACTC,1
63195,1,pos,1,CTTACGGTAACCGTCACCGCAGCGACCCTACTC,1
63198,3,neg,4,CTAACTGTAACCGTCACTGCGGCAACTCTGCTC,3
63198,3,neg,4,CTGACGGTAACAGTGACAGCAGCAACCCTACTT,1
63198,3,neg,5,CTGACAGTCACAGTGACTGCCGCGACTCTTCTT,5
63198,3,neg,5,CTGACCGTCACTGTCACTGCCGCCACGCTTCTA,2
63198,3,neg,5,CTTACAGTTACCGTGACCGCAGCAACCCTTCTA,2
63198,3,neg,5,CTGACCGTCACTGTAACTGCCGCTACTCTCCTT,1
63198,3,neg,5,CTCACGGTTACCGTCACCGCCGCCACTCTACTG,1
63198,3,neg,5,CTGACTGTAACCGTCACTGCCGCTACACTTCTC,1
63198,3,neg,5,CTCACCGTTACTGTCACTGCAGCAACCCTACTT,1
63198,3,neg,6,CTGACTGTGACCGTGACTGCTGCCACTCTACTA,1
63198,3,neg,6,CTTACGGTTACTGTAACCGCCGCGACCCTCCTA,1
63198,3,pos,1,CTCACGGTTACTGTGACCGCGGCGACCCTACTT,51714
63198,3,pos,1,CTGACTGTTACTGTCACGGCTGCCACTCTCCTT,12
63198,3,pos,1,CTCACGGTTACTGTGACCGCGGCTACCCTACTT,6
63198,3,pos,1,CTCACGGTTACTGTGACTGCGGCGACCCTACTT,4
63198,3,pos,1,CTCACGGTTACTGTGACCGCTGCGACCCTACTT,4
63198,3,pos,1,CTCACGGTTACTGTGACCGCCGCGACCCTACTT,4
63198,3,pos,1,CTCACGGTTACTGTGACCGCGGCGACCCTCCTT,4
63198,3,pos,1,CTCACGGTTACTGTGACGGCGGCGACCCTCCTT,3
63198,3,pos,1,CTCACCGTTACTGTGACCGCGGCGACCCTACTT,2
63198,3,pos,1,CTTACCGTTACTGTAACGGCCGCAACGCTGCTT,2
63198,3,pos,1,CTGACGGTAACAGTGACAGCAGCAACCCTACTT,1
63198,3,pos,1,CTGACGGTTACTGTGACAGCAGCAACCCTACTT,1
63198,3,pos,1,CTTACGGTTACTGTGACCGCGGCGACCCTACTT,1
63198,3,pos,1,CTCACGGTTACTGTGACCGCAGCGACCCTACTT,1
63198,3,pos,1,CTGACGGTTACTGTCACCGCTGCGACCCTCCTT,1
63198,3,pos,1,CTCACGGTTACTGTAACGGCGGCAACCCTCCTT,1
63198,3,pos,1,CTCACGGTTACTGTGACGGCCGCGACCCTACTT,1
63198,3,pos,1,CTCACGGTTACTGTTACCGCGGCGACCCTACTT,1
63198,3,pos,1,CTCACAGTTACAGTCACCGCAGCCACTCTGCTG,1
63198,3,pos,1,CTCACGGTAACGGTAACCGCGGCGACCCTACTT,1
63198,3,pos,1,CTCACTGTTACTGTTACTGCTGCTACCCTACTT,1
63198,3,pos,1,CTCACAGTTACTGTAACAGCAGCTACGCTACTA,1
63198,3,pos,1,CTCACAGTCACCGTGACCGCTGCGACCCTACTT,1
63198,3,pos,1,CTTACAGTTACCGTTACAGCAGCCACACTCCTG,1
63198,3,pos,1,CTCACAGTTACTGTGACCGCGGCGACCCTACTT,1
63198,3,pos,1,CTCACGGTTACTGTGACGGCTGCGACCCTACTT,1
63198,3,pos,1,CTCACTGTAACAGTTACTGCTGCTACTCTACTT,1
63198,3,pos,2,CTCACGGTTACTGTGACCGCGGCGACCCTACTT,34073
63198,3,pos,2,CTCACGGTTACTGTGACCGCTGCGACCCTACTT,10
63198,3,pos,2,CTTACAGTTACCGTTACAGCAGCCACACTCCTG,8
63198,3,pos,2,CTCACGGTTACTGTGACCGCGGCTACCCTACTT,7
63198,3,pos,2,CTTACGGTTACTGTGACCGCGGCGACCCTACTT,6
63198,3,pos,2,CTCACGGTTACTGTTACCGCGGCGACCCTACTT,6
63198,3,pos,2,CTCACGGTTACTGTGACCGCCGCGACCCTACTT,6
63198,3,pos,2,CTCACGGTCACTGTGACCGCGGCGACCCTACTT,5
63198,3,pos,2,CTCACGGTTACTGTGACTGCGGCGACCCTACTT,4
63198,3,pos,2,CTCACGGTTACTGTGACCGCGGCGACCCTACTC,4
63198,3,pos,2,CTCACGGTTACTGTGACCGCAGCGACCCTACTT,3
63198,3,pos,2,CTTACTGTTACTGTAACTGCAGCCACTCTCCTT,3
63198,3,pos,2,CTTACTGTTACAGTAACTGCAGCCACTCTCCTT,3
63198,3,pos,2,CTCACAGTTACTGTGACCGCGGCGACCCTACTT,3
63198,3,pos,2,CTCACGGTTACTGTCACCGCGGCGACCCTACTT,3
63198,3,pos,2,CTCACGGTTACTGTGACCGCGGCGACCCTGCTT,3
63198,3,pos,2,CTCACTGTTACTGTGACCGCGGCGACCCTACTT,3
63198,3,pos,2,CTCACGGTTACTGTGACCGCGGCGACTCTACTT,2
63198,3,pos,2,CTTACCGTAACGGTAACTGCCGCCACGCTGCTT,2
63198,3,pos,2,CTCACGGTTACTGTGACCGCGGCAACCCTACTT,2
63198,3,pos,2,CTCACCGTTACTGTGACCGCGGCGACCCTACTT,2
63198,3,pos,2,CTCACGGTTACTGTGACGGCGGCGACCCTACTT,2
63198,3,pos,2,CTCACGGTTACTGTGACCGCGGCGACCCTACTA,1
63198,3,pos,2,CTCACGGTTACGGTGACCGCGGCGACCCTACTT,1
63198,3,pos,2,CTCACGGTTACTGTGACCGCGGCCACCCTACTT,1
63198,3,pos,2,CTTACGGTTACCGTTACAGCAGCCACACTCCTG,1
63198,3,pos,2,CTCACGGTTACTGTAACGGCGGCGACCCTACTT,1
63198,3,pos,2,CTAACGGTAACTGTAACGGCGGCAACCCTCCTT,1
63198,3,pos,2,CTCACGGTTACCGTGACCGCGGCGACCCTACTT,1
63198,3,pos,2,CTCACGGTTACTGTGACCGCGGCGACACTACTT,1
63198,3,pos,3,CTGACAGTTACTGTCACTGCTGCTACCCTCCTA,32873
63198,3,pos,3,CTAACCGTCACAGTAACCGCAGCTACCCTGCTG,14
63198,3,pos,3,CTGACAGTTACTGTCACTGCTGCTACCCTCCTT,14
63198,3,pos,3,CTTACAGTTACTGTCACTGCTGCTACCCTCCTA,9
63198,3,pos,3,CTGACAGTTACTGTCACTGCTGCTACTCTCCTA,5
63198,3,pos,3,CTGACAGTTACTGTCACTGCTGCCACCCTCCTA,4
63198,3,pos,3,CTGACAGTTACTGTCACCGCTGCTACCCTCCTA,3
63198,3,pos,3,CTGACAGTTACTGTCACTGCTGCTACCCTACTA,2
63198,3,pos,3,CTGACAGTTACAGTCACTGCTGCTACCCTCCTA,2
63198,3,pos,3,CTCACAGTTACTGTCACTGCTGCTACCCTCCTA,2
63198,3,pos,3,CTGACAGTTACTGTCACTGCTGCTACCCTCCTG,2
63198,3,pos,3,CTAACCGTTACTGTAACCGCAGCTACCCTGCTG,2
63198,3,pos,3,CTGACCGTCACTGTAACCGCAGCTACCCTGCTG,2
63198,3,pos,3,CTAACGGTCACTGTAACCGCAGCTACCCTCCTG,1
63198,3,pos,3,CTAACCGTCACTGTGACCGCCGCGACTCTGCTT,1
63198,3,pos,3,CTGACCGTTACTGTAACCGCTGCTACCCTCCTG,1
63198,3,pos,3,CTGACAGTTACGGTCACTGCTGCTACCCTCCTA,1
63198,3,pos,3,CTGACTGTTACTGTCACGGCTGCCACTCTCCTT,1
63198,3,pos,3,CTTACCGTCACAGTAACCGCAGCTACCCTGCTG,1
63198,3,pos,3,CTGACCGTTACTGTCACTGCAGCTACCCTCCTA,1
63198,3,pos,3,CTTACCGTAACGGTAACTGCCGCCACGCTGCTT,1
63198,3,pos,3,CTGACTGTTACTGTCACTGCTGCTACCCTCCTA,1
63198,3,pos,3,CTGACGGTTACTGTCACTGCTGCTACCCTCCTA,1
63198,3,pos,3,CTGACGGTTACTGTCACTGCTGCGACCCTACTA,1
63198,3,pos,3,CTTACCGTTACTGTAACCGCTGCGACCCTCCTG,1
63198,3,pos,3,CTTACCGTCACTGTAACCGCAGCTACCCTGCTG,1
63198,3,pos,3,CTGACCGTTACTGTCACTGCTGCTACCCTCCTA,1
63198,3,pos,3,CTAACAGTTACTGTCACTGCTGCTACCCTCCTA,1
63198,3,pos,3,CTTACCGTCACTGTAACCGCTGCTACCCTCCTG,1
63198,3,pos,3,CTTACCGTCACTGTAACGGCTGCTACCCTCCTA,1
63198,3,pos,3,CTAACCGTCACTGTAACCGCTGCTACCCTCCTA,1
63198,3,pos,3,CTGACAGTTACTGTCACTGCTGCTACCCTCCTC,1
63198,3,pos,3,CTTACAGTTACGGTCACTGCAGCCACGCTTCTC,1
63198,3,pos,3,CTGACAGTTACGGTCACTGCTGCTACCCTCCTT,1
63198,3,pos,3,CTGACAGTTACTGTCACTGCTGCTACCCTTCTA,1
63198,3,pos,3,CTGACAGTTACCGTTACAGCAGCCACGCTTCTG,1
63198,3,pos,4,CTCACCGTTACTGTCACTGCAGCAACCCTACTT,53797
63198,3,pos,4,CTGACAGTTACTGTCACTGCTGCTACCCTCCTA,565
63198,3,pos,4,CTCACCGTTACTGTCACTGCAGCAACCCTCCTT,55
63198,3,pos,4,CTCACCGTTACTGTCACTGCTGCTACCCTCCTA,17
63198,3,pos,4,CTGACCGTTACTGTCACTGCAGCAACCCTACTT,6
63198,3,pos,4,CTGACAGTTACTGTCACTGCTGCAACCCTCCTT,4
63198,3,pos,4,CTCACCGTTACTGTCACTGCAGCTACCCTCCTA,3
63198,3,pos,4,CTAACGGTTACTGTCACTGCGGCAACCCTCCTT,3
63198,3,pos,4,CTCACCGTTACTGTCACCGCAGCAACCCTACTT,3
63198,3,pos,4,CTGACCGTTACTGTCACTGCTGCTACCCTCCTA,3
63198,3,pos,4,CTCACAGTTACTGTCACTGCTGCTACCCTCCTT,2
63198,3,pos,4,CTCACCGTTACTGTCACTGCAGCAACCCTACTC,2
63198,3,pos,4,CTCACCGTTACTGTCACTGCAGCAACCCTCCTA,2
63198,3,pos,4,CTGACAGTTACTGTCACTGCTGCTACCCTCCTT,2
63198,3,pos,4,CTCACAGTTACTGTCACTGCTGCTACCCTCCTA,2
63198,3,pos,4,CTCACCGTTACTGTCACTGCGGCAACCCTCCTT,2
63198,3,pos,4,CTTACCGTTACTGTCACTGCAGCAACCCTACTT,1
63198,3,pos,4,CTCACCGTTACTGTCACTGCGGCAACCCTACTT,1
63198,3,pos,4,CTGACAGTTACTGTCACTGCAGCAACCCTCCTT,1
63198,3,pos,4,CTGACAGTTACTGTTACTGCTGCTACCCTCCTA,1
63198,3,pos,4,CTCACAGTTACTGTCACTGCAGCTACCCTCCTT,1
63198,3,pos,4,CTCACAGTCACTGTAACTGCTGCTACGCTCCTG,1
63198,3,pos,4,CTCACCGTCACTGTCACTGCAGCAACCCTACTT,1
63198,3,pos,4,CTCACCGTTACTGTCACTGCTGCTACCCTCCTT,1
63198,3,pos,4,CTCACCGTTACTGTCACTGCCGCAACCCTTCTT,1
63198,3,pos,4,CTCACCGTTACTGTCACTGCAGCAACTCTACTT,1
63198,3,pos,4,CTCACAGTTACTGTCACTGCAGCAACCCTACTT,1
63198,3,pos,4,CTGACCGTTACTGTCACTGCTGCGACCCTGCTG,1
63198,3,pos,4,CTTACGGTCACCGTGACGGCCGCGACACTTCTG,1
63198,3,pos,4,CTGACCGTTACTGTCACTGCTGCTACCCTACTA,1
63198,3,pos,4,CTCACCGTTACTGTCACTGCTGCAACCCTACTT,1
63198,3,pos,4,CTCACCGTTACGGTAACTGCAGCAACCCTCCTT,1
63198,3,pos,4,CTCACAGTTACTGTCACTGCAGCTACCCTACTT,1
63198,3,pos,4,CTTACAGTTACTGTCACTGCTGCTACCCTCCTA,1
63198,3,pos,4,CTCACCGTTACTGTCACTGCAGCTACCCTACTT,1
63198,3,pos,4,CTCACCGTTACTGTCACTGCAGCTACCCTCCTT,1
63198,3,pos,4,CTGACCGTTACTGTCACTGCTGCTACCCTACTT,1
63198,3,pos,4,CTCACCGTTACCGTCACTGCAGCAACCCTACTT,1
63198,3,pos,5,CTTACCGTTACGGTAACCGCTGCGACACTCCTG,38413
63198,3,pos,5,CTTACCGTTACGGTAACCGCTGCGACACTCCTT,26
63198,3,pos,5,CTCACCGTTACGGTAACCGCTGCGACACTCCTG,10
63198,3,pos,5,CTTACCGTTACGGTAACCGCTGCTACACTCCTG,6
63198,3,pos,5,CTTACCGTTACGGTAACCGCTGCCACACTCCTG,6
63198,3,pos,5,CTTACCGTTACGGTAACTGCTGCGACACTCCTG,6
63198,3,pos,5,CTTACCGTTACTGTAACCGCTGCGACACTCCTG,5
63198,3,pos,5,CTCACCGTTACTGTCACTGCAGCAACCCTACTT,4
63198,3,pos,5,CTTACCGTTACGGTAACCGCTGCGACGCTCCTG,3
63198,3,pos,5,CTTACCGTTACCGTAACCGCTGCGACACTCCTG,3
63198,3,pos,5,CTTACCGTCACGGTAACCGCTGCGACACTCCTG,2
63198,3,pos,5,CTTACCGTTACGGTAACCGCTGCGACACTTCTG,2
63198,3,pos,5,CTTACCGTTACGGTGACCGCTGCGACACTCCTG,2
63198,3,pos,5,CTTACCGTTACGGTAACTGCTGCGACACTCCTT,1
63198,3,pos,5,CTCACGGTTACCGTGACAGCAGCAACTCTCCTA,1
63198,3,pos,5,CTTACTGTTACGGTAACCGCTGCGACACTCCTG,1
63198,3,pos,5,CTTACCGTTACGGTAACCGCTGCAACACTCCTG,1
63198,3,pos,5,CTTACCGTTACAGTAACCGCTGCGACACTCCTG,1
63198,3,pos,5,CTTACCGTTACGGTAACCGCTGCGACACTGCTG,1
63198,3,pos,5,CTTACCGTTACGGTAACCGCCGCGACACTCCTG,1
63198,3,pos,5,CTTACCGTTACGGTTACCGCTGCGACACTCCTG,1
63198,3,pos,5,CTTACCGTTACGGTAACCGCTGCGACACTCCTC,1
63198,3,pos,5,CTGACTGTAACAGTAACTGCAGCTACACTTCTT,1
63198,3,pos,5,CTTACCGTAACGGTAACCGCTGCGACACTCCTG,1
63198,3,pos,5,CTGACAGTAACCGTTACAGCCGCTACTCTGCTT,1
63198,3,pos,5,CTTACCGTTACGGTAACGGCTGCGACACTCCTG,1
63198,3,pos,5,CTCACCGTTACTGTAACCGCTGCGACACTCCTT,1
63198,3,pos,6,CTGACAGTTACTGTCACTGCTGCTACCCTCCTA,12886
63198,3,pos,6,CTGACAGTTACTGTCACTGCTGCTACCCTCCTT,12
63198,3,pos,6,CTCACAGTTACTGTCACTGCTGCTACCCTCCTA,4
63198,3,pos,6,CTTACAGTTACGGTCACTGCAGCCACGCTTCTC,3
63198,3,pos,6,CTGACAGTTACTGTCACTGCCGCTACCCTCCTA,2
63198,3,pos,6,CTTACAGTTACTGTCACTGCTGCTACCCTCCTA,2
63198,3,pos,6,CTGACAGTTACTGTCACTGCTGCCACCCTCCTA,2
63198,3,pos,6,CTTACTGTCACCGTTACCGCAGCAACACTACTT,2
63198,3,pos,6,CTGACAGTTACCGTCACTGCTGCTACCCTCCTA,2
63198,3,pos,6,CTGACAGTTACTGTCACTGCTGCTACTCTCCTA,1
63198,3,pos,6,CTGACGGTTACTGTGACAGCAGCAACCCTACTT,1
63198,3,pos,6,CTCACCGTTACTGTCACTGCAGCAACCCTACTT,1
63198,3,pos,6,CTGACGGTTACTGTCACTGCTGCTACCCTCCTA,1
63198,3,pos,6,CTGACAGTTACTGTCACAGCTGCTACCCTCCTA,1
63198,3,pos,6,CTTACCGTTACTGTAACTGCTGCCACCCTCCTT,1
63198,3,pos,6,CTTACAGTTACCGTGACCGCTGCTACGCTACTT,1
63198,3,pos,6,CTAACTGTAACAGTTACTGCTGCGACTCTACTT,1
63198,3,pos,6,CTGACAGTTACTGTTACTGCTGCTACCCTCCTA,1
63198,3,pos,6,CTAACCGTCACTGTTACTGCCGCAACTCTCCTT,1
63198,3,pos,6,CTGACAGTTACTGTCACTGCAGCTACCCTCCTA,1
63198,3,pos,6,CTGACAGTTACTGTCACTGCTGCTACACTCCTG,1
63198,3,pos,7,CTTACGGTCACCGTGACGGCCGCGACACTTCTG,36321
63198,3,pos,7,CTTACGGTCACCGTGACGGCCGCGACACTTCTT,17
63198,3,pos,7,CTTACGGTCACCGTGACTGCCGCGACACTTCTG,13
63198,3,pos,7,CTTACGGTCACCGTTACGGCCGCGACACTTCTG,13
63198,3,pos,7,CTTACTGTCACCGTGACGGCCGCGACACTTCTG,8
63198,3,pos,7,CTTACGGTCACTGTGACGGCCGCGACACTTCTG,7
63198,3,pos,7,CTTACGGTCACCGTGACGGCCGCTACACTTCTG,5
63198,3,pos,7,CTTACGGTCACCGTGACCGCCGCGACACTTCTG,4
63198,3,pos,7,CTTACGGTCACCGTGACGGCTGCGACACTTCTG,3
63198,3,pos,7,CTTACCGTCACCGTGACGGCCGCGACACTTCTG,3
63198,3,pos,7,CTTACGGTCACCGTCACGGCCGCGACACTTCTG,3
63198,3,pos,7,CTGACCGTCACTGTCACTGCCGCCACGCTTCTA,2
63198,3,pos,7,CTCACGGTCACCGTGACGGCCGCGACACTTCTG,2
63198,3,pos,7,CTGACAGTCACAGTGACTGCCGCGACTCTTCTT,2
63198,3,pos,7,CTTACGGTCACCGTGACGGCCGCCACACTTCTG,2
63198,3,pos,7,CTTACGGTCACCGTGACGGCCGCGACACTCCTG,2
63198,3,pos,7,CTTACGGTCACCGTGACGGCAGCGACACTTCTG,2
63198,3,pos,7,CTAACGGTCACGGTAACGGCCGCGACACTTCTG,1
63198,3,pos,7,CTTACGGTCACCGTGACAGCCGCGACACTTCTG,1
63198,3,pos,7,CTGACAGTTACTGTCACTGCTGCTACCCTCCTA,1
63198,3,pos,7,CTTACGGTCACTGTGACGGCCGCGACCCTTCTG,1
63198,3,pos,7,CTTACGGTAACCGTGACGGCCGCGACACTTCTG,1
63198,3,pos,7,CTAACCGTCACTGTGACGGCTGCAACGCTTCTG,1
63198,3,pos,7,CTTACCGTCACTGTGACGGCTGCGACGCTTCTG,1
63198,3,pos,7,CTTACAGTTACCGTGACCGCTGCTACGCTACTT,1
63198,3,pos,7,CTTACAGTCACGGTCACCGCCGCGACACTTCTT,1
63198,3,pos,7,CTTACGGTCACCGTGACGGCCGCGACACTTCTC,1
63198,3,pos,7,CTTACGGTCACCGTGACGGCGGCGACACTTCTG,1
63198,3,pos,7,CTTACGGTCACCGTAACGGCCGCGACACTTCTG,1
63198,3,pos,7,CTCACGGTTACCGTCACCGCAGCGACCCTACTC,1
63198,3,pos,7,CTTACGGTCACAGTGACGGCCGCGACACTTCTG,1
63198,3,pos,7,CTCACCGTTACTGTCACTGCAGCGACCCTACTT,1
63198,3,pos,7,CTAACCGTCACTGTGACCGCGGCCACCCTACTG,1
63198,3,pos,7,CTTACGGTCACCGTCACTGCCGCGACACTTCTC,1
63198,3,pos,8,CTTACCGTCACTGTAACGGCTGCCACTCTACTT,24547
63198,3,pos,8,CTTACCGTCACTGTAACGGCTGCCACTCTACTC,4
63198,3,pos,8,CTTACCGTCACTGTAACTGCTGCCACTCTACTT,3
63198,3,pos,8,CTCACCGTCACTGTAACGGCTGCCACTCTACTT,3
63198,3,pos,8,CTTACCGTCACTGTAACGGCTGCCACTCTCCTT,2
63198,3,pos,8,CTTACCGTTACTGTAACGGCTGCCACTCTACTT,2
63198,3,pos,8,CTTACCGTCACTGTAACGGCTGCTACTCTACTT,2
63198,3,pos,8,CTTACCGTCACTGTTACGGCTGCCACTCTACTT,1
63198,3,pos,8,CTTACCGTAACTGTAACGGCTGCCACTCTACTT,1
63198,3,pos,8,CTCACTGTCACCGTAACCGCAGCAACCCTTCTA,1
63198,3,pos,8,CTGACCGTCACTGTAACGGCCGCTACGCTTCTA,1
63198,3,pos,8,CTTACTGTTACTGTCACTGCAGCCACTCTACTT,1
63198,3,pos,8,CTCACAGTCACTGTAACTGCTGCTACGCTCCTG,1
63198,3,pos,8,CTTACCGTCACTGTAACGGCTGCCACCCTACTT,1
63198,3,pos,8,CTTACAGTTACCGTTACAGCAGCCACACTCCTG,1
63198,3,pos,8,CTTACGGTCACTGTAACGGCCGCTACACTTCTG,1
63198,3,pos,8,CTTACCGTTACTGTAACTGCTGCTACCCTACTT,1
63198,3,pos,8,CTTACCGTCACTGTAACGGCGGCCACTCTACTT,1
63198,3,pos,8,CTTACCGTCACTGTAACGGCTGCCACTCTTCTT,1
63198,3,pos,8,CTTACCGTCACTGTAACGGCTGCCACTCTACTA,1
63198,3,pos,8,CTTACCGTCACTGTGACGGCTGCCACTCTACTT,1
63198,3,pos,8,CTTACCGTCACTGTAACAGCTGCCACTCTACTT,1
63198,3,pos,8,CTGACAGTTACCGTTACAGCAGCCACGCTTCTG,1
63198,3,pos,8,CTTACCGTCACCGTAACGGCTGCCACTCTACTT,1
63198,3,pos,8,CTAACAGTCACGGTCACCGCCGCAACGCTTCTT,1
63198,3,pos,9,CTGACTGTTACAGTAACTGCTGCTACACTACTG,31615
63198,3,pos,9,CTTACCGTCACTGTAACGGCTGCCACTCTACTT,1033
63198,3,pos,9,CTGACTGTTACAGTAACTGCTGCTACACTACTT,31
63198,3,pos,9,CTGACTGTTACAGTAACGGCTGCTACACTACTT,12
63198,3,pos,9,CTCACTGTTACAGTAACTGCTGCTACACTACTG,6
63198,3,pos,9,CTTACTGTCACTGTAACGGCTGCCACTCTACTT,5
63198,3,pos,9,CTTACTGTTACAGTAACTGCTGCTACACTACTG,5
63198,3,pos,9,CTGACTGTCACAGTAACTGCTGCTACACTACTG,5
63198,3,pos,9,CTAACGGTAACGGTAACGGCTGCAACCCTACTT,3
63198,3,pos,9,CTGACTGTTACAGTAACTGCTGCCACACTACTG,3
63198,3,pos,9,CTCACCGTTACTGTCACTGCAGCAACCCTACTT,2
63198,3,pos,9,CTGACTGTTACAGTAACTGCTGCTACTCTACTT,2
63198,3,pos,9,CTCACTGTCACTGTAACCGCTGCCACTCTACTT,2
63198,3,pos,9,CTGACTGTTACAGTAACTGCTGCTACACTACTA,2
63198,3,pos,9,CTGACTGTTACAGTAACTGCTGCCACTCTACTT,2
63198,3,pos,9,CTTACTGTTACAGTAACTGCTGCTACACTACTT,2
63198,3,pos,9,CTGACTGTTACAGTAACCGCTGCTACACTACTG,2
63198,3,pos,9,CTGACCGTTACAGTAACTGCTGCTACACTACTG,2
63198,3,pos,9,CTGACTGTTACTGTAACCGCTGCCACTCTACTT,1
63198,3,pos,9,CTGACTGTCACTGTAACGGCTGCCACTCTACTT,1
63198,3,pos,9,CTGACTGTTACAGTGACTGCTGCTACACTACTG,1
63198,3,pos,9,CTGACAGTTACCGTTACAGCAGCCACGCTTCTG,1
63198,3,pos,9,CTGACTGTTACAGTAACTGCTGCTACCCTACTG,1
63198,3,pos,9,CTAACGGTAACGGTAACGGCGGCAACCCTCCTT,1
63198,3,pos,9,CTTACCGTTACTGTAACGGCTGCCACTCTACTT,1
63198,3,pos,9,CTGACTGTCACTGTAACTGCTGCCACTCTACTT,1
63198,3,pos,9,CTTACCGTCACTGTAACGGCTGCCACTCTACTC,1
63198,3,pos,9,CTGACTGTTACAGTAACTGCTGCTACGCTACTG,1
63198,3,pos,9,CTGACTGTTACAGTAACTGCTGCTACACTCCTG,1
63198,3,pos,9,CTTACCGTTACCGTAACCGCTGCCACCCTACTT,1
63198,3,pos,9,CTGACTGTTACAGTAACTGCTGCTACCCTACTT,1
63198,3,pos,9,CTGACTGTTACTGTAACTGCTGCCACACTACTG,1
63198,3,pos,9,CTGACTGTTACAGTAACGGCTGCCACACTACTT,1
63198,3,pos,9,CTGACCGTTACTGTAACGGCTGCCACTCTACTT,1
63198,3,pos,9,CTAACGGTAACGGTAACGGCGGCAACCCTACTT,1
63198,3,pos,9,CTGACGGTTACTGTAACTGCTGCGACACTACTG,1
63198,3,pos,9,CTAACAGTCACGGTCACCGCCGCAACGCTTCTT,1
63198,3,pos,9,CTGACTGTTACCGTAACTGCTGCTACACTACTG,1
63198,3,pos,9,CTGACTGTTACAGTAACTGCTGCTACACTGCTG,1
63198,3,pos,10,CTGACCGTCACTGTCACTGCCGCCACGCTTCTA,22575
63198,3,pos,10,CTGACCGTTACTGTCACTGCCGCCACGCTTCTA,14
63198,3,pos,10,CTGACCGTCACTGTCACTGCCGCCACGCTTCTT,10
63198,3,pos,10,CTTACCGTCACTGTCACTGCCGCCACGCTTCTA,8
63198,3,pos,10,CTGACCGTCACTGTCACTGCCGCCACTCTTCTA,8
63198,3,pos,10,CTGACCGTCACTGTTACTGCCGCCACGCTTCTA,4
63198,3,pos,10,CTGACCGTCACTGTCACTGCTGCCACGCTTCTA,3
63198,3,pos,10,CTGACCGTCACTGTCACTGCCGCCACCCTTCTA,3
63198,3,pos,10,CTGACCGTCACTGTAACTGCCGCCACGCTTCTA,2
63198,3,pos,10,CTGACCGTCACTGTCACTGCCGCTACGCTTCTA,2
63198,3,pos,10,CTCACCGTCACTGTCACTGCCGCCACGCTTCTA,1
63198,3,pos,10,CTAACCGTCACTGTCACTGCCGCCACGCTTCTA,1
63198,3,pos,10,CTGACGGTAACAGTGACAGCAGCAACCCTACTT,1
63198,3,pos,10,CTAACCGTAACTGTCACTGCGGCAACCCTCCTT,1
63198,3,pos,10,CTGACCGTCACTGTCACCGCCGCCACGCTTCTA,1
63198,3,pos,10,CTGACTGTCACTGTCACTGCCGCCACGCTTCTA,1
63198,3,pos,10,CTGACCGTCACTGTCACTGCCGCCACGCTCCTA,1
63198,3,pos,11,CTTACCGTTACGGTAACCGCTGCGACACTCCTG,13379
63198,3,pos,11,CTTACCGTTACGGTAACCGCTGCGACACTCCTT,19
63198,3,pos,11,CTTACCGTTACGGTAACCGCTGCTACACTCCTG,5
63198,3,pos,11,CTTACCGTTACTGTAACCGCTGCGACACTCCTG,4
63198,3,pos,11,CTTACCGTTACCGTAACCGCTGCGACACTCCTG,3
63198,3,pos,11,CTTACCGTTACGGTAACCGCCGCGACACTCCTG,2
63198,3,pos,11,CTTACCGTTACGGTGACCGCTGCGACACTCCTG,2
63198,3,pos,11,CTTACCGTTACAGTAACCGCTGCGACACTCCTG,2
63198,3,pos,11,CTTACCGTTACGGTAACCGCTGCGACTCTCCTG,2
63198,3,pos,11,CTTACCGTTACGGTAACTGCTGCGACACTCCTG,2
63198,3,pos,11,CTTACCGTTACGGTAACCGCTGCCACACTCCTG,2
63198,3,pos,11,CTTACTGTTACGGTAACCGCTGCGACACTCCTG,1
63198,3,pos,11,CTTACCGTTACGGTAACCGCTGCGACGCTCCTG,1
63198,3,pos,11,CTTACCGTTACGGTAACCGCTGCGACACTCCTA,1
63198,3,pos,11,CTTACCGTTACGGTAACCGCTGCGACACTGCTG,1
63198,3,pos,11,CTTACCGTTACGGTAACGGCTGCGACACTCCTG,1
63198,3,pos,11,CTTACCGTTACGGTAACAGCTGCGACACTCCTG,1
63198,3,pos,11,CTCACCGTTACGGTAACCGCTGCGACACTCCTG,1
63198,3,pos,11,CTGACTGTGACCGTGACTGCTGCCACTCTACTA,1
63198,3,pos,12,CTCACAGTGACTGTAACAGCAGCTACGCTGCTA,32621
63198,3,pos,12,CTCACAGTGACTGTAACAGCAGCCACGCTGCTA,6
63198,3,pos,12,CTCACAGTGACTGTAACAGCAGCTACGCTGCTT,4
63198,3,pos,12,CTAACAGTGACTGTAACAGCAGCTACGCTGCTA,3
63198,3,pos,12,CTTACAGTGACTGTAACAGCAGCTACGCTGCTA,3
63198,3,pos,12,CTCACAGTGACTGTAACAGCAGCTACCCTGCTA,3
63198,3,pos,12,CTCACTGTGACTGTAACAGCAGCTACGCTGCTA,2
63198,3,pos,12,CTCACAGTGACCGTAACAGCAGCTACGCTGCTA,2
63198,3,pos,12,CTCACGGTGACTGTAACAGCAGCTACGCTGCTA,2
63198,3,pos,12,CTCACAGTGACTGTAACAGCGGCTACGCTGCTA,1
63198,3,pos,12,CTCACAGTGACGGTAACAGCAGCTACGCTCCTA,1
63198,3,pos,12,CTCACAGTGACTGTAACAGCAGCTACGCTACTA,1
63198,3,pos,12,CTTACGGTCACCGTGACGGCCGCGACACTTCTG,1
63198,3,pos,12,CTCACAGTGACTGTAACCGCAGCTACGCTGCTA,1
63198,3,pos,12,CTGACAGTTACTGTCACTGCTGCTACCCTCCTA,1
63198,3,pos,12,CTCACAGTGACTGTTACAGCAGCTACGCTGCTA,1
63198,3,pos,12,CTCACAGTGACTGTAACGGCAGCTACGCTGCTA,1
63198,3,pos,12,CTCACAGTTACTGTAACAGCAGCTACGCTGCTA,1
63198,3,pos,12,CTCACAGTGACTGTAACAGCAGCTACTCTGCTA,1
63198,3,pos,12,CTTACTGTCACCGTTACCGCAGCAACACTACTT,1
63198,3,pos,13,CTCACCGTTACTGTCACTGCAGCAACCCTACTT,12
63198,3,pos,13,CTCACAGTCACCGTGACCGCTGCGACCCTACTT,1
63198,3,pos,13,CTCACAGTTACAGTCACCGCAGCCACTCTGCTG,1
63198,3,pos,13,CTCACAGTGACTGTAACTGCAGCTACGCTGCTA,1
63198,3,pos,13,CTAACTGTCACTGTAACAGCCGCTACACTTCTC,1
63198,3,pos,13,CTTACAGTTACGGTCACTGCTGCAACCCTCCTG,1
63198,3,pos,13,CTAACCGTCACAGTAACCGCAGCTACCCTGCTG,1
63198,3,pos,13,CTCACTGTAACAGTTACTGCTGCTACTCTACTT,1
63198,3,pos,13,CTCACTGTGACCGTAACCGCAGCAACCCTTCTT,1
63198,3,pos,13,CTGACGGTAACAGTGACAGCAGCAACCCTACTT,1
63198,3,pos,13,CTGACGGTTACCGTGACCGCAGCAACCCTACTT,1
63198,3,pos,13,CTCACGGTTACTGTGACCGCGGCGACCCTACTT,1
63198,3,pos,14,CTTACTGTTACAGTAACTGCAGCCACTCTCCTT,3
63198,3,pos,14,CTCACAGTGACTGTAACAGCAGCTACGCTGCTA,2
63198,3,pos,14,CTTACTGTCACCGTTACCGCAGCAACACTACTT,2
63198,3,pos,14,CTCACCGTTACTGTCACTGCAGCAACCCTACTT,1
63198,3,pos,14,CTGACGGTAACAGTGACAGCAGCAACCCTACTT,1
63198,3,pos,14,CTAACCGTCACTGTTACTGCTGCGACCCTACTA,1
63198,3,pos,14,CTTACAGTTACCGTCACAGCAGCCACACTCCTG,1
63198,3,pos,15,CTCACGGTGACCGTAACCGCAGCGACTCTGCTC,51120
63198,3,pos,15,CTGACAGTCACTGTGACCGCAGCTACCCTTCTT,899
63198,3,pos,15,CTCACGGTGACCGTAACCGCAGCGACTCTGCTT,29
63198,3,pos,15,CTCACGGTGACCGTAACCGCAGCGACCCTGCTT,26
63198,3,pos,15,CTCACGGTGACCGTAACCGCAGCTACTCTGCTC,18
63198,3,pos,15,CTCACGGTGACTGTAACCGCAGCGACTCTGCTC,8
63198,3,pos,15,CTCACGGTGACCGTAACCGCAGCTACCCTTCTT,7
63198,3,pos,15,CTCACTGTGACCGTAACCGCAGCGACTCTGCTC,7
63198,3,pos,15,CTGACGGTCACTGTAACCGCAGCTACCCTTCTT,6
63198,3,pos,15,CTCACGGTCACTGTAACCGCAGCGACTCTTCTT,4
63198,3,pos,15,CTGACGGTCACCGTAACCGCAGCTACTCTGCTT,4
63198,3,pos,15,CTAACGGTAACGGTAACCGCAGCAACCCTCCTT,4
63198,3,pos,15,CTCACGGTGACCGTAACCGCAGCGACTCTTCTT,4
63198,3,pos,15,CTTACGGTGACCGTAACCGCAGCGACTCTGCTC,3
63198,3,pos,15,CTCACGGTGACCGTAACCGCAGCGACTCTCCTC,2
63198,3,pos,15,CTCACCGTGACCGTAACCGCAGCGACTCTGCTC,2
63198,3,pos,15,CTCACGGTGACCGTAACCGCAGCGACTCTTCTC,2
63198,3,pos,15,CTCACAGTGACCGTAACCGCAGCGACTCTGCTC,2
63198,3,pos,15,CTGACGGTCACAGTCACCGCAGCTACGCTCCTT,2
63198,3,pos,15,CTGACGGTCACTGTGACCGCAGCTACCCTTCTT,2
63198,3,pos,15,CTGACAGTCACTGTGACCGCAGCTACCCTTCTC,2
63198,3,pos,15,CTCACGGTGACCGTAACCGCAGCGACCCTTCTT,2
63198,3,pos,15,CTCACGGTGACCGTAACTGCAGCGACTCTGCTC,2
63198,3,pos,15,CTCACGGTGACCGTGACCGCAGCGACTCTGCTC,2
63198,3,pos,15,CTGACAGTGACTGTAACCGCAGCTACCCTTCTC,1
63198,3,pos,15,CTCACGGTGACCGTAACCGCAGCAACTCTGCTC,1
63198,3,pos,15,CTCACGGTGACCGTAACCGCAGCTACTCTTCTT,1
63198,3,pos,15,CTTACAGTTACGGTCACTGCAGCCACGCTTCTC,1
63198,3,pos,15,CTCACGGTGACCGTAACCGCGGCGACTCTGCTC,1
63198,3,pos,15,CTCACGGTCACCGTAACCGCAGCGACTCTGCTC,1
63198,3,pos,15,CTGACAGTCACCGTGACCGCAGCTACCCTTCTT,1
63198,3,pos,15,CTCACGGTAACCGTAACCGCAGCGACCCTGCTT,1
63198,3,pos,15,CTGACAGTCACTGTGACCGCAGCGACCCTGCTT,1
63198,3,pos,15,CTTACAGTTACCGTAACCGCAGCAACCCTTCTT,1
63198,3,pos,15,CTCACGGTGACCGTAACCGCAGCCACTCTGCTC,1
63198,3,pos,15,CTCACGGTCACTGTAACCGCAGCTACCCTTCTT,1
63198,3,pos,15,CTTACCGTAACGGTAACTGCAGCCACGCTGCTT,1
63198,3,pos,15,CTGACAGTTACCGTAACCGCCGCAACCCTTCTA,1
63198,3,pos,15,CTCACGGTGACAGTAACCGCAGCGACTCTGCTC,1
63198,3,pos,15,CTGACTGTTACTGTCACGGCTGCCACTCTCCTT,1
63198,3,pos,15,CTGACGGTGACCGTAACCGCAGCGACTCTGCTC,1
63198,3,pos,15,CTCACTGTCACTGTCACCGCAGCCACTCTTCTT,1
63198,3,pos,15,CTAACGGTGACCGTAACCGCAGCGACTCTGCTC,1
63198,3,pos,15,CTAACGGTAACGGTAACGGCAGCAACCCTCCTT,1
63198,3,pos,15,CTCACGGTGACCGTAACCGCCGCGACTCTGCTC,1
63198,3,pos,15,CTAACCGTCACAGTAACCGCAGCTACCCTGCTG,1
63198,3,pos,15,CTCACGGTGACCGTAACCGCAGCGACTCTACTC,1
63198,3,pos,15,CTGACAGTCACTGTGACCGCAGCGACTCTGCTC,1
63198,3,pos,15,CTAACGGTAACCGTAACCGCAGCAACCCTCCTT,1
63198,3,pos,15,CTCACGGTGACCGTAACCGCAGCTACTCTTCTC,1
63198,3,pos,15,CTCACGGTGACCGTAACCGCAGCAACCCTCCTT,1
63198,3,pos,15,CTCACGGTGACCGTAACCGCAGCTACCCTGCTT,1
63198,3,pos,16,CTGACGGTAACCGTAACCGCCGCGACGCTTCTT,49382
63198,3,pos,16,CTTACGGTAACCGTAACCGCCGCGACGCTTCTT,5
63198,3,pos,16,CTGACGGTAACCGTAACCGCCGCTACGCTTCTT,5
63198,3,pos,16,CTGACGGTAACTGTAACCGCCGCGACGCTTCTT,3
63198,3,pos,16,CTGACGGTAACCGTAACCGCCGCGACTCTTCTT,3
63198,3,pos,16,CTGACGGTAACCGTAACCGCCGCAACCCTCCTT,3
63198,3,pos,16,CTGACGGTAACCGTAACTGCCGCGACGCTTCTT,3
63198,3,pos,16,CTGACGGTAACCGTAACCGCCGCAACCCTTCTT,2
63198,3,pos,16,CTGACGGTAACCGTAACCGCTGCGACGCTTCTT,2
63198,3,pos,16,CTGACGGTAACCGTAACCGCCGCAACGCTTCTT,2
63198,3,pos,16,CTGACAGTAACCGTAACCGCCGCGACGCTTCTT,1
63198,3,pos,16,CTTACGGTCACCGTGACGGCCGCGACACTTCTG,1
63198,3,pos,16,CTCACAGTCACAGTAACTGCTGCTACGCTCCTG,1
63198,3,pos,16,CTGACGGTAACAGTAACCGCCGCGACGCTTCTT,1
63198,3,pos,16,CTGACGGTAACCGTAACCGCCGCGACGCTTCTC,1
63198,3,pos,16,CTGACGGTAACCGTAACCGCCGCGACCCTTCTT,1
63198,3,pos,16,CTGACGGTAACCGTAACCGCCGCGACACTTCTT,1
63198,3,pos,16,CTGACTGTGACCGTGACTGCTGCCACTCTACTA,1
63198,3,pos,16,CTCACAGTCACCGTGACCGCTGCGACCCTACTT,1
63198,3,pos,16,CTTACTGTCACGGTAACTGCTGCTACGCTCCTT,1
63198,3,pos,16,CTGACCGTAACCGTAACCGCCGCGACGCTTCTT,1
63198,3,pos,16,CTGACCGTCACTGTCACTGCCGCCACGCTTCTA,1
63198,3,pos,16,CTGACTGTAACCGTAACCGCCGCGACGCTTCTT,1
63198,3,pos,17,CTGACTGTGACTGTAACTGCTGCTACCCTTCTC,54985
63198,3,pos,17,CTGACTGTGACTGTAACTGCTGCTACCCTTCTT,4
63198,3,pos,17,CTTACTGTGACTGTAACTGCTGCTACCCTTCTC,3
63198,3,pos,17,CTGACTGTAACTGTAACTGCTGCTACCCTTCTC,2
63198,3,pos,17,CTGACTGTGACTGTAACTGCAGCCACCCTCCTT,1
63198,3,pos,17,CTGACTGTGACTGTAACTGCAGCTACCCTTCTC,1
63198,3,pos,17,CTCACTGTGACTGTCACTGCTGCTACCCTTCTT,1
63198,3,pos,17,CTCACGGTAACCGTGACAGCAGCAACTCTCCTA,1
63198,3,pos,17,CTGACTGTGACTGTAACCGCTGCTACCCTTCTC,1
63198,3,pos,17,CTGACTGTGACTGTGACTGCTGCTACCCTTCTC,1
63198,3,pos,17,CTAACTGTAACCGTCACTGCGGCAACTCTGCTC,1
63198,3,pos,17,CTGACAGTCACTGTGACTGCAGCTACCCTTCTT,1
63198,3,pos,17,CTGACTGTGACTGTAACGGCTGCTACCCTTCTC,1
63198,3,pos,17,CTGACTGTGACTGTAACTGCTGCTACGCTTCTC,1
63198,3,pos,17,CTGACTGTGACTGTAACTGCTGCTACACTTCTC,1
63198,3,pos,17,CTGACTGTGACTGTAACTGCTGCTACCCTCCTC,1
63198,3,pos,18,CTTACTGTTACGGTAACCGCAGCCACGCTCCTT,9210
63198,3,pos,18,CTTACTGTTACGGTAACTGCAGCCACGCTCCTT,5
63198,3,pos,18,CTTACTGTTACTGTAACCGCAGCCACGCTCCTT,4
63198,3,pos,18,CTTACTGTTACGGTAACCGCAGCCACCCTCCTT,3
63198,3,pos,18,CTTACTGTTACGGTAACCGCAGCCACTCTCCTT,2
63198,3,pos,18,CTTACTGTTACCGTAACCGCAGCCACGCTCCTT,2
63198,3,pos,18,CTTACTGTTACAGTAACCGCAGCCACGCTCCTT,2
63198,3,pos,18,CTTACTGTTACGGTAACCGCAGCCACGCTCCTC,2
63198,3,pos,18,CTGACAGTCACAGTGACTGCCGCGACTCTTCTT,1
63198,3,pos,18,CTTACTGTTACGGTCACCGCAGCCACGCTCCTT,1
63198,3,pos,18,CTTACCGTGACTGTTACCGCCGCCACTCTTCTG,1
63198,3,pos,18,CTGACAGTTACTGTCACTGCTGCTACCCTCCTA,1
63198,3,pos,18,CTTACAGTTACCGTGACCGCTGCTACGCTACTT,1
63198,3,pos,18,CTTACCGTTACGGTAACCGCAGCCACGCTCCTT,1
63198,3,pos,18,CTGACGGTAACAGTGACAGCAGCAACCCTACTT,1
63198,3,pos,18,CTGACTGTGACTGTAACTGCTGCTACCCTTCTC,1
63198,3,pos,18,CTCACAGTTACAGTCACCGCAGCCACTCTGCTG,1
63198,3,pos,18,CTTACTGTCACCGTTACCGCAGCAACACTACTT,1
63198,3,pos,18,CTGACTGTGACCGTGACTGCTGCCACTCTACTA,1
63198,3,pos,18,CTTACTGTTACGGTAACCGCAGCCACACTCCTT,1
63198,3,pos,18,CTTACAGTAACCGTAACCGCGGCGACCCTACTT,1
63198,3,pos,18,CTTACTGTTACGGTAACCGCTGCCACGCTCCTT,1
63198,3,pos,18,CTCACTGTTACGGTAACCGCAGCCACGCTCCTT,1
63198,3,pos,18,CTTACTGTCACGGTAACCGCAGCCACGCTCCTT,1
63198,3,pos,18,CTTACTGTTACGGTAACCGCAGCTACGCTCCTT,1
63198,3,pos,18,CTAACTGTCACTGTAACTGCCGCAACTCTCCTT,1
63198,3,pos,18,CTCACCGTTACAGTTACTGCGGCCACGCTCCTT,1
63198,3,pos,18,CTCACAGTGACTGTAACAGCAGCTACGCTGCTA,1
63198,3,pos,19,CTCACCGTTACTGTCACTGCAGCAACCCTACTT,39956
63198,3,pos,19,CTCACCGTTACTGTCACTGCAGCAACCCTACTC,4
63198,3,pos,19,CTCACTGTTACTGTCACTGCAGCAACCCTACTT,3
63198,3,pos,19,CTCACCGTTACTGTCACTGCAGCAACCCTCCTT,3
63198,3,pos,19,CTTACCGTTACTGTCACTGCAGCAACCCTACTT,3
63198,3,pos,19,CTCACCGTTACTGTCACTGCAGCAACTCTACTT,2
63198,3,pos,19,CTCACCGTTACTGTCACTGCAGCGACCCTACTT,1
63198,3,pos,19,CTCACCGTTACGGTCACTGCAGCAACCCTACTT,1
63198,3,pos,19,CTGACGGTAACAGTGACTGCAGCAACCCTACTT,1
63198,3,pos,19,CTAACCGTAACTGTGACGGCTGCAACGCTTCTG,1
63198,3,pos,19,CTCACAGTCACCGTGACCGCTGCGACCCTACTT,1
63198,3,pos,19,CTCACCGTTACTGTCACTGCAGCAACCCTGCTT,1
63198,3,pos,19,CTCACGGTAACCGTGACAGCAGCAACTCTCCTA,1
63198,3,pos,19,CTGACAGTTACCGTTACAGCAGCCACGCTTCTG,1
63198,3,pos,19,CTCACCGTTACTGTCACTGCCGCAACCCTACTT,1
63198,3,pos,19,CTAACCGTCACTGTGACCGCGGCCACCCTACTG,1
63198,3,pos,19,CTCACCGTTACTGTCACTGCAGCAACCCTTCTT,1
63198,3,pos,19,CTCACCGTTACTGTCACCGCAGCAACCCTACTT,1
63198,3,pos,19,CTGACAGTCACAGTGACTGCCGCGACTCTTCTT,1
63198,3,pos,19,CTCACCGTTACTGTCACTGCGGCAACCCTACTT,1
63198,3,pos,19,CTAACCGTTACTGTCACTGCAGCAACCCTACTT,1
63198,3,pos,19,CTTACAGTTACCGTGACCGCTGCTACCCTACTT,1
63198,3,pos,19,CTCACAGTTACTGTCACTGCAGCAACCCTACTT,1
63198,3,pos,19,CTCACGGTTACCGTCACCGCAGCAACTCTACTT,1
63198,3,pos,19,CTCACCGTTACTGTAACTGCAGCAACCCTACTT,1
63198,3,pos,19,CTAACCGTCACTGTTACTGCTGCGACCCTACTA,1
63198,3,pos,19,CTGACTGTAACGGTCACCGCTGCTACCCTCCTT,1
63198,3,pos,19,CTCACGGTTACTGTCACTGCAGCAACCCTACTT,1
63198,3,pos,20,CTTACAGTTACGGTCACTGCTGCAACCCTCCTG,28198
63198,3,pos,20,CTTACAGTTACGGTCACTGCTGCAACCCTCCTT,20
63198,3,pos,20,CTTACAGTTACTGTCACTGCTGCAACCCTCCTG,13
63198,3,pos,20,CTTACAGTCACGGTCACTGCTGCAACCCTCCTG,4
63198,3,pos,20,CTTACAGTTACGGTCACTGCTGCAACTCTCCTG,3
63198,3,pos,20,CTTACAGTTACGGTCACCGCTGCAACCCTCCTG,3
63198,3,pos,20,CTTACAGTTACGGTCACTGCCGCAACCCTCCTG,2
63198,3,pos,20,CTTACAGTTACGGTCACTGCTGCCACCCTCCTG,2
63198,3,pos,20,CTTACGGTTACGGTCACTGCTGCAACCCTCCTG,2
63198,3,pos,20,CTTACAGTTACGGTTACTGCTGCAACCCTCCTG,2
63198,3,pos,20,CTTACAGTTACCGTCACTGCTGCAACCCTCCTG,2
63198,3,pos,20,CTTACTGTTACGGTCACTGCTGCAACCCTCCTG,1
63198,3,pos,20,CTGACAGTCACTGTGACCGCAGCTACCCTTCTT,1
63198,3,pos,20,CTTACAGTTACCGTTACAGCAGCCACACTCCTG,1
63198,3,pos,20,CTCACAGTTACGGTCACTGCTGCAACCCTCCTG,1
63198,3,pos,20,CTAACAGTTACGGTCACTGCTGCAACCCTCCTG,1
63198,3,pos,20,CTTACAGTTACAGTCACTGCTGCAACCCTCCTG,1
63198,3,pos,20,CTAACCGTCACAGTAACTGCAGCTACCCTGCTG,1
63198,3,pos,20,CTCACTGTCACCGTAACCGCAGCAACCCTTCTA,1
63198,3,pos,21,CTGACAGTCACAGTGACTGCCGCGACTCTTCTT,14527
63198,3,pos,21,CTGACTGTGACCGTGACTGCTGCCACTCTACTA,12932
63198,3,pos,21,CTGACTGTGACCGTGACTGCTGCCACTCTACTT,72
63198,3,pos,21,CTCACAGTCACAGTAACTGCTGCTACGCTCCTG,66
63198,3,pos,21,CTGACAGTCACAGTGACTGCTGCCACTCTACTA,30
63198,3,pos,21,CTGACGGTAACGGTGACTGCGGCAACTCTCCTT,29
63198,3,pos,21,CTGACAGTCACAGTGACTGCTGCGACTCTTCTT,22
63198,3,pos,21,CTGACTGTCACAGTGACTGCCGCCACTCTTCTT,16
63198,3,pos,21,CTGACAGTCACAGTGACTGCTGCTACTCTCCTG,15
63198,3,pos,21,CTGACTGTCACCGTGACTGCCGCCACTCTTCTT,15
63198,3,pos,21,CTGACTGTGACCGTGACTGCCGCGACTCTTCTT,14
63198,3,pos,21,CTGACAGTCACAGTGACTGCCGCCACTCTTCTT,12
63198,3,pos,21,CTGACAGTCACCGTGACTGCCGCGACTCTTCTT,11
63198,3,pos,21,CTGACTGTTACCGTGACTGCTGCCACTCTACTA,9
63198,3,pos,21,CTGACTGTCACTGTGACTGCCGCCACTCTTCTT,7
63198,3,pos,21,CTGACTGTGACCGTGACTGCTGCCACTCTTCTT,6
63198,3,pos,21,CTGACAGTCACAGTGACTGCCGCTACTCTTCTT,5
63198,3,pos,21,CTGACAGTCACAGTGACTGCCGCGACTCTTCTA,5
63198,3,pos,21,CTGACAGTCACAGTGACTGCCGCCACTCTACTT,4
63198,3,pos,21,CTGACAGTCACAGTGACTGCCGCGACTCTTCTC,4
63198,3,pos,21,CTGACAGTCACAGTGACTGCTGCCACTCTACTT,4
63198,3,pos,21,CTGACAGTCACAGTTACTGCCGCGACTCTTCTT,4
63198,3,pos,21,CTGACTGTGACCGTGACTGCCGCCACTCTTCTT,4
63198,3,pos,21,CTGACAGTTACAGTGACTGCCGCGACTCTTCTT,4
63198,3,pos,21,CTGACTGTCACAGTGACTGCCGCGACTCTTCTT,4
63198,3,pos,21,CTGACAGTCACAGTGACTGCGGCAACTCTCCTT,4
63198,3,pos,21,CTCACTGTGACCGTGACTGCTGCCACTCTACTA,3
63198,3,pos,21,CTGACTGTGACCGTGACTGCCGCCACTCTACTA,3
63198,3,pos,21,CTGACAGTCACCGTGACTGCTGCCACTCTACTA,3
63198,3,pos,21,CTGACTGTGACCGTGACTGCTGCCACTCTTCTA,3
63198,3,pos,21,CTTACTGTGACCGTGACTGCTGCCACTCTACTA,3
63198,3,pos,21,CTGACAGTGACCGTGACTGCTGCCACTCTACTA,3
63198,3,pos,21,CTGACAGTCACAGTGACTGCCGCGACTCTACTA,2
63198,3,pos,21,CTGACCGTAACGGTGACTGCGGCTACTCTTCTT,2
63198,3,pos,21,CTGACTGTCACCGTGACTGCTGCCACTCTACTA,2
63198,3,pos,21,CTGACTGTGACTGTGACTGCTGCCACTCTACTA,2
63198,3,pos,21,CTGACTGTGACCGTTACTGCTGCCACTCTACTA,2
63198,3,pos,21,CTGACAGTCACAGTGACTGCCGCGACTCTCCTT,2
63198,3,pos,21,CTGACTGTGACCGTCACTGCTGCCACTCTACTA,2
63198,3,pos,21,CTGACTGTGACCGTGACTGCTGCGACTCTTCTT,2
63198,3,pos,21,CTGACTGTGACCGTGACTGCTGCGACTCTACTA,1
63198,3,pos,21,CTGACAGTGACAGTGACTGCTGCCACTCTTCTT,1
63198,3,pos,21,CTGACTGTAACGGTGACTGCGGCCACTCTCCTT,1
63198,3,pos,21,CTGACTGTGACCGTGACTGCGGCAACTCTCCTT,1
63198,3,pos,21,CTGACGGTCACGGTGACTGCCGCTACTCTACTT,1
63198,3,pos,21,CTGACAGTCACAGTGACTGCCGCAACTCTCCTT,1
63198,3,pos,21,CTGACAGTGACAGTGACTGCCGCGACTCTTCTT,1
63198,3,pos,21,CTGACAGTGACCGTGACTGCTGCCACTCTTCTA,1
63198,3,pos,21,CTGACTGTGACCGTGACTGCTGCCACCCTACTA,1
63198,3,pos,21,CTGACAGTCACAGTGACTGCCGCAACTCTTCTT,1
63198,3,pos,21,CTGACAGTTACCGTGACTGCCGCCACTCTTCTT,1
63198,3,pos,21,CTGACTGTCACAGTGACTGCTGCGACTCTTCTT,1
63198,3,pos,21,CTGACAGTCACCGTGACTGCCGCCACTCTTCTT,1
63198,3,pos,21,CTGACAGTCACAGTGACTGCTGCTACTCTTCTT,1
63198,3,pos,21,CTGACAGTCACCGTGACTGCCGCGACTCTACTT,1
63198,3,pos,21,CTGACGGTCACAGTGACTGCCGCGACTCTTCTT,1
63198,3,pos,21,CTGACTGTCACCGTGACTGCCGCCACTCTACTT,1
63198,3,pos,21,CTCACAGTCACAGTGACTGCCGCGACTCTTCTT,1
63198,3,pos,21,CTGACTGTAACGGTGACTGCGGCAACTCTCCTT,1
63198,3,pos,21,CTGACAGTCACAGTGACTGCCGCCACTCTACTA,1
63198,3,pos,21,CTGACTGTGACCGTGACTGCCGCTACTCTACTT,1
63198,3,pos,21,CTTACCGTAACGGTAACTGCCGCCACGCTGCTT,1
63198,3,pos,21,CTCACAGTGACGGTCACCGCAGCCACCCTCCTT,1
63198,3,pos,21,CTGACAGTCACAGTGACTGCCGCGACTCTGCTT,1
63198,3,pos,21,CTCACGGTTACTGTGACCGCAGCGACCCTACTT,1
63198,3,pos,21,CTGACAGTCACGGTGACTGCCGCGACTCTTCTT,1
63198,3,pos,21,CTGACAGTCACAGTCACTGCCGCGACTCTTCTT,1
63198,3,pos,21,CTAACTGTAACCGTCACTGCGGCAACTCTGCTC,1
63198,3,pos,21,CTGACTGTCACAGTGACTGCTGCCACTCTACTA,1
63198,3,pos,21,CTGACTGTCACCGTGACTGCCGCCACTCTACTA,1
63198,3,pos,21,CTGACTGTGACCGTGACTGCTGCTACTCTACTA,1
63198,3,pos,21,CTGACAGTCACAGTGACTGCCGCGACTCTACTT,1
63198,3,pos,22,CTCACTGTAACAGTTACTGCTGCTACTCTACTT,16771
63198,3,pos,22,CTCACAGTCACCGTGACCGCTGCGACCCTACTT,114
63198,3,pos,22,CTCACTGTAACAGTTACTGCTGCTACCCTACTT,2
63198,3,pos,22,CTCACTGTAACAGTCACTGCTGCTACTCTACTT,2
63198,3,pos,22,CTCACTGTAACGGTTACTGCTGCTACTCTACTT,2
63198,3,pos,22,CTCACTGTAACAGTTACTGCTGCTACTCTACTG,1
63198,3,pos,22,CTCACTGTAACAGTTACTGCTGCTACTCTCCTT,1
63198,3,pos,22,CTCACAGTCACAGTGACTGCTGCGACTCTACTT,1
63198,3,pos,22,CTCACCGTAACAGTTACTGCTGCTACTCTACTT,1
63198,3,pos,22,CTCACTGTCACAGTTACTGCTGCTACTCTACTT,1
63198,3,pos,22,CTCACAGTCACCGTGACCGCTGCTACCCTACTT,1
63198,3,pos,22,CTGACAGTCACAGTGACTGCCGCGACTCTTCTT,1
63198,3,pos,22,CTCACGGTAACGGTAACGGCTGCAACCCTACTT,1
63198,3,pos,22,CTGACAGTTACCGTTACAGCAGCCACGCTTCTG,1
63198,3,pos,22,CTCACAGTAACAGTTACTGCTGCTACTCTACTT,1
63198,3,pos,22,CTCACTGTAACAGTTACTGCTGCTACTCTTCTT,1
63198,3,pos,22,CTCACTGTGACAGTTACTGCTGCTACTCTACTT,1
63198,3,pos,22,CTCACAGTCACCGTGACTGCTGCGACCCTACTT,1
63198,3,pos,22,CTCACTGTAACAGTTACTGCCGCTACTCTACTT,1
63198,3,pos,22,CTGACCGTCACTGTCACTGCCGCCACGCTTCTA,1
63198,3,pos,23,CTCACCGTTACTGTCACTGCAGCAACCCTACTT,12110
63198,3,pos,23,CTCACAGTGACGGTCACCGCAGCCACCCTCCTT,4641
63198,3,pos,23,CTCACCGTCACTGTCACTGCAGCAACCCTACTT,30
63198,3,pos,23,CTCACCGTTACTGTCACTGCAGCAACCCTACTC,14
63198,3,pos,23,CTCACCGTTACTGTCACTGCAGCAACCCTCCTT,14
63198,3,pos,23,CTCACCGTTACGGTCACTGCAGCAACCCTCCTT,13
63198,3,pos,23,CTCACGGTAACGGTCACGGCAGCAACCCTCCTT,13
63198,3,pos,23,CTCACAGTGACGGTCACCGCAGCAACCCTCCTT,11
63198,3,pos,23,CTCACCGTTACTGTCACTGCAGCCACCCTACTT,6
63198,3,pos,23,CTCACAGTGACGGTCACTGCAGCCACCCTCCTT,4
63198,3,pos,23,CTCACCGTTACTGTCACCGCAGCAACCCTACTT,4
63198,3,pos,23,CTCACAGTTACGGTCACCGCAGCCACCCTCCTT,4
63198,3,pos,23,CTCACTGTTACTGTCACTGCAGCAACCCTACTT,4
63198,3,pos,23,CTCACTGTCACTGTCACCGCAGCCACCCTTCTT,4
63198,3,pos,23,CTCACCGTTACTGTCACTGCAGCCACCCTCCTT,3
63198,3,pos,23,CTCACCGTTACTGTCACCGCAGCCACCCTACTT,3
63198,3,pos,23,CTCACCGTGACTGTCACTGCAGCAACCCTACTT,2
63198,3,pos,23,CTCACCGTTACTGTCACCGCAGCCACCCTCCTT,2
63198,3,pos,23,CTCACAGTTACGGTCACTGCAGCAACCCTCCTT,2
63198,3,pos,23,CTCACAGTGACTGTCACCGCAGCCACCCTCCTT,2
63198,3,pos,23,CTCACAGTGACGGTCACCGCAGCCACCCTACTT,2
63198,3,pos,23,CTCACAGTCACGGTCACCGCAGCCACCCTCCTT,2
63198,3,pos,23,CTTACTGTTACGGTAACCGCAGCCACGCTCCTT,1
63198,3,pos,23,CTCACAGTGACGGTCACCGCAGCCACACTCCTT,1
63198,3,pos,23,CTCACCGTTACGGTCACCGCAGCAACCCTCCTT,1
63198,3,pos,23,CTCACAGTGACGGTGACCGCAGCCACCCTCCTT,1
63198,3,pos,23,CTCACCGTAACTGTCACTGCAGCAACCCTACTT,1
63198,3,pos,23,CTCACTGTTACCGTCACAGCAGCCACCCTTCTT,1
63198,3,pos,23,CTCACCGTTACGGTCACGGCAGCAACCCTCCTT,1
63198,3,pos,23,CTCACCGTTACTGTCACTGCTGCAACCCTACTT,1
63198,3,pos,23,CTCACCGTTACTGTCACTGCGGCAACCCTACTT,1
63198,3,pos,23,CTCACAGTGACGGTCACTGCAGCAACCCTCCTT,1
63198,3,pos,23,CTCACAGTTACGGTCACTGCAGCCACCCTCCTT,1
63198,3,pos,23,CTCACCGTTACTGTCACTGCAGCTACCCTACTT,1
63198,3,pos,23,CTCACCGTTACTGTCACGGCAGCAACCCTACTT,1
63198,3,pos,23,CTCACTGTTACGGTCACCGCAGCCACCCTCCTT,1
63198,3,pos,23,CTCACCGTGACGGTCACTGCAGCCACCCTCCTT,1
63198,3,pos,23,CTCACTGTGACTGTCACCGCAGCCACCCTCCTT,1
63198,3,pos,23,CTCACAGTGACCGTCACCGCAGCCACCCTCCTT,1
63198,3,pos,23,CTCACCGTTACGGTCACTGCAGCAACCCTACTT,1
63198,3,pos,23,CTCACAGTTACTGTCACTGCAGCAACCCTACTT,1
63198,3,pos,24,CTTACAGTTACCGTGACCGCAGCAACCCTTCTA,28832
63198,3,pos,24,CTTACAGTTACCGTGACCGCAGCAACCCTTCTT,9
63198,3,pos,24,CTTACAGTTACCGTCACCGCAGCAACCCTTCTA,6
63198,3,pos,24,CTTACAGTTACCGTGACCGCAGCAACCCTTCTG,3
63198,3,pos,24,CTTACAGTTACCGTTACCGCAGCAACCCTTCTA,3
63198,3,pos,24,CTTACAGTTACCGTGACTGCAGCAACCCTTCTA,2
63198,3,pos,24,CTTACAGTTACCGTGACCGCAGCAACCCTTCTC,1
63198,3,pos,24,CTTACAGTTACCGTAACCGCAGCAACCCTTCTA,1
63198,3,pos,24,CTTACAGTTACTGTGACCGCAGCAACCCTTCTA,1
63198,3,pos,24,CTTACAGTTACAGTGACCGCAGCAACCCTTCTA,1
63198,3,pos,24,CTAACCGTCACAGTAACCGCAGCTACCCTGCTG,1
63198,3,pos,24,CTTACAGTTACCGTGACCGCTGCAACCCTTCTA,1
63198,3,pos,24,CTCACAGTTACCGTGACCGCAGCAACCCTTCTT,1
63198,3,pos,24,CTCACAGTTACCGTGACCGCAGCAACCCTTCTA,1
63198,3,pos,24,CTTACAGTTACCGTGACCGCAGCAACCCTCCTA,1
63198,3,pos,24,CTTACGGTTACCGTGACCGCAGCAACCCTTCTA,1
63198,3,pos,24,CTTACAGTTACCGTGACCGCAGCTACCCTTCTA,1
63198,3,pos,24,CTTACCGTTACCGTGACCGCAGCAACCCTTCTA,1
63198,3,pos,24,CTGACAGTAACCGTGACTGCTGCGACCCTTCTA,1
63198,3,pos,24,CTTACAGTTACCGTGACAGCAGCAACCCTTCTA,1
63198,3,pos,25,CTCACTGTAACCGTTACTGCAGCGACTCTGCTG,3708
63198,3,pos,25,CTAACTGTAACAGTTACTGCTGCGACTCTACTT,170
63198,3,pos,25,CTCACTGTAACCGTTACTGCAGCTACTCTGCTG,5
63198,3,pos,25,CTCACTGTAACCGTTACTGCAGCGACTCTGCTT,4
63198,3,pos,25,CTCACTGTAACCGTTACTGCAGCCACTCTGCTG,3
63198,3,pos,25,CTCACGGTAACCGTTACTGCAGCGACTCTGCTG,2
63198,3,pos,25,CTCACCGTAACCGTTACTGCAGCGACTCTGCTG,2
63198,3,pos,25,CTGACTGTAACGGTCACCGCTGCTACACTCCTT,2
63198,3,pos,25,CTCACAGTGACTGTAACAGCAGCTACGCTGCTA,1
63198,3,pos,25,CTGACTGTAACCGTCACTGCCGCTACACTTCTC,1
63198,3,pos,25,CTAACTGTCACTGTAACAGCCGCTACACTTCTC,1
63198,3,pos,25,CTGACGGTAACTGTGACTGCAGCAACCCTACTT,1
63198,3,pos,25,CTCACAGTCACCGTGACCGCAGCGACCCTACTT,1
63198,3,pos,25,CTCACTGTAACAGTTACTGCTGCTACTCTACTT,1
63198,3,pos,26,CTCACTGTAACCGTTACTGCAGCGACTCTGCTG,1814
63198,3,pos,26,CTAACTGTAACAGTTACTGCTGCGACTCTACTT,63
63198,3,pos,26,CTCACTGTAACCGTTACTGCAGCTACTCTGCTG,2
63198,3,pos,26,CTCACTGTAACCGTGACTGCAGCGACTCTGCTG,2
63198,3,pos,26,CTTACAGTTACCGTGACCGCAGCAACCCTTCTA,2
63198,3,pos,26,CTCACTGTAACCGTCACTGCAGCGACTCTGCTG,1
63198,3,pos,26,CTCACTGTAACCGTTACTGCGGCGACTCTGCTG,1
63198,3,pos,26,CTCACTGTAACCGTTACTGCAGCGACTCTGCTT,1
63198,3,pos,27,CTCACCGTTACTGTCACTGCAGCAACCCTACTT,16499
63198,3,pos,27,CTCACCGTTACTGTCACTGCAGCAACCCTACTC,7
63198,3,pos,27,CTCACCGTTACTGTCACCGCAGCAACCCTACTT,2
63198,3,pos,27,CTCACAGTGACTGTAACAGCAGCTACGCTGCTA,2
63198,3,pos,27,CTCACCGTTACCGTCACTGCAGCAACCCTACTT,1
63198,3,pos,27,CTTACCGTAACGGTAACTGCCGCCACGCTGCTT,1
63198,3,pos,27,CTTACAGTTACGGTCACTGCAGCCACGCTTCTC,1
63198,3,pos,27,CTCACCGTCACTGTCACTGCAGCAACCCTACTT,1
63198,3,pos,27,CTTACCGTTACTGTCACTGCAGCAACCCTACTT,1
63198,3,pos,27,CTCACCGTTACTGTCACTGCAGCTACCCTACTT,1
63198,3,pos,27,CTCACCGTTACTGTCACTGCAGCGACCCTACTT,1
63198,3,pos,27,CTCACCGTTACTGTCACTGCGGCAACCCTACTT,1
63198,3,pos,27,CTCACCGTTACTGTTACTGCAGCAACCCTACTT,1
63198,3,pos,27,CTGACCGTTACTGTCACTGCAGCCACTCTCCTT,1
63198,3,pos,28,CTGACCGTCACTGTCACTGCCGCCACGCTTCTA,33751
63198,3,pos,28,CTGACCGTCACTGTCACTGCTGCCACGCTTCTA,5
63198,3,pos,28,CTGACCGTCACTGTCACTGCCGCCACTCTTCTA,3
63198,3,pos,28,CTTACCGTCACTGTCACTGCCGCCACGCTTCTA,2
63198,3,pos,28,CTGACCGTCACTGTCACTGCCGCCACCCTTCTA,2
63198,3,pos,28,CTGACCGTCACTGTCACTGCGGCCACGCTTCTA,1
63198,3,pos,28,CTCACCGTCACTGTCACTGCCGCCACGCTTCTA,1
63198,3,pos,28,CTCACAGTCACTGTCACTGCCGCAACGCTTCTA,1
63198,3,pos,28,CTGACAGTCACTGTGACTGCCGCAACGCTTCTA,1
63198,3,pos,28,CTGACCGTCACTGTAACTGCCGCTACTCTCCTT,1
63198,3,pos,28,CTAACGGTAACGGTAACTGCGGCAACCCTCCTT,1
63198,3,pos,28,CTGACTGTCACTGTCACTGCCGCCACGCTTCTA,1
63198,3,pos,28,CTTACTGTCACTGTTACTGCAGCTACACTACTA,1
63198,3,pos,28,CTCACCGTTACTGTCACTGCAGCAACCCTACTT,1
63198,3,pos,28,CTGACCGTCACCGTCACTGCCGCCACGCTTCTA,1
63198,3,pos,28,CTGACCGTCACTGTCACTGCCGCCACGCTTCTT,1
63198,3,pos,28,CTTACGGTCACCGTGACGGCCGCGACACTTCTG,1
63198,3,pos,28,CTGACCGTCACTGTCACTGCCGCCACACTTCTA,1
63198,3,pos,29,CTCACAGTGACTGTAACAGCAGCTACGCTGCTA,16357
63198,3,pos,29,CTCACAGTGACTGTAACAGCAGCTACGCTGCTT,3
63198,3,pos,29,CTCACAGTGACTGTTACAGCAGCTACGCTGCTA,3
63198,3,pos,29,CTCACAGTGACTGTAACAGCAGCTACCCTGCTA,2
63198,3,pos,29,CTAACAGTGACTGTAACAGCAGCTACGCTGCTA,2
63198,3,pos,29,CTCACAGTGACTGTAACAGCAGCTACTCTGCTA,2
63198,3,pos,29,CTCACAGTGACTGTAACAGCCGCTACGCTGCTA,2
63198,3,pos,29,CTCACAGTTACTGTAACAGCAGCTACGCTGCTA,2
63198,3,pos,29,CTCACAGTGACTGTGACAGCAGCTACGCTGCTA,2
63198,3,pos,29,CTAACCGTAACGGTAACTGCCGCCACGCTGCTT,1
63198,3,pos,29,CTCACGGTGACTGTAACAGCAGCTACGCTGCTA,1
63198,3,pos,29,CTCACGGTAACCGTGACAGCAGCAACTCTCCTA,1
63198,3,pos,29,CTCACAGTGACAGTAACAGCAGCTACGCTGCTA,1
63198,3,pos,29,CTCACAGTGACTGTAACAGCAGCCACGCTGCTA,1
63198,3,pos,29,CTCACAGTGACTGTAACAGCGGCTACGCTGCTA,1
63198,3,pos,29,CTTACAGTGACTGTAACAGCAGCTACGCTGCTA,1
63198,3,pos,29,CTCACAGTGACTGTAACAGCAGCGACGCTGCTA,1
63198,3,pos,29,CTCACAGTCACTGTAACAGCAGCTACGCTGCTA,1
63198,3,pos,29,CTCACAGTGACTGTAACGGCAGCTACGCTGCTA,1
63198,3,pos,29,CTCACAGTGACCGTAACAGCAGCTACGCTGCTA,1
63198,3,pos,29,CTCACAGTGACTGTAACAGCAGCTACACTGCTA,1
63198,3,pos,30,CTAACCGTCACTGTTACTGCCGCAACTCTCCTT,17593
63198,3,pos,30,CTTACAGTTACCGTGACCGCAGCAACCCTTCTA,3
63198,3,pos,30,CTAACTGTCACTGTTACTGCCGCAACTCTCCTT,2
63198,3,pos,30,CTAACCGTCACTGTTACTGCCGCAACCCTCCTT,2
63198,3,pos,30,CTTACTGTCACCGTTACCGCAGCAACACTACTT,1
63198,3,pos,30,CTAACCGTCACCGTTACTGCCGCAACTCTCCTT,1
63198,3,pos,30,CTGACCGTCACTGTTACTGCCGCAACTCTCCTT,1
63198,3,pos,30,CTTACAGTTACCGTGACCGCTGCTACGCTACTT,1
63198,3,pos,30,CTAACCGTTACTGTTACTGCCGCAACTCTCCTT,1
63198,3,pos,30,CTCACCGTTACTGTTACTGCAGCAACCCTCCTT,1
63198,3,pos,30,CTAACCGTCACTGTTACTGCCGCGACTCTCCTT,1
63198,3,pos,31,CTTACAGTTACCGTGACCGCAGCAACCCTTCTA,37560
63198,3,pos,31,CTGACAGTCACTGTGACCGCAGCTACCCTTCTT,7
63198,3,pos,31,CTTACAGTTACCGTGACCGCAGCAACCCTTCTT,4
63198,3,pos,31,CTTACAGTTACCGTTACCGCAGCAACCCTTCTA,3
63198,3,pos,31,CTTACAGTTACCGTGACCGCGGCAACCCTTCTA,2
63198,3,pos,31,CTTACAGTTACTGTGACCGCAGCAACCCTTCTA,2
63198,3,pos,31,CTCACAGTTACCGTGACCGCAGCAACCCTTCTA,2
63198,3,pos,31,CTGACAGTTACTGTCACTGCTGCTACCCTCCTA,1
63198,3,pos,31,CTTACAGTTACCGTGACCGCAGCAACCCTCCTA,1
63198,3,pos,31,CTAACCGTCACTGTGACCGCGGCCACCCTACTG,1
63198,3,pos,31,CTTACAGTTACCGTGACTGCAGCAACCCTTCTA,1
63198,3,pos,31,CTCACAGTTACCGTCACCGCAGCCACTCTGCTG,1
63198,3,pos,31,CTTACGGTTACCGTGACCGCAGCAACCCTTCTA,1
63198,3,pos,31,CTTACAGTTACCGTGACCGCAGCCACCCTTCTA,1
63198,3,pos,32,CTGACAGTCACTGTGACCGCAGCTACCCTTCTT,14829
63198,3,pos,32,CTGACAGTCACTGTTACCGCAGCTACCCTTCTT,5
63198,3,pos,32,CTTACAGTTACCGTGACCGCAGCAACCCTTCTA,3
63198,3,pos,32,CTGACAGTCACTGTGACCGCAGCTACCCTTCTC,3
63198,3,pos,32,CTGACGGTCACTGTGACCGCAGCTACCCTTCTT,2
63198,3,pos,32,CTAACAGTCACTGTCACCGCCGCAACGCTTCTT,1
63198,3,pos,32,CTGACAGTTACCGTTACCGCAGCCACGCTTCTG,1
63198,3,pos,32,CTGACTGTCACTGTGACCGCAGCTACCCTTCTT,1
63198,3,pos,32,CTGACAGTCACCGTGACCGCAGCTACCCTTCTT,1
63198,3,pos,32,CTCACTGTCACCGTAACCGCAGCAACCCTTCTA,1
63198,3,pos,32,CTCACAGTCACTGTGACCGCAGCTACCCTTCTT,1
63198,3,pos,32,CTGACAGTCACTGTGACCGCAGCTACTCTTCTT,1
63198,3,pos,32,CTGACGGTAACAGTGACAGCAGCAACCCTACTT,1
63198,3,pos,32,CTTACAGTTACCGTTACAGCAGCCACACTCCTG,1
63198,1,neg,1,CTGACTGTTACTGTCACGGCTGCCACTCTCCTT,9
63198,1,neg,1,CTTACTGTCACCGTTACCGCAGCAACACTACTT,2
63198,1,neg,1,CTTACAGTTACCGTTACAGCAGCCACACTCCTG,1
63198,1,neg,1,CTTACTGTAACCGTTACTGCTGCGACACTCCTG,1
63198,1,neg,1,CTTACAGTTACCGTGACCGCTGCTACGCTACTT,1
63198,1,neg,1,CTGACTGTTACTGTCACCGCCGCTACTCTCCTT,1
63198,1,neg,1,CTTACCGTAACGGTAACTGCCGCCACGCTGCTT,1
63198,1,neg,1,CTTACTGTTACAGTAACTGCAGCCACTCTCCTT,1
63198,1,neg,1,CTCACTGTCACCGTAACCGCAGCAACCCTTCTA,1
63198,1,neg,1,CTAACCGTCACTGTGACCGCGGCCACCCTACTG,1
63198,1,neg,1,CTCACGGTAACCGTGACAGCAGCAACTCTCCTA,1
63198,1,neg,1,CTAACTGTCACCGTTACAGCCGCAACGCTGCTA,1
63198,3,neg,1,CTGACAGTTACCGTTACAGCAGCCACGCTTCTG,2
63198,1,neg,2,CTTACTGTCACCGTTACCGCAGCAACACTACTT,1
63198,3,neg,2,CTGACTGTGACCGTGACTGCTGCCACTCTACTA,1
63198,3,neg,2,CTAACCGTCACAGTAACCGCAGCTACCCTGCTG,1
63198,3,neg,3,CTGACAGTTACTGTCACTGCTGCTACCCTCCTA,1
63198,3,neg,3,CTGACAGTCACTGTAACTGCCGCTACGCTCCTT,1
63198,1,pos,1,CTGACTGTTACTGTCACGGCTGCCACTCTCCTT,2920
63198,1,pos,1,CTCACTGTTACTGTCACGGCTGCCACTCTCCTT,3
63198,1,pos,1,CTGACTGTTACTGTCACTGCTGCCACTCTCCTT,2
63198,1,pos,1,CTGACTGTTACTGTCACGGCTGCAACTCTCCTT,1
63198,1,pos,1,CTTACTGTTACTGTCACGGCTGCCACTCTCCTT,1
63198,1,pos,1,CTAACTGTTACTGTCACGGCTGCCACTCTCCTT,1
63198,1,pos,1,CTCACAGTTACCGTGACCGCTGCCACCCTCCTT,1
63198,3,pos,33,CTTACCGTTACTGTAACGGCCGCAACGCTGCTT,1249
63198,3,pos,33,CTTACAGTTACTGTAACGGCCGCAACGCTGCTT,1
63198,3,pos,33,CTCACGGTTACCGTCACCGCCGCCACTCTACTG,1
63198,3,pos,33,CTCACCGTTACTGTAACTGCAGCTACGCTGCTT,1
63198,3,pos,33,CTTACCGTTACTGTAACCGCCGCAACGCTGCTT,1
63198,3,pos,33,CTTACCGTTACTGTAACGGCCGCAACGCTGCTC,1
63198,3,pos,33,CTTACCGTCACTGTAACGGCCGCAACGCTGCTT,1
63198,3,pos,33,CTCACAGTCACCGTGACCGCTGCGACCCTACTT,1
63198,3,pos,33,CTGACCGTTACAGTGACTGCAGCAACCCTACTT,1
63198,3,pos,34,CTTACCGTTACTGTAACGGCCGCAACGCTGCTT,296
63198,3,pos,34,CTTACCGTTACCGTAACGGCCGCAACGCTGCTT,2
63198,3,pos,34,CTAACTGTAACCGTCACTGCGGCAACTCTGCTC,1
63198,3,pos,34,CTCACTGTAACCGTTACTGCAGCGACTCTGCTG,1
63198,1,pos,3,CTTACAGTTACCGTTACAGCAGCCACACTCCTG,6579
63198,1,pos,3,CTTACAGTTACCGTTACAGCAGCCACACTCCTT,6
63198,1,pos,3,CTCACAGTTACCGTTACAGCAGCCACACTCCTG,2
63198,1,pos,3,CTTACTGTCACCGTTACCGCAGCAACACTACTT,1
63198,1,pos,3,CTTACGGTCACCGTGACGGCCGCGACACTTCTG,1
63198,1,pos,3,CTTACCGTAACGGTAACTGCCGCCACGCTGCTT,1
63198,1,pos,3,CTTACAGTTACCGTTACAGCCGCCACACTCCTG,1
63198,1,pos,3,CTTACAGTTACCGTTACAGCGGCCACACTCCTG,1
63198,1,pos,3,CTAACAGTTACCGTTACAGCAGCCACACTCCTG,1
63198,1,pos,3,CTTACAGTTACGGTCACTGCAGCCACGCTCCTC,1
63198,1,pos,3,CTGACTGTTACTGTCACGGCTGCCACTCTCCTT,1
63198,1,pos,3,CTTACAGTTACAGTTACAGCAGCCACACTCCTG,1
63198,1,pos,3,CTTACGGTTACCGTTACAGCAGCCACACTCCTG,1
63198,1,pos,3,CTGACAGTTACCGTTACAGCAGCCACGCTTCTG,1
63198,3,pos,35,CTAACCGTCACTGTGACCGCCGCGACTCTGCTT,13520
63198,3,pos,35,CTAACCGTCACTGTGACCGCCGCTACTCTGCTT,8
63198,3,pos,35,CTAACCGTCACTGTTACCGCCGCGACTCTGCTT,6
63198,3,pos,35,CTAACCGTCACTGTGACCGCCGCGACCCTGCTT,6
63198,3,pos,35,CTAACCGTCACTGTGACTGCCGCGACTCTGCTT,3
63198,3,pos,35,CTAACCGTCACTGTGACCGCCGCCACTCTGCTT,3
63198,3,pos,35,CTAACCGTCACTGTGACCGCCGCAACTCTGCTT,2
63198,3,pos,35,CTAACCGTCACTGTGACCGCCGCGACTCTACTT,2
63198,3,pos,35,CTAACCGTCACTGTGACCGCCGCGACTCTCCTT,2
63198,3,pos,35,CTAACCGTCACAGTAACCGCAGCTACCCTGCTG,2
63198,3,pos,35,CTGACAGTTACCGTTACAGCAGCCACGCTTCTG,1
63198,3,pos,35,CTGACTGTTACTGTCACGGCTGCCACTCTCCTT,1
63198,3,pos,35,CTTACAGTTACGGTCACTGCAGCCACGCTTCTC,1
63198,3,pos,35,CTCACTGTAACCGTTACTGCAGCGACTCTGCTG,1
63198,3,pos,35,CTAACTGTCACTGTGACCGCCGCGACTCTGCTT,1
63198,3,pos,35,CTTACCGTTACGGTAACTGCCGCCACGCTGCTT,1
63198,3,pos,35,CTAACCGTCACTGTGACAGCCGCGACTCTGCTT,1
63198,3,pos,35,CTAACCGTCACTGTCACCGCCGCGACTCTGCTT,1
63198,3,pos,35,CTAACCGTCACTGTGACCGCTGCGACTCTGCTT,1
63198,3,pos,35,CTTACCGTTACGGTAACCGCTGCGACACTCCTG,1
63198,3,pos,35,CTAACCGTCACTGTGACCGCCGCGACTCTGCTG,1
63198,3,pos,36,CTTACCGTTACGGTAACCGCTGCGACACTCCTG,3436
63198,3,pos,36,CTTACCGTTACTGTAACCGCTGCGACACTCCTG,3
63198,3,pos,36,CTTACCGTTACGGTAACCGCTGCTACACTCCTG,3
63198,3,pos,36,CTCACCGTTACGGTAACCGCTGCGACACTCCTG,1
63198,3,pos,36,CTTACCGTTACGGTAACTGCTGCGACACTCCTG,1
63198,3,pos,36,CTCACCGTTACTGTAACTGCCGCTACGCTCCTT,1
63198,3,pos,36,CTTACCGTTACGGTGACCGCTGCGACACTCCTG,1
63198,3,pos,36,CTTACCGTTACGGTAACCGCTGCGACACTCCTT,1
63198,3,pos,36,CTTACCGTTACGGTAACCGCTGCAACACTCCTG,1
63198,3,pos,36,CTTACGGTCACCGTGACGGCCGCGACACTTCTG,1
63198,3,pos,37,CTGACTGTTACAGTCACTGCAGCTACACTGCTT,13533
63198,3,pos,37,CTTACTGTTACAGTCACTGCAGCTACACTGCTT,4
63198,3,pos,37,CTCACTGTTACAGTCACTGCAGCTACACTGCTT,3
63198,3,pos,37,CTAACTGTTACAGTCACTGCAGCTACACTGCTT,2
63198,3,pos,37,CTGACTGTTACAGTTACTGCAGCTACACTGCTT,2
63198,3,pos,37,CTGACTGTTACAGTCACTGCAGCTACACTCCTT,2
63198,3,pos,37,CTGACAGTTACAGTCACTGCAGCTACACTGCTT,1
63198,3,pos,37,CTGACTGTTACAGTCACTGCAGCTACTCTGCTT,1
63198,3,pos,37,CTTACCGTAACGGTAACTGCCGCCACGCTGCTT,1
63198,3,pos,37,CTGACTGTTACAGTCACTGCTGCTACACTGCTT,1
63198,3,pos,37,CTGACAGTTACCGTAACCGCCGCAACCCTTCTA,1
63198,3,pos,37,CTGACTGTTACAGTCACTGCAGCAACACTGCTT,1
63198,3,pos,37,CTCACGGTAACCGTGACAGCAGCAACTCTCCTA,1
63198,3,pos,37,CTGACGGTTACAGTCACTGCAGCTACACTGCTT,1
63198,3,pos,37,CTGACTGTTACAGTCACTGCGGCTACACTGCTT,1
63198,3,pos,37,CTGACTGTTACAGTCACTGCAGCTACACTGCTC,1
63198,3,pos,37,CTCACTGTAACCGTTACTGCAGCGACTCTGCTG,1
63198,3,pos,37,CTGACTGTCACAGTCACTGCAGCTACACTGCTT,1
63198,3,pos,38,CTTACAGTGACAGTTACGGCAGCTACACTTCTC,11900
63198,3,pos,38,CTTACAGTGACAGTTACGGCAGCTACACTTCTT,6
63198,3,pos,38,CTTACAGTGACAGTTACGGCGGCTACACTTCTC,3
63198,3,pos,38,CTTACAGTTACAGTTACGGCAGCTACACTTCTC,2
63198,3,pos,38,CTCACAGTGACAGTTACGGCAGCTACACTTCTC,2
63198,3,pos,38,CTTACAGTGACAGTTACTGCAGCTACACTTCTC,2
63198,3,pos,38,CTTACGGTGACAGTTACGGCAGCTACACTTCTC,1
63198,3,pos,38,CTCACCGTTACTGTCACTGCAGCAACCCTACTT,1
63198,3,pos,38,CTTACAGTTACCGTGACCGCTGCTACGCTACTT,1
63198,3,pos,38,CTTACTGTCACCGTTACCGCAGCAACACTACTT,1
63198,3,pos,38,CTTACAGTGACAGTTACCGCAGCTACACTTCTC,1
63198,3,pos,38,CTCACAGTGACGGTCACCGCAGCCACCCTCCTT,1
63198,3,pos,39,CTCACCGTTACTGTCACTGCAGCAACCCTACTT,4687
63198,3,pos,39,CTCACCGTTACTGTCACTGCAGCGACCCTACTT,2
63198,3,pos,39,CTTACCGTTACTGTCACTGCAGCAACCCTACTT,1
63198,3,pos,39,CTCACCGTTACTGTTACTGCAGCAACCCTACTT,1
63198,3,pos,39,CTGACCGTCACTGTCACTGCCGCCACGCTTCTA,1
63198,3,pos,39,CTTACGGTTACTGTAACCGCCGCGACCCTCCTA,1
63198,3,pos,39,CTCACCGTTACTGTCACTGCGGCAACCCTACTT,1
63198,3,pos,39,CTTACAGTGACAGTTACGGCAGCTACACTTCTC,1
63198,3,pos,40,CTGACTGTAACCGTCACTGCCGCTACACTTCTC,24854
63198,3,pos,40,CTGACTGTAACCGTCACTGCTGCTACACTTCTC,9
63198,3,pos,40,CTTACTGTAACCGTCACTGCCGCTACACTTCTC,9
63198,3,pos,40,CTGACTGTAACCGTCACTGCCGCTACACTTCTT,8
63198,3,pos,40,CTGACTGTAACTGTCACTGCCGCTACACTTCTC,8
63198,3,pos,40,CTGACTGTAACCGTCACTGCCGCCACACTTCTC,2
63198,3,pos,40,CTTACTGTTACCGTCACTGCAGCCACACTCCTG,1
63198,3,pos,40,CTGACCGTAACCGTCACTGCCGCTACACTTCTC,1
63198,3,pos,40,CTAACGGTAACGGTAACGGCGGCAACACTCCTT,1
63198,3,pos,40,CTGACTGTAACCGTCACTGCCGCTACCCTTCTC,1
63198,3,pos,40,CTGACGGTAACCGTCACTGCCGCTACACTTCTC,1
63198,3,pos,40,CTGACTGTAACCGTCACTGCCGCTACACTCCTC,1
63198,3,pos,40,CTGACAGTAACCGTCACTGCCGCTACACTTCTC,1
63198,3,pos,40,CTCACCGTTACTGTCACTGCAGCAACCCTACTT,1
63198,3,pos,40,CTGACTGTAACTGTCACAGCCGCTACGCTTCTA,1
63198,3,pos,40,CTAACTGTAACCGTCACTGCCGCTACACTTCTC,1
63198,3,pos,40,CTGACTGTAACCGTCACTGCCGCTACTCTTCTC,1
63198,3,pos,40,CTCACAGTCACAGTAACTGCTGCTACGCTCCTG,1
63198,3,pos,40,CTGACTGTAACCGTCACCGCCGCTACACTTCTC,1
63198,3,pos,41,CTGACTGTGACCGTGACTGCTGCCACTCTACTA,46642
63198,3,pos,41,CTGACTGTGACCGTGACTGCTGCCACTCTACTT,11
63198,3,pos,41,CTGACTGTTACCGTGACTGCTGCCACTCTACTA,8
63198,3,pos,41,CTTACTGTGACCGTGACTGCTGCCACTCTACTA,6
63198,3,pos,41,CTCACTGTGACCGTGACTGCTGCCACTCTACTA,3
63198,3,pos,41,CTGACTGTGACCGTGACTGCTGCCACCCTACTA,3
63198,3,pos,41,CTGACTGTGACCGTGACTGCTGCAACTCTACTA,2
63198,3,pos,41,CTGACTGTGACCGTTACTGCTGCCACTCTACTA,2
63198,3,pos,41,CTGACTGTAACCGTGACTGCTGCCACTCTACTA,2
63198,3,pos,41,CTGACTGTGACCGTCACTGCTGCCACTCTACTA,2
63198,3,pos,41,CTGACCGTGACCGTGACTGCTGCCACTCTACTA,1
63198,3,pos,41,CTGACTGTGACCGTGACCGCTGCCACTCTACTA,1
63198,3,pos,41,CTGACTGTGACCGTGACTGCTGCCACTCTCCTA,1
63198,3,pos,41,CTAACAGTCACGGTCACCGCCGCAACGCTTCTT,1
63198,3,pos,41,CTTACCGTTACTGTAACGGCCGCAACGCTGCTT,1
63198,3,pos,41,CTGACTGTGACCGTGACTGCCGCCACTCTACTA,1
63198,3,pos,42,CTCACGGTTACCGTCACCGCCGCCACTCTACTG,15396
63198,3,pos,42,CTCACGGTTACCGTCACCGCCGCCACTCTACTT,18
63198,3,pos,42,CTCACGGTTACTGTCACCGCCGCCACTCTACTG,6
63198,3,pos,42,CTCACGGTTACCGTCACCGCTGCCACTCTACTG,4
63198,3,pos,42,CTCACGGTTACCGTCACTGCCGCCACTCTACTG,4
63198,3,pos,42,CTGACTGTGACCGTGACTGCTGCCACTCTACTA,4
63198,3,pos,42,CTCACTGTTACCGTCACCGCCGCCACTCTACTG,3
63198,3,pos,42,CTTACGGTTACCGTCACCGCCGCCACTCTACTG,3
63198,3,pos,42,CTCACGGTTACCGTTACCGCCGCCACTCTACTG,2
63198,3,pos,42,CTCACGGTTACCGTCACCGCCGCCACTCTACTC,1
63198,3,pos,42,CTCACAGTTACCGTCACCGCCGCCACTCTACTG,1
63198,3,pos,42,CTCACGGTTACCGTCACCGCCGCCACTCTGCTG,1
63198,3,pos,42,CTCACGGTTACGGTCACCGCCGCCACTCTACTG,1
63198,3,pos,42,CTCACCGTTACCGTCACCGCCGCCACTCTACTG,1
63198,3,pos,42,CTCACGGTTACCGTCACCGCAGCCACTCTACTG,1
63198,3,pos,43,CTTACAGTTACCGTTACAGCAGCCACACTCCTG,2071
63198,3,pos,43,CTTACAGTTACTGTTACAGCAGCCACACTCCTG,2
63198,3,pos,43,CTTACAGTCACCGTTACAGCAGCCACACTCCTG,1
63198,3,pos,43,CTGACAGTTACCGTTACAGCAGCCACGCTTCTG,1
63198,3,pos,43,CTTACAGTTACCGTCACAGCAGCCACACTCCTG,1
63198,3,pos,43,CTCACAGTTACTGTAACAGCAGCTACGCTGCTA,1
63198,3,pos,43,CTGACAGTAACAGTGACAGCAGCAACCCTACTT,1
63198,3,pos,43,CTCACAGTCACCGTGACCGCAGCGACCCTACTT,1
63198,3,pos,44,CTTACAGTTACCGTTACAGCAGCCACACTCCTG,1361
63198,3,pos,44,CTTACAGTTACCGTTACAGCAGCCACACTCCTT,2
63198,3,pos,44,CTCACAGTTACCGTTACAGCAGCCACACTCCTG,1
63198,3,pos,44,CTTACAGTTACCGTAACAGCAGCCACACTCCTG,1
63198,3,pos,45,CTGACAGTTACTGTCACTGCTGCTACCCTCCTA,25304
63198,3,pos,45,CTTACTGTCACCGTTACCGCAGCAACACTACTT,5381
63198,3,pos,45,CTGACAGTTACTGTCACTGCTGCAACCCTCCTT,39
63198,3,pos,45,CTGACAGTTACTGTCACTGCTGCTACCCTCCTT,25
63198,3,pos,45,CTAACGGTAACGGTAACGGCGGCAACCCTCCTT,22
63198,3,pos,45,CTTACTGTCACCGTTACCGCAGCAACCCTCCTT,15
63198,3,pos,45,CTTACAGTTACTGTCACTGCTGCTACCCTCCTA,11
63198,3,pos,45,CTGACTGTCACTGTCACCGCTGCTACCCTCCTT,8
63198,3,pos,45,CTGACAGTTACTGTCACTGCTGCTACTCTCCTA,8
63198,3,pos,45,CTCACAGTTACTGTCACTGCTGCTACCCTCCTA,7
63198,3,pos,45,CTTACTGTCACTGTCACCGCAGCAACACTACTT,7
63198,3,pos,45,CTTACTGTCACCGTTACCGCAGCAACACTCCTT,5
63198,3,pos,45,CTGACTGTTACCGTTACTGCTGCTACCCTACTT,5
63198,3,pos,45,CTTACTGTCACCGTTACCGCAGCAACCCTACTT,4
63198,3,pos,45,CTGACAGTTACTGTCACTGCTGCTACCCTACTA,4
63198,3,pos,45,CTTACTGTCACCGTTACTGCAGCAACACTACTT,4
63198,3,pos,45,CTGACAGTCACTGTCACTGCTGCTACCCTCCTA,4
63198,3,pos,45,CTTACTGTCACTGTTACCGCAGCAACACTACTT,3
63198,3,pos,45,CTTACTGTCACCGTTACCGCTGCAACCCTCCTT,3
63198,3,pos,45,CTAACAGTTACTGTCACTGCTGCTACCCTCCTA,3
63198,3,pos,45,CTGACAGTAACGGTAACGGCGGCAACCCTCCTT,3
63198,3,pos,45,CTGACAGTCACCGTTACCGCAGCAACCCTCCTT,2
63198,3,pos,45,CTGACAGTTACCGTTACAGCAGCCACGCTTCTG,2
63198,3,pos,45,CTCACTGTCACTGTCACCGCCGCCACTCTTCTT,2
63198,3,pos,45,CTGACAGTTACCGTTACCGCAGCAACCCTCCTT,2
63198,3,pos,45,CTTACTGTCACCGTCACCGCAGCAACACTACTT,2
63198,3,pos,45,CTTACTGTTACCGTTACTGCTGCAACCCTACTT,2
63198,3,pos,45,CTGACAGTTACTGTCACTGCTGCTACCCTACTT,2
63198,3,pos,45,CTGACAGTTACTGTCACCGCTGCTACCCTCCTA,2
63198,3,pos,45,CTTACTGTCACCGTTACCGCAGCAACTCTACTT,2
63198,3,pos,45,CTGACAGTTACTGTCACTGCTGCCACCCTCCTA,2
63198,3,pos,45,CTGACAGTTACTGTCACCGCTGCTACACTACTA,2
63198,3,pos,45,CTTACAGTTACGGTAACTGCCGCCACGCTGCTT,1
63198,3,pos,45,CTTACAGTTACCGTGACCGCAGCAACCCTTCTA,1
63198,3,pos,45,CTGACAGTTACTGTCACTGCTGCAACCCTACTT,1
63198,3,pos,45,CTTACAGTTACCGTTACTGCAGCTACACTCCTA,1
63198,3,pos,45,CTGACAGTTACTGTTACTGCTGCTACCCTCCTA,1
63198,3,pos,45,CTTACTGTTACTGTCACTGCAGCAACCCTACTT,1
63198,3,pos,45,CTTACTGTTACTGTCACTGCTGCAACCCTCCTT,1
63198,3,pos,45,CTTACTGTCACCGTTACCGCTGCTACCCTCCTT,1
63198,3,pos,45,CTGACAGTTACTGTCACTGCTGCTACCCTTCTA,1
63198,3,pos,45,CTGACAGTTACTGTCACTGCAGCAACCCTCCTT,1
63198,3,pos,45,CTTACAGTTACCGTTACCGCTGCTACCCTCCTT,1
63198,3,pos,45,CTGACAGTTACTGTCACTGCTGCAACCCTCCTA,1
63198,3,pos,45,CTGACAGTTACTGTAACTGCTGCTACCCTCCTA,1
63198,3,pos,45,CTTACAGTTACCGTTACCGCAGCTACCCTCCTG,1
63198,3,pos,45,CTTACTGTCACTGTTACCGCAGCAACCCTCCTT,1
63198,3,pos,45,CTTACTGTCACCGTTACCGCTGCAACACTACTT,1
63198,3,pos,45,CTTACTGTCACCGTTACCGCCGCAACACTACTT,1
63198,3,pos,45,CTTACAGTTACCGTTACAGCAGCCACACTCCTG,1
63198,3,pos,45,CTGACTGTTACTGTCACGGCTGCCACTCTCCTT,1
63198,3,pos,45,CTGACAGTTACTGTCACTGCCGCTACCCTCCTA,1
63198,3,pos,45,CTGACAGTTACTGTCACAGCTGCTACCCTCCTA,1
63198,3,pos,45,CTCACCGTTACTGTCACTGCAGCAACCCTACTT,1
63198,3,pos,45,CTGACCGTCACTGTAACTGCCGCTACTCTCCTT,1
63198,3,pos,45,CTGACAGTTACTGTCACTGCTGCTACCCTCCTG,1
63198,3,pos,45,CTGACAGTTACTGTCACCGCTGCAACCCTCCTT,1
63198,3,pos,45,CTGACAGTTACTGTCACTGCAGCAACCCTACTT,1
63198,3,pos,45,CTAACGGTAACGGTCACGGCGGCAACCCTCCTT,1
63198,3,pos,45,CTTACTGTCACCGTTACCGCAGCAACACTTCTT,1
63198,3,pos,45,CTGACAGTTACCGTTACTGCTGCTACCCTACTT,1
63198,3,pos,45,CTTACAGTTACCGTCACCGCTGCTACCCTCCTA,1
63198,3,pos,45,CTTACTGTCACCGTTACCGCAGCAACACTACTA,1
63198,3,pos,45,CTAACTGTTACCGTTACTGCTGCCACCCTACTT,1
63198,3,pos,45,CTTACTGTCACCGTTACCGCGGCAACACTACTT,1
63198,3,pos,45,CTTACAGTTACCGTTACCGCAGCAACCCTACTA,1
63198,3,pos,45,CTGACAGTCACTGTCACTGCTGCAACCCTCCTT,1
63198,3,pos,45,CTCACAGTGACTGTAACAGCAGCTACGCTGCTA,1
63198,3,pos,45,CTTACTGTTACCGTTACCGCAGCAACACTACTT,1
63198,3,pos,45,CTAACAGTCACAGTAACCGCAGCTACCCTGCTG,1
63198,3,pos,45,CTGACAGTTACCGTCACTGCAGCTACCCTCCTA,1
63198,3,pos,45,CTGACTGTCACTGTCACCGCAGCAACACTACTT,1
63198,3,pos,45,CTGACAGTTACTGTCACTGCGGCAACCCTCCTT,1
63198,3,pos,45,CTTACTGTCACCGTCACTGCTGCTACCCTCCTA,1
63198,3,pos,45,CTTACTGTCACCGTTACCGCAGCAACGCTACTT,1
63198,3,pos,45,CTTACAGTCACTGTTACCGCAGCTACCCTACTA,1
63198,3,pos,45,CTGACAGTTACTGTCACTGCTGCTACACTCCTA,1
63198,3,pos,45,CTTACTGTCACCGTAACCGCAGCTACCCTGCTT,1
63198,3,pos,45,CTGACTGTTACTGTCACTGCTGCTACCCTCCTA,1
63198,3,pos,45,CTTACTGTCACCGTTACCGCAGCGACACTACTT,1
63198,3,pos,45,CTCACTGTCACTGTCACCGCCGCTACTCTTCTT,1
63198,3,pos,45,CTGACAGTTACTGTCACTGCTGCTACTCTCCTT,1
63198,3,pos,45,CTTACTGTCACCGTTACCGCAGCTACACTACTT,1
63198,3,pos,45,CTCACTGTCACCGTTACCGCAGCAACACTACTT,1
63198,3,pos,45,CTGACTGTTACTGTCACTGCTGCTACCCTCCTT,1
63198,3,pos,45,CTGACAGTTACTGTCACCGCAGCAACCCTCCTT,1
63198,3,pos,45,CTTACCGTCACTGTCACAGCAGCAACACTTCTT,1
63198,3,pos,45,CTTACAGTTACTGTCACTGCAGCTACGCTCCTA,1
63198,3,pos,46,CTTACAGTTACCGTGACCGCAGCAACCCTTCTA,13787
63198,3,pos,46,CTAACTGTGACTGTAACTGCAGCCACGCTCCTT,4601
63198,3,pos,46,CTTACAGTTACCGTGACCGCAGCAACCCTTCTT,20
63198,3,pos,46,CTAACAGTTACCGTAACCGCAGCAACCCTCCTT,11
63198,3,pos,46,CTTACAGTTACCGTTACCGCAGCAACCCTTCTA,10
63198,3,pos,46,CTAACGGTAACGGTAACGGCAGCAACCCTCCTT,8
63198,3,pos,46,CTAACTGTGACTGTAACTGCAGCAACCCTCCTT,7
63198,3,pos,46,CTTACAGTTACCGTCACCGCAGCAACCCTTCTA,7
63198,3,pos,46,CTTACAGTTACCGTGACCGCAGCAACCCTCCTT,6
63198,3,pos,46,CTTACAGTTACCGTGACTGCAGCAACCCTTCTA,6
63198,3,pos,46,CTTACGGTTACCGTGACCGCAGCAACCCTTCTA,5
63198,3,pos,46,CTTACAGTTACCGTGACCGCAGCAACCCTCCTA,5
63198,3,pos,46,CTTACAGTTACCGTAACCGCAGCAACCCTTCTA,4
63198,3,pos,46,CTTACTGTTACTGTGACCGCAGCCACCCTTCTT,4
63198,3,pos,46,CTAACTGTGACTGTAACTGCAGCCACTCTCCTT,4
63198,3,pos,46,CTTACAGTTACCGTGACCGCAGCCACCCTTCTA,3
63198,3,pos,46,CTAACTGTGACTGTAACTGCAGCCACGCTTCTT,3
63198,3,pos,46,CTTACAGTTACCGTGACCGCGGCAACCCTTCTA,3
63198,3,pos,46,CTTACAGTTACCGTAACCGCAGCAACCCTCCTT,3
63198,3,pos,46,CTAACTGTGACTGTAACCGCAGCCACGCTTCTT,3
63198,3,pos,46,CTTACAGTTACCGTGACCGCAGCCACTCTACTT,3
63198,3,pos,46,CTAACAGTTACTGTAACTGCAGCCACCCTCCTA,2
63198,3,pos,46,CTAACCGTGACTGTAACTGCAGCCACGCTCCTT,2
63198,3,pos,46,CTTACAGTTACCGTAACTGCAGCAACCCTCCTT,2
63198,3,pos,46,CTAACTGTTACTGTAACTGCAGCCACGCTCCTT,2
63198,3,pos,46,CTCACAGTTACCGTGACCGCAGCAACCCTTCTA,2
63198,3,pos,46,CTCACTGTCACTGTCACCGCAGCCACTCTTCTT,2
63198,3,pos,46,CTTACAGTTACCGTAACCGCAGCCACCCTTCTA,1
63198,3,pos,46,CTAACTGTGACTGTAACCGCAGCCACGCTCCTT,1
63198,3,pos,46,CTAACTGTGACTGTAACGGCAGCCACGCTCCTT,1
63198,3,pos,46,CTTACTGTTACTGTAACCGCAGCCACGCTCCTT,1
63198,3,pos,46,CTAACTGTGACTGTGACTGCAGCCACGCTCCTT,1
63198,3,pos,46,CTTACGGTTACAGTTACAGCCGCGACCCTTCTT,1
63198,3,pos,46,CTTACAGTTACCGTAACCGCAGCAACGCTTCTT,1
63198,3,pos,46,CTTACAGTTACTGTGACCGCAGCAACCCTTCTA,1
63198,3,pos,46,CTTACAGTTACCGTGACCGCCGCAACCCTTCTA,1
63198,3,pos,46,CTTACAGTTACCGTGACCGCAGCAACCCTTCTG,1
63198,3,pos,46,CTAACTGTGACTGTAACTGCAGCCACGCTCCTC,1
63198,3,pos,46,CTTACAGTTACCGTAACGGCAGCAACCCTCCTT,1
63198,3,pos,46,CTAACTGTGACTGTAACTGCCGCCACGCTCCTT,1
63198,3,pos,46,CTTACAGTCACCGTGACGGCCGCGACACTTCTG,1
63198,3,pos,46,CTTACAGTTACGGTGACCGCAGCAACCCTTCTA,1
63198,3,pos,46,CTTACAGTTACCGTGACCGCAGCAACCCTCCTC,1
63198,3,pos,46,CTTACAGTTACCGTGACCGCAGCCACCCTCCTT,1
63198,3,pos,46,CTTACTGTGACTGTAACTGCAGCAACCCTCCTT,1
63198,3,pos,46,CTAACAGTTACCGTGACCGCAGCAACCCTTCTT,1
63198,3,pos,46,CTCACAGTGACTGTAACAGCAGCTACGCTGCTA,1
63198,3,pos,46,CTAACGGTGACGGTAACGGCAGCAACCCTCCTT,1
63198,3,pos,46,CTTACAGTTACCGTGACCGCAGCCACCCTTCTT,1
63198,3,pos,46,CTAACAGTAACGGTAACCGCAGCAACCCTCCTT,1
63198,3,pos,46,CTAACTGTTACTGTGACCGCAGCCACCCTTCTT,1
63198,3,pos,46,CTAACTGTGACTGTAACTGCGGCCACGCTCCTT,1
63198,3,pos,47,CTCACAGTGACTGTAACAGCAGCTACGCTGCTA,40893
63198,3,pos,47,CTCACAGTGACTGTAACAGCAGCTACGCTGCTT,3
63198,3,pos,47,CTCACAGTGACTGTAACAGCAGCTACCCTGCTA,3
63198,3,pos,47,CTCACAGTCACTGTAACAGCAGCTACGCTGCTA,3
63198,3,pos,47,CTCACAGTGACTGTGACAGCAGCTACGCTGCTA,2
63198,3,pos,47,CTCACAGTGACTGTAACAGCAGCCACGCTGCTA,2
63198,3,pos,47,CTCACAGTGACTGTAACAGCAGCTACGCTTCTT,1
63198,3,pos,47,CTGACAGTCACAGTGACTGCCGCGACTCTTCTT,1
63198,3,pos,47,CTCACAGTGACTGTAACAGCAGCTACTCTGCTA,1
63198,3,pos,47,CTCACAGTGACTGTAACAGCGGCTACGCTGCTA,1
63198,3,pos,47,CTCACAGTAACTGTAACAGCAGCTACGCTGCTA,1
63198,3,pos,47,CTCACAGTTACTGTAACAGCAGCTACGCTGCTA,1
63198,3,pos,47,CTTACAGTGACTGTAACAGCAGCTACGCTGCTA,1
63198,3,pos,47,CTCACAGTGACGGTAACAGCAGCTACGCTGCTA,1
63198,3,pos,47,CTCACAGTGACTGTAACAGCAGCTACGCTGCTG,1
63198,3,pos,47,CTCACAGTGACTGTAACAGCAGCTACGCTCCTA,1
63198,3,pos,47,CTTACTGTCACCGTTACCGCAGCAACACTACTT,1
63198,3,pos,47,CTCACGGTGACTGTAACAGCAGCTACGCTGCTA,1
63198,3,pos,47,CTCACAGTGACTGTAACAGCAGCTACGCTACTA,1
63198,3,pos,47,CTCACAGTGACGGTAACAGCAGCTACGCTCCTA,1
63198,3,pos,47,CTCACAGTGACTGTAACCGCAGCTACGCTGCTA,1
63198,3,pos,47,CTCACAGTGACTGTTACAGCAGCTACGCTGCTA,1
63198,3,pos,47,CTCACAGTGACTGTAACAGCAGCTACGCTACTT,1
63198,3,pos,47,CTTACCGTGACTGTTACCGCCGCCACTCTTCTG,1
63198,3,pos,47,CTCACAGTGACTGTAACAGCCGCTACGCTGCTA,1
63198,3,pos,48,CTTACAGTTACCGTGACCGCAGCAACCCTTCTA,22211
63198,3,pos,48,CTTACAGTTACCGTTACCGCAGCAACCCTTCTA,17
63198,3,pos,48,CTTACAGTTACCGTGACCGCAGCAACCCTTCTT,15
63198,3,pos,48,CTTACAGTTACCGTCACCGCAGCAACCCTTCTA,5
63198,3,pos,48,CTTACAGTTACCGTGACTGCAGCAACCCTTCTA,3
63198,3,pos,48,CTTACAGTTACCGTGACCGCAGCAACCCTCCTA,3
63198,3,pos,48,CTTACAGTTACAGTGACCGCAGCAACCCTTCTA,2
63198,3,pos,48,CTTACGGTTACCGTGACCGCAGCAACCCTTCTA,2
63198,3,pos,48,CTTACAGTTACCGTGACCGCAGCAACTCTTCTA,2
63198,3,pos,48,CTTACAGTTACCGTGACCGCCGCAACCCTTCTA,2
63198,3,pos,48,CTCACAGTTACCGTGACCGCAGCAACCCTTCTA,2
63198,3,pos,48,CTTACAGTTACTGTGACCGCAGCAACCCTTCTA,2
63198,3,pos,48,CTTACTGTTACCGTGACCGCAGCAACCCTTCTA,1
63198,3,pos,48,CTTACTGTCACCGTTACCGCAGCAACACTACTT,1
63198,3,pos,48,CTTACAGTTACCGTAACCGCAGCAACCCTTCTA,1
63198,3,pos,48,CTAACAGTTACGGTGACCGCAGCAACCCTCCTA,1
63198,3,pos,48,CTTACAGTTACCGTGACCGCGGCAACCCTTCTA,1
63198,3,pos,48,CTTACAGTTACCGTTACAGCAGCCACACTCCTG,1
63198,3,pos,48,CTTACAGTTACCGTGACCGCTGCTACGCTACTT,1
63198,3,pos,48,CTTACAGTGACTGTAACTGCAGCCACGCTCCTT,1
63198,3,pos,48,CTTACAGTTACCGTGACCGCAGCTACCCTTCTA,1
63198,3,pos,48,CTGACAGTTACCGTGACCGCAGCAACCCTTCTA,1
63198,3,pos,49,CTCACAGTGACTGTAACAGCAGCTACGCTGCTA,31658
63198,3,pos,49,CTCACAGTGACTGTAACAGCAGCTACTCTGCTA,3
63198,3,pos,49,CTCACAGTGACTGTAACGGCAGCTACGCTGCTA,3
63198,3,pos,49,CTCACGGTGACTGTAACAGCAGCTACGCTGCTA,3
63198,3,pos,49,CTCACAGTGACTGTAACAGCAGCTACGCTACTA,2
63198,3,pos,49,CTCACAGTGACTGTAACAGCAGCTACACTGCTA,2
63198,3,pos,49,CTCACAGTGACTGTAACAGCAGCTACGCTGCTT,2
63198,3,pos,49,CTTACAGTTACCGTTACAGCAGCCACACTCCTG,2
63198,3,pos,49,CTCACAGTCACTGTAACAGCAGCTACGCTGCTA,2
63198,3,pos,49,CTCACTGTGACTGTAACAGCAGCTACGCTGCTA,2
63198,3,pos,49,CTCACAGTTACTGTAACAGCAGCTACGCTGCTA,1
63198,3,pos,49,CTAACCGTCACAGTAACCGCAGCTACCCTGCTG,1
63198,3,pos,49,CTTACAGTTACCGTGACCGCAGCAACCCTTCTA,1
63198,3,pos,49,CTGACTGTTACTGTCACGGCTGCCACTCTCCTT,1
63198,3,pos,49,CTCACAGTGACTGTAACAGCTGCTACGCTGCTA,1
63198,3,pos,49,CTCACAGTGACTGTAACAGCAGCCACGCTGCTA,1
63198,3,pos,49,CTCACAGTGACTGTAACAGCAGCTACGCTGCTG,1
63198,3,pos,49,CTCACAGTGACTGTAACAGCGGCTACGCTGCTA,1
63198,3,pos,49,CTAACGGTCACAGTCACCGCTGCAACCCTCCTG,1
63198,3,pos,49,CTAACAGTGACTGTAACAGCAGCTACGCTGCTA,1
63198,3,pos,49,CTCACAGTGACTGTAACGGCAGCTACGCTCCTT,1
63198,3,pos,49,CTCACAGTGACTGTAACAGCAGCTACCCTGCTA,1
63198,3,pos,49,CTTACAGTGACTGTAACAGCAGCTACGCTGCTA,1
63198,3,pos,49,CTCACAGTGACGGTAACAGCAGCTACGCTGCTA,1
63198,3,pos,49,CTCACAGTGACTGTAACAGCAGCTACGCTTCTA,1
63198,3,pos,49,CTCACAGTGACCGTCACAGCAGCAACGCTCCTA,1
63198,3,pos,50,CTAACAGTCACGGTCACCGCCGCAACGCTTCTT,10310
63198,3,pos,50,CTCACTGTCACCGTAACCGCAGCAACCCTTCTA,157
63198,3,pos,50,CTAACCGTCACAGTAACCGCAGCTACCCTGCTG,35
63198,3,pos,50,CTCACAGTCACCGTGACCGCTGCGACCCTACTT,23
63198,3,pos,50,CTAACAGTCACGGTCACCGCCGCAACTCTTCTT,12
63198,3,pos,50,CTAACAGTCACTGTCACCGCCGCAACGCTTCTT,9
63198,3,pos,50,CTAACAGTCACGGTCACCGCCGCAACGCTTCTC,5
63198,3,pos,50,CTAACAGTCACGGTCACCGCCGCAACCCTTCTT,4
63198,3,pos,50,CTCACGGTTACTGTGACCGCGGCGACCCTACTT,2
63198,3,pos,50,CTAACAGTCACCGTCACCGCCGCAACGCTTCTT,1
63198,3,pos,50,CTAACAGTCACGGTCACTGCCGCAACGCTTCTT,1
63198,3,pos,50,CTTACAGTCACGGTCACCGCCGCAACGCTTCTT,1
63198,3,pos,50,CTAACAGTCACCGTAACCGCAGCAACCCTTCTA,1
63198,3,pos,50,CTAACAGTCACGGTCACCGCCGCAACCCTTCTA,1
63198,3,pos,50,CTAACAGTCACGGTTACCGCCGCAACGCTTCTT,1
63198,3,pos,50,CTAACAGTCACGGTCACCGCTGCAACGCTTCTT,1
63198,3,pos,50,CTAACAGTCACGGTCACCGCCGCAACGCTGCTT,1
63198,3,pos,50,CTAACAGTCACAGTCACCGCCGCAACGCTTCTT,1
63198,3,pos,50,CTAACAGTCACGGTCACCGCAGCAACCCTTCTA,1
63198,3,pos,50,CTAACAGTTACGGTCACCGCCGCAACGCTTCTT,1
